ano,data,codigo,programa,cargo,observacao,estado,eleicao_municipal,municipio,tem_dvd_fisico,dvd_funciona,dvd_no_drive,dvd_no_hd,backup_ok,partidos
1994,1994-08-12 00:00:00,001-94a,HGPE,"PRESIDENTE, GOVERNADOR, SENADOR, DEPUTADO FEDERAL, DEPUTADO ESTADUAL, PREFEITO",,"BRASIL, RJ",SIM,Rio de Janeiro,SIM,Sim,,NÃO,SIM,PCDOB;PDT;PFL;PL;PMDB;PPR;PPS;PRN;PSB;PSD;PSDB;PSTU;PT;PTB;PV
1994,1994-08-12 00:00:00,001-94b,HGPE,"PRESIDENTE, GOVERNADOR",,"BRASIL, RJ",NÃO,,SIM,Sim,,NÃO,SIM,PDT;PL;PMDB;PPR;PRN;PRONA;PRP;PSC;PSDB;PT;PTC
1994,1994-08-12 00:00:00,001-94c,HGPE,"PRESIDENTE, GOVERNADOR, SENADOR",,RJ,NÃO,,SIM,Sim,,NÃO,SIM,PDT;PMDB;PPR;PRN;PRONA;PRP;PSC;PSD;PSDB;PT;PTC
1994,1994-08-05 00:00:00,1.2-94,HGPE,PRESIDENTE,,BRASIL,NÃO,,SIM,Sim,,NÃO,SIM,PT
1994,1994-08-07 00:00:00,1.3-94,HGPE,PRESIDENTE,,BRASIL,NÃO,,SIM,Sim,,NÃO,SIM,PSDB
1994,1994-08-08 00:00:00,1.3-94,HGPE,PRESIDENTE,,BRASIL,NÃO,,SIM,Sim,,NÃO,SIM,PSDB
1994,1994-08-10 00:00:00,1.3-94,HGPE,PRESIDENTE,,BRASIL,NÃO,,SIM,Sim,,NÃO,SIM,PSDB
1994,1994-06-17 00:00:00,002-94a,HGPE,"PRESIDENTE, GOVERNADOR, SENADOR",,"BRASIL, RJ",NÃO,,SIM,Sim,,NÃO,SIM,PDT;PL;PMDB;PPR;PRN;PRONA;PRP;PSC;PSD;PSDB;PT;PTC
1994,1994-06-17 00:00:00,002-94b,HGPE,"PRESIDENTE, GOVERNADOR, SENADOR, DEPUTADO FEDERAL, DEPUTADO ESTADUAL",,"BRASIL, RJ",NÃO,,SIM,Sim,,NÃO,SIM,PDT;PFL;PL;PMDB;PPR;PRONA;PRP;PSC;PSD;PSDB;PT
1994,1994-06-18 00:00:00,002-94c,HGPE,"PRESIDENTE, GOVERNADOR, SENADOR",,"BRASIL, RJ",NÃO,,SIM,Sim,,NÃO,SIM,PDT;PMDB;PPR;PRN;PRONA;PRP;PSC;PSD;PSDB;PT
1994,1994-06-18 00:00:00,003-94a,HGPE,"PRESIDENTE, GOVERNADOR, SENADOR",,"BRASIL, RJ",NÃO,,SIM,Sim,,NÃO,SIM,PDT;PMDB;PPR;PRN;PRONA;PRP;PSB;PSC;PSD;PSDB;PT
1994,1994-06-18 00:00:00,003-94b,HGPE,"PRESIDENTE, GOVERNADOR, SENADOR",,"BRASIL, RJ",NÃO,,SIM,Sim,,NÃO,SIM,PDT;PL;PMDB;PPR;PRN;PRONA;PRP;PSB;PSC;PSD;PSDB;PT;PTRB
1994,1994-06-18 00:00:00,003-94c,HGPE,"PRESIDENTE, GOVERNADOR",,"BRASIL, RJ",NÃO,,SIM,Sim,,NÃO,SIM,PDT;PL;PMDB;PPR;PRN;PRONA;PRP;PSB;PSC;PSD;PSDB;PT
1994,1994-08-31 00:00:00,004-94a,HGPE,"PRESIDENTE, GOVERNADOR, SENADOR",,"BRASIL, RJ",NÃO,,SIM,Sim,,NÃO,SIM,PDT;PMDB;PPR;PRN;PRONA;PRP;PSB;PSC;PSDB;PT;PTB
1994,1994-06-20 00:00:00,004-94b,HGPE,"PRESIDENTE, GOVERNADOR, SENADOR",,"BRASIL, RJ",NÃO,,SIM,Sim,,NÃO,SIM,PDT;PMDB;PPR;PRN;PRONA;PSC;PSD;PSDB;PT;PTB
1994,1994-06-20 00:00:00,004-94c,HGPE,"PRESIDENTE, GOVERNADOR, SENADOR",,"BRASIL, RJ",NÃO,,SIM,Sim,,NÃO,SIM,PDT;PMDB;PPR;PRN;PRONA;PRP;PSC;PSD;PSDB;PT;PTB
1994,1994-06-20 00:00:00,005-94a,HGPE,"PRESIDENTE, GOVERNADOR, SENADOR",,"BRASIL, RJ",NÃO,,SIM,Sim,,NÃO,SIM,PDT;PMDB;PPR;PRN;PRONA;PRP;PSB;PSC;PSDB;PT;PTB
1994,1994-06-20 00:00:00,005-94b,HGPE,"PRESIDENTE, GOVERNADOR, SENADOR",,"BRASIL, RJ",NÃO,,SIM,Sim,,NÃO,SIM,PDT;PMDB;PPR;PRN;PRONA;PSB;PSC;PSD;PSDB;PT
1994,1994-06-23 00:00:00,005-94c,HGPE,"PRESIDENTE, GOVERNADOR, SENADOR",,"BRASIL, RJ",NÃO,,SIM,Sim,,NÃO,SIM,PDT;PMDB;PPR;PRN;PRONA;PRP;PSB;PSC;PSD;PSDB;PT;PTC
1994,1994-06-23 00:00:00,006-94a,HGPE,"PRESIDENTE, GOVERNADOR, SENADOR",,"BRASIL, RJ",NÃO,,SIM,Sim,,NÃO,SIM,PDT;PMDB;PPR;PRN;PRONA;PRP;PSC;PSD;PSDB;PT
1994,1994-06-23 00:00:00,006-94b,HGPE,"PRESIDENTE, GOVERNADOR, SENADOR",,"BRASIL, RJ",NÃO,,SIM,Sim,,NÃO,SIM,PDT;PMDB;PPR;PRN;PRONA;PRP;PSC;PSD;PSDB;PT
1994,1994-06-23 00:00:00,006-94c,HGPE,"PRESIDENTE, GOVERNADOR, SENADOR",,"BRASIL, RJ",NÃO,,SIM,Sim,,NÃO,SIM,PDT;PMDB;PPR;PRN;PRONA;PRP;PSB;PSC;PSD;PSDB;PT
1994,1994-06-23 00:00:00,007-94a,HGPE,"PRESIDENTE, GOVERNADOR, SENADOR",,"BRASIL, RJ",NÃO,,SIM,Sim,,NÃO,SIM,PDT;PMDB;PPR;PRN;PRONA;PRP;PSC;PSD;PSDB;PT
1994,1994-06-24 00:00:00,007-94b,HGPE,"PRESIDENTE, GOVERNADOR, SENADOR",,"BRASIL, RJ",NÃO,,SIM,Sim,,NÃO,SIM,PDT;PMDB;PPR;PRN;PRONA;PRP;PSC;PSD;PSDB;PT
1994,1994-06-24 00:00:00,009-94,TELEJORNAL,,,BRASIL,NÃO,,SIM,Sim,,NÃO,SIM,PDT;PMDB;PP;PRP;PSB;PSDB;PSTU;PT
1994,1994-06-24 00:00:00,010-94a,TELEJORNAL,,,BRASIL,NÃO,,SIM,Sim,,NÃO,SIM,PT
1994,1994-06-24 00:00:00,010-94b,TELEJORNAL,,,BRASIL,NÃO,,NÃO,Sim,,NÃO,SIM,
1994,1994-06-24 00:00:00,010-94c,TELEJORNAL,,,BRASIL,NÃO,,SIM,Sim,,NÃO,SIM,
1994,1994-06-25 00:00:00,011-94a,TELEJORNAL,,,BRASIL,NÃO,,SIM,Sim,,NÃO,SIM,
1994,1994-06-26 00:00:00,1.3-94 (DVD II),HGPE,PRESIDENTE,,BRASIL,NÃO,,SIM,Sim,,NÃO,SIM,PSDB
1994,1994-09-18 00:00:00,1.3-94 (DVD III),HGPE,PRESIDENTE,,BRASIL,NÃO,,SIM,Sim,,NÃO,SIM,PSDB
1994,1994-08-03 00:00:00,1.4-94,HGPE,PRESIDENTE,,BRASIL,NÃO,,SIM,Sim,,NÃO,SIM,PDT
1994,1994-08-03 00:00:00,1.10-94,HGPE,PRESIDENTE,,BRASIL,NÃO,,SIM,Sim,,NÃO,SIM,PL;PMDB
1994,1994-09-07 00:00:00,1.10-94 (DVD II),HGPE,PRESIDENTE,,BRASIL,NÃO,,SIM,Sim,,NÃO,SIM,PMDB
1994,1994-08-03 00:00:00,1.11-94 (DVD I),HGPE,PRESIDENTE,,BRASIL,NÃO,,SIM,Sim,,NÃO,SIM,PPR
1994,1994-09-26 00:00:00,1.11-94 (DVD II),HGPE,PRESIDENTE,,BRASIL,NÃO,,SIM,Sim,,NÃO,SIM,PPR
1994,1994-06-25 00:00:00,012.94a,TELEJORNAL,"PRESIDENTE, GOVERNADOR",,"BRASIL, RJ, MA, PE",NÃO,,SIM,Sim,,NÃO,SIM,PDT;PMDB;PSD;PSDB;PSTU;PT
1994,1994-06-25 00:00:00,012-94b,TELEJORNAL,"DEPUTADO FEDERAL, DEPUTADO ESTADUAL",,SP,NÃO,,SIM,Sim,,NÃO,SIM,PDT;PSDB
1994,1994-08-03 00:00:00,Campanha presidencial  1994 (DVD I),HGPE,PRESIDENTE,,BRASIL,NÃO,,SIM,Sim,,NÃO,SIM,PDT;PL;PMDB;PPR;PRN;PRONA;PSC;PSDB;PT
1994,1994-08-10 00:00:00,Campanha presidencial 1994 (DVD II),HGPE,PRESIDENTE,,BRASIL,NÃO,,SIM,Sim,,NÃO,SIM,PDT;PL;PMDB;PPR;PRN;PRONA;PSC;PSDB;PT
1994,1994-08-13 00:00:00,Campanha presidencial (DVD III),HGPE,PRESIDENTE,,BRASIL,NÃO,,SIM,Sim,,NÃO,SIM,PDT;PL;PMDB;PPR;PRN;PRONA;PSC;PSDB;PT
1994,1994-08-22 00:00:00,Campanha presidencial (DVD IV),HGPE,PRESIDENTE,,BRASIL,NÃO,,SIM,Sim,,NÃO,SIM,PDT;PMDB;PPR;PRN;PRONA;PRP;PSC;PSDB;PT
1994,1994-08-29 00:00:00,Campanha presidencial (DVD V),HGPE,PRESIDENTE,,BRASIL,NÃO,,SIM,Sim,,NÃO,SIM,PDT;PMDB;PPR;PRONA;PSC;PSDB;PT
1994,1994-09-05 00:00:00,Campanha presidencial (DVD VI),HGPE,PRESIDENTE,,BRASIL,NÃO,,SIM,Sim,,NÃO,SIM,PDT;PMDB;PPR;PRN;PRONA;PSC;PSDB;PT
1994,1994-09-11 00:00:00,Campanha presidencial (DVD VII),HGPE,PRESIDENTE,,BRASIL,NÃO,,SIM,Sim,,NÃO,SIM,PDT;PMDB;PPR;PRN;PRONA;PSC;PSDB;PT
1994,1994-09-16 00:00:00,Campanha presidencial (DVD VIII),HGPE,PRESIDENTE,,BRASIL,NÃO,,SIM,Sim,,NÃO,SIM,PDT;PMDB;PPR;PRN;PRONA;PSDB;PT
1994,1994-09-23 00:00:00,Campanha presidencial (DVD IX),HGPE,PRESIDENTE,,BRASIL,NÃO,,SIM,Sim,,NÃO,SIM,PDT;PMDB;PPR;PRN;PRONA;PSC;PSDB;PT
1994,1994-09-25 00:00:00,Campanha presidencial (DVD X),HGPE,PRESIDENTE,,BRASIL,NÃO,,SIM,Sim,,NÃO,SIM,PDT;PMDB;PPR;PRN;PSC;PSDB;PT
1994,1994-08-03 00:00:00,FHC 1994 (DVD I),HGPE,PRESIDENTE,,BRASIL,NÃO,,SIM,Sim,,NÃO,SIM,PDT;PL;PMDB;PPR;PRN;PRONA;PSC;PSDB;PT
1994,1994-09-18 00:00:00,FHC 1994 (DVD II),HGPE,PRESIDENTE,,BRASIL,NÃO,,SIM,Sim,,NÃO,SIM,PSDB
1994,1994-08-03 00:00:00,Garotinho 1994 2.1.4-94,HGPE,GOVERNADOR,,RJ,NÃO,,SIM,Sim,,NÃO,SIM,PDT
2000,2000-08-16 00:00:00,Prefeito 2000 - 001/00 (DVD I),HGPE,PREFEITO,,RJ,SIM,Rio de Janeiro,SIM,Sim,NÃO,SIM,SIM,PCO;PDT;PFL;PHS;PPR;PRONA;PRP;PSB;PSDB;PSDC;PSTU;PT;PTB;PTDOB;PV
2000,2000-11-12 00:00:00,Prefeito 2000 - 001/00 (DVD II),HGPE,PREFEITO,,RJ,SIM,Rio de Janeiro,SIM,Sim,NÃO,SIM,SIM,PCO;PDT;PFL;PHS;PPR;PRONA;PRP;PSB;PSDB;PSDC;PSTU;PT;PTB;PTDOB;PV
2000,2000-08-08 00:00:00,Prefeito 2000 - 002/00,HGPE,"PREFEITO, VEREADOR",,RJ,SIM,Rio de Janeiro,SIM,Sim,NÃO,SIM,SIM,PCDOB;PCO;PDT;PFL;PMDB;PPR;PRONA;PRP;PSB;PSDB;PSDC;PSTU;PT;PTB;PV
2000,2000-11-12 00:00:00,Prefeito 2000 - 003/00,HGPE,PREFEITO,,RJ,SIM,Rio de Janeiro,SIM,Sim,NÃO,SIM,SIM,PCO;PDT;PFL;PHS;PPR;PRP;PSB;PSDB;PSDC;PSTU;PT;PTB;PTDOB;PV
2000,2000-11-12 00:00:00,Prefeito 2000 - 004/00a,HGPE,PREFEITO,,RJ,SIM,Rio de Janeiro,SIM,Sim,NÃO,SIM,SIM,PCO;PDT;PFL;PHS;PPR;PRONA;PRP;PSB;PSDB;PSDC;PSTU;PT;PTB;PTDOB;PV
2000,2000-08-15 00:00:00,Presidente 100/00a,HGPE,PREFEITO,,BA,SIM,Salvador (BA),SIM,Sim,NÃO,SIM,SIM,PCO;PDT;PFL;PSDB;PT
2000,2000-08-15 00:00:00,Presidente 100/00b,HGPE,PREFEITO,,BA,SIM,Salvador (BA),SIM,Sim,NÃO,SIM,SIM,PCO;PDT;PFL;PMDB;PSDB;PT
2000,2000-08-15 00:00:00,Presidente 100/00d,HGPE,PREFEITO,,BA,SIM,Salvador (BA),SIM,Sim,NÃO,SIM,SIM,PCO;PDT;PFL;PSDB;PT
2000,2000-08-15 00:00:00,Edição Especial PFL,PROPAGANDA PARTIDÁRIA,,,,NÃO,,SIM,Sim,NÃO,SIM,SIM,PFL
2000,2000-11-13 00:00:00,Prefeito 2000 - 004/00b,HGPE,PREFEITO,Metade da gravação apresenta defeito,RJ,NÃO,Rio de Janeiro,SIM,Parcialmente,NÃO,SIM,SIM,PRP;PSDB
2000,2000-08-30 00:00:00,Prefeito 2000 - 005/00,HGPE,PREFEITO,Apresenta defeito na gravação,RJ,SIM,Rio de Janeiro,SIM,Parcialmente,NÃO,SIM,SIM,PSDB;PT
2000,2000-08-08 00:00:00,Prefeito 2000 - 006/00a,HGPE,PREFEITO,,SP,SIM,Rio de Janeiro,SIM,Sim,NÃO,SIM,SIM,PDT;PFL;PPR;PRP;PSB;PSDB;PSTU;PT;PTB;PTDOB
2000,2000-09-01 00:00:00,Prefeito 2000 - 006/00b,HGPE,PREFEITO,,RJ,SIM,Rio de Janeiro,SIM,Não,NÃO,SIM,SIM,PHS;PSB;PTB;PTDOB
2000,2000-09-06 00:00:00,Prefeito 2000 - 007/00a,HGPE,PREFEITO,,RJ,SIM,Rio de Janeiro,SIM,Sim,NÃO,SIM,SIM,PCO;PDT;PFL;PHS;PPR;PRONA;PRP;PSDB;PSDC;PSTU;PT;PTDOB;PV
2000,2000-09-08 00:00:00,Prefeito 2000 - 007/00b,HGPE,"PREFEITO, VEREADOR",,RJ,SIM,Rio de Janeiro,SIM,Sim,NÃO,SIM,SIM,PCO;PDT;PFL;PRONA;PSB;PSC;PSD;PSDC;PSTU;PV
2000,2000-09-11 00:00:00,Prefeito 2000 - 008/00a,HGPE,PREFEITO,,RJ,SIM,Rio de Janeiro,SIM,Sim,NÃO,SIM,SIM,PCO;PDT;PFL;PHS;PPR;PRONA;PRP;PSB;PSDB;PSDC;PT;PTB;PTDOB
2000,2000-08-11 00:00:00,Prefeito 2000 - 008/00b,HGPE,PREFEITO,,"RJ, AC",SIM,Rio de Janeiro,SIM,Sim,NÃO,SIM,SIM,PCO;PDT;PFL;PHS;PPR;PRP;PSB;PSDB;PSTU;PT;PTB;PTDOB;PV
2000,2000-09-15 00:00:00,Prefeito 2000 - 009/00,HGPE,PREFEITO,,RJ,SIM,Rio de Janeiro,SIM,Sim,NÃO,SIM,SIM,PDT;PFL;PHS;PPR;PRONA;PRP;PSDB;PSDC;PT;PTB;PTDOB;PV
2000,2000-09-20 00:00:00,Prefeito 2000 - 010/00,HGPE,PREFEITO,,RJ,SIM,Rio de Janeiro,SIM,Sim,NÃO,SIM,SIM,PCO;PDT;PFL;PHS;PPR;PRP;PSB;PSDB;PSDC;PSTU;PT;PTB;PTDOB
2000,2000-09-22 00:00:00,Prefeito 2000 - 011/00a,HGPE,PREFEITO,,RJ,SIM,Rio de Janeiro,SIM,Sim,NÃO,SIM,SIM,PCO;PDT;PFL;PHS;PPR;PRONA;PRP;PSB;PSDB;PSDC;PSTU;PT;PTB;PTDOB;PV
2000,2000-09-22 00:00:00,Prefeito 2000 - 011/00b,HGPE,PREFEITO,Gravação apresenta defeito,RJ,SIM,Rio de Janeiro,SIM,Sim,NÃO,SIM,SIM,
2000,2000-09-25 00:00:00,Prefeito 2000 - 012/00,HGPE,PREFEITO,,RJ,SIM,Rio de Janeiro,SIM,Sim,NÃO,SIM,SIM,PCB;PCO;PDT;PFL;PHS;PRONA;PRP;PSB;PSDB;PSDC;PSTU;PT;PTB;PTDOB
2000,2000-08-12 00:00:00,Prefeito 2000 - 013/00a,SPOT,PREFEITO,,RJ,SIM,Rio de Janeiro,SIM,Sim,NÃO,SIM,SIM,PCO;PDT;PFL;PHS;PRONA;PRP;PSB;PSDB;PSTU;PT;PTB;PTDOB;PV
2000,2000-08-12 00:00:00,Prefeito 2000 - 013/00b,SPOT,PREFEITO,,RJ,SIM,Rio de Janeiro,SIM,Sim,NÃO,SIM,SIM,PCO;PDT;PFL;PHS;PRONA;PRP;PSB;PSDB;PSDC;PSTU;PT;PTB;PTDOB;PV
2000,2000-08-12 00:00:00,Prefeito 2000 - 014/00a,SPOT,PREFEITO,,RJ,SIM,Rio de Janeiro,SIM,Sim,NÃO,SIM,SIM,PDT;PFL;PHS;PRONA;PSDB;PSDC;PSTU;PT;PTB;PTDOB;PV
2000,2000-08-12 00:00:00,Prefeito 2000 - 014/00b,SPOT,PREFEITO,,RJ,SIM,Rio de Janeiro,SIM,Sim,NÃO,SIM,SIM,PDT;PFL;PHS;PRONA;PRP;PSB;PSDB;PSTU;PT;PTB;PTDOB;PV
2000,2000-08-22 00:00:00,Prefeito 2000 - 015/00,SPOT,PREFEITO,,RJ,SIM,Rio de Janeiro,SIM,Sim,NÃO,SIM,SIM,PCO;PDT;PFL;PHS;PRONA;PRP;PSB;PSDB;PSDC;PSTU;PT;PTB;PTDOB;PV
2000,2000-08-04 00:00:00,Prefeito 2000 - 016/00,SPOT,PREFEITO,,RJ,SIM,Rio de Janeiro,SIM,Sim,NÃO,SIM,SIM,PDT;PFL;PHS;PRONA;PRP;PSB;PSDB;PSDC;PSTU;PT;PTB;PTDOB;PV
2000,2000-09-18 00:00:00,Prefeito 2000 - 017/00,SPOT,PREFEITO,,RJ,SIM,Rio de Janeiro,SIM,Sim,NÃO,SIM,SIM,PDT;PFL;PHS;PRONA;PRP;PSB;PSDB;PSDC;PSTU;PT;PTB;PTDOB;PV
2000,2000-08-15 00:00:00,São Paulo 2000 - 030/00,HGPE,"PREFEITO, VEREADOR",,SP,SIM,São Paulo,SIM,Sim,NÃO,SIM,SIM,PAN;PCB;PCO;PDT;PFL;PGT;PHS;PL;PMDB;PMN;PPS;PRN;PRONA;PSB;PSC;PSD;PSDB;PSDC;PSL;PSTU;PT;PTB;PTC
2000,2000-08-19 00:00:00,São Paulo - 031/00,HGPE,VEREADOR,,SP,SIM,São Paulo,SIM,Sim,NÃO,SIM,SIM,PAN;PCB;PCO;PDT;PFL;PGT;PHS;PL;PMDB;PMN;PPS;PRONA;PRP;PRTB;PSB;PSC;PSDB;PSDC;PSL;PSTU;PT;PTB;PV
2000,2000-08-24 00:00:00,São Paulo - 032/00 (DVD I),HGPE,"PREFEITO, VEREADOR",,SP,SIM,São Paulo,SIM,Sim,NÃO,SIM,SIM,PAN;PCDOB;PCO;PDT;PFL;PGT;PL;PMDB;PMN;PPS;PRONA;PRP;PRTB;PSB;PSC;PSD;PSDB;PSDC;PSL;PSTU;PT;PTB;PV
2000,2000-08-24 00:00:00,São Paulo - 032 (DVD II),HGPE,"PREFEITO, VEREADOR",,SP,SIM,São Paulo,SIM,Sim,NÃO,NÃO,SIM,PAN;PCO;PDT;PFL;PGT;PL;PMDB;PMN;PPS;PRONA;PRP;PRTB;PSB;PSC;PSD;PSDB;PSDC;PSL;PSTU;PT;PTB;PV
2000,2000-08-28 00:00:00,São Paulo - 033/00,HGPE,"PREFEITO, VEREADOR",,SP,SIM,São Paulo,SIM,Sim,NÃO,SIM,SIM,PAN;PCB;PCDOB;PCO;PDT;PFL;PGT;PHS;PL;PMDB;PRONA;PRTB;PSB;PSC;PSD;PSDB;PSDC;PSTU;PT;PTB;PTC
2000,2000-08-30 00:00:00,São Paulo 2000 - 034/00,HGPE,"PREFEITO, VEREADOR",,SP,SIM,São Paulo,SIM,Sim,NÃO,SIM,SIM,PAN;PCDOB;PCO;PDT;PFL;PGT;PHS;PL;PMDB;PMN;PPS;PRN;PRONA;PRP;PRTB;PSB;PSC;PSDB;PSDC;PSL;PSTU;PT;PTB;PTC;PTN;PTRB;PV
2000,2000-09-02 00:00:00,São Paulo 2000 - 035/00,HGPE,"PREFEITO, VEREADOR",,SP,SIM,São Paulo,SIM,Sim,NÃO,SIM,SIM,PAN;PCB;PCO;PDT;PFL;PGT;PHS;PL;PMDB;PMN;PPS;PRN;PRONA;PRP;PRTB;PSB;PSC;PSDB;PSDC;PSL;PSTU;PT;PTB;PTDOB;PTN;PV
2000,2000-09-04 00:00:00,São Paulo 2000 - 036/00,HGPE,"PREFEITO, VEREADOR",,SP,SIM,São Paulo,SIM,Sim,NÃO,SIM,SIM,PAN;PCB;PCDOB;PCO;PDT;PFL;PGT;PHS;PL;PMDB;PMN;PPS;PRN;PRONA;PRP;PRTB;PSB;PSC;PSDB;PSDC;PSL;PSTU;PT;PTB;PTDOB;PTN;PV
2000,2000-09-06 00:00:00,São Paulo - 037/00a,HGPE,"PREFEITO, VEREADOR",,SP,SIM,São Paulo,SIM,Sim,NÃO,SIM,SIM,PAN;PCB;PCDOB;PCO;PDT;PFL;PGT;PHS;PL;PMDB;PMN;PPS;PRN;PRONA;PRP;PRTB;PSB;PSC;PSD;PSDB;PSDC;PSL;PSTU;PT;PTB;PTC;PTDOB;PTN;PV
2000,2000-09-06 00:00:00,Prefeito São Paulo 2000 - 037/00b,HGPE,PREFEITO,A gravação apresenta defeito,SP,SIM,São Paulo,SIM,Não,NÃO,SIM,SIM,PDT;PMN;PPS;PSB
2000,2000-09-13 00:00:00,São Paulo 2000 - 040/00,HGPE,"PREFEITO, VEREADOR",,SP,SIM,São Paulo,SIM,Sim,NÃO,SIM,SIM,PAN;PCB;PCDOB;PCO;PDT;PFL;PGT;PL;PMDB;PPS;PRN;PRONA;PRP;PRTB;PSB;PSC;PSDB;PSDC;PSL;PSTU;PT;PTB;PTDOB;PTN;PV
2000,2000-08-15 00:00:00,São Paulo - 041/00a,HGPE,PREFEITO,,SP,SIM,São Paulo,SIM,Sim,NÃO,SIM,SIM,PAN;PCB;PCDOB;PCO;PDT;PFL;PGT;PHS;PL;PMDB;PMN;PPS;PRN;PRONA;PRP;PRTB;PSB;PSC;PSDB;PSDC;PSTU;PT;PTB;PTDOB;PTN;PV
2000,2000-09-15 00:00:00,São Paulo - 041/00b,HGPE,PREFEITO,A gravação apresenta defeito,SP,SIM,São Paulo,SIM,Não,NÃO,SIM,SIM,PFL;PL;PMDB
2000,2000-09-18 00:00:00,São Paulo - 042/00,HGPE,"PREFEITO, VEREADOR",,SP,SIM,São Paulo,SIM,Sim,NÃO,SIM,SIM,PAN;PCB;PCO;PDT;PFL;PGT;PHS;PL;PMDB;PMN;PPS;PRN;PRONA;PRP;PRTB;PSB;PSC;PSD;PSDB;PSDC;PSL;PSTU;PT;PTB;PTDOB;PTN;PV
2000,2000-09-01 00:00:00,São Paulo 043/00b e 044/00a,HGPE,"PREFEITO, VEREADOR",,SP,SIM,São Paulo,SIM,Sim,NÃO,SIM,SIM,PAN;PCDOB;PCO;PDT;PFL;PGT;PL;PMDB;PMN;PPS;PRN;PRONA;PRP;PRTB;PSB;PSC;PSDB;PSDC;PSL;PSTU;PT;PTB;PTN
2000,2000-09-22 00:00:00,São Paulo 044/00b,HGPE,PREFEITO,A gravação apresenta defeito,SP,SIM,São Paulo,SIM,Não,NÃO,SIM,SIM,PAN;PCO;PFL;PGT;PL;PRONA;PRTB;PSB;PSDB;PSDC;PSTU;PT
2000,2000-09-26 00:00:00,São Paulo 045/00a,HGPE,"PREFEITO, VEREADOR",,SP,SIM,São Paulo,SIM,Sim,NÃO,SIM,SIM,PAN;PCDOB;PCO;PDT;PFL;PGT;PL;PMDB;PMN;PPS;PRN;PRONA;PRP;PRTB;PSB;PSC;PSD;PSDB;PSDC;PSL;PSTU;PT;PTB;PTDOB;PV
2000,2000-09-29 00:00:00,São Paulo 045/00b e 046/00a,HGPE,"PREFEITO, VEREADOR",,SP,SIM,São Paulo,SIM,Sim,NÃO,SIM,SIM,PCDOB;PCO;PDT;PFL;PGT;PL;PMDB;PMN;PPS;PRONA;PRP;PSB;PSC;PSDB;PSTU;PT;PTB;PTDOB;PTN
2000,2000-09-29 00:00:00,São Paulo 046/00b e 047/00a,HGPE,PREFEITO,,SP,SIM,São Paulo,SIM,Sim,NÃO,SIM,SIM,PT
2000,2000-10-21 00:00:00,São Paulo 049/00,HGPE,PREFEITO,,SP,SIM,São Paulo,SIM,Sim,NÃO,SIM,SIM,PT
2000,2000-10-24 00:00:00,São Paulo 050/00,HGPE,PREFEITO,,SP,SIM,São Paulo,SIM,Sim,NÃO,SIM,SIM,PT
2000,2000-08-01 00:00:00,São Paulo 053/00 e 054/00,HGPE,PREFEITO,,SP,SIM,São Paulo,SIM,Sim,NÃO,SIM,SIM,PAN;PCO;PFL;PGT;PL;PRONA;PRTB;PSB;PSC;PSDB;PSDC;PSTU;PT
2000,2000-08-15 00:00:00,Vereador - BH 2000 070/00a,HGPE,VEREADOR,,BH,SIM,Belo Horizonte,SIM,Sim,NÃO,SIM,SIM,PAN;PCB;PCDOB;PCO;PDT;PFL;PGT;PL;PMDB;PMN;PPS;PRN;PSB;PSC;PSD;PSDB;PSTU;PT;PTB;PTN;PV
2000,2000-08-15 00:00:00,Vereador - BH 2000 070/00b,HGPE,VEREADOR,,BH,SIM,Belo Horizonte,SIM,Sim,NÃO,SIM,SIM,PAN;PCB;PCDOB;PCO;PDT;PFL;PGT;PL;PMDB;PMN;PPS;PRN;PRONA;PRTB;PSB;PSC;PSD;PSDB;PSTU;PT;PTB;PTN;PV
2000,2000-08-15 00:00:00,Prefeito - BH 2000 071/00a,HGPE,PREFEITO,,BH,SIM,Belo Horizonte,SIM,Sim,NÃO,NÃO,SIM,PCO;PFL;PGT;PL;PMDB;PRN;PRONA;PRP;PRTB;PSB;PSDB;PSL;PSTU;PT;PTB
2000,2000-08-21 00:00:00,Prefeito - BH 2000 072/00a,HGPE,PREFEITO,,BH,SIM,Belo Horizonte,SIM,Sim,NÃO,SIM,SIM,PCO;PFL;PGT;PL;PMDB;PRN;PRONA;PRP;PRTB;PSB;PSDB;PSL;PSTU;PTB
2000,2000-08-21 00:00:00,Belo Horizonte 2000 - 072/00b,HGPE,PREFEITO,,BH,SIM,Belo Horizonte,SIM,Sim,NÃO,SIM,SIM,PCO;PFL;PL;PMDB;PRN;PRP;PRTB;PSB;PSDB;PSTU
2000,2000-08-21 00:00:00,Belo Horizonte 2000 - 072/00c,HGPE,,"Não é HGPE, mas sim a gravação de um filme",,NÃO,,SIM,Sim,NÃO,NÃO,SIM,
2000,2000-08-15 00:00:00,Prefeito - BH 2000 073/00,HGPE,PREFEITO,,BH,SIM,Belo Horizonte,SIM,Sim,NÃO,SIM,SIM,PDT;PL;PMDB;PRN;PRP;PSB;PSDB;PSTU
2000,2000-08-28 00:00:00,Prefeito - BH 2000 074/00b,HGPE,PREFEITO,,BH,SIM,Belo Horizonte,SIM,Sim,NÃO,SIM,SIM,PCO;PL;PMDB;PRN;PRTB;PSB;PSDB;PSTU;PT
2000,2000-08-28 00:00:00,Vereador - BH 2000 075/00a,HGPE,VEREADOR,,BH,SIM,Belo Horizonte,SIM,Sim,NÃO,SIM,SIM,PAN;PCB;PCDOB;PCO;PDT;PFL;PGT;PL;PMDB;PMN;PPS;PRN;PRONA;PRTB;PSB;PSC;PSD;PSDB;PSDC;PSTU;PT;PTB;PTN;PV
2000,2000-08-28 00:00:00,Vereador - BH 2000 075/00b,HGPE,VEREADOR,,BH,SIM,Belo Horizonte,SIM,Sim,NÃO,SIM,SIM,PAN;PCB;PCDOB;PCO;PDT;PFL;PGT;PL;PMDB;PMN;PPS;PRN;PRONA;PRTB;PSB;PSC;PSDB;PSL;PSTU;PT;PTB;PTN;PV
2000,2000-09-03 00:00:00,Prefeito - BH 2000 076/00,SPOT,PREFEITO,,BH,SIM,Belo Horizonte,SIM,Sim,NÃO,SIM,SIM,PMDB
2000,2000-09-04 00:00:00,Prefeito - BH 2000 077/00a,HGPE,PREFEITO,,BH,SIM,Belo Horizonte,SIM,Sim,NÃO,SIM,SIM,PCO;PL;PMDB;PRN;PRP;PRTB;PSB;PSDB;PSTU;PT
2000,2000-09-04 00:00:00,Prefeito - BH 2000 077/00b,HGPE,PREFEITO,,BH,SIM,Belo Horizonte,SIM,Sim,NÃO,SIM,SIM,PCO;PL;PMDB;PRN;PRP;PRTB;PSB;PSDB;PSTU
2000,2000-09-05 00:00:00,Vereador - BH 2000 078/00a,HGPE,VEREADOR,,BH,SIM,Belo Horizonte,SIM,Sim,NÃO,SIM,SIM,PAN;PCB;PCDOB;PCO;PDT;PFL;PGT;PL;PMDB;PMN;PPS;PRN;PRONA;PRTB;PSB;PSC;PSD;PSDB;PSL;PSTU;PT;PTB;PTDOB;PTN;PV
2000,2000-09-05 00:00:00,Vereador - BH 2000 078/00b,HGPE,VEREADOR,,BH,SIM,Belo Horizonte,SIM,Sim,NÃO,SIM,SIM,PAN;PCB;PCDOB;PCO;PDT;PFL;PGT;PL;PMDB;PMN;PPS;PRN;PRONA;PRP;PRTB;PSB;PSC;PSD;PSDB;PSL;PSTU;PT;PTB;PTN;PV
2000,2000-09-11 00:00:00,Prefeito - BH 2000 079/00a,HGPE,PREFEITO,,BH,SIM,Belo Horizonte,SIM,Sim,NÃO,SIM,SIM,PCO;PMDB;PRN;PRP;PRTB;PSB;PSDB;PSTU
2000,2000-09-11 00:00:00,Prefeito - BH 2000 079/00b,HGPE,PREFEITO,,BH,SIM,Belo Horizonte,SIM,Sim,NÃO,SIM,SIM,PCO;PMDB;PRN;PRP;PRTB;PSB;PSDB;PSTU
2000,2000-09-12 00:00:00,Vereador - BH 2000 080/00a,HGPE,VEREADOR,,BH,SIM,Belo Horizonte,SIM,Sim,NÃO,SIM,SIM,PAN;PCB;PCDOB;PCO;PDT;PFL;PGT;PL;PMDB;PMN;PPS;PRN;PRONA;PRP;PRTB;PSB;PSC;PSD;PSDB;PSL;PSTU;PT;PTB;PTN;PV
2000,2000-09-12 00:00:00,Vereador - BH 2000 080/00b,HGPE,VEREADOR,,BH,SIM,Belo Horizonte,SIM,Sim,NÃO,SIM,SIM,PAN;PCB;PCDOB;PCO;PDT;PFL;PGT;PL;PMDB;PMN;PPS;PRN;PRONA;PRP;PRTB;PSB;PSC;PSD;PSDB;PSL;PSTU;PT;PTB;PTN;PV
2000,2000-09-10 00:00:00,Prefeito - BH 2000 081/00,SPOT,PREFEITO,,BH,SIM,Belo Horizonte,SIM,Sim,NÃO,SIM,SIM,PL;PMDB;PRN;PRTB;PSB;PSDB
2000,2000-09-10 00:00:00,Prefeito - BH 2000 081/00b,SPOT,PREFEITO,A gravação apresenta defeito,BH,SIM,Belo Horizonte,SIM,Sim,NÃO,SIM,SIM,PL;PMDB;PRN;PRTB;PSB;PSDB
2000,2000-09-18 00:00:00,Prefeito - BH 2000 082/00a,HGPE,PREFEITO,,BH,SIM,Belo Horizonte,SIM,Sim,NÃO,SIM,SIM,PCO;PMDB;PRN;PRP;PRTB;PSB;PSDB;PSTU;PT
2000,2000-09-18 00:00:00,Prefeito - BH 2000 082/00b,HGPE,PREFEITO,,BH,SIM,Belo Horizonte,SIM,Sim,NÃO,SIM,SIM,PCO;PMDB;PRN;PRP;PRTB;PSB;PSDB;PSTU;PT
2000,2000-09-26 00:00:00,Vereador - BH 2000 083/00a,HGPE,VEREADOR,,BH,SIM,Belo Horizonte,SIM,Sim,NÃO,SIM,SIM,PAN;PCB;PCDOB;PCO;PDT;PFL;PGT;PL;PMDB;PMN;PPS;PRN;PRONA;PRP;PRTB;PSB;PSC;PSD;PSDB;PSL;PSTU;PT;PTB;PTN;PV
2000,2000-09-26 00:00:00,Vereador - BH 2000 082/00b,HGPE,VEREADOR,"A gravação apresenta parte de um jornal, comercial e até filme",BH,SIM,Belo Horizonte,SIM,Sim,NÃO,SIM,SIM,PFL;PMDB;PSB;PSDB
2000,2000-09-26 00:00:00,Prefeito - BH 2000 084/00,SPOT,PREFEITO,,BH,SIM,Belo Horizonte,SIM,Sim,NÃO,SIM,SIM,PMDB;PSB;PSDB
2000,2000-09-25 00:00:00,Prefeito - BH 2000 085/00a,HGPE,PREFEITO,,BH,SIM,Belo Horizonte,SIM,Sim,NÃO,SIM,SIM,PCO;PMDB;PRN;PRP;PRTB;PSB;PSDB;PSTU
2000,2000-09-25 00:00:00,Prefeito - BH 2000 085/00b,HGPE,PREFEITO,A gravação apresenta defeito,BH,SIM,Belo Horizonte,SIM,Não,NÃO,SIM,SIM,PCO;PMDB
2000,2000-10-04 00:00:00,Prefeito - BH 2000 086/00a,HGPE,PREFEITO,,BH,SIM,Belo Horizonte,SIM,Sim,NÃO,SIM,SIM,PSB;PSDB
2000,2000-10-04 00:00:00,Prefeito - BH 2000 086/00b,HGPE,PREFEITO,,BH,SIM,Belo Horizonte,SIM,Sim,NÃO,SIM,SIM,PSB;PSDB
2000,2000-10-04 00:00:00,Prefeito - BH 2000 087/00,SPOT,PREFEITO,,BH,SIM,Belo Horizonte,SIM,Sim,NÃO,SIM,SIM,PSB;PSDB
2000,2000-10-09 00:00:00,Prefeito - BH 2000 088/00b,HGPE,PREFEITO,,BH,SIM,Belo Horizonte,SIM,Sim,NÃO,SIM,SIM,PSB;PSDB
2000,2000-10-09 00:00:00,Prefeito - BH 2000 088/00c,HGPE,PREFEITO,,BH,SIM,Belo Horizonte,SIM,Sim,NÃO,SIM,SIM,PSB;PSDB
2000,2000-10-09 00:00:00,Prefeito - BH 2000 088/00d,HGPE,PREFEITO,,BH,SIM,Belo Horizonte,SIM,Sim,NÃO,SIM,SIM,PSB;PSDB
2000,2000-10-15 00:00:00,Prefeito - BH 2000 089/00a,HGPE,PREFEITO,,BH,SIM,Belo Horizonte,SIM,Sim,NÃO,SIM,SIM,PSB;PSDB
2000,2000-10-15 00:00:00,Prefeito - BH 2000 089/00b,HGPE,PREFEITO,,BH,SIM,Belo Horizonte,SIM,Sim,NÃO,SIM,SIM,PSB;PSDB
2000,2000-10-15 00:00:00,Prefeito - BH 2000 089/00c,HGPE,PREFEITO,,BH,SIM,Belo Horizonte,SIM,Sim,NÃO,SIM,SIM,PSB;PSDB
2000,2000-10-15 00:00:00,Prefeito - BH 2000 090/00,SPOT,PREFEITO,A gravação apresenta defeito,BH,SIM,Belo Horizonte,SIM,Sim,NÃO,SIM,SIM,PSB;PSDB
2000,2000-10-21 00:00:00,Prefeito - BH 2000 091/00a,HGPE,PREFEITO,,BH,SIM,Belo Horizonte,SIM,Sim,NÃO,SIM,SIM,PSB;PSDB
2000,2000-10-21 00:00:00,Prefeito - BH 2000 091/00b,HGPE,PREFEITO,,BH,SIM,Belo Horizonte,SIM,Sim,NÃO,SIM,SIM,PSB;PSDB
2000,2000-10-22 00:00:00,Prefeito - BH 2000 092/00,SPOT,PREFEITO,A gravação apresenta defeito,BH,SIM,Belo Horizonte,SIM,Sim,NÃO,SIM,SIM,PSB;PSDB
2000,2000-10-27 00:00:00,Prefeito - BH 2000 093/00,HGPE,PREFEITO,,BH,SIM,Belo Horizonte,SIM,Sim,NÃO,SIM,SIM,PSB;PSDB
2000,2000-09-19 00:00:00,Vereador - BH 2000 094/00a,HGPE,VEREADOR,,BH,SIM,Belo Horizonte,SIM,Sim,NÃO,SIM,SIM,PAN;PCB;PCDOB;PCO;PDT;PFL;PGT;PL;PMDB;PMN;PPS;PRN;PRONA;PRP;PRTB;PSB;PSC;PSD;PSDB;PSL;PSTU;PT;PTB;PTN;PV
2000,2000-09-19 00:00:00,Vereador - BH 2000 094/00b,HGPE,VEREADOR,,BH,SIM,Belo Horizonte,SIM,Sim,NÃO,SIM,SIM,PAN;PCB;PCDOB;PCO;PDT;PFL;PGT;PL;PMDB;PMN;PPS;PRN;PRONA;PRP;PRTB;PSB;PSC;PSD;PSDB;PT;PTB;PTN;PV
2000,2000-08-21 00:00:00,Vereador - BH 2000 095/00a,HGPE,VEREADOR,,BH,SIM,Belo Horizonte,SIM,Sim,NÃO,SIM,SIM,PAN;PCB;PCDOB;PCO;PDT;PFL;PGT;PL;PMDB;PMN;PPS;PRN;PRONA;PRTB;PSB;PSC;PSD;PSDB;PSL;PSTU;PT;PTB;PTDOB;PTN;PV
2000,2000-08-21 00:00:00,Vereador - BH 2000 095/00b,HGPE,VEREADOR,,BH,SIM,Belo Horizonte,SIM,Sim,NÃO,SIM,SIM,PCB;PCDOB;PCO;PDT;PFL;PGT;PL;PMDB;PMN;PPS;PRN;PRTB;PSB;PSC;PSD;PSDB;PSL;PSTU;PT;PTB;PTN;PV
2000,2000-09-18 00:00:00,Prefeito - BH 2000 096/00,HGPE,PREFEITO,,BH,SIM,Belo Horizonte,SIM,Sim,NÃO,SIM,SIM,PMDB;PRN;PSDB;PSTU
2000,2000-01-12 00:00:00,Prefeito - Salvador 100/00a,HGPE,PREFEITO,,BA,SIM,Salvador,NÃO,Sim,NÃO,SIM,SIM,PCO;PDT;PFL;PSDB;PT
2000,2000-01-12 00:00:00,Prefeito - Salvador 100/00b,HGPE,PREFEITO,,BA,SIM,Salvador,NÃO,Sim,NÃO,SIM,SIM,PCO;PDT;PFL;PSDB;PT
2000,2000-02-12 00:00:00,Prefeito - Salvador 100/00d,HGPE,PREFEITO,,BA,SIM,Salvador,NÃO,Sim,NÃO,SIM,SIM,PCO;PDT;PFL;PSDB;PT
2000,2000-09-01 00:00:00,Prefeito - Salvador 101/00a,HGPE,PREFEITO,,BA,SIM,Salvador,SIM,Sim,NÃO,SIM,SIM,PCO;PDT;PFL;PSDB;PT
2000,2000-09-01 00:00:00,Prefeito - Salvador 101/00b,HGPE,PREFEITO,,BA,SIM,Salvador,SIM,Sim,NÃO,SIM,SIM,PCO;PDT;PFL;PSDB;PT
2000,2000-09-01 00:00:00,Prefeito - Salvador 101/00c,HGPE,PREFEITO,,BA,SIM,Salvador,SIM,Sim,NÃO,SIM,SIM,PCO;PDT;PFL;PSDB;PT
2000,2000-09-01 00:00:00,Prefeito - Salvador 101/00d,HGPE,PREFEITO,,BA,SIM,Salvador,SIM,Sim,NÃO,SIM,SIM,PDT;PFL;PSDB;PT
2000,2000-09-18 00:00:00,Prefeito - Salvador 102/00a,HGPE,PREFEITO,,BA,SIM,Salvador,SIM,Sim,NÃO,SIM,SIM,PCO;PDT;PFL;PSDB;PT
2000,2000-09-18 00:00:00,Prefeito - Salvador 102/00b,HGPE,PREFEITO,,BA,SIM,Salvador,SIM,Sim,NÃO,SIM,SIM,PCO;PDT;PFL;PSDB;PT
2000,2000-09-18 00:00:00,Prefeito - Salvador 102/00c,HGPE,PREFEITO,,BA,SIM,Salvador,SIM,Sim,NÃO,SIM,SIM,PCO;PDT;PFL;PSDB;PT
2000,2000-08-15 00:00:00,Vereador - Salvador 103/00a,HGPE,PREFEITO,,BA,SIM,Salvador,SIM,Sim,NÃO,SIM,SIM,PAN;PCO;PDT;PFL;PHS;PL;PMDB;PRN;PRTB;PSB;PSC;PSD;PSDB;PSDC;PT;PTB;PTN
2000,2000-08-15 00:00:00,Bahia 103/00a,HGPE,PREFEITO,,BA,SIM,Salvador,SIM,Sim,NÃO,SIM,SIM,PAN;PCO;PDT;PFL;PSDB;PT
2000,2000-08-15 00:00:00,Vereador - Salvador 103/00b,HGPE,VEREADOR,,BA,SIM,Salvador,SIM,Sim,NÃO,SIM,SIM,PCDOB;PCO;PDT;PFL;PHS;PL;PMDB;PRN;PRP;PSB;PSC;PSDB;PSDC;PT;PTB
2000,2000-08-15 00:00:00,Bahia 103/00b,HGPE,PREFEITO,,BA,SIM,Salvador,SIM,Sim,NÃO,SIM,SIM,PDT;PFL;PSDB;PT
2000,2000-08-15 00:00:00,Vereador - Salvador 103/00c,HGPE,VEREADOR,,BA,SIM,Salvador,SIM,Sim,NÃO,SIM,SIM,PAN;PCDOB;PCO;PDT;PFL;PHS;PL;PMDB;PPS;PRN;PRP;PRTB;PSB;PSC;PSD;PSDB;PSDC;PT;PTB
2000,2000-08-15 00:00:00,Vereador - Salvador 103/00d,HGPE,VEREADOR,,BA,SIM,Salvador,SIM,Sim,NÃO,SIM,SIM,PCDOB;PCO;PDT;PFL;PL;PMDB;PRN;PRONA;PRTB;PSB;PSC;PSD;PSDB;PSDC;PT;PTB;PTDOB
2000,2000-09-02 00:00:00,Vereador - Salvador 104/00,HGPE,VEREADOR,A gravação está ruim e com ruído,BA,SIM,Salvador,SIM,Sim,NÃO,SIM,SIM,PCDOB;PDT;PFL;PGT;PHS;PL;PMDB;PPS;PRN;PRTB;PSB;PSC;PSD;PSDB;PSDC;PT;PTB;PTDOB
2000,2000-09-02 00:00:00,Vereador 2000 104/00b,HGPE,VEREADOR,,BA,SIM,Salvador,SIM,Sim,NÃO,SIM,SIM,PCDOB;PCO;PDT;PFL;PHS;PMDB;PRN;PRTB;PSB;PSC;PSDB;PSDC;PT;PTB;PTDOB
2000,2000-09-02 00:00:00,Vereador - Salvador 104/00c,HGPE,VEREADOR,,BA,SIM,Salvador,SIM,Sim,NÃO,SIM,SIM,PCDOB;PCO;PDT;PFL;PGT;PHS;PL;PMDB;PPS;PRN;PRTB;PSC;PSDB;PSDC;PT;PTB;PTDOB;PV
2000,2000-08-15 00:00:00,Vereador 104/00b,HGPE,VEREADOR,Parte da gravação apresenta defeito,BA,SIM,Salvador,SIM,Sim,NÃO,SIM,SIM,PAN;PCO;PDT;PFL;PGT;PL;PRN;PRTB;PSB;PSC;PSD;PSDB;PSDC;PT;PTB;PTDOB;PV
2000,2000-09-18 00:00:00,Vereador - Salvador 105/00a,HGPE,VEREADOR,,BA,SIM,Salvador,SIM,Sim,NÃO,SIM,SIM,PCDOB;PCO;PDT;PFL;PGT;PL;PMDB;PRN;PRTB;PSB;PSD;PSDB;PSDC;PT;PTB;PTDOB;PV
2000,2000-09-18 00:00:00,Vereador - Salvador 105/00b,HGPE,"PREFEITO, VEREADOR",,BA,SIM,Salvador,SIM,Sim,NÃO,SIM,SIM,PCDOB;PCO;PDT;PFL;PGT;PL;PMDB;PPS;PRN;PRONA;PRP;PRTB;PSB;PSC;PSD;PSDB;PSDC;PT;PTB;PTDOB;PV;SOLIDARIEDADE
2000,2000-09-01 00:00:00,Eleitorais Bahia 106/00 e 107/00,HGPE,PREFEITO,,BA,SIM,Salvador,SIM,Sim,NÃO,SIM,SIM,PDT;PFL;PSDB;PT
2000,2000-10-10 00:00:00,2º turno 110/00a,HGPE,PREFEITO,,RJ,SIM,Rio de Janeiro,SIM,Sim,NÃO,SIM,SIM,PFL;PTB
2000,2000-10-10 00:00:00,2º turno 110/00b,HGPE,PREFEITO,,RJ,SIM,Rio de Janeiro,SIM,Sim,NÃO,SIM,SIM,PFL;PTB
2000,2000-10-10 00:00:00,2º turno 111/00,SPOT,PREFEITO,,RJ,SIM,Rio de Janeiro,SIM,Sim,NÃO,SIM,SIM,PFL;PTB
2000,2000-10-14 00:00:00,2º turno 112/00,HGPE,PREFEITO,,RJ,SIM,Rio de Janeiro,SIM,Sim,NÃO,SIM,SIM,PFL;PTB
2000,2000-10-16 00:00:00,2º turno 113/00,DEBATE,PREFEITO,,RJ,SIM,Rio de Janeiro,SIM,Sim,NÃO,SIM,SIM,PFL;PTB
2000,2000-10-19 00:00:00,2º turno 114/00a,HGPE,PREFEITO,,RJ,SIM,Rio de Janeiro,SIM,Sim,NÃO,SIM,SIM,PFL;PTB
2000,2000-10-19 00:00:00,2º turno 114/00b,HGPE,PREFEITO,,RJ,SIM,Rio de Janeiro,SIM,Sim,NÃO,SIM,SIM,PFL;PTB
2000,2000-10-24 00:00:00,2º turno 115/00,SPOT,PREFEITO,,RJ,SIM,Rio de Janeiro,SIM,Sim,NÃO,SIM,SIM,PFL;PTB
2000,2000-10-25 00:00:00,2º turno 116/00,HGPE,PREFEITO,,RJ,SIM,Rio de Janeiro,SIM,Sim,NÃO,SIM,SIM,PFL;PTB
2000,2000-10-25 00:00:00,Matérias jornalísticas e debate/ 2º turno 117/00,DEBATE,PREFEITO,,RJ,SIM,Rio de Janeiro,SIM,Sim,NÃO,SIM,SIM,PFL;PTB
2000,2000-10-10 00:00:00,São Gonçalo - Prefeito 2000 118/00,HGPE,PREFEITO,,RJ,SIM,São Gonçalo,SIM,Sim,NÃO,SIM,SIM,PDT;PMDB
2000,2000-10-10 00:00:00,São Gonçalo - Prefeito 2000 119/00,HGPE,PREFEITO,,RJ,SIM,São Gonçalo,SIM,Sim,NÃO,SIM,SIM,PDT;PMDB
2000,2000-10-09 00:00:00,Niterói - Prefeito 2000 121/00a,HGPE,PREFEITO,,RJ,SIM,Niterói,SIM,Sim,NÃO,SIM,SIM,PDT;PMDB
2000,2000-10-09 00:00:00,Niterói - Prefeito 2000 121/00,HGPE,PREFEITO,,RJ,SIM,Niterói,SIM,Sim,NÃO,SIM,SIM,PDT;PMDB
2000,2000-12-13 00:00:00,Niterói - Prefeito 2000 121/00b,HGPE,PREFEITO,,RJ,SIM,Niterói,SIM,Sim,NÃO,SIM,SIM,PDT;PMDB
2000,2000-10-09 00:00:00,Niterói 122/00,HGPE,PREFEITO,,RJ,SIM,Niterói,SIM,Sim,NÃO,SIM,SIM,PDT;PMDB
2000,2000-08-07 00:00:00,Vereador 2000 123/00,HGPE,"PREFEITO, VEREADOR",,RJ,SIM,Rio de Janeiro,SIM,Sim,NÃO,SIM,SIM,PAN;PCB;PCDOB;PCO;PDT;PFL;PGT;PHS;PL;PMDB;PMN;PPS;PRONA;PRP;PSB;PSC;PSD;PSDB;PSDC;PSL;PSTU;PT;PTB;PTDOB;PTN;PV
2000,2000-06-15 00:00:00,Spots 2000 124/00,SPOT,PREFEITO,,RJ,SIM,Rio de Janeiro,SIM,Sim,NÃO,SIM,SIM,PDT;PFL;PMDB;PTB
2000,2000-08-26 00:00:00,"Vereador 2000 - 124, 125/00",HGPE,VEREADOR,,RJ,SIM,Rio de Janeiro,SIM,Sim,NÃO,SIM,SIM,PAN;PCB;PCDOB;PCO;PDT;PFL;PGT;PHS;PL;PMDB;PMN;PPS;PRN;PRONA;PRP;PRTB;PSB;PSC;PSD;PSDB;PSDC;PSL;PSTU;PT;PTB;PTDOB;PV
2000,2000-08-31 00:00:00,"Vereador 2000 - 125, 126/00",HGPE,VEREADOR,,RJ,SIM,Rio de Janeiro,SIM,Sim,NÃO,SIM,SIM,PCB;PCDOB;PCO;PDT;PFL;PGT;PHS;PL;PMDB;PMN;PPS;PRONA;PRP;PRTB;PSB;PSC;PSD;PSDB;PSDC;PSL;PSTU;PT;PTB;PTDOB;PTN;PV
2000,2000-09-05 00:00:00,Vereador 2000 - 126/00,HGPE,VEREADOR,A gravação está danificada,RJ,SIM,Rio de Janeiro,SIM,Não,NÃO,SIM,SIM,PCDOB;PDT;PFL;PGT;PMDB;PRP;PSB;PT;PTB
2000,2000-09-09 00:00:00,Vereador 2000 - 127/00,HGPE,VEREADOR,,RJ,SIM,Rio de Janeiro,SIM,Sim,NÃO,SIM,SIM,PCDOB;PCO;PDT;PFL;PGT;PHS;PL;PMDB;PMN;PPS;PRONA;PRP;PRTB;PSB;PSC;PSD;PSDB;PSDC;PSTU;PT;PTB;PTDOB;PTN;PV
2000,2000-09-14 00:00:00,Vereador 2000 - 128/00,HGPE,VEREADOR,,RJ,SIM,Rio de Janeiro,SIM,Sim,NÃO,SIM,SIM,PCB;PCDOB;PCO;PDT;PFL;PGT;PHS;PL;PMDB;PMN;PPS;PRONA;PRP;PRTB;PSB;PSC;PSD;PSDB;PSDC;PSTU;PT;PTB;PTDOB;PTN;PV
2000,2000-09-19 00:00:00,Vereador 2000 - 129/00,HGPE,"PREFEITO, VEREADOR",,RJ,SIM,Rio de Janeiro,SIM,Sim,NÃO,SIM,SIM,PAN;PCB;PCDOB;PCO;PDT;PFL;PGT;PHS;PL;PMDB;PMN;PPS;PRN;PRONA;PRP;PRTB;PSB;PSC;PSD;PSDB;PSDC;PSL;PT;PTB;PTDOB;PV
2000,2000-09-22 00:00:00,Vereador 2000 - 130/00,HGPE,VEREADOR,,RJ,SIM,Rio de Janeiro,SIM,Sim,NÃO,SIM,SIM,PCB;PCDOB;PCO;PDT;PFL;PGT;PHS;PL;PMDB;PMN;PPS;PRN;PRONA;PRP;PRTB;PSB;PSC;PSD;PSDB;PSDC;PSTU;PT;PTB;PTDOB;PTN;PV
2000,2000-08-05 00:00:00,Grupo de pesquisa 2000 - 131/00b,Outro,,,RJ,NÃO,,SIM,Sim,NÃO,SIM,SIM,
2000,2000-08-05 00:00:00,Grupo de pesquisa 2000 - 132/00,Outro,,,RJ,NÃO,,SIM,Sim,NÃO,SIM,SIM,
2000,2000-08-16 00:00:00,"Grupo de pesquisa 2000 - 134, 135/00",Outro,,,RJ,NÃO,,SIM,Sim,NÃO,SIM,SIM,
2000,2000-08-23 00:00:00,Grupo de pesquisa 2000 - 137/00,Outro,,,RJ,NÃO,,SIM,Sim,NÃO,SIM,SIM,
2000,2000-08-21 00:00:00,Grupo de pesquisa 2000 - 138/00,Outro,,,RJ,NÃO,,SIM,Sim,NÃO,SIM,SIM,
2000,2000-08-12 00:00:00,Grupo de pesquisa 2000 - 139/00,Outro,,,RJ,NÃO,,SIM,Sim,NÃO,SIM,SIM,
2000,2000-08-22 00:00:00,Grupo de pesquisa 2000 - 140/00,Outro,,,RJ,NÃO,,SIM,Sim,NÃO,SIM,SIM,
2000,2000-09-18 00:00:00,"Grupo de pesquisa 2000 - 141, 142/00",Outro,,,RJ,NÃO,,SIM,Sim,NÃO,SIM,SIM,
2000,2000-05-29 00:00:00,Grupo de pesquisa 2000 - 143/00,Outro,,,RJ,NÃO,,SIM,Sim,NÃO,SIM,SIM,
2000,2000-05-29 00:00:00,Grupo de pesquisa 2000 - 144/00,Outro,,,RJ,NÃO,,SIM,Sim,NÃO,SIM,SIM,
2000,2000-08-16 00:00:00,Grupo de pesquisa 2000 - 145/00a,Outro,,,RJ,NÃO,,SIM,Sim,NÃO,SIM,SIM,
2000,2000-08-16 00:00:00,Grupo de pesquisa 2000 - 145/00b,Outro,,,RJ,NÃO,,SIM,Sim,NÃO,SIM,SIM,
2000,2000-08-16 00:00:00,Grupo de pesquisa 2000 - 145/00c,Outro,,,RJ,NÃO,,SIM,Sim,NÃO,SIM,SIM,
2000,2000-10-10 00:00:00,Campanha Luiz Paulo Conde 2000,PROPAGANDA PARTIDÁRIA,PREFEITO,,RJ,SIM,Rio de Janeiro,SIM,Sim,NÃO,NÃO,SIM,PFL
2000,2000-09-10 00:00:00,HGPE partidário e SPOTS,SPOT,,,BRASIL,NÃO,,SIM,Sim,NÃO,SIM,SIM,PT
2002,2002-10-14 00:00:00,Lula 2º turno 2002 - 1.2/02,HGPE,PRESIDENTE,,BRASIL,NÃO,,SIM,Sim,NÃO,SIM,SIM,PPS;PSB;PT
2002,2002-08-20 00:00:00,Lula 2002 - 1.2/02 DVD I,HGPE,PRESIDENTE,,BRASIL,NÃO,,SIM,Sim,SIM,SIM,SIM,PT
2002,2002-09-14 00:00:00,Lula 2002 - 1.2/02 DVD II,HGPE,PRESIDENTE,,BRASIL,NÃO,,SIM,Sim,SIM,SIM,SIM,PT
2002,2002-10-14 00:00:00,Lula 2002 - 1.2/02 DVD III,HGPE,PRESIDENTE,,BRASIL,NÃO,,SIM,Sim,NÃO,SIM,SIM,PPS;PSB;PT
2002,2002-08-20 00:00:00,Serra 2002 - 1.5/02 DVD I,HGPE,PRESIDENTE,,BRASIL,NÃO,,SIM,Sim,SIM,SIM,SIM,PCO;PMDB;PPS;PSDB
2002,2002-08-31 00:00:00,Serra 2002 - 1.5/02 DVD II,HGPE,PRESIDENTE,,BRASIL,NÃO,,SIM,Sim,SIM,SIM,SIM,PCO;PMDB;PSDB
2002,2002-09-12 00:00:00,Serra 2002 - 1.5/02 DVD III,HGPE,PRESIDENTE,,BRASIL,NÃO,,SIM,Sim,NÃO,SIM,SIM,PCO;PMDB;PSDB;PT
2002,2002-09-24 00:00:00,Serra 2002 - 1.5/02 DVD IV,HGPE,PRESIDENTE,,BRASIL,NÃO,,SIM,Sim,NÃO,SIM,SIM,PMDB;PSDB
2002,2002-10-14 00:00:00,Serra 2002 - 1.5/02 DVD V,HGPE,PRESIDENTE,,BRASIL,NÃO,,SIM,Sim,NÃO,SIM,SIM,PMDB;PPS;PSB;PSDB;PT
2002,2002-10-24 00:00:00,Serra 2002 - 1.5/02 DVD VI,HGPE,PRESIDENTE,,BRASIL,NÃO,,SIM,Sim,NÃO,SIM,SIM,PMDB;PSDB
2002,2002-03-04 00:00:00,"Partidário/entrevista 001,002,003/02 (A)",SPOT,"GOVERNADOR, DEPUTADO FEDERAL",,"RJ, SP",NÃO,,SIM,Sim,NÃO,SIM,SIM,PFL;PMDB;PSB;PSDB;PT
2002,2002-08-21 00:00:00,Rosinha 2002 - 2.1.1/02,HGPE,,,RJ,NÃO,,SIM,Sim,SIM,NÃO,SIM,PFL;PGT;PRP;PSB;PSC;PTC
2002,2002-03-04 00:00:00,"Partidário/entrevista 003(B),004/02",SPOT,PRESIDENTE,,BRASIL,NÃO,,SIM,Sim,NÃO,SIM,SIM,PSDB
2002,2002-03-06 00:00:00,Propaganda partidária 2002 - 005/02,PROPAGANDA PARTIDÁRIA,PRESIDENTE,,BRASIL,NÃO,,SIM,Sim,NÃO,SIM,SIM,PSDB
2002,2002-03-11 00:00:00,Garotinho - 006/02A,ENTREVISTA,"GOVERNADOR, DEPUTADO FEDERAL",,RJ,SIM,Rio de Janeiro,SIM,Sim,NÃO,SIM,SIM,PMDB;PSB;PSDB
2002,2002-03-11 00:00:00,Garotinho - 006/02B,ENTREVISTA,DEPUTADO FEDERAL,,RJ,NÃO,,SIM,Sim,NÃO,SIM,SIM,PSDB
2002,2002-04-08 00:00:00,Propaganda partidária - 007/02,PROPAGANDA PARTIDÁRIA,PRESIDENTE,,BRASIL,NÃO,,SIM,Sim,NÃO,SIM,SIM,PT
2002,2002-04-30 00:00:00,Ciro Gomes/ Enéas - 008/02,ENTREVISTA,,,,NÃO,,SIM,Sim,NÃO,SIM,SIM,PPS;PRONA
2002,2002-04-04 00:00:00,"Partidário e propaganda partidária 009/010,011,012/02",SPOT,"PRESIDENTE, GOVERNADOR, DEPUTADO FEDERAL",,"BRASIL, RJ",NÃO,,SIM,Sim,NÃO,SIM,SIM,PDT;PFL;PL;PT
2002,2002-05-07 00:00:00,2002 - 013/02,ENTREVISTA,,,,NÃO,,SIM,Sim,NÃO,SIM,SIM,PSB;PT
2002,2002-05-02 00:00:00,Propaganda partidária - 014/02,PROPAGANDA PARTIDÁRIA,,,,NÃO,,SIM,Sim,NÃO,SIM,SIM,PMDB;PPS;PSB;PSDB;PT
2002,2002-05-01 00:00:00,Partidário - 016/02,SPOT,"PRESIDENTE, SENADOR",,"BRASIL, RJ",NÃO,,SIM,Sim,NÃO,SIM,SIM,PDT;PSB;PSDB;PSTU
2002,2002-05-26 00:00:00,Ciro Gomes/ Garotinho 018/02A,ENTREVISTA,,,,NÃO,,SIM,Sim,NÃO,SIM,SIM,PPS
2002,2002-05-26 00:00:00,Ciro Gomes/ Garotinho - 018/02B,ENTREVISTA,,,,NÃO,,SIM,Sim,NÃO,SIM,SIM,PSB;PT
2002,,José Serra - 019/02,ENTREVISTA,PRESIDENTE,,BRASIL,NÃO,,SIM,Sim,NÃO,SIM,SIM,PSDB
2002,2002-06-27 00:00:00,Telejornal - 020/00A,TELEJORNAL,,,,NÃO,,SIM,Sim,NÃO,SIM,SIM,
2002,2002-06-30 00:00:00,Telejornal - 020/02B,TELEJORNAL,,,,NÃO,,SIM,Sim,NÃO,SIM,SIM,PPS;PSB;PSDB
2002,2002-07-08 00:00:00,Telejornal - 021/02B,TELEJORNAL,,,,NÃO,,SIM,Sim,NÃO,SIM,SIM,PPS;PSB;PSDB
2002,2002-07-08 00:00:00,Telejornal - 021/02C,TELEJORNAL,PRESIDENTE,,BRASIL,NÃO,,SIM,Sim,NÃO,SIM,SIM,PPS;PSB;PSDB
2002,2002-07-11 00:00:00,Telejornal - 022/02A,TELEJORNAL,PRESIDENTE,,BRASIL,NÃO,,SIM,Sim,NÃO,SIM,SIM,PT
2002,2002-07-11 00:00:00,Telejornal - 022/02B,TELEJORNAL,PRESIDENTE,,BRASIL,NÃO,,SIM,Sim,NÃO,SIM,SIM,PPS;PT
2002,2002-07-11 00:00:00,Telejornal - 022/02C,TELEJORNAL,PRESIDENTE,,BRASIL,NÃO,,SIM,Sim,NÃO,SIM,SIM,PSB
2002,2002-07-11 00:00:00,Telejornal - 022/02D,TELEJORNAL,PRESIDENTE,,BRASIL,NÃO,,SIM,Sim,NÃO,SIM,SIM,PPS;PSB;PSDB;PT
2002,2002-07-15 00:00:00,Telejornal - 023/02A,TELEJORNAL,PRESIDENTE,,BRASIL,NÃO,,SIM,Sim,NÃO,SIM,SIM,PSB;PSDB;PT
2002,2002-07-17 00:00:00,Telejornal - 023/02B,TELEJORNAL,PRESIDENTE,,BRASIL,NÃO,,SIM,Sim,NÃO,SIM,SIM,PPS
2002,2002-07-15 00:00:00,Telejornal - 023/02C,TELEJORNAL,PRESIDENTE,,BRASIL,NÃO,,SIM,Sim,NÃO,SIM,SIM,PPS;PSB;PSDB;PT
2002,2002-07-22 00:00:00,Telejornal - 024/02A,TELEJORNAL,,,,NÃO,,SIM,Sim,NÃO,SIM,SIM,
2002,2002-07-22 00:00:00,Telejornal - 024/02B,TELEJORNAL,PRESIDENTE,,BRASIL,NÃO,,SIM,Sim,NÃO,SIM,SIM,PPS;PSB
2002,2002-07-22 00:00:00,Telejornal - 024/02C,TELEJORNAL,PRESIDENTE,,BRASIL,NÃO,,SIM,Sim,NÃO,SIM,SIM,PPS;PSB;PSDB;PT
2002,2002-07-23 00:00:00,Telejornal - 024/02D,TELEJORNAL,PRESIDENTE,,BRASIL,NÃO,,SIM,Sim,NÃO,NÃO,SIM,PPS;PSB;PSDB;PT
2002,2002-07-24 00:00:00,Telejornal - 025/02A,TELEJORNAL,PRESIDENTE,,BRASIL,NÃO,,SIM,Sim,NÃO,SIM,SIM,PSDB;PT
2002,2002-07-24 00:00:00,Telejornal - 025/02B,TELEJORNAL,PRESIDENTE,,BRASIL,NÃO,,SIM,Sim,NÃO,SIM,SIM,PSB;PSDB;PT
2002,2002-07-24 00:00:00,Telejornal - 025/02C,TELEJORNAL,PRESIDENTE,,BRASIL,NÃO,,SIM,Sim,NÃO,SIM,SIM,PPS;PSB;PSDB
2002,2002-07-29 00:00:00,Telejornal - 026/02A,TELEJORNAL,PRESIDENTE,,BRASIL,NÃO,,SIM,Sim,NÃO,SIM,SIM,PPS;PSB;PSDB
2002,2002-08-29 00:00:00,Telejornal - 026/02B,TELEJORNAL,PRESIDENTE,,BRASIL,NÃO,,SIM,Sim,NÃO,SIM,SIM,PPS;PSDB
2002,2002-07-29 00:00:00,Telejornal - 026/02C,TELEJORNAL,PRESIDENTE,,BRASIL,NÃO,,SIM,Sim,NÃO,SIM,SIM,PPS;PSB;PSDB;PT
2002,2002-07-08 00:00:00,Telejornal - 027/02A,TELEJORNAL,PRESIDENTE,,BRASIL,NÃO,,SIM,Sim,NÃO,SIM,SIM,PT
2002,2002-07-08 00:00:00,Telejornal - 027/02B,TELEJORNAL,PRESIDENTE,,BRASIL,NÃO,,SIM,Sim,NÃO,SIM,SIM,PPS;PSB;PSDB
2002,2002-07-08 00:00:00,Telejornal - 027/02C,TELEJORNAL,PRESIDENTE,,BRASIL,NÃO,,SIM,Sim,NÃO,SIM,SIM,PPS;PSB;PSDB;PT
2002,2002-07-08 00:00:00,Telejornal - 027/02D,TELEJORNAL,PRESIDENTE,,BRASIL,NÃO,,SIM,Sim,NÃO,SIM,SIM,PPS;PSB;PSDB;PT
2002,2002-07-19 00:00:00,Telejornal - 028/02A,TELEJORNAL,PRESIDENTE,,BRASIL,NÃO,,SIM,Sim,NÃO,SIM,SIM,PPS;PSB;PSDB;PT
2002,2002-07-19 00:00:00,Telejornal - 028/02B,TELEJORNAL,PRESIDENTE,,BRASIL,NÃO,,SIM,Sim,NÃO,SIM,SIM,PPS;PSB;PSDB;PT
2002,2002-07-19 00:00:00,Telejornal - 028/02C,TELEJORNAL,PRESIDENTE,,BRASIL,NÃO,,SIM,Sim,NÃO,SIM,SIM,PPS;PSB;PSDB;PT
2002,2002-07-19 00:00:00,Telejornal - 028/02D,TELEJORNAL,PRESIDENTE,,BRASIL,NÃO,,SIM,Sim,NÃO,SIM,SIM,PPS
2002,2002-08-26 00:00:00,Telejornal - 029/02A,TELEJORNAL,PRESIDENTE,,BRASIL,NÃO,,SIM,Sim,NÃO,SIM,SIM,PPS;PSB;PSDB;PT
2002,2002-07-26 00:00:00,Telejornal - 029/02B,TELEJORNAL,PRESIDENTE,,BRASIL,NÃO,,SIM,Sim,NÃO,SIM,SIM,PPS;PSB;PSDB;PT
2002,2002-07-26 00:00:00,Telejornal - 029/02C,TELEJORNAL,PRESIDENTE,,BRASIL,NÃO,,SIM,Sim,NÃO,SIM,SIM,PPS;PSB;PSDB;PT
2002,2002-07-26 00:00:00,Telejornal - 029/02D,TELEJORNAL,PRESIDENTE,,BRASIL,NÃO,,SIM,Sim,NÃO,SIM,SIM,PPS;PSB;PSDB;PT
2002,2002-07-24 00:00:00,Telejornal - 030/02,TELEJORNAL,PRESIDENTE,,BRASIL,NÃO,,SIM,Sim,NÃO,SIM,SIM,
2002,2002-08-01 00:00:00,Telejornal - 031/02A,TELEJORNAL,PRESIDENTE,,BRASIL,NÃO,,SIM,Sim,NÃO,SIM,SIM,PPS;PSB;PSDB;PT
2002,2002-08-05 00:00:00,Telejornal - 032/02A,TELEJORNAL,PRESIDENTE,,BRASIL,NÃO,,SIM,Sim,NÃO,SIM,SIM,PPS;PSB;PSDB;PT
2002,2002-08-05 00:00:00,Telejornal - 032/02B,TELEJORNAL,PRESIDENTE,,BRASIL,NÃO,,SIM,Sim,NÃO,SIM,SIM,PPS;PSB;PSDB;PT
2002,2002-08-05 00:00:00,Telejornal - 032/02C,TELEJORNAL,PRESIDENTE,,BRASIL,NÃO,,SIM,Sim,NÃO,SIM,SIM,PPS;PSB;PSDB;PT
2002,2002-08-12 00:00:00,Telejornal - 033/02A,TELEJORNAL,PRESIDENTE,,BRASIL,NÃO,,SIM,Sim,NÃO,SIM,SIM,PPS;PSB;PSDB;PT
2002,2002-08-12 00:00:00,Telejornal - 033/02B,TELEJORNAL,PRESIDENTE,,BRASIL,NÃO,,SIM,Sim,NÃO,SIM,SIM,PPS;PSB;PSDB;PT
2002,2002-08-12 00:00:00,Telejornal - 033/02C,TELEJORNAL,PRESIDENTE,,BRASIL,NÃO,,SIM,Sim,NÃO,SIM,SIM,PPS;PSB;PSDB;PT
2002,2002-08-19 00:00:00,Telejornal - 034/02A,TELEJORNAL,PRESIDENTE,,BRASIL,NÃO,,SIM,Sim,NÃO,SIM,SIM,PPS;PSB;PSDB;PT
2002,2002-08-19 00:00:00,Telejornal - 034/02B,TELEJORNAL,PRESIDENTE,,BRASIL,NÃO,,SIM,Sim,NÃO,SIM,SIM,PPS;PSB;PSDB;PT
2002,2002-08-13 00:00:00,Telejornal - 034/02C,TELEJORNAL,PRESIDENTE,,BRASIL,NÃO,,SIM,Sim,NÃO,SIM,SIM,PPS;PSB;PSDB;PT
2002,2002-08-26 00:00:00,Telejornal - 035/02A,TELEJORNAL,PRESIDENTE,,BRASIL,NÃO,,SIM,Sim,NÃO,SIM,SIM,PPS;PSB;PSDB;PT
2002,2002-08-26 00:00:00,Telejornal - 035/02B,TELEJORNAL,PRESIDENTE,,BRASIL,NÃO,,SIM,Sim,NÃO,SIM,SIM,PPS;PSB;PSDB;PT
2002,2002-08-26 00:00:00,Telejornal - 035/02C,TELEJORNAL,PRESIDENTE,,BRASIL,NÃO,,SIM,Sim,NÃO,SIM,SIM,PPS;PSB;PSDB;PT
2002,2002-08-26 00:00:00,Telejornal - 035/02D,TELEJORNAL,PRESIDENTE,,BRASIL,NÃO,,SIM,Sim,NÃO,SIM,SIM,PPS;PSB;PSDB;PT
2002,2002-09-02 00:00:00,Telejornal - 036/02A,TELEJORNAL,"PRESIDENTE, DEPUTADO FEDERAL",,"BRASIL, RJ",NÃO,,SIM,Sim,NÃO,SIM,SIM,PPS;PSB;PSDB;PT
2002,2002-09-02 00:00:00,Telejornal - 036/02B,TELEJORNAL,PRESIDENTE,,BRASIL,NÃO,,SIM,Sim,NÃO,SIM,SIM,PPS;PSB;PSDB;PT
2002,2002-09-02 00:00:00,Telejornal - 036/02C,TELEJORNAL,PRESIDENTE,,BRASIL,NÃO,,SIM,Sim,NÃO,SIM,SIM,PPS;PSB;PSDB;PT
2002,2002-09-09 00:00:00,Telejornal - 037/02A,TELEJORNAL,PRESIDENTE,,BRASIL,NÃO,,SIM,Sim,NÃO,SIM,SIM,PPS;PSB;PSDB;PT
2002,2002-09-09 00:00:00,Telejornal - 037/02B,TELEJORNAL,PRESIDENTE,,BRASIL,NÃO,,SIM,Sim,NÃO,SIM,SIM,PPS;PSB;PSDB;PT
2002,2002-09-09 00:00:00,Telejornal - 037/02C,TELEJORNAL,PRESIDENTE,,BRASIL,NÃO,,SIM,Sim,NÃO,SIM,SIM,PPS;PSB;PSDB;PT
2002,2002-09-16 00:00:00,Telejornal - 038/02,TELEJORNAL,"PREFEITO, VEREADOR","O DVD não é a gravação de um telejornal, mas sim HGPE",SP,SIM,São Paulo,SIM,Sim,NÃO,SIM,SIM,PAN;PCB;PCDOB;PCO;PDT;PFL;PGT;PHS;PL;PMDB;PMN;PPS;PRN;PRONA;PRP;PRTB;PSB;PSC;PSD;PSDB;PSDC;PSL;PSTU;PT;PTB;PTDOB;PTN;PV
2002,2002-09-16 00:00:00,Telejornal - 038/02A,TELEJORNAL,PRESIDENTE,,BRASIL,NÃO,,SIM,Sim,NÃO,SIM,SIM,PPS;PSB;PSDB;PT
2002,2002-09-16 00:00:00,Telejornal - 038/02B,TELEJORNAL,PRESIDENTE,,BRASIL,NÃO,,SIM,Sim,NÃO,SIM,SIM,PPS;PSB;PSDB;PT
2002,2002-09-16 00:00:00,Telejornal - 038/02C,TELEJORNAL,PRESIDENTE,,BRASIL,NÃO,,SIM,Sim,NÃO,SIM,SIM,PPS;PSB;PSDB;PT
2002,2002-09-16 00:00:00,Telejornal - 038/02D,TELEJORNAL,PRESIDENTE,,BRASIL,NÃO,,SIM,Sim,NÃO,SIM,SIM,PPS;PSB;PSDB;PT
2002,2002-09-23 00:00:00,Telejornal - 039/02A,TELEJORNAL,PRESIDENTE,,BRASIL,NÃO,,SIM,Sim,NÃO,SIM,SIM,PPS;PSB;PSDB;PT
2002,2002-09-23 00:00:00,Telejornal - 039/02B,TELEJORNAL,PRESIDENTE,,BRASIL,NÃO,,SIM,Sim,NÃO,SIM,SIM,PPS;PSB;PSDB;PT
2002,2002-09-29 00:00:00,Telejornal - 039/02C,TELEJORNAL,PRESIDENTE,,BRASIL,NÃO,,SIM,Sim,NÃO,SIM,SIM,PPS;PSB;PSDB;PT
2002,2002-09-30 00:00:00,Telejornal - 040/02,TELEJORNAL,PREFEITO,"O DVD não é a gravação de um telejornal, mas sim HGPE",SP,SIM,São Paulo,SIM,Sim,NÃO,SIM,SIM,PAN;PCB;PCDOB;PCO;PDT;PFL;PGT;PHS;PL;PMDB;PMN;PPS;PRN;PRONA;PRP;PRTB;PSB;PSC;PSD;PSDB;PSDC;PSL;PSTU;PT;PTB;PTC;PTDOB;PTN;PV
2002,2002-09-30 00:00:00,Telejornal - 040/02A,TELEJORNAL,PRESIDENTE,,BRASIL,NÃO,,SIM,Sim,NÃO,SIM,SIM,PPS;PSB;PSDB;PT
2002,2002-09-30 00:00:00,Telejornal - 040/02B,TELEJORNAL,"PRESIDENTE, DEPUTADO FEDERAL, DEPUTADO ESTADUAL",,"BRASIL, SP",NÃO,,SIM,Sim,NÃO,SIM,SIM,PPS;PRTB;PSB;PSDB;PT
2002,2002-08-05 00:00:00,Telejornal - 041/02A,TELEJORNAL,"PRESIDENTE, GOVERNADOR",,"BRASIL, RJ",SIM,Rio de Janeiro,SIM,Sim,NÃO,SIM,SIM,PFL;PPS;PSB;PSDB;PT
2002,2002-08-05 00:00:00,Telejornal - 041/02B,TELEJORNAL,"PRESIDENTE, GOVERNADOR",,"BRASIL, RJ",NÃO,,SIM,Sim,NÃO,SIM,SIM,PDT;PPS
2002,2002-08-05 00:00:00,Telejornal - 041/02C,TELEJORNAL,PRESIDENTE,,BRASIL,NÃO,,SIM,Sim,NÃO,SIM,SIM,PPS;PSB;PSDB;PT
2002,2002-08-07 00:00:00,Telejornal - 042/02A,TELEJORNAL,PRESIDENTE,,BRASIL,NÃO,,SIM,Sim,NÃO,SIM,SIM,PPS;PSDB;PT
2002,2002-08-07 00:00:00,Telejornal - 042/02B,TELEJORNAL,"PRESIDENTE, GOVERNADOR",,"BRASIL, RJ",NÃO,Rio de Janeiro,SIM,Sim,NÃO,SIM,SIM,PSDB;PT
2002,2002-08-07 00:00:00,Telejornal - 042/02C,TELEJORNAL,PRESIDENTE,,BRASIL,NÃO,,SIM,Sim,NÃO,SIM,SIM,PSB;PSDB;PT
2002,2002-08-08 00:00:00,Telejornal/Debate - 043/02A,TELEJORNAL,PRESIDENTE,,BRASIL,NÃO,,SIM,Sim,NÃO,SIM,SIM,PPS;PSB;PSDB;PT
2002,2002-08-12 00:00:00,Telejornal - 044/02A,TELEJORNAL,PRESIDENTE,,BRASIL,NÃO,,NÃO,Sim,NÃO,SIM,SIM,PPS;PSB;PSDB;PT
2002,2002-08-12 00:00:00,Telejornal - 044/02B,TELEJORNAL,PRESIDENTE,,BRASIL,NÃO,,SIM,Sim,NÃO,SIM,SIM,PPS;PSB;PSDB;PT
2002,2002-08-16 00:00:00,Telejornal - 045/02A,TELEJORNAL,PRESIDENTE,,BRASIL,NÃO,,SIM,Sim,NÃO,SIM,SIM,PPS;PSB;PSDB;PSTU;PT
2002,2002-08-16 00:00:00,Telejornal - 045/02B,TELEJORNAL,PRESIDENTE,"O DVD não é a gravação de um telejornal, mas sim um DEBATE entre vice presidentes",BRASIL,NÃO,,SIM,Sim,NÃO,SIM,SIM,PPS;PSB;PSDB;PT
2002,2002-08-16 00:00:00,Telejornal - 045/02C,TELEJORNAL,PRESIDENTE,"O DVD não é a gravação de um telejornal, mas sim um DEBATE entre vice presidentes",BRASIL,NÃO,,SIM,Sim,NÃO,SIM,SIM,PPS;PSB;PSDB;PT
2002,2002-08-16 00:00:00,Telejornal - 045/02D,TELEJORNAL,PRESIDENTE,,BRASIL,NÃO,,SIM,Sim,NÃO,SIM,SIM,PPS;PSB;PSDB;PT
2002,2002-08-20 00:00:00,Eleitorais 2002 - 046/02,SPOT,"PRESIDENTE, GOVERNADOR, SENADOR, DEPUTADO FEDERAL, DEPUTADO ESTADUAL",,"BRASIL, RJ",NÃO,,SIM,Sim,NÃO,SIM,SIM,PDT;PFL;PMDB;PPS;PSB;PSDB;PT;PTB
2002,2002-08-25 00:00:00,Eleitorais 2002 - 047/02,SPOT,"PRESIDENTE, GOVERNADOR, SENADOR, DEPUTADO FEDERAL, DEPUTADO ESTADUAL",,"BRASIL, RJ",NÃO,Rio de Janeiro,SIM,Sim,NÃO,SIM,SIM,PCDOB;PDT;PFL;PMDB;PPS;PRTB;PSB;PSC;PSDB;PSDC;PT;PTB;PTDOB
2002,2002-08-20 00:00:00,JN - 048/02A,HGPE,"PRESIDENTE, SENADOR, DEPUTADO FEDERAL",,"BRASIL, RJ",NÃO,,SIM,Sim,SIM,SIM,SIM,PAN;PCB;PCDOB;PFL;PGT;PHS;PL;PMDB;PMN;PPS;PRONA;PRP;PRTB;PSB;PSC;PSD;PSDB;PSDC;PSL;PSTU;PT;PTC;PTDOB;PTN;PV
2002,2002-08-20 00:00:00,HGPE - 049/02,HGPE,"PRESIDENTE, SENADOR, DEPUTADO FEDERAL",,"BRASIL, RJ",NÃO,,SIM,Sim,SIM,SIM,SIM,PAN;PCB;PCDOB;PCO;PFL;PGT;PHS;PL;PMDB;PMN;PPS;PRONA;PRP;PRTB;PSB;PSC;PSD;PSDB;PSDC;PSL;PSTU;PT;PTDOB;PTN;PV
2002,2002-08-20 00:00:00,HGPE - 048/02B,HGPE,DEPUTADO FEDERAL,,RJ,NÃO,,NÃO,Sim,NÃO,SIM,SIM,PAN;PCB;PCDOB;PCO;PDT;PFL;PGT;PHS;PL;PMDB;PMN;PPS;PRONA;PRP;PRTB;PSB;PSC;PSD;PSDB;PSDC;PSL;PSTU;PT;PTB;PTC;PTDOB;PTN;PV
2002,2002-08-21 00:00:00,JN - 050/02,HGPE,"PRESIDENTE, GOVERNADOR, SENADOR, DEPUTADO ESTADUAL",,"BRASIL, RJ",SIM,"Rio de Janeiro, Niterói",SIM,Sim,NÃO,SIM,SIM,PAN;PCDOB;PDT;PFL;PGT;PHS;PL;PMDB;PPS;PRONA;PRP;PSB;PSC;PSD;PSDB;PSDC;PSL;PSTU;PT;PTB;PTDOB;PV
2002,2002-08-22 00:00:00,JN - 051/02,HGPE,"PRESIDENTE, GOVERNADOR, SENADOR, DEPUTADO FEDERAL",,"BRASIL, RJ",NÃO,Rio de Janeiro,SIM,Sim,SIM,SIM,SIM,PAN;PCB;PCDOB;PCO;PDT;PFL;PGT;PHS;PL;PMDB;PMN;PPS;PRONA;PRP;PRTB;PSB;PSC;PSD;PSDB;PSDC;PSL;PSTU;PT;PTB;PTC;PTDOB;PV
2002,2002-08-22 00:00:00,JN - 051/02B,HGPE,"PRESIDENTE, GOVERNADOR, SENADOR, DEPUTADO FEDERAL",,"BRASIL, RJ",NÃO,Rio de Janeiro,SIM,Sim,SIM,SIM,SIM,PAN;PCB;PCDOB;PCO;PDT;PFL;PGT;PHS;PL;PMDB;PMN;PPS;PRONA;PRP;PRTB;PSB;PSC;PSD;PSDB;PSDC;PSL;PSTU;PT;PTB;PTC;PTDOB;PTN;PV
2002,2002-08-23 00:00:00,JN - 052/02,HGPE,"PRESIDENTE, GOVERNADOR, DEPUTADO ESTADUAL",,"BRASIL, RJ",SIM,"Rio de Janeiro, Niterói",SIM,Sim,NÃO,SIM,SIM,PAN;PCDOB;PDT;PFL;PGT;PHS;PL;PMDB;PMN;PPS;PRONA;PRP;PRTB;PSB;PSC;PSD;PSDB;PSDC;PSL;PSTU;PT;PTB;PTC;PTDOB;PTN;PV
2002,2002-08-24 00:00:00,JN - 053/02A,HGPE,"PRESIDENTE, GOVERNADOR, DEPUTADO FEDERAL",,"BRASIL, RJ",NÃO,Rio de Janeiro,SIM,Sim,SIM,SIM,SIM,PAN;PCO;PDT;PFL;PGT;PHS;PL;PMDB;PPS;PRONA;PRP;PRTB;PSB;PSC;PSD;PSDB;PSDC;PSL;PSTU;PT;PTB;PTDOB;PTN;PV
2002,2002-08-24 00:00:00,JN - 053/02B,HGPE,"SENADOR, DEPUTADO FEDERAL",,RJ,NÃO,,SIM,Sim,NÃO,SIM,SIM,PAN;PCB;PCDOB;PCO;PDT;PGT;PHS;PL;PMDB;PMN;PPS;PRONA;PRP;PRTB;PSB;PSC;PSD;PSDB;PSDC;PSL;PSTU;PT;PTB;PTC;PTDOB;PTN;PV
2002,2002-08-26 00:00:00,JN - 054/02,HGPE,"PRESIDENTE, GOVERNADOR, SENADOR, DEPUTADO FEDERAL, DEPUTADO ESTADUAL",,"BRASIL, RJ, SP",SIM,"São Paulo, Rio de Janeiro, Niterói",SIM,Sim,NÃO,SIM,SIM,PAN;PCDOB;PDT;PFL;PGT;PHS;PL;PMDB;PPS;PRONA;PRTB;PSB;PSC;PSDB;PSL;PSTU;PT;PTB;PTC;PTDOB;PTN;PV
2002,2002-08-27 00:00:00,JN - 055/02A,HGPE,"PRESIDENTE, GOVERNADOR, SENADOR, DEPUTADO FEDERAL",,"BRASIL, RJ",SIM,Rio de Janeiro,SIM,Sim,SIM,SIM,SIM,PAN;PCB;PCDOB;PCO;PDT;PFL;PGT;PHS;PL;PMDB;PMN;PPS;PRONA;PRP;PRTB;PSB;PSC;PSD;PSDB;PSDC;PSL;PSTU;PT;PTB;PTC;PTDOB;PTN;PV
2002,2002-08-27 00:00:00,JN - 055/02B,HGPE,"SENADOR, DEPUTADO FEDERAL",,RJ,NÃO,,SIM,Sim,NÃO,SIM,SIM,PCB;PCDOB;PCO;PDT;PFL;PGT;PHS;PL;PMDB;PPS;PRONA;PRP;PRTB;PSB;PSC;PSD;PSDB;PSDC;PSL;PSTU;PT;PTB;PTC;PTDOB;PV
2002,2002-08-28 00:00:00,JN - 056/02,HGPE,"PRESIDENTE, GOVERNADOR, SENADOR, DEPUTADO ESTADUAL",,"BRASIL, RJ, SP",SIM,"Rio de Janeiro, Niterói",SIM,Sim,NÃO,SIM,SIM,PAN;PCB;PCDOB;PCO;PDT;PFL;PGT;PHS;PL;PMDB;PPR;PPS;PRONA;PSB;PSC;PSD;PSDB;PSDC;PSL;PSTU;PT;PTB;PTDOB;PTN;PV
2002,2002-08-29 00:00:00,JN - 057/02A,HGPE,"PRESIDENTE, SENADOR, DEPUTADO FEDERAL",,"BRASIL, RJ",NÃO,,SIM,Sim,SIM,SIM,SIM,PAN;PCB;PCO;PDT;PFL;PGT;PHS;PL;PMDB;PMN;PPS;PRONA;PRP;PRTB;PSB;PSC;PSD;PSDB;PSL;PSTU;PT;PTB;PTC;PTDOB;PTN;PV
2002,2002-08-29 00:00:00,JN - 057/02B,HGPE,"PRESIDENTE, SENADOR, DEPUTADO FEDERAL",,"BRASIL, RJ",NÃO,,SIM,Sim,SIM,SIM,SIM,PAN;PCB;PCDOB;PCO;PDT;PFL;PGT;PHS;PL;PMDB;PMN;PPS;PRP;PRTB;PSB;PSC;PSD;PSDB;PSDC;PSTU;PT;PTB;PTDOB;PV
2002,2002-08-30 00:00:00,JN - 058/02A,HGPE,"PRESIDENTE, GOVERNADOR, SENADOR",,"BRASIL, RJ",SIM,"Rio de Janeiro, Niterói",SIM,Sim,NÃO,SIM,SIM,PAN;PCO;PDT;PFL;PGT;PL;PMDB;PPS;PRONA;PRP;PRTB;PSB;PSC;PSD;PSDB;PSL;PSTU;PT;PTC;PTDOB;PTN;PV
2002,2002-08-30 00:00:00,JN - 058/02B,DEBATE,,É um debate entre Cientistas Políticos,,NÃO,,SIM,Sim,NÃO,SIM,SIM,
2002,2002-08-31 00:00:00,JN - 059/02A,HGPE,"PRESIDENTE, SENADOR, DEPUTADO FEDERAL",,"BRASIL, RJ",NÃO,,SIM,Sim,SIM,SIM,SIM,PAN;PCB;PCO;PDT;PFL;PGT;PHS;PL;PMDB;PPS;PRONA;PRP;PRTB;PSB;PSC;PSD;PSDB;PSDC;PSL;PSTU;PT;PTB;PTC;PTDOB;PTN;PV
2002,2002-08-31 00:00:00,JN - 059/02B,HGPE,"PRESIDENTE, GOVERNADOR, SENADOR, DEPUTADO FEDERAL",,"BRASIL, RJ",SIM,Rio de Janeiro,SIM,Sim,SIM,SIM,SIM,PAN;PCB;PCDOB;PCO;PDT;PFL;PGT;PHS;PL;PMDB;PMN;PPS;PRONA;PRP;PRTB;PSB;PSC;PSD;PSDB;PSDC;PSTU;PT;PTB;PTDOB;PTN;PV
2002,2002-09-02 00:00:00,Presidente - 060/02A,DEBATE,PRESIDENTE,,BRASIL,NÃO,,SIM,Sim,NÃO,SIM,SIM,PCB;PCDOB;PDT;PGT;PL;PMDB;PMN;PPS;PSB;PSDB;PT;PTB;PTC
2002,2002-09-02 00:00:00,Presidente - 060/02B,DEBATE,PRESIDENTE,,BRASIL,NÃO,,SIM,Sim,NÃO,SIM,SIM,PCB;PCDOB;PDT;PGT;PL;PMDB;PMN;PPS;PSB;PSDB;PT;PTB;PTC
2002,2002-09-02 00:00:00,JN - 061/02,HGPE,"PRESIDENTE, GOVERNADOR, SENADOR, DEPUTADO ESTADUAL",,"BRASIL, RJ, SP",SIM,"São Paulo, Rio de Janeiro, Niterói",SIM,Sim,NÃO,SIM,SIM,PAN;PCB;PCO;PDT;PFL;PGT;PHS;PL;PMDB;PPS;PRONA;PRP;PSB;PSC;PSD;PSDB;PSL;PSTU;PT;PTB;PTC;PTDOB;PTN;PV
2002,2002-09-03 00:00:00,JN - 062/02A,HGPE,"PRESIDENTE, SENADOR, DEPUTADO FEDERAL",,"BRASIL, RJ",NÃO,,NÃO,Sim,SIM,SIM,SIM,PAN;PCB;PCDOB;PCO;PDT;PFL;PGT;PHS;PL;PMDB;PPS;PRONA;PRP;PRTB;PSB;PSC;PSD;PSDB;PSL;PSTU;PT;PTB;PTC;PTDOB;PTN;PV
2002,2002-09-03 00:00:00,JN-  062/02B,HGPE,"GOVERNADOR, SENADOR, DEPUTADO FEDERAL",,RJ,NÃO,Rio de Janeiro,SIM,Sim,NÃO,SIM,SIM,PAN;PCB;PCDOB;PCO;PDT;PFL;PGT;PHS;PL;PMDB;PMN;PPS;PRONA;PRP;PRTB;PSB;PSC;PSD;PSDB;PSDC;PSL;PSTU;PT;PTB;PTC;PTDOB;PTN;PV
2002,2002-09-04 00:00:00,JN - 063/02,HGPE,"PRESIDENTE, GOVERNADOR, SENADOR, DEPUTADO ESTADUAL",,"BRASIL, RJ",SIM,"Niterói, Rio de Janeiro",SIM,Sim,NÃO,SIM,SIM,PAN;PCB;PCDOB;PCO;PDT;PFL;PGT;PHS;PL;PMDB;PMN;PPS;PRONA;PRP;PSB;PSC;PSD;PSDB;PSL;PSTU;PT;PTB;PTC;PTDOB;PTN;PV
2002,2002-08-23 00:00:00,Eleitorais - 064/02,SPOT,"PRESIDENTE, GOVERNADOR, SENADOR, DEPUTADO FEDERAL, DEPUTADO ESTADUAL",,"BRASIL, RJ",SIM,"Niterói, Rio de Janeiro",SIM,Sim,NÃO,SIM,SIM,PCB;PCDOB;PCO;PDT;PFL;PGT;PHS;PL;PMDB;PPS;PRONA;PRP;PSB;PSC;PSD;PSDB;PSTU;PT;PTB;PTC;PV
2002,2002-08-31 00:00:00,Eleitorais - 065/02,SPOT,"PRESIDENTE, GOVERNADOR, SENADOR, DEPUTADO FEDERAL, DEPUTADO ESTADUAL",,"BRASIL, RJ",SIM,"Niterói, Rio de Janeiro",SIM,Sim,SIM,SIM,SIM,PCB;PCDOB;PDT;PFL;PMDB;PPS;PRP;PSB;PSC;PSD;PSDB;PSL;PT;PTB;PTC
2002,2002-09-04 00:00:00,JG/ JN - 066/02A,HGPE,"PRESIDENTE, GOVERNADOR, DEPUTADO FEDERAL, DEPUTADO ESTADUAL",,"BRASIL, RJ",SIM,Rio de Janeiro,SIM,Sim,SIM,SIM,SIM,PCB;PCDOB;PCO;PDT;PFL;PGT;PHS;PL;PMDB;PMN;PPS;PRONA;PRP;PRTB;PSB;PSC;PSDB;PSDC;PSL;PSTU;PT;PTB;PTDOB;PV
2002,2002-09-04 00:00:00,JG/ JN - 066/02B,HGPE,"PRESIDENTE, GOVERNADOR, DEPUTADO FEDERAL",,"BRASIL, RJ",SIM,Rio de Janeiro,SIM,Sim,NÃO,SIM,SIM,PAN;PCB;PCDOB;PCO;PDT;PFL;PGT;PHS;PL;PMDB;PMN;PPS;PRONA;PRP;PRTB;PSB;PSC;PSD;PSDB;PSDC;PSL;PSTU;PT;PTB;PTC;PTDOB;PTN;PV
2002,2002-09-06 00:00:00,JN - 067/02,HGPE,"PRESIDENTE, GOVERNADOR, SENADOR, DEPUTADO ESTADUAL",,"BRASIL, RJ",SIM,Rio de Janeiro,SIM,Sim,NÃO,SIM,SIM,PAN;PCDOB;PCO;PDT;PFL;PGT;PHS;PL;PMDB;PPS;PRONA;PRP;PRTB;PSB;PSC;PSD;PSDB;PSL;PSTU;PT;PTB;PTDOB;PTN;PV
2002,2002-09-07 00:00:00,JN - 068/02A,HGPE,"PRESIDENTE, SENADOR, DEPUTADO FEDERAL",,"BRASIL, RJ",NÃO,,SIM,Sim,NÃO,SIM,SIM,PAN;PCB;PCDOB;PCO;PDT;PFL;PGT;PHS;PL;PMDB;PMN;PPS;PRONA;PRP;PRTB;PSB;PSC;PSD;PSDB;PSDC;PSL;PSTU;PT;PTB;PTC;PTDOB;PTN;PV
2002,2002-09-07 00:00:00,JN - 068/02B,HGPE,"PRESIDENTE, GOVERNADOR, SENADOR, DEPUTADO FEDERAL",,"BRASIL, RJ",SIM,Rio de Janeiro,SIM,Sim,SIM,SIM,SIM,PAN;PCB;PCDOB;PCO;PDT;PFL;PGT;PHS;PL;PMDB;PMN;PPS;PRONA;PRP;PRTB;PSB;PSC;PSD;PSDB;PSDC;PSL;PSTU;PT;PTB;PTC;PTDOB;PV
2002,2002-09-09 00:00:00,JN - 069/02,HGPE,"PRESIDENTE, GOVERNADOR, SENADOR, DEPUTADO ESTADUAL",,"BRASIL, RJ",SIM,"Rio de Janeiro, Niterói",SIM,Sim,SIM,SIM,SIM,PAN;PCB;PCDOB;PCO;PDT;PFL;PGT;PHS;PL;PMDB;PPS;PRONA;PRP;PRTB;PSB;PSC;PSD;PSDB;PSDC;PSTU;PT;PTB;PTC;PTDOB;PTN;PV
2002,2002-09-10 00:00:00,JN - 070/02,HGPE,"PRESIDENTE, GOVERNADOR, SENADOR, DEPUTADO FEDERAL",,"BRASIL, RJ",NÃO,,NÃO,Sim,SIM,SIM,SIM,PAN;PCB;PCDOB;PCO;PDT;PFL;PGT;PHS;PL;PMDB;PPS;PRONA;PRP;PRTB;PSB;PSC;PSD;PSDB;PSDC;PSL;PSTU;PT;PTB;PTC;PTDOB;PTN;PV
2002,2002-09-11 00:00:00,JN - 071/02,HGPE,"PRESIDENTE, GOVERNADOR, SENADOR, DEPUTADO ESTADUAL",,"BRASIL, RJ",SIM,"Rio de Janeiro, Niterói",SIM,Sim,NÃO,SIM,SIM,PAN;PCDOB;PCO;PDT;PFL;PGT;PHS;PL;PMDB;PPS;PRONA;PRTB;PSB;PSC;PSD;PSDB;PSL;PSTU;PT;PTB;PTDOB;PTN;PV
2002,2002-09-12 00:00:00,JN - 072/02A,HGPE,"PRESIDENTE, GOVERNADOR, DEPUTADO FEDERAL",,"BRASIL, RJ",SIM,Rio de Janeiro,SIM,Sim,SIM,SIM,SIM,PAN;PCB;PCO;PDT;PFL;PGT;PHS;PL;PMDB;PPS;PRONA;PRTB;PSB;PSC;PSD;PSDB;PSDC;PSL;PSTU;PT;PTB;PTC;PTDOB;PTN;PV
2002,2002-09-12 00:00:00,JN - 072/02B,HGPE,DEPUTADO FEDERAL,,RJ,NÃO,,SIM,Sim,NÃO,NÃO,SIM,PAN;PCB;PCDOB;PCO;PDT;PFL;PGT;PHS;PL;PMDB;PMN;PPL;PPS;PRONA;PRTB;PSB;PSC;PSD;PSDB;PSDC;PSL;PSTU;PT;PTB;PTC;PTDOB;PTN;PV
2002,2002-09-13 00:00:00,JN - 073/02,HGPE,"PRESIDENTE, GOVERNADOR, SENADOR, DEPUTADO ESTADUAL",,"BRASIL, RJ",SIM,"Rio de Janeiro, Niterói",SIM,Sim,NÃO,SIM,SIM,PAN;PCDOB;PDT;PFL;PGT;PHS;PL;PMDB;PMN;PPS;PRONA;PRP;PRTB;PSB;PSC;PSD;PSDB;PSDC;PSTU;PT;PTB;PTC;PTDOB;PTN;PV
2002,2002-09-14 00:00:00,JN - 074/02A,HGPE,"PRESIDENTE, SENADOR, DEPUTADO FEDERAL",,"BRASIL, RJ",NÃO,,SIM,Sim,SIM,SIM,SIM,PAN;PCB;PCDOB;PCO;PDT;PFL;PGT;PHS;PMDB;PMN;PPS;PRONA;PRP;PRTB;PSB;PSC;PSD;PSDB;PSTU;PT;PTB;PTC;PTDOB;PTN;PV
2002,2002-09-14 00:00:00,JN - 074/02B,HGPE,"GOVERNADOR, DEPUTADO FEDERAL",,RJ,SIM,Rio de Janeiro,SIM,Sim,NÃO,NÃO,SIM,PAN;PCB;PCDOB;PDT;PFL;PGT;PHS;PL;PMDB;PPS;PRONA;PRTB;PSB;PSC;PSD;PSDB;PSDC;PSL;PSTU;PTB;PTC;PTDOB;PTN;PV
2002,2002-09-16 00:00:00,JN - 075/02,HGPE,"PRESIDENTE, GOVERNADOR, SENADOR, DEPUTADO ESTADUAL",,"BRASIL, RJ",SIM,"Rio de Janeiro, Niterói",SIM,Sim,NÃO,SIM,SIM,PAN;PCB;PCDOB;PDT;PFL;PGT;PHS;PL;PMDB;PMN;PPS;PRONA;PRTB;PSB;PSC;PSD;PSDB;PSL;PSTU;PT;PTB;PTC;PTDOB;PV
2002,2002-09-17 00:00:00,JN - 076/02A,HGPE,"PRESIDENTE, DEPUTADO FEDERAL",,"BRASIL, RJ",NÃO,,SIM,Sim,SIM,SIM,SIM,PAN;PCB;PCDOB;PCO;PDT;PFL;PGT;PHS;PL;PMDB;PMN;PPS;PRONA;PRP;PRTB;PSB;PSC;PSD;PSDB;PSDC;PSL;PSTU;PT;PTB;PTC;PTDOB;PTN;PV
2002,2002-09-17 00:00:00,JN - 076/02B,HGPE,"PRESIDENTE, DEPUTADO FEDERAL, DEPUTADO ESTADUAL",,BRASIL,NÃO,,SIM,Sim,SIM,SIM,SIM,PAN;PCB;PCDOB;PDT;PFL;PGT;PHS;PL;PMDB;PPS;PRONA;PRP;PRTB;PSB;PSC;PSD;PSL;PSTU;PT;PTB;PTC;PTDOB;PTN;PV
2002,2002-09-18 00:00:00,JN - 077/02,HGPE,"PRESIDENTE, GOVERNADOR, SENADOR, DEPUTADO ESTADUAL",,"BRASIL, RJ",SIM,"Rio de Janeiro, Niterói",SIM,Sim,NÃO,SIM,SIM,PAN;PCDOB;PDT;PFL;PHS;PL;PMDB;PMN;PPS;PRONA;PRTB;PSB;PSC;PSD;PSDB;PSDC;PSTU;PT;PTB;PTDOB;PTN;PV
2002,2002-09-19 00:00:00,JN - 078/02A,HGPE,"PRESIDENTE, DEPUTADO FEDERAL",,"BRASIL, RJ",NÃO,,SIM,Sim,SIM,SIM,SIM,PAN;PCB;PCDOB;PCO;PDT;PFL;PHS;PL;PMDB;PMN;PPS;PRONA;PRP;PRTB;PSB;PSC;PSD;PSDB;PSDC;PSL;PSTU;PT;PTB;PTC;PTDOB;PTN;PV
2002,2002-09-19 00:00:00,JN - 078/02B,HGPE,"PRESIDENTE, DEPUTADO FEDERAL",,"BRASIL, RJ",NÃO,,SIM,Sim,SIM,SIM,SIM,PAN;PCB;PCDOB;PCO;PDT;PFL;PGT;PHS;PL;PMDB;PMN;PPS;PRONA;PRP;PRTB;PSB;PSC;PSD;PSDB;PSDC;PSL;PSTU;PT;PTB;PTC;PTDOB;PTN;PV
2002,2002-09-20 00:00:00,JN - 079/02,HGPE,"PRESIDENTE, GOVERNADOR, SENADOR, DEPUTADO ESTADUAL",,"BRASIL, RJ",SIM,"Rio de Janeiro, Niterói",SIM,Sim,NÃO,SIM,SIM,PAN;PCDOB;PCO;PDT;PFL;PGT;PHS;PL;PMDB;PMN;PPS;PRONA;PRP;PRTB;PSB;PSC;PSD;PSDB;PSL;PSTU;PT;PTB;PTC;PTDOB;PTN;PV
2002,2002-09-21 00:00:00,JN - 080/02A,HGPE,"PRESIDENTE, DEPUTADO FEDERAL","O HD externo da gravação apresenta defeito, em alguns momentos trava","BRASIL, RJ",NÃO,,NÃO,Sim,SIM,SIM,SIM,PAN;PCB;PCDOB;PCO;PDT;PFL;PGT;PHS;PL;PMDB;PMN;PPS;PRONA;PRTB;PSB;PSC;PSD;PSDB;PSDC;PSL;PSTU;PT;PTB;PTC;PTDOB;PTN;PV
2002,2002-09-21 00:00:00,JN - 080/02B,HGPE,"PRESIDENTE, DEPUTADO FEDERAL",,"BRASIL, RJ",NÃO,,SIM,Sim,SIM,SIM,SIM,PAN;PCB;PCDOB;PCO;PDT;PFL;PGT;PHS;PL;PMDB;PMN;PPS;PRONA;PRP;PRTB;PSB;PSC;PSD;PSDB;PSDC;PSL;PSTU;PTB;PTC;PTDOB;PTN;PV
2002,2002-09-23 00:00:00,JN - 081/02A,HGPE,"PRESIDENTE, GOVERNADOR, SENADOR, DEPUTADO ESTADUAL",,"BRASIL, RJ",SIM,"Rio de Janeiro, Niterói",SIM,Sim,NÃO,SIM,SIM,PAN;PCO;PDT;PFL;PGT;PHS;PL;PMDB;PPS;PRONA;PRP;PRTB;PSB;PSC;PSDB;PSL;PSTU;PT;PTC;PTDOB;PV
2002,2002-09-23 00:00:00,JN - 081/02B,HGPE,,,,NÃO,,SIM,Sim,NÃO,NÃO,SIM,
2002,2002-09-24 00:00:00,JN - 082/02A,HGPE,"PRESIDENTE, DEPUTADO FEDERAL",,"BRASIL, RJ",NÃO,,SIM,Sim,SIM,SIM,SIM,PCB;PCO;PDT;PFL;PHS;PL;PMDB;PPS;PRONA;PRTB;PSB;PSC;PSDB;PSDC;PSL;PSTU;PT;PTB;PTC;PTDOB;PTN
2002,2002-09-24 00:00:00,JN - 02/02B,HGPE,"PRESIDENTE, GOVERNADOR, DEPUTADO FEDERAL",,"BRASIL, RJ",SIM,"Rio de Janeiro, Niterói",SIM,Sim,SIM,SIM,SIM,PAN;PCB;PCDOB;PCO;PDT;PFL;PGT;PHS;PL;PMDB;PMN;PPS;PRONA;PRTB;PSB;PSC;PSD;PSDB;PSDC;PSL;PSTU;PT;PTB;PTC;PTDOB;PTN;PV
2002,2002-09-25 00:00:00,JN - 083/02A & B,HGPE,"PRESIDENTE, GOVERNADOR, SENADOR, DEPUTADO FEDERAL, DEPUTADO ESTADUAL",,"BRASIL, RJ",SIM,"Rio de Janeiro, Niterói",SIM,Sim,NÃO,SIM,SIM,PAN;PCB;PCDOB;PCO;PDT;PFL;PGT;PHS;PL;PMDB;PMN;PPS;PRONA;PSB;PSC;PSD;PSDB;PSL;PSTU;PT;PTB;PTC;PTDOB;PTN;PV
2002,2002-09-26 00:00:00,JN - 084/02A,HGPE,"PRESIDENTE, GOVERNADOR, SENADOR, DEPUTADO FEDERAL",,"BRASIL, RJ",SIM,Rio de Janeiro,SIM,Sim,SIM,SIM,SIM,PAN;PCB;PCDOB;PCO;PDT;PFL;PGT;PHS;PL;PMDB;PMN;PPS;PRONA;PRP;PRTB;PSB;PSC;PSD;PSDB;PSDC;PSL;PSTU;PT;PTB;PTC;PTDOB;PTN;PV
2002,2002-09-26 00:00:00,JN - 084/02B,HGPE,"GOVERNADOR, DEPUTADO FEDERAL, DEPUTADO ESTADUAL",,RJ,SIM,Niterói,SIM,Sim,NÃO,NÃO,SIM,PCB;PCDOB;PCO;PDT;PFL;PGT;PHS;PL;PMDB;PMN;PPS;PRONA;PRTB;PSB;PSC;PSD;PSDB;PSDC;PSL;PSTU;PT;PTB;PTC;PTDOB;PTN;PV
2002,2002-09-27 00:00:00,JN - 085/02,HGPE,"PRESIDENTE, GOVERNADOR, SENADOR, DEPUTADO FEDERAL, DEPUTADO ESTADUAL",,BRASIL,SIM,"Rio de Janeiro, Niterói",SIM,Sim,NÃO,SIM,SIM,PAN;PCDOB;PCO;PDT;PFL;PGT;PL;PMDB;PMN;PPS;PRONA;PRTB;PSB;PSC;PSD;PSDB;PSDC;PSTU;PT;PTB;PTC;PTDOB;PTN;PV
2002,2002-09-28 00:00:00,JN - 086/02A,HGPE,"PRESIDENTE, DEPUTADO FEDERAL",,BRASIL,NÃO,,SIM,Sim,SIM,SIM,SIM,PCB;PCDOB;PCO;PDT;PFL;PGT;PHS;PL;PMDB;PMN;PPS;PRONA;PRP;PRTB;PSB;PSC;PSD;PSDB;PSDC;PSL;PSTU;PT;PTB;PTC;PTDOB;PTN;PV
2002,2002-09-28 00:00:00,JN - 086/02B,HGPE,"PRESIDENTE, DEPUTADO FEDERAL",,"BRASIL, RJ",NÃO,,SIM,Sim,SIM,SIM,SIM,PAN;PCB;PCDOB;PCO;PDT;PFL;PGT;PHS;PL;PMDB;PMN;PPS;PRONA;PRP;PRTB;PSB;PSC;PSD;PSDB;PSDC;PSL;PSTU;PT;PTB;PTC;PTDOB;PTN;PV
2002,2002-09-30 00:00:00,JN - 087/02A,HGPE,"GOVERNADOR, SENADOR, DEPUTADO ESTADUAL",,RJ,NÃO,,SIM,Sim,NÃO,SIM,SIM,PAN;PCB;PCDOB;PCO;PDT;PFL;PGT;PHS;PL;PMDB;PMN;PPS;PRONA;PRP;PRTB;PSB;PSC;PSDB;PSL;PSTU;PT;PTB;PTC;PTDOB;PTN;PV
2002,2002-10-01 00:00:00,JN - 088/02A,HGPE,"PRESIDENTE, DEPUTADO FEDERAL",,"BRASIL, RJ",NÃO,,SIM,Sim,SIM,SIM,SIM,PAN;PCB;PCDOB;PCO;PDT;PFL;PGT;PHS;PL;PMDB;PMN;PPS;PRONA;PRP;PRTB;PSB;PSC;PSD;PSDB;PSDC;PSTU;PT;PTB;PTC;PTDOB;PTN;PV
2002,2002-10-01 00:00:00,JN - 088/02B,HGPE,"PRESIDENTE, DEPUTADO FEDERAL",,"BRASIL, RJ",NÃO,,SIM,Sim,SIM,SIM,SIM,PAN;PCB;PCDOB;PCO;PDT;PFL;PGT;PHS;PL;PMDB;PMN;PPS;PRONA;PRP;PRTB;PSB;PSC;PSD;PSDB;PSDC;PSTU;PT;PTB;PTC;PTDOB;PTN;PV
2002,2002-10-02 00:00:00,JN - 089/02,HGPE,"PRESIDENTE, GOVERNADOR, SENADOR, DEPUTADO ESTADUAL",,"BRASIL, RJ",NÃO,,SIM,Sim,NÃO,SIM,SIM,PAN;PCB;PCDOB;PCO;PDT;PFL;PHS;PL;PMDB;PMN;PPS;PRONA;PRP;PRTB;PSB;PSC;PSD;PSDB;PSL;PSTU;PT;PTB;PTC;PTDOB;PTN;PV
2002,2002-10-03 00:00:00,JN - 090/02B,HGPE,"PRESIDENTE, DEPUTADO FEDERAL",Apresenta defeito a partir de 17 minutos,"BRASIL, RJ",NÃO,,SIM,Sim,SIM,SIM,SIM,PAN;PCB;PCDOB;PCO;PDT;PFL;PGT;PHS;PL;PMDB;PMN;PPS;PRONA;PRP;PRTB;PSB;PSC;PSD;PSDB;PSDC;PSTU;PT;PTB;PTC;PTDOB;PTN;PV
2002,2002-10-14 00:00:00,JN - 091/02,HGPE,PRESIDENTE,,BRASIL,NÃO,,SIM,Sim,NÃO,SIM,SIM,PMDB;PPS;PSB;PSDB;PT
2002,2002-10-03 00:00:00,Debate presidenciáveis - 092/02A,DEBATE,PRESIDENTE,,BRASIL,NÃO,,SIM,Sim,NÃO,SIM,SIM,PMDB;PPS;PSB;PSDB;PT
2002,2002-10-03 00:00:00,Debate presidenciáveis - 092/02B,DEBATE,PRESIDENTE,,BRASIL,NÃO,,SIM,Sim,NÃO,SIM,SIM,PMDB;PPS;PSB;PSDB;PT
2002,2002-07-19 00:00:00,Jornal Nacional - 093/02,TELEJORNAL,PRESIDENTE,,BRASIL,NÃO,,SIM,Sim,NÃO,SIM,SIM,PMDB;PPS;PSB;PSDB;PT
2002,2002-07-20 00:00:00,Jornal Nacional - 094/02,TELEJORNAL,PRESIDENTE,,BRASIL,NÃO,,SIM,Sim,NÃO,SIM,SIM,PMDB;PPS;PSB;PSDB;PT
2002,2002-10-17 00:00:00,Jornal Nacional - 095/02A,TELEJORNAL,PRESIDENTE,,BRASIL,NÃO,,SIM,Sim,NÃO,SIM,SIM,PMDB;PSDB;PT
2002,2002-10-23 00:00:00,Jornal Nacional - 096/02,TELEJORNAL,PRESIDENTE,,BRASIL,NÃO,,SIM,Sim,NÃO,SIM,SIM,PMDB;PSDB;PT
2002,2002-10-14 00:00:00,Roda Viva - José Serra 097/02,ENTREVISTA,PRESIDENTE,,BRASIL,NÃO,,SIM,Sim,NÃO,SIM,SIM,PMDB;PSDB
2002,2002-10-02 00:00:00,Debate Governador RJ - 098/02A,DEBATE,GOVERNADOR,,RJ,NÃO,,SIM,Sim,NÃO,SIM,SIM,PDT;PFL;PSB;PT
2002,2002-10-02 00:00:00,Debate governador RJ - 098/02B,DEBATE,GOVERNADOR,,RJ,NÃO,,SIM,Sim,NÃO,SIM,SIM,PDT;PFL;PSB;PT
2002,2002-10-04 00:00:00,Jornal Nacional - 099/02A,TELEJORNAL,PRESIDENTE,,BRASIL,NÃO,,SIM,Sim,NÃO,SIM,SIM,PMDB;PPS;PSB;PSDB;PT
2002,2002-10-04 00:00:00,Jornal Nacional - 099/02B,TELEJORNAL,PRESIDENTE,,BRASIL,NÃO,,SIM,Sim,NÃO,SIM,SIM,PMDB;PPS;PSB;PSDB;PT
2002,2002-10-20 00:00:00,Entrevista José Serra/Lula - 102/02,ENTREVISTA,PRESIDENTE,,BRASIL,NÃO,,SIM,Sim,NÃO,SIM,SIM,PMDB;PSDB;PT
2002,2002-10-07 00:00:00,Jornal da Record - 104/02A,ENTREVISTA,PRESIDENTE,,BRASIL,NÃO,,SIM,Sim,NÃO,SIM,SIM,PMDB;PPS;PSB;PSDB;PT
2002,2002-10-07 00:00:00,Jornal da Record - 104/02B,ENTREVISTA,PRESIDENTE,,BRASIL,NÃO,,SIM,Sim,NÃO,SIM,SIM,PMDB;PSB;PSDB;PT
2002,2002-10-07 00:00:00,Jornal da Record - 104/02D,TELEJORNAL,"PRESIDENTE, GOVERNADOR",,"BRASIL, SP",NÃO,,SIM,Sim,NÃO,SIM,SIM,PMDB;PSDB;PT
2002,2002-10-14 00:00:00,Jornal da Record - 105/02A,TELEJORNAL,PRESIDENTE,,BRASIL,NÃO,,SIM,Sim,NÃO,SIM,SIM,PMDB;PSDB;PT
2002,2002-10-14 00:00:00,Jornal da Record - 105/02C,TELEJORNAL,PRESIDENTE,,BRASIL,NÃO,,SIM,Sim,NÃO,SIM,SIM,PMDB;PSDB;PT
2002,2002-10-21 00:00:00,Jornal da Record - 106/02A,ENTREVISTA,PRESIDENTE,,BRASIL,NÃO,,SIM,Sim,NÃO,SIM,SIM,PMDB;PPS;PSDB;PT
2002,2002-10-21 00:00:00,Jornal da Record - 106/02B,TELEJORNAL,PRESIDENTE,,BRASIL,NÃO,,SIM,Sim,NÃO,SIM,SIM,PMDB;PSDB;PT
2002,2002-10-25 00:00:00,Jornal da Record - 107/02,TELEJORNAL,PRESIDENTE,,BRASIL,NÃO,,SIM,Sim,NÃO,SIM,SIM,PMDB;PSDB;PT
2002,2002-10-25 00:00:00,Debate 2º turno - 108/02 e 109/02,DEBATE,PRESIDENTE,A seleção dos outros vídeos do CD estão com defeito,BRASIL,NÃO,,SIM,Sim,NÃO,SIM,SIM,PMDB;PSDB;PT
2002,2002-10-28 00:00:00,Telejornal - 110/02A,TELEJORNAL,"PRESIDENTE, GOVERNADOR",,"BRASIL, RJ",NÃO,,SIM,Sim,NÃO,SIM,SIM,PSB;PT
2002,2002-10-28 00:00:00,Telejornal - 110/02B,TELEJORNAL,PRESIDENTE,,BRASIL,NÃO,,SIM,Sim,NÃO,SIM,SIM,PT
2002,2002-10-28 00:00:00,Jornal Nacional/2ª parte - 111/02,TELEJORNAL,PRESIDENTE,,BRASIL,NÃO,,SIM,Sim,NÃO,SIM,SIM,PMDB;PSDB;PT
2002,2002-10-15 00:00:00,Jornal Nacional - 112/02,HGPE,PRESIDENTE,,BRASIL,NÃO,,SIM,Sim,NÃO,SIM,SIM,PMDB;PSDB;PT
2002,2002-10-16 00:00:00,Jornal Nacional - 113/02,HGPE,PRESIDENTE,,BRASIL,NÃO,,SIM,Sim,NÃO,SIM,SIM,PMDB;PSDB;PT
2002,2002-10-17 00:00:00,114/02,HGPE,PRESIDENTE,,BRASIL,NÃO,,SIM,Sim,NÃO,SIM,SIM,PMDB;PSDB;PT
2002,2002-10-18 00:00:00,115/02,HGPE,PRESIDENTE,,BRASIL,NÃO,,SIM,Sim,NÃO,SIM,SIM,PMDB;PSDB;PT
2002,2002-10-20 00:00:00,116/02,HGPE,PRESIDENTE,,BRASIL,NÃO,,SIM,Sim,NÃO,SIM,SIM,PMDB;PSDB;PT
2002,2002-10-21 00:00:00,117/02,HGPE,PRESIDENTE,,BRASIL,NÃO,,SIM,Sim,NÃO,SIM,SIM,PMDB;PSDB;PT
2002,2002-10-22 00:00:00,118/02,HGPE,PRESIDENTE,,BRASIL,NÃO,,SIM,Sim,NÃO,SIM,SIM,PMDB;PSDB;PT
2002,2002-10-22 00:00:00,119/02,HGPE,PRESIDENTE,,BRASIL,NÃO,,SIM,Sim,NÃO,SIM,SIM,PMDB;PSDB;PT
2002,2002-10-24 00:00:00,Jornal Nacional - 120/02,HGPE,PRESIDENTE,,BRASIL,NÃO,,SIM,Sim,NÃO,SIM,SIM,PMDB;PSDB;PT
2002,2002-10-24 00:00:00,"JN - 121, 122, 123 e 124/02",HGPE,,O CD não roda no computador,,NÃO,,SIM,Não,NÃO,NÃO,SIM,
2002,2002-10-25 00:00:00,Jornal Nacional - 122/02,HGPE,PRESIDENTE,,BRASIL,NÃO,,SIM,Sim,NÃO,NÃO,SIM,PMDB;PSDB;PT
2002,2002-10-24 00:00:00,"125, 126, 127, 128/02",HGPE,PRESIDENTE,,BRASIL,NÃO,,SIM,Sim,NÃO,NÃO,SIM,PMDB;PSDB;PT
2002,2002-08-04 00:00:00,Debate - 129/02A,DEBATE,PRESIDENTE,,BRASIL,NÃO,,SIM,Sim,NÃO,NÃO,SIM,PMDB;PPS;PSB;PSDB;PT
2002,2002-08-04 00:00:00,Debate - 129/02B,DEBATE,PRESIDENTE,,BRASIL,NÃO,,SIM,Sim,NÃO,NÃO,SIM,PMDB;PPS;PSB;PSDB;PT
2002,2002-09-08 00:00:00,"Spots - 130, 131, 132, 133, 134 e 135/02",SPOT,"PRESIDENTE, GOVERNADOR, SENADOR, DEPUTADO FEDERAL, DEPUTADO ESTADUAL",,"BRASIL, RJ",NÃO,,SIM,Sim,NÃO,NÃO,SIM,PAN;PCB;PCDOB;PCO;PDT;PFL;PGT;PHS;PL;PMDB;PPS;PRONA;PSB;PSC;PSD;PSDB;PSL;PSTU;PT;PTB;PTDOB;PTN;PV
2002,2002-09-17 00:00:00,"Spots - 136, 137, 138, 139 e 140/02",SPOT,"PRESIDENTE, GOVERNADOR, SENADOR, DEPUTADO FEDERAL, DEPUTADO ESTADUAL",,"BRASIL, RJ",NÃO,,SIM,Sim,NÃO,NÃO,SIM,PAN;PCB;PCDOB;PCO;PDT;PFL;PGT;PHS;PL;PMDB;PPS;PRONA;PRTB;PSB;PSDB;PSDC;PSTU;PT;PV
2010,2010-10-01 00:00:00,001/10,HGPE,"GOVERNADOR, SENADOR, DEPUTADO ESTADUAL",,RS,NÃO,,SIM,Sim,SIM,SIM,SIM,DEM;PCB;PCDOB;PDT;PMDB;PMN;PP;PR;PRB;PRP;PSB;PSDB;PSDC;PSOL;PSTU;PT;PTB;PTC;PTDOB;PV
2010,2010-10-02 00:00:00,002/10,HGPE,"PRESIDENTE, DEPUTADO FEDERAL",,"BRASIL, RS",NÃO,,SIM,Sim,SIM,SIM,SIM,DEM;PCB;PCDOB;PCO;PDT;PHS;PMDB;PMN;PP;PPS;PR;PRP;PRTB;PSB;PSDB;PSDC;PSOL;PSTU;PT;PTB;PTC;PTN;PV
2010,2010-10-03 00:00:00,003/10,HGPE,"GOVERNADOR, SENADOR, DEPUTADO ESTADUAL",,RS,NÃO,,SIM,Sim,SIM,SIM,SIM,DEM;PCB;PCDOB;PDT;PMDB;PMN;PP;PR;PRB;PRP;PSB;PSDB;PSOL;PSTU;PT;PTB;PTC;PTDOB;PTN;PV
2010,2020-10-04 00:00:00,004/10,HGPE,"PRESIDENTE, DEPUTADO FEDERAL",,"BRASIL, RS",NÃO,,SIM,Sim,SIM,SIM,SIM,DEM;PCB;PCDOB;PDT;PMDB;PMN;PP;PPS;PR;PRP;PRTB;PSB;PSC;PSDB;PSDC;PSOL;PSTU;PT;PTB;PTC;PTN;PV
2010,2010-10-05 00:00:00,005/10,HGPE,"PRESIDENTE, GOVERNADOR, SENADOR, DEPUTADO ESTADUAL",,"BRASIL, RS",NÃO,,SIM,Sim,SIM,SIM,SIM,DEM;PCB;PCDOB;PDT;PMDB;PMN;PP;PPS;PR;PRP;PSB;PSDB;PSDC;PSOL;PSTU;PT;PTB;PTC;PTDOB;PV
2010,2010-12-06 00:00:00,006/10,HGPE,"GOVERNADOR, SENADOR, DEPUTADO ESTADUAL",,RS,NÃO,,SIM,Sim,SIM,SIM,SIM,DEM;PCB;PCDOB;PDT;PMDB;PMN;PP;PR;PRB;PRP;PSB;PSDB;PSDC;PSOL;PSTU;PT;PTB;PTC;PTDOB;PTN;PV
2010,2010-10-07 00:00:00,007/10,HGPE,"PRESIDENTE, DEPUTADO FEDERAL",,RS,NÃO,,SIM,Sim,SIM,SIM,SIM,DEM;PCB;PCDOB;PCO;PDT;PMDB;PMN;PP;PPS;PR;PRP;PRTB;PSB;PSC;PSDB;PSDC;PSOL;PSTU;PT;PTB;PTC;PTDOB;PTN;PV
2010,2010-10-08 00:00:00,008/10,HGPE,"PRESIDENTE, DEPUTADO FEDERAL",,RS,NÃO,,SIM,Sim,SIM,SIM,SIM,DEM;PCB;PCDOB;PCO;PDT;PMDB;PMN;PP;PPS;PR;PRP;PRTB;PSB;PSDB;PSDC;PSOL;PSTU;PT;PTB;PTN;PV
2010,2010-10-09 00:00:00,009/10,HGPE,"GOVERNADOR, SENADOR, DEPUTADO ESTADUAL",,RS,NÃO,,SIM,Sim,SIM,SIM,SIM,DEM;PCB;PCDOB;PDT;PMDB;PMN;PP;PPS;PR;PRP;PSB;PSDB;PSDC;PSOL;PSTU;PT;PTB;PTC;PTDOB;PTN;PV
2010,2010-10-10 00:00:00,010/10,HGPE,"PRESIDENTE, GOVERNADOR, SENADOR, DEPUTADO ESTADUAL",,"BRASIL, RS",NÃO,,SIM,Sim,SIM,SIM,SIM,DEM;PCB;PCDOB;PDT;PMDB;PMN;PP;PPS;PR;PRP;PSB;PSDB;PSOL;PSTU;PT;PTB;PTC;PTDOB;PV
2010,2010-10-11 00:00:00,011/10,HGPE,PRESIDENTE,A gravação só tem 1 minuto,BRASIL,NÃO,,SIM,Não,SIM,SIM,SIM,PV
2010,2010-10-12 00:00:00,012/10,HGPE,"PRESIDENTE, GOVERNADOR, SENADOR, DEPUTADO ESTADUAL",,"BRASIL, RS",NÃO,,SIM,Sim,SIM,SIM,SIM,DEM;PCB;PCDOB;PDT;PHS;PMDB;PMN;PP;PPS;PRB;PRP;PRTB;PSB;PSC;PSDC;PSOL;PSTU;PT;PTB;PTDOB;PTN;PV
2010,2010-10-13 00:00:00,013/10,HGPE,"PRESIDENTE, GOVERNADOR",,"BRASIL, RS",NÃO,,SIM,Sim,SIM,SIM,SIM,PSC;PSDB;PT
2010,2010-10-14 00:00:00,014/10,HGPE,"PRESIDENTE, GOVERNADOR",,"BRASIL, RS",NÃO,,SIM,Sim,SIM,SIM,SIM,PSC;PSDB;PT
2010,2010-10-15 00:00:00,015/10,HGPE,"PRESIDENTE, DEPUTADO FEDERAL",,"BRASIL, RS",NÃO,,SIM,Sim,SIM,SIM,SIM,DEM;PCB;PCO;PDT;PMDB;PMN;PP;PPS;PRB;PRP;PRTB;PSC;PSDB;PSDC;PSL;PSOL;PSTU;PT;PTB;PTN;PV
2010,2010-10-16 00:00:00,016/10,HGPE,"GOVERNADOR, DEPUTADO ESTADUAL",,RS,NÃO,,SIM,Sim,SIM,SIM,SIM,DEM;PCB;PCDOB;PDT;PMDB;PMN;PP;PPS;PR;PRP;PSB;PSDB;PSOL;PSTU;PT;PTC;PTN;PV
2010,2010-10-17 00:00:00,017/10,HGPE,"GOVERNADOR, DEPUTADO ESTADUAL",,RS,NÃO,,SIM,Sim,SIM,SIM,SIM,DEM;PCB;PCDOB;PDT;PMDB;PMN;PP;PPS;PR;PRP;PSB;PSDB;PSOL;PSTU;PT;PTC;PTN;PV
2010,2010-10-18 00:00:00,018/10,HGPE,"GOVERNADOR, DEPUTADO ESTADUAL",,RS,NÃO,,SIM,Sim,SIM,SIM,SIM,PCB;PCDOB;PDT;PMDB;PMN;PP;PR;PSB;PSDB;PSDC;PSOL;PSTU;PT;PTC;PV
2010,2010-10-19 00:00:00,019/10,HGPE,PRESIDENTE,,BRASIL,NÃO,,SIM,Sim,SIM,SIM,SIM,DEM;PCB;PCDOB;PCO;PDT;PMDB;PMN;PP;PPS;PR;PRP;PRTB;PSB;PSC;PSDB;PSDC;PSOL;PSTU;PT;PTB;PTC;PTDOB;PTN;PV
2010,2010-10-20 00:00:00,020/10,HGPE,"GOVERNADOR, SENADOR, DEPUTADO ESTADUAL",,RS,NÃO,,SIM,Sim,SIM,SIM,SIM,DEM;PCB;PCDOB;PDT;PMDB;PMN;PP;PPS;PR;PRB;PRP;PSB;PSC;PSDB;PSDC;PSOL;PSTU;PT;PTB;PTC;PTDOB;PTN;PV
2010,2010-10-21 00:00:00,021/10,HGPE,"PRESIDENTE, DEPUTADO FEDERAL",,"BRASIL, RS",NÃO,,SIM,Sim,SIM,SIM,SIM,DEM;PCB;PCDOB;PCO;PDT;PMDB;PMN;PP;PPS;PR;PRP;PRTB;PSB;PSC;PSDB;PSDC;PSOL;PSTU;PT;PTB;PTC;PTDOB;PV
2010,2010-10-22 00:00:00,022/10,HGPE,"PRESIDENTE, DEPUTADO FEDERAL",,"BRASIL, RS",NÃO,,SIM,Sim,SIM,SIM,SIM,DEM;PCB;PCDOB;PCO;PDT;PMDB;PMN;PP;PPS;PR;PRP;PRTB;PSB;PSC;PSDB;PSDC;PSOL;PSTU;PT;PTB;PTC;PTDOB;PV
2010,2010-10-23 00:00:00,023/10,HGPE,"PRESIDENTE, DEPUTADO FEDERAL",,"BRASIL, RS",NÃO,,SIM,Sim,SIM,SIM,SIM,DEM;PCB;PCDOB;PCO;PDT;PMDB;PMN;PP;PPS;PR;PRB;PRP;PRTB;PSB;PSDB;PSDC;PSTU;PT;PTB;PTC;PTN;PV
2010,2010-10-24 00:00:00,024/10,HGPE,"GOVERNADOR, SENADOR, DEPUTADO ESTADUAL",,RS,NÃO,,SIM,Sim,SIM,SIM,SIM,DEM;PCB;PCDOB;PDT;PMDB;PMN;PP;PR;PRP;PSB;PSC;PSDB;PSDC;PSL;PSOL;PSTU;PT;PTB;PTC;PTN;PV
2010,2010-10-25 00:00:00,025/10,HGPE,"PRESIDENTE, DEPUTADO FEDERAL",,"BRASIL, RS",NÃO,,SIM,Sim,SIM,SIM,SIM,DEM;PCB;PCDOB;PCO;PDT;PMDB;PMN;PP;PPS;PR;PRP;PRTB;PSB;PSDB;PSDC;PSL;PSOL;PSTU;PT;PTB;PTC;PTN;PV
2010,2010-10-26 00:00:00,026/10,HGPE,"GOVERNADOR, SENADOR, DEPUTADO ESTADUAL",,RS,NÃO,,SIM,Sim,SIM,SIM,SIM,DEM;PCB;PCDOB;PDT;PMDB;PMN;PP;PR;PRB;PRP;PSB;PSDB;PSDC;PSOL;PSTU;PT;PTB;PTC;PV
2010,2020-10-27 00:00:00,027/10,HGPE,"PRESIDENTE, DEPUTADO FEDERAL",,"BRASIL, RS",NÃO,,SIM,Sim,SIM,SIM,SIM,DEM;PCB;PCDOB;PCO;PDT;PMDB;PMN;PP;PPS;PR;PRP;PRTB;PSB;PSC;PSDB;PSDC;PSOL;PSTU;PT;PTB;PTC;PTN;PV
2010,2010-10-28 00:00:00,028/10,HGPE,"GOVERNADOR, SENADOR, DEPUTADO ESTADUAL",,RS,NÃO,,SIM,Sim,SIM,SIM,SIM,DEM;PCB;PCDOB;PDT;PMDB;PMN;PP;PPS;PR;PRP;PSB;PSDB;PSDC;PSOL;PSTU;PT;PTB;PTC;PTDOB;PTN;PV
2010,2010-10-29 00:00:00,029/10,HGPE,"PRESIDENTE, DEPUTADO FEDERAL",,"BRASIL, RS",NÃO,,SIM,Sim,SIM,SIM,SIM,DEM;PCB;PCDOB;PCO;PDT;PMDB;PMN;PP;PPS;PR;PRP;PRTB;PSB;PSC;PSDB;PSDC;PSL;PSOL;PSTU;PT;PTB;PTC;PTN;PV
2010,2010-10-30 00:00:00,030/10,HGPE,"GOVERNADOR, SENADOR, DEPUTADO ESTADUAL",,RS,NÃO,,SIM,Sim,SIM,SIM,SIM,DEM;PCB;PCDOB;PDT;PMDB;PMN;PP;PR;PRP;PSB;PSC;PSDB;PSDC;PSOL;PSTU;PT;PTB;PTC;PTDOB;PTN;PV
2010,2010-10-31 00:00:00,031/10,HGPE,"PRESIDENTE, DEPUTADO FEDERAL",,"BRASIL, RS",NÃO,,SIM,Sim,SIM,SIM,SIM,DEM;PCB;PCDOB;PCO;PDT;PMDB;PMN;PP;PPS;PR;PRP;PRTB;PSB;PSDB;PSDC;PSL;PSOL;PSTU;PT;PTB;PTC;PTN;PV
2010,2010-11-01 00:00:00,032/10,HGPE,"GOVERNADOR, SENADOR, DEPUTADO ESTADUAL",,RS,NÃO,,SIM,Sim,SIM,SIM,SIM,DEM;PCB;PCDOB;PDT;PMDB;PMN;PP;PPS;PR;PRB;PRP;PSB;PSDB;PSDC;PSOL;PSTU;PT;PTB;PTC;PTN;PV
2010,2010-11-02 00:00:00,033/10,HGPE,"PRESIDENTE, DEPUTADO FEDERAL",,"BRASIL, RS",NÃO,,SIM,Sim,SIM,SIM,SIM,DEM;PCB;PCDOB;PCO;PDT;PHS;PMDB;PP;PPS;PR;PRP;PRTB;PSB;PSDB;PSDC;PSOL;PSTU;PT;PTB;PTC;PTN;PV
2010,2010-11-03 00:00:00,034/10,HGPE,"GOVERNADOR, SENADOR, DEPUTADO ESTADUAL",,RS,NÃO,,SIM,Sim,SIM,SIM,SIM,DEM;PCB;PCDOB;PDT;PMDB;PMN;PP;PPS;PR;PRP;PSB;PSC;PSDB;PSDC;PSOL;PSTU;PT;PTB;PTC;PTN;PV
2010,2010-11-04 00:00:00,035/10,HGPE,"PRESIDENTE, DEPUTADO FEDERAL",,"BRASIL, RS",NÃO,,SIM,Sim,SIM,SIM,SIM,DEM;PCB;PCDOB;PCO;PDT;PMDB;PMN;PP;PPS;PR;PRP;PRTB;PSB;PSC;PSDB;PSDC;PSOL;PSTU;PT;PTB;PTC;PTDOB;PV
2010,2010-11-05 00:00:00,036/10,HGPE,"GOVERNADOR, SENADOR, DEPUTADO ESTADUAL",,RS,NÃO,,SIM,Sim,SIM,SIM,SIM,DEM;PCB;PCDOB;PDT;PMDB;PMN;PP;PPS;PR;PRB;PRP;PSB;PSDB;PSDC;PSOL;PSTU;PT;PTB;PTC;PV
2010,2010-11-06 00:00:00,037/10,HGPE,"GOVERNADOR, SENADOR, DEPUTADO ESTADUAL",,RS,NÃO,,SIM,Sim,SIM,SIM,SIM,DEM;PCB;PCDOB;PCO;PDT;PL;PMDB;PMN;PP;PPS;PRB;PRP;PSB;PSC;PSDB;PSL;PSOL;PSTU;PT;PTB;PTC;PTN;PV
2010,2010-11-07 00:00:00,038/10,HGPE,"GOVERNADOR, SENADOR, DEPUTADO ESTADUAL",,RS,NÃO,,SIM,Sim,SIM,SIM,SIM,DEM;PCB;PCDOB;PCO;PDT;PHS;PL;PMDB;PMN;PP;PPS;PRB;PRTB;PSB;PSC;PSDB;PSL;PSOL;PSTU;PT;PTB;PTC;PTDOB;PTN;PV
2010,2010-08-17 00:00:00,039/10,HGPE,PRESIDENTE,,BRASIL,NÃO,,SIM,Sim,SIM,SIM,SIM,PCB;PCO;PRTB;PSDB;PSDC;PSOL;PSTU;PT;PV
2010,2010-08-19 00:00:00,040/10,HGPE,"GOVERNADOR, SENADOR, DEPUTADO ESTADUAL",,RS,NÃO,,SIM,Sim,SIM,SIM,SIM,DEM;PCB;PCDOB;PCO;PDT;PMDB;PMN;PP;PPS;PR;PRB;PRTB;PSB;PSC;PSDB;PSL;PSOL;PSTU;PT;PTB;PTC;PV
2010,2010-08-20 00:00:00,041/10,HGPE,PRESIDENTE,,BRASIL,NÃO,,SIM,Sim,SIM,SIM,SIM,PCB;PCO;PRTB;PSDB;PSDC;PSOL;PSTU;PT;PV
2010,2010-08-21 00:00:00,042/10,HGPE,"GOVERNADOR, SENADOR, DEPUTADO ESTADUAL",,SP,NÃO,,SIM,Sim,SIM,SIM,SIM,DEM;PCB;PCDOB;PCO;PDT;PHS;PMDB;PMN;PP;PPS;PR;PRB;PRTB;PSB;PSC;PSDB;PSL;PSOL;PSTU;PT;PTB;PTC;PTDOB;PTN;PV
2010,2010-08-22 00:00:00,043/10,HGPE,PRESIDENTE,,BRASIL,NÃO,,SIM,Sim,SIM,SIM,SIM,PCB;PCO;PRTB;PSDB;PSDC;PSOL;PSTU;PT;PV
2010,2010-08-23 00:00:00,045/10,HGPE,"GOVERNADOR, SENADOR, DEPUTADO ESTADUAL",,SP,NÃO,,SIM,Sim,SIM,SIM,SIM,DEM;PCB;PCDOB;PCO;PDT;PHS;PMDB;PMN;PP;PPS;PR;PRB;PRTB;PSB;PSC;PSDB;PSL;PSOL;PSTU;PT;PTB;PTC;PTN;PV
2010,2010-08-24 00:00:00,046/10,HGPE,,Não aparece nenhum partido,,NÃO,,SIM,Sim,SIM,SIM,SIM,
2010,2010-08-25 00:00:00,047/10,TELEJORNAL,PRESIDENTE,,BRASIL,NÃO,,SIM,Sim,SIM,SIM,SIM,PSTU
2010,2010-08-26 00:00:00,048/10,TELEJORNAL,PRESIDENTE,,BRASIL,NÃO,,SIM,Sim,SIM,SIM,SIM,PRB;PT
2010,2010-08-27 00:00:00,049/10,DIREÇÃO NACIONAL DO PARTIDO,,,,NÃO,,SIM,Sim,SIM,SIM,SIM,PTN
2010,2010-08-28 00:00:00,050/10,HGPE,"PRESIDENTE, DEPUTADO DISTRITAL",,"BRASIL, DF",NÃO,,SIM,Sim,SIM,SIM,SIM,DEM;PCB;PCDOB;PCO;PDT;PHS;PMDB;PMN;PP;PPS;PR;PRB;PRTB;PSB;PSC;PSDB;PSDC;PSL;PSOL;PSTU;PT;PTB;PTC;PTN;PV
2010,2010-08-29 00:00:00,051/10,HGPE,"GOVERNADOR, SENADOR, DEPUTADO DISTRITAL",,DF,NÃO,,SIM,Sim,SIM,SIM,SIM,DEM;PCB;PCDOB;PCO;PDT;PHS;PMDB;PMN;PP;PPS;PR;PRB;PRP;PRTB;PSB;PSC;PSDB;PSDC;PSL;PSOL;PSTU;PT;PTB;PTC;PTDOB;PTN;PV
2010,2010-08-30 00:00:00,052/10,HGPE,"GOVERNADOR, SENADOR, DEPUTADO DISTRITAL",,DF,NÃO,,SIM,Sim,SIM,SIM,SIM,DEM;PCB;PCDOB;PCO;PDT;PHS;PMDB;PMN;PP;PPS;PR;PRB;PRP;PRTB;PSB;PSC;PSDB;PSDC;PSL;PSOL;PSTU;PT;PTB;PTC;PV
2010,2010-09-01 00:00:00,053/10,HGPE,"GOVERNADOR, SENADOR, DEPUTADO DISTRITAL",,DF,NÃO,,SIM,Sim,SIM,SIM,SIM,DEM;PCB;PCDOB;PCO;PDT;PHS;PMDB;PMN;PP;PPS;PR;PRB;PRP;PRTB;PSB;PSC;PSDB;PSDC;PSL;PSOL;PSTU;PT;PTB;PTC;PV
2010,2010-09-02 00:00:00,054/10,HGPE,,A gravação só tem 15 segundos,,NÃO,,SIM,Não,SIM,SIM,NÃO,PT
2010,2010-09-03 00:00:00,056/10,HGPE,PRESIDENTE,A gravação tem apenas 1 minuto,BRASIL,NÃO,,SIM,Não,SIM,SIM,NÃO,PT
2010,2010-09-04 00:00:00,057/10,DEBATE,PRESIDENTE,,BRASIL,NÃO,,SIM,Sim,SIM,SIM,SIM,PSDB;PT
2010,2010-09-05 00:00:00,058/10,HGPE,,A gravação tem apenas 30 segundos,,NÃO,,SIM,Não,SIM,SIM,NÃO,PDT
2010,2010-09-06 00:00:00,059/10,HGPE,,A gravação tem apenas 30 segundos,,NÃO,,SIM,Não,SIM,SIM,NÃO,PR
2010,2010-09-07 00:00:00,060/10,HGPE,"PRESIDENTE, GOVERNADOR",,"BRASIL, DF",NÃO,,SIM,Sim,SIM,SIM,SIM,PSC;PSDB;PT
2010,2010-09-08 00:00:00,061/10,HGPE,"PRESIDENTE, GOVERNADOR",,"BRASIL, DF",NÃO,,SIM,Sim,SIM,SIM,SIM,PSC;PSDB;PT
2010,2010-09-09 00:00:00,062/10,HGPE,"PRESIDENTE, DEPUTADO FEDERAL",,"BRASIL, RJ",NÃO,,SIM,Sim,SIM,SIM,SIM,DEM;PCB;PCDOB;PCO;PDT;PHS;PMDB;PMN;PP;PPS;PR;PRB;PRP;PRTB;PSB;PSC;PSDB;PSDC;PSOL;PSTU;PT;PTB;PTC;PTDOB;PTN;PV
2010,2010-09-10 00:00:00,063/10,HGPE,"PRESIDENTE, GOVERNADOR, SENADOR, DEPUTADO ESTADUAL",,"BRASIL, RJ",NÃO,,SIM,Sim,SIM,SIM,SIM,DEM;PCB;PCDOB;PDT;PHS;PMDB;PMN;PP;PPS;PR;PRB;PRP;PSB;PSC;PSDB;PSL;PSOL;PSTU;PT;PTB;PTC;PTDOB;PV
2010,2010-09-11 00:00:00,064/10,HGPE,,"A gravação tem 13 minutos e 48 segundos, mas não aparece a imagem e não tem áudio. Tem apenas um fundo preto e com interferência.",,NÃO,,SIM,Não,SIM,SIM,NÃO,
2010,2010-08-17 00:00:00,065/10,HGPE,DEPUTADO FEDERAL,,RJ,NÃO,,SIM,Sim,SIM,SIM,SIM,DEM;PCDOB;PDT;PHS;PMDB;PMN;PP;PPS;PR;PRB;PRTB;PSB;PSC;PSDB;PSDC;PSOL;PSTU;PT;PTB;PTC;PTDOB;PTN;PV
2010,2010-08-19 00:00:00,066/10,HGPE,"PRESIDENTE, DEPUTADO FEDERAL",,"BRASIL, RJ",NÃO,,SIM,Sim,SIM,SIM,SIM,DEM;PCB;PCDOB;PCO;PDT;PHS;PMDB;PMN;PP;PPS;PR;PRB;PRTB;PSB;PSC;PSDB;PSDC;PSL;PSOL;PSTU;PT;PTB;PTDOB;PTN;PV
2010,2010-08-26 00:00:00,067/10,HGPE,"PRESIDENTE, DEPUTADO FEDERAL",,"BRASIL, RJ",NÃO,,SIM,Sim,SIM,SIM,SIM,PCB;PCDOB;PDT;PHS;PMDB;PMN;PP;PPS;PR;PRB;PRTB;PSB;PSC;PSDB;PSDC;PSOL;PSTU;PT;PTDOB;PV
2010,2010-08-21 00:00:00,068/10,HGPE,"PRESIDENTE, DEPUTADO FEDERAL",,"BRASIL, RJ",NÃO,,SIM,Sim,SIM,SIM,SIM,DEM;PCB;PCDOB;PCO;PDT;PHS;PMDB;PMN;PP;PPS;PR;PRB;PRTB;PSB;PSC;PSDB;PSDC;PSOL;PSTU;PT;PTB;PTC;PTDOB;PTN;PV
2018,2018-10-01 00:00:00,001/18,HGPE,"DEPUTADO FEDERAL, DEPUTADO ESTADUAL",,RJ,NÃO,,SIM,Sim,SIM,SIM,SIM,AVANTE;DEM;MDB;PATRIOTA;PCDOB;PDT;PHS;PMN;PP;PPS;PR;PRB;PROS;PSB;PSC;PSD;PSDB;PSDC;PSOL;PT;PTB;PV;SOLIDARIEDADE
2018,2018-10-02 00:00:00,002/18,HGPE,GOVERNADOR,,RJ,NÃO,,SIM,Sim,SIM,SIM,SIM,DEM;NOVO;PDT;PODEMOS;PRP;PSB;PSD;PSOL;PT
2018,2018-10-03 00:00:00,003/18,HGPE,SENADOR,,RJ,NÃO,,SIM,Sim,SIM,SIM,SIM,DEM;PDT;PODEMOS;PRB;PRP;PSB;PSD;PSDB;PSOL;PT;REDE
2018,2018-10-04 00:00:00,004/18,HGPE,"GOVERNADOR, SENADOR, DEPUTADO ESTADUAL",,RJ,NÃO,,SIM,Sim,SIM,SIM,SIM,AVANTE;DEM;MDB;PATRIOTA;PCDOB;PDT;PHS;PMN;PODEMOS;PP;PPS;PR;PRB;PROS;PRP;PRTB;PSB;PSC;PSD;PSDB;PSDC;PSL;PSOL;PSTU;PT;PTB;PTC;PV;REDE;SOLIDARIEDADE
2018,2018-10-05 00:00:00,005/18,HGPE,"PRESIDENTE, DEPUTADO FEDERAL",,"BRASIL, RJ",NÃO,,SIM,Sim,SIM,SIM,SIM,AVANTE;DEM;MDB;NOVO;PATRIOTA;PCDOB;PDT;PHS;PMN;PODEMOS;PP;PPS;PR;PRB;PROS;PRP;PRTB;PSB;PSC;PSD;PSDB;PSDC;PSL;PSOL;PSTU;PT;PTB;PTC;PV;REDE;SOLIDARIEDADE
2018,2018-10-06 00:00:00,006/18,HGPE,"GOVERNADOR, SENADOR, DEPUTADO ESTADUAL",,RJ,NÃO,,SIM,Sim,SIM,SIM,SIM,AVANTE;DEM;MDB;NOVO;PATRIOTA;PCDOB;PDT;PHS;PMN;PODEMOS;PP;PPS;PR;PRB;PROS;PRP;PRTB;PSB;PSC;PSD;PSDB;PSDC;PSL;PSOL;PSTU;PT;PTB;PTC;PV;REDE;SOLIDARIEDADE
2018,2018-10-07 00:00:00,007/18,HGPE,"GOVERNADOR, SENADOR, DEPUTADO ESTADUAL",,RJ,NÃO,,SIM,Sim,SIM,SIM,SIM,AVANTE;DEM;MDB;NOVO;PATRIOTA;PCDOB;PDT;PHS;PMN;PODEMOS;PP;PPS;PR;PRB;PROS;PRP;PRTB;PSB;PSC;PSD;PSDB;PSDC;PSL;PSOL;PSTU;PT;PTB;PTC;PV;REDE;SOLIDARIEDADE
2018,2018-10-08 00:00:00,008/18,HGPE,"GOVERNADOR, SENADOR, DEPUTADO ESTADUAL",,RJ,NÃO,,SIM,Sim,SIM,SIM,SIM,AVANTE;DEM;MDB;PCDOB;PDT;PHS;PMB;PODEMOS;PP;PPS;PR;PRB;PROS;PRP;PRTB;PSB;PSC;PSD;PSDB;PSDC;PSL;PSOL;PSTU;PT;PTB;PV;REDE;SOLIDARIEDADE
2018,2018-10-09 00:00:00,009/18,HGPE,"PRESIDENTE, DEPUTADO FEDERAL",,"BRASIL, RJ",NÃO,,SIM,Sim,SIM,SIM,SIM,AVANTE;DEM;MDB;NOVO;PATRIOTA;PCDOB;PDT;PHS;PMB;PMN;PODEMOS;PP;PPL;PPS;PR;PRB;PROS;PRP;PRTB;PSB;PSC;PSD;PSDB;PSDC;PSL;PSOL;PSTU;PT;PTB;PV;REDE;SOLIDARIEDADE
2018,2018-10-10 00:00:00,010/18,HGPE,"GOVERNADOR, SENADOR, DEPUTADO ESTADUAL",,RJ,NÃO,,SIM,Sim,SIM,SIM,SIM,AVANTE;DEM;MDB;NOVO;PATRIOTA;PCDOB;PDT;PHS;PMB;PMN;PODEMOS;PP;PPS;PR;PRB;PROS;PRP;PRTB;PSB;PSC;PSD;PSDB;PSDC;PSL;PSOL;PSTU;PT;PTB;PV;REDE;SOLIDARIEDADE
2018,2018-10-11 00:00:00,011/18,HGPE,"PRESIDENTE, DEPUTADO FEDERAL",,"BRASIL, RJ",NÃO,,SIM,Sim,SIM,SIM,SIM,AVANTE;DEM;MDB;NOVO;PATRIOTA;PCDOB;PDT;PHS;PMB;PMN;PODEMOS;PP;PPL;PPS;PR;PRB;PROS;PRP;PRTB;PSB;PSC;PSD;PSDB;PSDC;PSL;PSOL;PSTU;PT;PTB;PV;REDE;SOLIDARIEDADE
2018,2018-10-12 00:00:00,012/18,HGPE,"GOVERNADOR, SENADOR, DEPUTADO ESTADUAL",,RJ,NÃO,,SIM,Sim,SIM,SIM,SIM,AVANTE;DEM;MDB;NOVO;PATRIOTA;PCDOB;PDT;PHS;PMN;PODEMOS;PP;PPS;PR;PRB;PROS;PRP;PRTB;PSB;PSC;PSD;PSDB;PSDC;PSL;PSOL;PSTU;PT;PTB;PV;REDE;SOLIDARIEDADE
2018,2018-10-13 00:00:00,013/18,HGPE,"PRESIDENTE, DEPUTADO FEDERAL",,"BRASIL, RJ",NÃO,,SIM,Sim,SIM,SIM,SIM,AVANTE;DEM;MDB;NOVO;PATRIOTA;PCDOB;PDT;PHS;PMB;PMN;PODEMOS;PP;PPL;PPS;PR;PRB;PROS;PRP;PRTB;PSB;PSC;PSD;PSDB;PSDC;PSL;PSOL;PSTU;PT;PTB;PV;REDE;SOLIDARIEDADE
2018,2018-10-14 00:00:00,014/18,HGPE,"GOVERNADOR, SENADOR, DEPUTADO ESTADUAL",,RJ,NÃO,,SIM,Sim,SIM,SIM,SIM,AVANTE;DEM;NOVO;PATRIOTA;PCDOB;PDT;PHS;PMB;PMDB;PMN;PODEMOS;PP;PPS;PR;PRB;PROS;PRTB;PSB;PSC;PSD;PSDB;PSDC;PSL;PSOL;PSTU;PT;PTB;PV;REDE;SOLIDARIEDADE
2018,2018-10-15 00:00:00,015/18,HGPE,"GOVERNADOR, SENADOR, DEPUTADO ESTADUAL",,RJ,NÃO,,SIM,Sim,SIM,SIM,SIM,AVANTE;DEM;MDB;PATRIOTA;PCDOB;PDT;PHS;PMN;PODEMOS;PP;PPS;PR;PRB;PROS;PRP;PRTB;PSB;PSC;PSD;PSDB;PSDC;PSL;PSOL;PSTU;PT;PTB;PTC;PV;REDE;SOLIDARIEDADE
2018,2018-10-16 00:00:00,016/18,HGPE,"PRESIDENTE, DEPUTADO FEDERAL",,"BRASIL, RJ",NÃO,,SIM,Sim,SIM,SIM,SIM,AVANTE;DEM;MDB;NOVO;PATRIOTA;PCDOB;PDT;PHS;PMB;PMN;PODEMOS;PP;PPL;PPS;PR;PRB;PROS;PRP;PRTB;PSB;PSC;PSD;PSDB;PSDC;PSL;PSOL;PSTU;PT;PTB;PV;REDE;SOLIDARIEDADE
2018,2018-10-17 00:00:00,017/18,HGPE,"GOVERNADOR, SENADOR, DEPUTADO ESTADUAL",,RJ,NÃO,,SIM,Sim,SIM,SIM,SIM,AVANTE;DEM;NOVO;PATRIOTA;PCDOB;PDT;PHS;PMDB;PMN;PODEMOS;PP;PPS;PR;PRB;PRP;PRTB;PSB;PSC;PSD;PSDB;PSDC;PSL;PSOL;PSTU;PT;PTB;PTC;PV;REDE;SOLIDARIEDADE
2018,2018-10-18 00:00:00,018/18,HGPE,"PRESIDENTE, DEPUTADO FEDERAL",,"BRASIL, RJ",NÃO,,SIM,Sim,SIM,SIM,SIM,AVANTE;DEM;NOVO;PATRIOTA;PCDOB;PDT;PHS;PMDB;PMN;PODEMOS;PP;PPL;PPS;PR;PRB;PROS;PRP;PRTB;PSB;PSC;PSD;PSDB;PSDC;PSL;PSOL;PSTU;PT;PTB;PTC;PV;REDE;SOLIDARIEDADE
2018,2018-10-19 00:00:00,019/18,HGPE,"GOVERNADOR, SENADOR, DEPUTADO ESTADUAL",,RJ,NÃO,,SIM,Sim,SIM,SIM,SIM,AVANTE;DEM;NOVO;PATRIOTA;PCDOB;PDT;PHS;PMDB;PMN;PODEMOS;PP;PPS;PR;PRB;PROS;PRP;PRTB;PSB;PSC;PSD;PSDB;PSDC;PSL;PSOL;PSTU;PT;PTB;PV;REDE;SOLIDARIEDADE
2018,2018-10-20 00:00:00,020/18,HGPE,"PRESIDENTE, DEPUTADO FEDERAL",,"BRASIL, RJ",NÃO,,SIM,Sim,SIM,SIM,SIM,AVANTE;DEM;NOVO;PATRIOTA;PCDOB;PDT;PHS;PMB;PMDB;PMN;PODEMOS;PP;PPL;PPS;PR;PRB;PROS;PRP;PRTB;PSB;PSC;PSD;PSDB;PSDC;PSL;PSOL;PSTU;PT;PTB;PV;REDE;SOLIDARIEDADE
2018,2018-10-21 00:00:00,021/18,HGPE,"GOVERNADOR, SENADOR, DEPUTADO ESTADUAL",,RJ,NÃO,,SIM,Sim,SIM,SIM,SIM,AVANTE;DEM;NOVO;PATRIOTA;PCDOB;PDT;PHS;PMDB;PMN;PODEMOS;PP;PPS;PR;PRB;PROS;PRP;PRTB;PSB;PSC;PSD;PSDB;PSDC;PSL;PSOL;PSTU;PT;PTB;PTC;PV;REDE;SOLIDARIEDADE
2018,2018-10-22 00:00:00,022/18,HGPE,"PRESIDENTE, DEPUTADO FEDERAL",,"BRASIL, RJ",NÃO,,SIM,Sim,SIM,SIM,SIM,AVANTE;DEM;NOVO;PATRIOTA;PCDOB;PDT;PHS;PMDB;PMN;PODEMOS;PP;PPL;PPS;PR;PRB;PROS;PRP;PRTB;PSB;PSC;PSD;PSDB;PSDC;PSL;PSOL;PSTU;PT;PTB;PTC;PV;REDE;SOLIDARIEDADE
2018,2018-10-23 00:00:00,023/18,HGPE,"GOVERNADOR, SENADOR, DEPUTADO ESTADUAL",,RJ,NÃO,,SIM,Sim,SIM,SIM,SIM,AVANTE;DEM;NOVO;PATRIOTA;PCDOB;PDT;PHS;PMDB;PMN;PODEMOS;PP;PPS;PR;PRB;PROS;PRP;PRTB;PSB;PSC;PSD;PSDB;PSDC;PSL;PSOL;PT;PTB;PTC;PV;REDE;SOLIDARIEDADE
2018,2018-10-24 00:00:00,024/18,HGPE,"PRESIDENTE, DEPUTADO FEDERAL",,"BRASIL, RJ",NÃO,,SIM,Sim,SIM,SIM,SIM,AVANTE;DEM;NOVO;PATRIOTA;PCDOB;PDT;PHS;PMB;PMDB;PMN;PODEMOS;PP;PPL;PPS;PR;PRB;PROS;PRP;PRTB;PSB;PSC;PSD;PSDB;PSDC;PSL;PSOL;PSTU;PT;PTB;PV;REDE;SOLIDARIEDADE
2018,2018-10-25 00:00:00,025/18,HGPE,"GOVERNADOR, SENADOR, DEPUTADO ESTADUAL",,RJ,NÃO,,SIM,Sim,SIM,SIM,SIM,AVANTE;DEM;NOVO;PATRIOTA;PCDOB;PDT;PHS;PMDB;PMN;PODEMOS;PP;PPS;PR;PRB;PROS;PRP;PRTB;PSB;PSC;PSD;PSDB;PSDC;PSL;PSOL;PSTU;PT;PTC;PV;REDE;SOLIDARIEDADE
2018,2018-10-26 00:00:00,026/18,HGPE,"PRESIDENTE, DEPUTADO FEDERAL",,"BRASIL, RJ",NÃO,,SIM,Sim,SIM,SIM,SIM,AVANTE;DEM;NOVO;PATRIOTA;PCDOB;PDT;PHS;PMDB;PMN;PODEMOS;PP;PPL;PPS;PR;PRB;PROS;PRP;PRTB;PSB;PSC;PSD;PSDB;PSDC;PSL;PSOL;PSTU;PT;PTB;PTC;PV;REDE;SOLIDARIEDADE
2018,2018-10-27 00:00:00,027/18,HGPE,"GOVERNADOR, SENADOR, DEPUTADO ESTADUAL",,RJ,NÃO,,SIM,Sim,SIM,SIM,SIM,AVANTE;DEM;NOVO;PATRIOTA;PCDOB;PDT;PHS;PMDB;PMN;PODEMOS;PP;PPS;PR;PRB;PROS;PRP;PRTB;PSB;PSC;PSD;PSDB;PSDC;PSL;PSOL;PSTU;PT;PTB;PTC;PV;REDE;SOLIDARIEDADE
2018,2018-10-28 00:00:00,028/18,HGPE,"PRESIDENTE, DEPUTADO FEDERAL",,"BRASIL, RJ",NÃO,,SIM,Sim,SIM,SIM,SIM,AVANTE;DEM;NOVO;PATRIOTA;PCDOB;PDT;PHS;PMB;PMDB;PMN;PODEMOS;PP;PPL;PPS;PR;PRB;PROS;PRP;PRTB;PSB;PSC;PSD;PSDB;PSDC;PSL;PSOL;PSTU;PT;PTB;PV;REDE;SOLIDARIEDADE
2018,2018-10-29 00:00:00,029/18,HGPE,"PRESIDENTE, GOVERNADOR",,"BRASIL, RJ",NÃO,,SIM,Sim,SIM,SIM,SIM,DEM;PSC;PSL;PT
2018,2018-10-30 00:00:00,030/18,HGPE,"PRESIDENTE, GOVERNADOR",,"BRASIL, RJ",NÃO,,SIM,Sim,SIM,SIM,SIM,DEM;PSC;PSL;PT
2018,2018-10-31 00:00:00,031/18,HGPE,"PRESIDENTE, GOVERNADOR",,"BRASIL, RJ",NÃO,,SIM,Sim,SIM,SIM,SIM,DEM;PSC;PSL;PT
2018,2018-11-01 00:00:00,032/18,HGPE,"PRESIDENTE, GOVERNADOR",,"BRASIL, RJ",NÃO,,SIM,Sim,SIM,SIM,SIM,DEM;PSC;PSL;PT
2018,2018-11-02 00:00:00,033/18,HGPE,"PRESIDENTE, GOVERNADOR",,"BRASIL, RJ",NÃO,,SIM,Sim,SIM,SIM,SIM,DEM;PSC;PSL;PT
2018,2018-11-03 00:00:00,034/18,HGPE,"PRESIDENTE, GOVERNADOR",,"BRASIL, RJ",NÃO,,SIM,Sim,SIM,SIM,SIM,DEM;PSC;PSL;PT
2018,2018-11-04 00:00:00,035/18,HGPE,"PRESIDENTE, GOVERNADOR",,"BRASIL, RJ",NÃO,,SIM,Sim,SIM,SIM,SIM,DEM;PSC;PSL;PT
2018,2018-11-05 00:00:00,036/18,HGPE,"PRESIDENTE, GOVERNADOR",,"BRASIL, RJ",NÃO,,SIM,Sim,SIM,SIM,SIM,DEM;PSC;PSL;PT
2018,2018-11-06 00:00:00,037/18,HGPE,"PRESIDENTE, GOVERNADOR",,"BRASIL, RJ",NÃO,,SIM,Sim,SIM,SIM,SIM,DEM;PSC;PSL;PT
2018,2018-11-07 00:00:00,038/18,HGPE,"PRESIDENTE, GOVERNADOR",,"BRASIL, RJ",NÃO,,SIM,Sim,SIM,SIM,SIM,DEM;PSC;PSL;PT
2018,2018-11-08 00:00:00,039/18,HGPE,"PRESIDENTE, GOVERNADOR",,"BRASIL, RJ",NÃO,,SIM,Sim,SIM,SIM,SIM,DEM;PSC;PSL;PT
2018,2018-11-09 00:00:00,040/18,HGPE,"PRESIDENTE, GOVERNADOR",,"BRASIL, RJ",NÃO,,SIM,Sim,SIM,SIM,SIM,DEM;PSC;PSL;PT
2018,2018-11-10 00:00:00,041/18,HGPE,"PRESIDENTE, GOVERNADOR",,"BRASIL, RJ",NÃO,,SIM,Sim,SIM,SIM,SIM,DEM;PSC;PSL;PT
2010,2020-08-22 00:00:00,069/10,HGPE,"PRESIDENTE, DEPUTADO FEDERAL",,"BRASIL, RJ",NÃO,,SIM,Sim,SIM,SIM,SIM,DEM;PCB;PCDOB;PCO;PDT;PHS;PMDB;PMN;PP;PPS;PR;PRB;PRP;PRTB;PSB;PSC;PSDB;PSDC;PSOL;PSTU;PT;PTB;PTC;PTDOB;PTN;PV
2010,2010-08-23 00:00:00,070/10,HGPE,"PRESIDENTE, DEPUTADO FEDERAL",,"BRASIL, RJ",NÃO,,SIM,Sim,SIM,SIM,SIM,DEM;PCB;PCDOB;PCO;PDT;PHS;PMDB;PMN;PP;PPS;PR;PRB;PRTB;PSB;PSC;PSDB;PSDC;PSL;PSOL;PSTU;PT;PTB;PTC;PTDOB;PTN;PV
2010,2010-08-24 00:00:00,071/10,HGPE,"GOVERNADOR, SENADOR, DEPUTADO ESTADUAL",,RJ,NÃO,,SIM,Sim,SIM,SIM,SIM,DEM;PCB;PCDOB;PDT;PHS;PMDB;PMN;PP;PPS;PR;PRB;PRP;PRTB;PSB;PSC;PSDB;PSDC;PSL;PSOL;PSTU;PT;PTB;PTC;PTDOB;PTN;PV
2010,2010-08-25 00:00:00,072/10,TELEJORNAL,PRESIDENTE,O ano é na verdade de 2006,BRASIL,NÃO,,SIM,Sim,SIM,SIM,SIM,PFL;PPS;PSDB;PT
2010,2010-08-26 00:00:00,073/10,TELEJORNAL,PRESIDENTE,O ano é na verdade de 2006,BRASIL,NÃO,,SIM,Sim,SIM,SIM,SIM,PSDB;PT
2010,2010-08-27 00:00:00,074/10,TELEJORNAL,PRESIDENTE,O ano é na verdade de 2006,BRASIL,NÃO,,SIM,Sim,SIM,SIM,SIM,PSDB;PT
2010,2010-08-28 00:00:00,075/10,TELEJORNAL,PRESIDENTE,,BRASIL,NÃO,,SIM,Sim,SIM,SIM,SIM,PDT;PMDB;PSDB;PT
2010,2010-08-29 00:00:00,076/10,HGPE,"PRESIDENTE, DEPUTADO FEDERAL",,"BRASIL, RJ",NÃO,,SIM,Sim,SIM,SIM,SIM,DEM;PCB;PCDOB;PCO;PDT;PHS;PMDB;PMN;PP;PPS;PR;PRB;PRTB;PSB;PSC;PSDB;PSDC;PSL;PSOL;PSTU;PT;PTB;PTC;PTDOB;PTN;PV
2010,2010-08-30 00:00:00,077/10,HGPE,"GOVERNADOR, SENADOR, DEPUTADO ESTADUAL",,RJ,NÃO,,SIM,Sim,SIM,SIM,SIM,DEM;PCB;PCDOB;PDT;PHS;PMDB;PP;PPS;PR;PRB;PRP;PRTB;PSB;PSC;PSDB;PSDC;PSL;PSOL;PSTU;PT;PTB;PTC;PTDOB;PTN;PV
2010,2010-09-01 00:00:00,078/10,HGPE,"PRESIDENTE, GOVERNADOR, SENADOR, DEPUTADO ESTADUAL",,"BRASIL, RJ",NÃO,,SIM,Sim,SIM,SIM,SIM,DEM;PCB;PCDOB;PDT;PHS;PMDB;PMN;PP;PPS;PR;PRB;PRP;PSB;PSC;PSDB;PSDC;PSL;PSOL;PSTU;PT;PTB;PTC;PTDOB;PTN;PV
2010,2010-09-02 00:00:00,079/10,HGPE,"PRESIDENTE, DEPUTADO FEDERAL",,"BRASIL, RJ",NÃO,,SIM,Sim,SIM,SIM,SIM,DEM;PCB;PCDOB;PDT;PHS;PMDB;PMN;PP;PPS;PR;PRB;PRTB;PSB;PSDB;PSDC;PSL;PSOL;PSTU;PT;PTB;PTC;PTDOB;PTN;PV
2010,2010-09-03 00:00:00,080/10,HGPE,"GOVERNADOR, SENADOR, DEPUTADO ESTADUAL",,RJ,NÃO,,SIM,Sim,SIM,SIM,SIM,DEM;PCB;PCDOB;PDT;PHS;PMDB;PMN;PP;PPS;PR;PRB;PRP;PRTB;PSB;PSC;PSDB;PSDC;PSL;PSOL;PSTU;PT;PTB;PTC;PTDOB;PTN;PV
2010,2010-09-04 00:00:00,081/10,HGPE,"GOVERNADOR, SENADOR, DEPUTADO ESTADUAL",,RJ,NÃO,,SIM,Sim,SIM,SIM,SIM,DEM;PCB;PCDOB;PDT;PHS;PMDB;PMN;PP;PPS;PR;PRB;PRP;PRTB;PSB;PSC;PSDB;PSL;PSOL;PSTU;PT;PTB;PTC;PTDOB;PTN;PV
2010,2010-09-05 00:00:00,082/10,HGPE,"PRESIDENTE, DEPUTADO FEDERAL",,"BRASIL, RJ",NÃO,,SIM,Sim,SIM,SIM,SIM,DEM;PCB;PCDOB;PCO;PDT;PHS;PMDB;PMN;PP;PPS;PR;PRB;PRP;PRTB;PSB;PSC;PSDB;PSDC;PSOL;PSTU;PT;PTB;PTC;PTDOB;PTN;PV
2010,2010-09-06 00:00:00,083/10,HGPE,"PRESIDENTE, GOVERNADOR, SENADOR, DEPUTADO ESTADUAL",,"BRASIL, RJ",NÃO,,SIM,Sim,SIM,SIM,SIM,DEM;PCB;PCDOB;PDT;PHS;PMDB;PMN;PP;PPS;PR;PRB;PRP;PRTB;PSB;PSC;PSDB;PSL;PSOL;PSTU;PT;PTB;PTC;PTDOB;PTN;PV
2010,2010-09-07 00:00:00,084/10,HGPE,"GOVERNADOR, SENADOR, DEPUTADO ESTADUAL",,RJ,NÃO,,SIM,Sim,SIM,SIM,SIM,DEM;PCB;PCDOB;PDT;PHS;PMDB;PMN;PP;PPS;PR;PRB;PRP;PRTB;PSB;PSC;PSDB;PSL;PSOL;PSTU;PT;PTB;PTC;PTDOB;PTN;PV
2010,2010-09-08 00:00:00,085/10,HGPE,"GOVERNADOR, SENADOR, DEPUTADO ESTADUAL",,RJ,NÃO,,SIM,Sim,SIM,SIM,SIM,DEM;PCB;PCDOB;PDT;PHS;PMDB;PMN;PP;PPS;PR;PRB;PRP;PRTB;PSB;PSC;PSDB;PSL;PSOL;PSTU;PT;PTB;PTC;PTDOB;PTN;PV
2010,2010-09-09 00:00:00,086/10,HGPE,"PRESIDENTE, DEPUTADO FEDERAL",,"BRASIL, RJ",NÃO,,SIM,Sim,SIM,SIM,SIM,DEM;PCB;PCDOB;PCO;PDT;PHS;PMDB;PMN;PP;PPS;PR;PRB;PRTB;PSB;PSC;PSDB;PSDC;PSL;PSOL;PSTU;PT;PTB;PTC;PTDOB;PTN;PV
2010,2010-09-10 00:00:00,087/10,HGPE,"GOVERNADOR, SENADOR, DEPUTADO ESTADUAL",,RJ,NÃO,,SIM,Sim,SIM,SIM,SIM,DEM;PCB;PCDOB;PDT;PHS;PMDB;PMN;PP;PPS;PR;PRB;PRP;PRTB;PSB;PSC;PSDB;PSL;PSOL;PSTU;PT;PTB;PTC;PTDOB;PTN;PV
2010,2010-09-11 00:00:00,088/10,HGPE,"GOVERNADOR, SENADOR, DEPUTADO ESTADUAL",,RJ,NÃO,,SIM,Sim,SIM,SIM,SIM,DEM;PCB;PCDOB;PDT;PHS;PMDB;PMN;PP;PPS;PR;PRB;PRP;PRTB;PSB;PSC;PSDB;PSL;PSOL;PSTU;PT;PTB;PTC;PTDOB;PV
2010,2010-09-12 00:00:00,089/10,HGPE,"PRESIDENTE, DEPUTADO FEDERAL",,"BRASIL, RJ",NÃO,,SIM,Sim,SIM,SIM,SIM,DEM;PCB;PCDOB;PCO;PDT;PHS;PMDB;PMN;PP;PPS;PR;PRB;PRTB;PSB;PSDB;PSDC;PSL;PSOL;PSTU;PT;PTB;PTC;PTDOB;PTN;PV
2010,2010-09-13 00:00:00,090/10,OUTRO,,"É apenas o programa da MTV, não há partidos",,NÃO,,SIM,Sim,SIM,SIM,SIM,
2010,2010-09-14 00:00:00,091/10,HGPE,PRESIDENTE,,BRASIL,NÃO,,SIM,Sim,SIM,SIM,SIM,PCB;PCO;PRTB;PSDB;PSDC;PSOL;PSTU;PT;PV
2010,2010-09-15 00:00:00,092/10,HGPE,DEPUTADO ESTADUAL,,RJ,NÃO,,SIM,Sim,SIM,SIM,SIM,PT
2010,2010-09-16 00:00:00,093/10,HGPE,"GOVERNADOR, SENADOR, DEPUTADO ESTADUAL",,RJ,NÃO,,SIM,Sim,SIM,SIM,SIM,DEM;PCB;PCDOB;PDT;PMDB;PMN;PP;PPS;PR;PRB;PRP;PSB;PSC;PSDB;PSL;PSOL;PSTU;PT;PTB;PTC;PTDOB;PTN;PV
2010,2010-09-17 00:00:00,094/10,HGPE,"PRESIDENTE, DEPUTADO FEDERAL",,"BRASIL, RJ",NÃO,,SIM,Sim,SIM,SIM,SIM,DEM;PCB;PCDOB;PCO;PDT;PHS;PMDB;PMN;PP;PPS;PR;PRB;PRTB;PSB;PSC;PSDB;PSDC;PSOL;PSTU;PT;PTB;PTC;PTDOB;PTN;PV
2010,2010-09-18 00:00:00,095/10,HGPE,"GOVERNADOR, SENADOR, DEPUTADO ESTADUAL",,RJ,NÃO,,SIM,Sim,SIM,SIM,SIM,DEM;PCB;PCDOB;PDT;PHS;PMDB;PMN;PP;PPS;PR;PRB;PRP;PRTB;PSB;PSC;PSDB;PSDC;PSL;PSOL;PSTU;PT;PTB;PTC;PTDOB;PTN;PV
2010,2010-09-19 00:00:00,096/10,HGPE,"GOVERNADOR, SENADOR, DEPUTADO ESTADUAL",,RJ,NÃO,,SIM,Sim,SIM,SIM,SIM,DEM;PCB;PCDOB;PDT;PHS;PMDB;PMN;PP;PPS;PR;PRB;PRP;PRTB;PSB;PSC;PSDB;PSDC;PSL;PSOL;PSTU;PT;PTB;PTC;PTDOB;PTN;PV
2010,2010-09-20 00:00:00,098/10,HGPE,PRESIDENTE,,BRASIL,NÃO,,SIM,Sim,SIM,SIM,SIM,DEM;PCB;PCDOB;PCO;PDT;PHS;PMDB;PMN;PP;PPS;PR;PRB;PRTB;PSB;PSC;PSDB;PSDC;PSOL;PSTU;PT;PTB;PTDOB;PV
2010,2010-09-21 00:00:00,099/10,HGPE,,A gravação tem apenas 35 segundos (incompleto),,NÃO,,SIM,Sim,SIM,SIM,SIM,
2010,2010-09-22 00:00:00,100/10,HGPE,"PRESIDENTE, DEPUTADO FEDERAL",,"BRASIL, PR",NÃO,,SIM,Sim,SIM,SIM,SIM,DEM;PCB;PP;PRTB;PSB;PSDB;PSDC;PSOL;PSTU;PT;PTB;PTDOB;PTN;PV
2010,2010-09-23 00:00:00,101/10,HGPE,GOVERNADOR,,PR,NÃO,,SIM,Sim,SIM,SIM,SIM,PCB;PDT;PRTB;PSDB
2010,2010-09-24 00:00:00,102/10,HGPE,"PRESIDENTE, DEPUTADO FEDERAL",A gravação apresenta alguns ruídos e baixa qualidade,"BRASIL, PR",NÃO,,SIM,Sim,SIM,SIM,SIM,DEM;PCB;PCDOB;PCO;PDT;PHS;PMDB;PMN;PP;PPS;PR;PRB;PRTB;PSB;PSC;PSDB;PSDC;PSL;PSOL;PSTU;PT;PTB;PTC;PTDOB;PV
2010,2010-09-25 00:00:00,103/10,TELEJORNAL,PRESIDENTE,A gravação tem apenas 2:57 (incompleta),BRASIL,NÃO,,SIM,Sim,SIM,SIM,SIM,PSDB;PT;PV
2010,2010-09-26 00:00:00,104/10,TELEJORNAL,,A gravação tem apenas 6:26 (incompleta),,NÃO,,SIM,Sim,SIM,SIM,SIM,
2010,2010-09-27 00:00:00,105/10,HGPE,"PRESIDENTE, GOVERNADOR, SENADOR, DEPUTADO ESTADUAL",,"BRASIL, PR",NÃO,,SIM,Sim,SIM,SIM,SIM,DEM;PCB;PCDOB;PDT;PMDB;PMN;PP;PPS;PR;PRB;PRP;PRTB;PSB;PSC;PSDB;PSDC;PSL;PSOL;PSTU;PT;PTB;PTC;PTDOB;PTN;PV
2010,2010-09-28 00:00:00,106/10,HGPE,"PRESIDENTE, DEPUTADO FEDERAL",,"BRASIL, PR",NÃO,,SIM,Sim,SIM,SIM,SIM,DEM;PCB;PCDOB;PCO;PDT;PHS;PMDB;PMN;PP;PPS;PR;PRB;PRTB;PSB;PSC;PSDB;PSDC;PSOL;PSTU;PT;PTB;PTC;PTDOB;PTN;PV
2010,2010-09-29 00:00:00,107/10,HGPE,"PRESIDENTE, GOVERNADOR, SENADOR, DEPUTADO ESTADUAL",,"BRASIL, PR",NÃO,,SIM,Sim,SIM,SIM,SIM,DEM;PCB;PCDOB;PDT;PHS;PMDB;PMN;PP;PPS;PR;PRP;PRTB;PSB;PSC;PSDB;PSL;PSOL;PSTU;PT;PTB;PTC;PTDOB;PTN;PV
2010,2010-09-30 00:00:00,108/10,HGPE,,A gravação tem apenas 1:12,,NÃO,,SIM,Não,SIM,SIM,SIM,
2010,2010-10-01 00:00:00,109/10,TELEJORNAL,,A gravação tem apenas 4:11,,NÃO,,SIM,Não,SIM,SIM,SIM,
2010,2010-10-02 00:00:00,110/10,TELEJORNAL,,A gravação tem apenas 1:07,,NÃO,,SIM,Não,SIM,SIM,SIM,
2010,2010-10-03 00:00:00,111/10,HGPE,"GOVERNADOR, SENADOR, DEPUTADO ESTADUAL",,PR,NÃO,,SIM,Sim,SIM,SIM,SIM,DEM;PCB;PCDOB;PDT;PHS;PMDB;PMN;PP;PPS;PR;PRB;PRP;PRTB;PSB;PSC;PSDB;PSDC;PSL;PSOL;PSTU;PT;PTB;PTC;PTDOB;PTN;PV
2010,2010-10-04 00:00:00,112/10,HGPE,"PRESIDENTE, GOVERNADOR, DEPUTADO ESTADUAL",,"BRASIL, PR",NÃO,,SIM,Sim,SIM,SIM,SIM,PCDOB;PCO;PDT;PMDB;PRTB;PSB;PSC;PSDB;PSDC;PSOL;PSTU;PT;PV
2010,2010-10-05 00:00:00,117/10,HGPE,GOVERNADOR,A gravação tem apenas 6:00,PR,NÃO,,SIM,Não,SIM,SIM,SIM,PSOL;PSTU
2010,2010-10-06 00:00:00,118/10,HGPE,"PRESIDENTE, DEPUTADO FEDERAL",,"BRASIL, PR",NÃO,,SIM,Sim,SIM,SIM,SIM,DEM;PCB;PCO;PP;PPS;PRTB;PSDB;PSDC;PSOL;PSTU;PT;PV
2010,2010-10-07 00:00:00,119/10,HGPE,"GOVERNADOR, SENADOR, DEPUTADO ESTADUAL",,PR,NÃO,,SIM,Sim,SIM,SIM,SIM,DEM;PCB;PCDOB;PDT;PHS;PMDB;PMN;PP;PPS;PR;PRB;PRP;PRTB;PSB;PSC;PSDB;PSL;PSOL;PSTU;PT;PTB;PTC;PTDOB;PTN;PV
2010,2010-10-08 00:00:00,120/10,HGPE,PRESIDENTE,A gravação tem apenas 0:56,BRASIL,NÃO,,SIM,Não,SIM,SIM,SIM,PCB
2010,2010-10-09 00:00:00,121/10,HGPE,GOVERNADOR,A gravação tem apenas 2:34,PR,NÃO,,SIM,Não,SIM,SIM,SIM,PDT
2010,2010-10-10 00:00:00,122/10,TELEJORNAL,,A gravação tem apenas 3:39,,NÃO,,SIM,Não,SIM,SIM,SIM,
2010,2010-10-11 00:00:00,123/10,HGPE,"GOVERNADOR, SENADOR, DEPUTADO ESTADUAL",,PR,NÃO,,SIM,Sim,SIM,SIM,SIM,DEM;PCB;PCDOB;PDT;PHS;PMDB;PMN;PP;PPS;PR;PRB;PRP;PRTB;PSB;PSC;PSDB;PSL;PSOL;PSTU;PT;PTB;PTC;PTDOB;PTN;PV
2010,2010-10-11 00:00:00,124/10,HGPE,"PRESIDENTE, DEPUTADO FEDERAL",,AL,NÃO,,SIM,Sim,SIM,SIM,SIM,DEM;PCB;PCDOB;PCO;PHS;PMDB;PP;PPS;PR;PRTB;PSB;PSC;PSDB;PSDC;PSOL;PSTU;PT;PTB;PTDOB;PV
2010,2010-10-12 00:00:00,125/10,HGPE,"GOVERNADOR, SENADOR, DEPUTADO ESTADUAL",,AL,NÃO,,SIM,Sim,SIM,SIM,SIM,DEM;PCB;PCDOB;PDT;PMDB;PP;PPS;PR;PRTB;PSB;PSDB;PSL;PSOL;PT;PTB;PTC;PV
2010,2010-10-19 00:00:00,126/10,HGPE,"PRESIDENTE, DEPUTADO FEDERAL",,AL,NÃO,,SIM,Sim,SIM,SIM,SIM,DEM;PCB;PCDOB;PCO;PMDB;PMN;PP;PPS;PR;PRB;PRTB;PSB;PSC;PSDB;PSDC;PSOL;PSTU;PT;PTB;PTDOB;PV
2010,2010-10-20 00:00:00,127/10,HGPE,"GOVERNADOR, SENADOR, DEPUTADO ESTADUAL",,AL,NÃO,,SIM,Sim,SIM,SIM,SIM,DEM;PCB;PCDOB;PDT;PMDB;PMN;PP;PPS;PRB;PRTB;PSB;PSC;PSDB;PSOL;PT;PTB;PTDOB;PV
2010,2010-10-21 00:00:00,128/10,HGPE,"PRESIDENTE, DEPUTADO FEDERAL",,"BRASIL, AL",NÃO,,SIM,Sim,SIM,SIM,SIM,DEM;PCB;PCDOB;PCO;PDT;PHS;PMDB;PP;PPS;PR;PRB;PRTB;PSB;PSC;PSDB;PSDC;PSOL;PSTU;PT;PTB;PTDOB;PV
2010,2010-10-22 00:00:00,129/10,HGPE,"GOVERNADOR, SENADOR, DEPUTADO ESTADUAL",,AL,NÃO,,SIM,Sim,SIM,SIM,SIM,DEM;PCB;PCDOB;PDT;PMDB;PP;PPS;PR;PRTB;PSB;PSC;PSDB;PSOL;PT;PTB;PV
2010,2010-10-23 00:00:00,130/10,HGPE,"PRESIDENTE, DEPUTADO FEDERAL",,"BRASIL, AL",NÃO,,SIM,Sim,SIM,SIM,SIM,DEM;PCB;PCDOB;PCO;PDT;PMDB;PP;PPS;PR;PRB;PRTB;PSB;PSC;PSDB;PSDC;PSOL;PSTU;PT;PTB;PTDOB;PV
2010,2010-10-24 00:00:00,131/10,HGPE,"GOVERNADOR, SENADOR, DEPUTADO ESTADUAL",,AL,NÃO,,SIM,Sim,SIM,SIM,SIM,DEM;PCB;PCDOB;PDT;PMDB;PP;PPS;PRP;PRTB;PSB;PSC;PSDB;PSL;PSOL;PT;PTB;PTC;PTN;PV
2010,2010-10-25 00:00:00,132/10,HGPE,"PRESIDENTE, SENADOR, DEPUTADO FEDERAL",,"BRASIL, AL",NÃO,,SIM,Sim,SIM,SIM,SIM,DEM;PCB;PCDOB;PCO;PDT;PHS;PMDB;PMN;PP;PPS;PR;PRB;PRP;PRTB;PSB;PSC;PSDB;PSDC;PSOL;PSTU;PT;PTB;PTDOB;PV
2010,2010-10-26 00:00:00,133/10,HGPE,"GOVERNADOR, SENADOR, DEPUTADO ESTADUAL",,AL,NÃO,,SIM,Sim,SIM,SIM,SIM,DEM;PCB;PCDOB;PDT;PMDB;PMN;PP;PPS;PR;PRB;PRTB;PSB;PSC;PSDB;PSOL;PT;PTB;PTDOB;PV
2010,2010-10-27 00:00:00,134/10,HGPE,"PRESIDENTE, SENADOR, DEPUTADO FEDERAL",,"BRASIL, AL",NÃO,,SIM,Sim,SIM,SIM,SIM,DEM;PCB;PCDOB;PCO;PDT;PMDB;PMN;PP;PR;PRB;PRP;PRTB;PSB;PSC;PSDB;PSDC;PSOL;PSTU;PT;PTB;PTDOB;PV
2010,2010-10-28 00:00:00,135/10,HGPE,"GOVERNADOR, SENADOR, DEPUTADO ESTADUAL",,AL,NÃO,,SIM,Sim,SIM,SIM,SIM,DEM;PCB;PCDOB;PDT;PMDB;PMN;PPS;PRP;PRTB;PSB;PSDB;PSL;PSOL;PT;PTB;PTN;PV
2010,2010-10-29 00:00:00,136/10,HGPE,"PRESIDENTE, SENADOR, DEPUTADO FEDERAL",,"BRASIL, AL",NÃO,,SIM,Sim,SIM,SIM,SIM,DEM;PCB;PCDOB;PCO;PDT;PMDB;PMN;PP;PR;PRP;PRTB;PSB;PSC;PSDB;PSDC;PSOL;PSTU;PT;PTB;PTDOB;PV
2010,2010-10-30 00:00:00,137/10,HGPE,"GOVERNADOR, SENADOR, DEPUTADO ESTADUAL",,AL,NÃO,,SIM,Sim,SIM,SIM,SIM,DEM;PCB;PCDOB;PDT;PMDB;PMN;PP;PPS;PR;PRB;PRTB;PSB;PSDB;PSL;PSOL;PT;PTB;PTC;PV
2010,2010-10-31 00:00:00,138/10,HGPE,"PRESIDENTE, DEPUTADO FEDERAL",,"BRASIL, AL",NÃO,,SIM,Sim,SIM,SIM,SIM,DEM;PCB;PCDOB;PCO;PDT;PHS;PMDB;PMN;PP;PR;PRB;PRP;PRTB;PSB;PSC;PSDB;PSDC;PSOL;PSTU;PT;PTB;PTDOB;PV
2010,2010-08-01 00:00:00,139/10,HGPE,"GOVERNADOR, SENADOR, DEPUTADO ESTADUAL",,AL,NÃO,,SIM,Sim,SIM,SIM,SIM,DEM;PCB;PCDOB;PDT;PMDB;PMN;PP;PPS;PRP;PRTB;PSB;PSC;PSDB;PSL;PSOL;PT;PTB;PTDOB;PTN;PV
2010,2010-10-02 00:00:00,140/10,HGPE,"PRESIDENTE, DEPUTADO FEDERAL",,"BRASIL, AL",NÃO,,SIM,Sim,SIM,SIM,SIM,DEM;PCB;PCDOB;PCO;PDT;PMDB;PMN;PP;PPS;PR;PRB;PRP;PRTB;PSB;PSC;PSDB;PSDC;PSOL;PSTU;PT;PTB;PTDOB;PV
2010,2010-08-03 00:00:00,141/10,HGPE,"GOVERNADOR, SENADOR, DEPUTADO ESTADUAL",,AL,NÃO,,SIM,Sim,SIM,SIM,SIM,DEM;PCB;PCDOB;PDT;PMDB;PMN;PP;PPS;PR;PRB;PRTB;PSB;PSC;PSDB;PSL;PSOL;PT;PTB;PV
2010,2010-08-04 00:00:00,142/10,HGPE,"PRESIDENTE, DEPUTADO FEDERAL",,"BRASIL, AL",NÃO,,SIM,Sim,SIM,SIM,SIM,DEM;PCB;PCDOB;PCO;PDT;PMDB;PP;PR;PRB;PRP;PRTB;PSC;PSDB;PSDC;PSOL;PSTU;PT;PTB;PTDOB;PV
2010,2010-08-05 00:00:00,143/10,HGPE,"GOVERNADOR, SENADOR, DEPUTADO ESTADUAL",,,NÃO,,SIM,Sim,SIM,SIM,SIM,DEM;PCB;PCDOB;PDT;PMDB;PMN;PP;PPS;PRTB;PSB;PSDB;PSL;PSOL;PT;PTB;PTDOB;PTN;PV
2010,2010-08-06 00:00:00,145/10,HGPE,"GOVERNADOR, SENADOR, DEPUTADO ESTADUAL",,"PI, AL",NÃO,,SIM,Sim,SIM,SIM,SIM,DEM;PCB;PCDOB;PDT;PMDB;PMN;PPS;PR;PRTB;PSB;PSC;PSDB;PSL;PSOL;PT;PTB
2010,2010-08-07 00:00:00,146/10,HGPE,"PRESIDENTE, DEPUTADO FEDERAL",,"BRASIL, AL",NÃO,,SIM,Sim,SIM,SIM,SIM,DEM;PCB;PCDOB;PCO;PDT;PMDB;PP;PR;PRB;PRP;PRTB;PSB;PSC;PSDB;PSDC;PSOL;PSTU;PT;PTB;PTDOB;PV
2010,2010-08-08 00:00:00,147/10,HGPE,"GOVERNADOR, SENADOR, DEPUTADO ESTADUAL",,AL,NÃO,,SIM,Sim,SIM,SIM,SIM,DEM;PCB;PCDOB;PDT;PMDB;PP;PPS;PRTB;PSB;PSC;PSDB;PSL;PSOL;PT;PTB;PTDOB;PTN;PV
2010,2010-08-09 00:00:00,148/10,HGPE,"PRESIDENTE, DEPUTADO FEDERAL",,"BRASIL, AL",NÃO,,SIM,Sim,SIM,SIM,SIM,DEM;PCB;PCDOB;PCO;PDT;PHS;PMDB;PP;PPS;PR;PRB;PRP;PRTB;PSB;PSC;PSDB;PSDC;PSOL;PSTU;PT;PTB;PTDOB;PTN;PV
2010,2010-08-10 00:00:00,149/10,HGPE,"GOVERNADOR, SENADOR, DEPUTADO ESTADUAL",,AL,NÃO,,SIM,Sim,SIM,SIM,SIM,DEM;PCB;PCDOB;PDT;PMDB;PMN;PP;PPS;PR;PRB;PRTB;PSB;PSDB;PSL;PSOL;PT;PTB;PTN;PV
2010,2010-08-11 00:00:00,150/10,HGPE,"PRESIDENTE, SENADOR, DEPUTADO FEDERAL, DEPUTADO ESTADUAL",,"BRASIL, AL",NÃO,,SIM,Sim,SIM,SIM,SIM,DEM;PCB;PCDOB;PDT;PMDB;PMN;PP;PPS;PR;PRB;PRP;PRTB;PSB;PSC;PSDB;PSDC;PSOL;PSTU;PT;PTB;PTDOB;PTN;PV
2010,2010-08-12 00:00:00,151/10,HGPE,"GOVERNADOR, SENADOR, DEPUTADO ESTADUAL",,AL,NÃO,,SIM,Sim,SIM,SIM,SIM,DEM;PCDOB;PDT;PMDB;PMN;PP;PPS;PRTB;PSB;PSC;PSDB;PSL;PSOL;PT;PTB;PTDOB
2010,2010-08-13 00:00:00,152/10,HGPE,"PRESIDENTE, DEPUTADO FEDERAL, DEPUTADO ESTADUAL",,"BRASIL, AL",NÃO,,SIM,Sim,SIM,SIM,SIM,DEM;PCB;PCDOB;PCO;PDT;PMDB;PP;PPS;PR;PRB;PRP;PRTB;PSB;PSC;PSDB;PSDC;PSOL;PSTU;PT;PTB;PTDOB;PTN;PV
2010,2010-08-14 00:00:00,153/10,HGPE,"GOVERNADOR, SENADOR, DEPUTADO ESTADUAL",,AL,NÃO,,SIM,Sim,SIM,SIM,SIM,DEM;PCB;PCDOB;PDT;PMDB;PMN;PP;PPS;PR;PRTB;PSB;PSC;PSDB;PSL;PSOL;PT;PTB;PTN;PV
2010,2010-08-15 00:00:00,154/10,HGPE,"PRESIDENTE, DEPUTADO FEDERAL, DEPUTADO ESTADUAL",,"BRASIL, AL",NÃO,,SIM,Sim,SIM,SIM,SIM,DEM;PCB;PCDOB;PCO;PDT;PMDB;PP;PPS;PR;PRB;PRP;PRTB;PSB;PSC;PSDB;PSDC;PSOL;PSTU;PT;PTB;PTDOB;PTN;PV
2010,2010-08-16 00:00:00,155/10,HGPE,"GOVERNADOR, SENADOR, DEPUTADO ESTADUAL",,AL,NÃO,,SIM,Sim,SIM,SIM,SIM,DEM;PCB;PCDOB;PDT;PMDB;PP;PPS;PRB;PRTB;PSB;PSDB;PSOL;PT;PTB;PTC;PTDOB;PTN;PV
2010,2010-08-17 00:00:00,156/10,HGPE,"PRESIDENTE, DEPUTADO FEDERAL, DEPUTADO ESTADUAL",,"BRASIL, AL",NÃO,,SIM,Sim,SIM,SIM,SIM,DEM;PCB;PCDOB;PCO;PDT;PMDB;PMN;PP;PPS;PR;PRB;PRP;PRTB;PSB;PSC;PSDB;PSDC;PSOL;PSTU;PT;PTB;PTDOB;PTN;PV
2010,2010-08-18 00:00:00,157/10,HGPE,"GOVERNADOR, SENADOR, DEPUTADO ESTADUAL",,AL,NÃO,,SIM,Sim,SIM,SIM,SIM,DEM;PCB;PCDOB;PDT;PMDB;PMN;PP;PPS;PR;PRTB;PSB;PSC;PSDB;PSL;PSOL;PT;PTB;PTN;PV
2010,2010-08-19 00:00:00,158/10,HGPE,"PRESIDENTE, DEPUTADO FEDERAL, DEPUTADO ESTADUAL",,"BRASIL, AL",NÃO,,SIM,Sim,SIM,SIM,SIM,DEM;PCB;PCDOB;PCO;PDT;PMDB;PP;PPS;PR;PRB;PRTB;PSB;PSC;PSDB;PSDC;PSOL;PSTU;PT;PTB;PTDOB;PTN;PV
2010,2010-08-20 00:00:00,159/10,HGPE,"GOVERNADOR, SENADOR, DEPUTADO ESTADUAL",,AL,NÃO,,SIM,Sim,SIM,SIM,SIM,DEM;PCB;PCDOB;PDT;PMDB;PMN;PP;PPS;PRTB;PSB;PSC;PSDB;PSL;PSOL;PT;PTB;PTDOB;PTN;PV
2010,2010-08-21 00:00:00,160/10,HGPE,"PRESIDENTE, DEPUTADO FEDERAL",,"BRASIL, AL",NÃO,,SIM,Sim,SIM,SIM,SIM,DEM;PCB;PCDOB;PCO;PDT;PMDB;PMN;PP;PPS;PR;PRB;PRP;PRTB;PSB;PSC;PSDB;PSDC;PSOL;PSTU;PT;PTB;PTDOB;PTN;PV
2010,2010-08-22 00:00:00,161/10,HGPE,"GOVERNADOR, SENADOR, DEPUTADO ESTADUAL",,AL,NÃO,,SIM,Sim,SIM,SIM,SIM,DEM;PCB;PCDOB;PDT;PMDB;PP;PPS;PR;PRTB;PSB;PSDB;PSOL;PT;PTB;PTDOB;PTN;PV
2010,2010-08-23 00:00:00,162/10,HGPE,"PRESIDENTE, DEPUTADO FEDERAL, DEPUTADO ESTADUAL",,"BRASIL, AL",NÃO,,SIM,Sim,SIM,SIM,SIM,PCB;PCDOB;PCO;PDT;PMDB;PR;PRP;PRTB;PSDB;PSDC;PSOL;PT;PTB;PTDOB;PTN;PV
2010,2010-08-24 00:00:00,163/10,HGPE,"PRESIDENTE, DEPUTADO FEDERAL",,RN,NÃO,,SIM,Sim,SIM,SIM,SIM,DEM;PCB;PCDOB;PCO;PDT;PHS;PMDB;PMN;PP;PPS;PR;PRB;PRP;PRTB;PSB;PSDB;PSDC;PSL;PSOL;PSTU;PT;PTC;PV
2010,2010-08-25 00:00:00,164/10,HGPE,"GOVERNADOR, DEPUTADO ESTADUAL",A gravação tem apenas 28:56 (incompleta),RN,NÃO,,SIM,Sim,SIM,SIM,SIM,DEM;PCB;PCDOB;PDT;PMN;PRTB;PSB;PSDB;PSOL;PSTU;PTB;PTC
2010,2010-08-26 00:00:00,165/10,HGPE,"PRESIDENTE, DEPUTADO ESTADUAL",,"BRASIL, RN",NÃO,,SIM,Sim,SIM,SIM,SIM,DEM;PCB;PCDOB;PCO;PDT;PHS;PMDB;PMN;PPS;PR;PRB;PRP;PRTB;PSB;PSC;PSDB;PSDC;PSOL;PSTU;PT;PTB;PTC;PV
2010,2010-08-27 00:00:00,166/10,HGPE,"GOVERNADOR, SENADOR, DEPUTADO ESTADUAL",,RN,NÃO,,SIM,Sim,SIM,SIM,SIM,DEM;PCB;PCDOB;PDT;PHS;PMDB;PMN;PP;PR;PRB;PRTB;PSB;PSDB;PSDC;PSOL;PSTU;PT;PTC;PV
2010,2010-08-28 00:00:00,167/10,HGPE,"PRESIDENTE, DEPUTADO FEDERAL",,"BRASIL, RN",NÃO,,SIM,Sim,SIM,SIM,SIM,DEM;PCB;PCDOB;PCO;PDT;PHS;PMDB;PMN;PPS;PR;PRP;PRTB;PSB;PSC;PSDB;PSDC;PSOL;PSTU;PT;PTC;PV
2010,2010-08-29 00:00:00,168/10,HGPE,"GOVERNADOR, SENADOR, DEPUTADO ESTADUAL",,RN,NÃO,,SIM,Sim,SIM,SIM,SIM,DEM;PCB;PCDOB;PDT;PHS;PMDB;PMN;PP;PR;PRB;PRTB;PSB;PSDB;PSDC;PSOL;PSTU;PT;PTC;PV
2010,2010-08-30 00:00:00,169/10,HGPE,"PRESIDENTE, DEPUTADO FEDERAL",,"BRASIL, RN",NÃO,,SIM,Sim,SIM,SIM,SIM,DEM;PCB;PCDOB;PCO;PDT;PHS;PMDB;PMN;PPS;PR;PRB;PRP;PRTB;PSB;PSDB;PSDC;PSL;PSOL;PSTU;PT;PTC;PV
2010,2010-08-31 00:00:00,171/10,HGPE,"PRESIDENTE, DEPUTADO FEDERAL",,"BRASIL, RN",NÃO,,SIM,Sim,SIM,SIM,SIM,DEM;PCB;PCDOB;PCO;PDT;PHS;PMDB;PMN;PP;PR;PRB;PRP;PRTB;PSB;PSDB;PSDC;PSOL;PSTU;PT;PV
2010,2010-09-01 00:00:00,172/10,HGPE,"GOVERNADOR, SENADOR, DEPUTADO ESTADUAL",,RN,NÃO,,SIM,Sim,SIM,SIM,SIM,DEM;PCB;PCDOB;PDT;PHS;PMDB;PMN;PP;PPS;PR;PRB;PRTB;PSB;PSDB;PSDC;PSOL;PSTU;PT;PTC;PV
2010,2010-09-02 00:00:00,173/10,HGPE,"PRESIDENTE, DEPUTADO FEDERAL",,"BRASIL, RN",NÃO,,SIM,Sim,SIM,SIM,SIM,DEM;PCB;PCDOB;PCO;PDT;PHS;PMDB;PMN;PPS;PR;PRP;PRTB;PSB;PSC;PSDB;PSDC;PSL;PSOL;PSTU;PT;PTB;PTC;PTN;PV
2010,2010-09-03 00:00:00,174/10,HGPE,"GOVERNADOR, SENADOR, DEPUTADO ESTADUAL",,RN,NÃO,,SIM,Sim,SIM,SIM,SIM,DEM;PCB;PCDOB;PDT;PHS;PMDB;PMN;PP;PPS;PR;PRB;PRTB;PSB;PSC;PSDB;PSL;PSOL;PSTU;PT;PTB;PTC;PTN;PV
2010,2010-09-04 00:00:00,175/10,HGPE,"PRESIDENTE, DEPUTADO FEDERAL",,"BRASIL, RN",NÃO,,SIM,Sim,SIM,SIM,SIM,DEM;PCB;PCDOB;PCO;PDT;PHS;PMDB;PMN;PP;PPS;PR;PRB;PRP;PRTB;PSB;PSC;PSDB;PSDC;PSL;PSOL;PSTU;PT;PTB;PTC;PTN;PV
2010,2010-09-05 00:00:00,176/10,HGPE,"GOVERNADOR, SENADOR, DEPUTADO ESTADUAL",,RN,NÃO,,SIM,Sim,SIM,SIM,SIM,DEM;PCB;PCDOB;PDT;PHS;PMDB;PMN;PP;PPS;PR;PRB;PRP;PRTB;PSB;PSC;PSDB;PSDC;PSL;PSOL;PSTU;PT;PTB;PTC;PTN;PV
2010,2010-09-06 00:00:00,177/10,HGPE,"PRESIDENTE, DEPUTADO FEDERAL",,"BRASIL, RN",NÃO,,SIM,Sim,SIM,SIM,SIM,DEM;PCB;PCDOB;PCO;PHS;PMDB;PMN;PP;PPS;PR;PRB;PRTB;PSB;PSC;PSDB;PSDC;PSL;PSOL;PSTU;PT;PTB;PTC;PTN;PV
2010,2010-09-07 00:00:00,178/10,HGPE,"GOVERNADOR, SENADOR, DEPUTADO ESTADUAL",,RN,NÃO,,SIM,Sim,SIM,SIM,SIM,DEM;PCB;PCDOB;PDT;PHS;PMDB;PMN;PP;PR;PRB;PRP;PRTB;PSB;PSC;PSDB;PSDC;PSL;PSOL;PSTU;PT;PTB;PTC;PTN;PV
2010,2010-09-08 00:00:00,180/10,HGPE,"GOVERNADOR, SENADOR, DEPUTADO ESTADUAL",,RN,NÃO,,SIM,Sim,SIM,SIM,SIM,DEM;PCB;PCDOB;PDT;PHS;PMDB;PMN;PP;PPS;PR;PRB;PRP;PRTB;PSB;PSDB;PSL;PSOL;PSTU;PT;PTC;PTN;PV
2010,2010-09-09 00:00:00,181/10,HGPE,"PRESIDENTE, DEPUTADO FEDERAL",,"BRASIL, RN",NÃO,,SIM,Sim,SIM,SIM,SIM,DEM;PCB;PCDOB;PDT;PHS;PMDB;PMN;PPS;PR;PRB;PRP;PRTB;PSB;PSC;PSDB;PSDC;PSL;PSOL;PSTU;PT;PTB;PTC;PTN;PV
2010,2010-09-10 00:00:00,182/10,HGPE,"GOVERNADOR, SENADOR, DEPUTADO ESTADUAL",,RN,NÃO,,SIM,Sim,SIM,SIM,SIM,DEM;PCB;PCDOB;PDT;PHS;PMDB;PMN;PP;PR;PRB;PRP;PRTB;PSB;PSC;PSDB;PSDC;PSL;PSOL;PSTU;PT;PTB;PTC;PTN;PV
2010,2010-09-11 00:00:00,183/10,HGPE,"PRESIDENTE, DEPUTADO FEDERAL",,"BRASIL, RN",NÃO,,SIM,Sim,SIM,SIM,SIM,DEM;PCDOB;PCO;PDT;PHS;PMDB;PMN;PP;PPS;PR;PRB;PRP;PRTB;PSB;PSC;PSDB;PSDC;PSL;PSOL;PSTU;PT;PTB;PTC;PTN;PV
2010,2010-09-12 00:00:00,184/10,HGPE,"GOVERNADOR, SENADOR, DEPUTADO ESTADUAL",,RN,NÃO,,SIM,Sim,SIM,SIM,SIM,DEM;PCB;PCDOB;PDT;PHS;PMDB;PMN;PP;PPS;PR;PRB;PRP;PSB;PSC;PSDB;PSDC;PSL;PSOL;PSTU;PT;PTB;PTC;PTN;PV
2010,2010-09-13 00:00:00,185/10,HGPE,"PRESIDENTE, DEPUTADO FEDERAL",,"BRASIL, RN",NÃO,,SIM,Sim,SIM,SIM,SIM,DEM;PCB;PCDOB;PCO;PDT;PHS;PMDB;PMN;PPS;PR;PRB;PRP;PRTB;PSB;PSC;PSDB;PSDC;PSL;PSOL;PSTU;PT;PTB;PTC;PTN;PV
2010,2010-09-14 00:00:00,186/10,HGPE,"GOVERNADOR, SENADOR, DEPUTADO ESTADUAL",A gravação tem apenas 32:39 (incompleta),RN,NÃO,,SIM,Sim,SIM,SIM,SIM,DEM;PCB;PCDOB;PDT;PHS;PMDB;PMN;PP;PR;PRP;PRTB;PSB;PSC;PSDB;PSDC;PSL;PSOL;PSTU;PT;PTC;PTN;PV
2010,2010-09-15 00:00:00,187/10,HGPE,"PRESIDENTE, DEPUTADO FEDERAL",,"BRASIL, RN",NÃO,,SIM,Sim,SIM,SIM,SIM,DEM;PCB;PCDOB;PCO;PDT;PHS;PMDB;PMN;PP;PPS;PR;PRB;PRP;PRTB;PSB;PSC;PSDB;PSDC;PSL;PSOL;PSTU;PT;PTB;PTC;PTDOB;PTN;PV
2010,2010-09-16 00:00:00,188/10,HGPE,"GOVERNADOR, SENADOR, DEPUTADO ESTADUAL",,RN,NÃO,,SIM,Sim,SIM,SIM,SIM,DEM;PCB;PCDOB;PDT;PHS;PMDB;PMN;PP;PR;PRB;PRP;PSB;PSDC;PSOL;PSTU;PT;PTC;PV
2010,2010-09-17 00:00:00,189/10,HGPE,,A gravação tem apenas 12:11 (incompleta),,NÃO,,SIM,Não,SIM,SIM,SIM,
2010,2010-09-18 00:00:00,190/10,HGPE,"GOVERNADOR, SENADOR, DEPUTADO ESTADUAL",,RN,NÃO,,SIM,Sim,SIM,SIM,SIM,DEM;PCB;PCDOB;PDT;PHS;PMDB;PMN;PP;PR;PRB;PRP;PRTB;PSB;PSC;PSDB;PSDC;PSL;PSOL;PSTU;PT;PTB;PTC;PTN;PV
2010,2010-09-19 00:00:00,191/10,HGPE,PRESIDENTE,A gravação tem apenas 17:52 (incompleta),BRASIL,NÃO,,SIM,Não,SIM,SIM,SIM,PCB;PRTB;PSDB;PSDC;PT;PV
2010,2010-09-20 00:00:00,192/10,HGPE,GOVERNADOR,A gravação tem apenas 16:17 (incompleta),RN,NÃO,,SIM,Não,SIM,SIM,SIM,DEM
2010,2010-09-21 00:00:00,193/10,HGPE,"PRESIDENTE, DEPUTADO FEDERAL",,"BRASIL, RN",NÃO,,SIM,Sim,SIM,SIM,SIM,DEM;PCB;PCDOB;PCO;PDT;PHS;PMDB;PMN;PPS;PR;PRB;PRP;PRTB;PSB;PSC;PSDB;PSDC;PSL;PSOL;PSTU;PT;PTB;PTC;PTN;PV
2010,2010-09-22 00:00:00,194/10,HGPE,"GOVERNADOR, SENADOR, DEPUTADO ESTADUAL",,RN,NÃO,,SIM,Sim,SIM,SIM,SIM,DEM;PCB;PCDOB;PDT;PHS;PMDB;PMN;PR;PRP;PSB;PSC;PSDB;PSDC;PSL;PSOL;PSTU;PT;PTB;PTC;PV
2010,2010-09-23 00:00:00,195/10,HGPE,"PRESIDENTE, DEPUTADO FEDERAL",A gravação tem apenas 29:43 (incompleta),"BRASIL, RN",NÃO,,SIM,Não,SIM,SIM,SIM,PCB;PCO;PRTB;PSDB;PSDC;PSOL;PSTU;PT;PTC;PV
2010,2010-09-24 00:00:00,197/10,HGPE,"PRESIDENTE, DEPUTADO FEDERAL",,"BRASIL, RN",NÃO,,SIM,Sim,SIM,SIM,SIM,DEM;PCB;PCDOB;PCO;PDT;PHS;PMDB;PMN;PP;PPS;PR;PRP;PRTB;PSB;PSDB;PSDC;PSOL;PSTU;PT;PTC;PV
2010,2010-09-25 00:00:00,198/10,HGPE,"GOVERNADOR, SENADOR, DEPUTADO ESTADUAL",,RN,NÃO,,SIM,Sim,SIM,SIM,SIM,DEM;PCB;PCDOB;PDT;PHS;PMDB;PMN;PR;PRB;PRP;PRTB;PSDB;PSDC;PSOL;PSTU;PT;PTC;PV
2010,2010-09-26 00:00:00,200/10,HGPE,"GOVERNADOR, SENADOR, DEPUTADO ESTADUAL",,RN,NÃO,,SIM,Sim,SIM,SIM,SIM,DEM;PCB;PCDOB;PDT;PHS;PMDB;PMN;PP;PR;PRB;PRP;PRTB;PSB;PSC;PSDB;PSDC;PSL;PSOL;PSTU;PT;PTB;PTC;PTN;PV
2010,2010-09-27 00:00:00,201/10,HGPE,"PRESIDENTE, DEPUTADO FEDERAL",,"BRASIL, RN",NÃO,,SIM,Sim,SIM,SIM,SIM,DEM;PCB;PCDOB;PCO;PDT;PHS;PMDB;PMN;PPS;PR;PRB;PRP;PRTB;PSB;PSC;PSDB;PSDC;PSL;PSOL;PSTU;PT;PTC;PTN;PV
2010,2010-09-28 00:00:00,202/10,HGPE,"PRESIDENTE, DEPUTADO FEDERAL",,"BRASIL, MG",NÃO,,SIM,Sim,SIM,SIM,SIM,DEM;PCB;PCDOB;PCO;PDT;PHS;PMDB;PMN;PP;PPS;PR;PRB;PRTB;PSB;PSC;PSDB;PSDC;PSOL;PSTU;PT;PTB;PTC;PTDOB;PV
2010,2010-09-29 00:00:00,203/10,HGPE,"GOVERNADOR, SENADOR, DEPUTADO ESTADUAL",,MG,NÃO,,SIM,Sim,SIM,SIM,SIM,DEM;PCB;PCDOB;PCO;PDT;PHS;PMDB;PMN;PP;PPS;PR;PRB;PRP;PSB;PSC;PSDB;PSDC;PSL;PSOL;PSTU;PT;PTB;PTC;PTDOB;PTN;PV
2010,2010-09-30 00:00:00,204/10,HGPE,"GOVERNADOR, SENADOR, DEPUTADO ESTADUAL",,MG,NÃO,,SIM,Sim,SIM,SIM,SIM,DEM;PCB;PCDOB;PCO;PDT;PHS;PMDB;PMN;PP;PPS;PR;PRP;PSB;PSC;PSDB;PSDC;PSL;PSOL;PSTU;PT;PTB;PTC;PTDOB;PTN;PV
2010,2010-10-01 00:00:00,205/10,HGPE,"PRESIDENTE, DEPUTADO FEDERAL",,"BRASIL, MG",NÃO,,SIM,Sim,SIM,SIM,SIM,DEM;PCB;PCDOB;PCO;PDT;PHS;PMDB;PMN;PP;PPS;PR;PRB;PRTB;PSB;PSC;PSDB;PSDC;PSL;PSOL;PSTU;PT;PTB;PTC;PTDOB;PTN;PV
2010,2010-10-02 00:00:00,206/10,HGPE,"GOVERNADOR, SENADOR, DEPUTADO ESTADUAL",,MG,NÃO,,SIM,Sim,SIM,SIM,SIM,DEM;PCB;PCDOB;PCO;PDT;PHS;PMDB;PMN;PP;PPS;PR;PRB;PRP;PSB;PSC;PSDB;PSDC;PSL;PSOL;PSTU;PT;PTB;PTC;PTDOB;PTN;PV
2010,2010-10-03 00:00:00,207/10,HGPE,"PRESIDENTE, DEPUTADO FEDERAL",,"BRASIL, MG",NÃO,,SIM,Sim,SIM,SIM,SIM,DEM;PCB;PCDOB;PCO;PDT;PHS;PMDB;PMN;PP;PPS;PR;PRB;PRTB;PSB;PSC;PSDB;PSDC;PSL;PSOL;PSTU;PT;PTB;PTC;PTDOB;PTN;PV
2010,2010-10-04 00:00:00,208/10,HGPE,"GOVERNADOR, SENADOR, DEPUTADO ESTADUAL",,MG,NÃO,,SIM,Sim,SIM,SIM,SIM,DEM;PCB;PCDOB;PCO;PDT;PHS;PMDB;PP;PPS;PR;PRB;PRP;PRTB;PSB;PSC;PSDB;PSDC;PSOL;PSTU;PT;PTB;PTC;PTDOB;PTN;PV
2010,2010-10-05 00:00:00,209/10,HGPE,"GOVERNADOR, SENADOR, DEPUTADO ESTADUAL",,MG,NÃO,,SIM,Sim,SIM,SIM,SIM,DEM;PCB;PCDOB;PCO;PDT;PHS;PMDB;PP;PPS;PR;PRB;PRP;PRTB;PSB;PSC;PSDB;PSDC;PSOL;PSTU;PT;PTB;PTC;PTDOB;PTN;PV
2010,2010-10-06 00:00:00,210/10,HGPE,"GOVERNADOR, SENADOR, DEPUTADO ESTADUAL",,MG,NÃO,,SIM,Sim,SIM,SIM,SIM,DEM;PCB;PCDOB;PCO;PDT;PHS;PMDB;PMN;PP;PPS;PR;PRB;PRP;PSB;PSC;PSDB;PSOL;PSTU;PT;PTB;PTC;PTDOB;PTN;PV
2010,2010-10-07 00:00:00,211/10,HGPE,"PRESIDENTE, DEPUTADO FEDERAL",,"BRASIL, MG",NÃO,,SIM,Sim,SIM,SIM,SIM,DEM;PCB;PCDOB;PCO;PDT;PHS;PMDB;PP;PPS;PR;PRP;PRTB;PSB;PSC;PSDB;PSDC;PSOL;PSTU;PT;PTB;PTC;PTDOB;PV
2010,2010-10-08 00:00:00,212/10,HGPE,"GOVERNADOR, SENADOR, DEPUTADO ESTADUAL",,MG,NÃO,,SIM,Sim,SIM,SIM,SIM,DEM;PCB;PCDOB;PCO;PDT;PHS;PMDB;PMN;PP;PPS;PR;PRB;PRP;PRTB;PSB;PSC;PSDB;PSDC;PSL;PSOL;PSTU;PT;PTB;PTC;PTDOB;PTN;PV
2010,2010-10-09 00:00:00,213/10,HGPE,"PRESIDENTE, DEPUTADO FEDERAL",,"BRASIL, MG",NÃO,,SIM,Sim,SIM,SIM,SIM,DEM;PCB;PCDOB;PCO;PDT;PHS;PMDB;PMN;PP;PPS;PR;PRB;PRTB;PSB;PSC;PSDB;PSDC;PSOL;PSTU;PT;PTB;PTC;PTDOB;PTN;PV
2010,2010-10-10 00:00:00,214/10,HGPE,"GOVERNADOR, SENADOR, DEPUTADO ESTADUAL",,MG,NÃO,,SIM,Sim,SIM,SIM,SIM,DEM;PCB;PCDOB;PCO;PDT;PHS;PMDB;PMN;PP;PPS;PR;PRB;PRP;PSB;PSDB;PSDC;PSL;PSOL;PSTU;PT;PTB;PTC;PTDOB;PTN;PV
2010,2010-10-11 00:00:00,215/10,HGPE,"PRESIDENTE, DEPUTADO FEDERAL",,"BRASIL, MG",NÃO,,SIM,Sim,SIM,SIM,SIM,DEM;PCB;PCDOB;PCO;PDT;PHS;PMDB;PMN;PP;PPS;PR;PRB;PRP;PRTB;PSB;PSC;PSDB;PSDC;PSOL;PSTU;PT;PTB;PTC;PTDOB;PTN;PV
2010,2010-10-12 00:00:00,216/10,HGPE,"GOVERNADOR, SENADOR, DEPUTADO ESTADUAL",,MG,NÃO,,SIM,Sim,SIM,SIM,SIM,DEM;PCB;PCDOB;PCO;PDT;PHS;PMDB;PMN;PP;PPS;PR;PRP;PRTB;PSB;PSC;PSDB;PSOL;PSTU;PT;PTB;PTC;PTDOB;PTN;PV
2010,2010-10-13 00:00:00,217/10,HGPE,"PRESIDENTE, DEPUTADO FEDERAL",,"BRASIL, MG",NÃO,,SIM,Sim,SIM,SIM,SIM,DEM;PCB;PCDOB;PCO;PDT;PHS;PMDB;PMN;PP;PPS;PR;PRB;PRTB;PSB;PSC;PSDB;PSDC;PSL;PSOL;PSTU;PT;PTB;PTC;PTDOB;PTN;PV
2010,2010-10-14 00:00:00,218/10,HGPE,"GOVERNADOR, SENADOR, DEPUTADO ESTADUAL",,MG,NÃO,,SIM,Sim,SIM,SIM,SIM,DEM;PCB;PCDOB;PCO;PDT;PMDB;PP;PPS;PR;PRB;PRP;PRTB;PSB;PSC;PSDB;PSDC;PSL;PSOL;PSTU;PT;PTB;PTC;PTDOB;PV
2010,2010-10-15 00:00:00,219/10,HGPE,"PRESIDENTE, DEPUTADO FEDERAL",,"BRASIL, MG",NÃO,,SIM,Sim,SIM,SIM,SIM,DEM;PCB;PCDOB;PCO;PDT;PHS;PMDB;PMN;PP;PPS;PR;PRB;PRTB;PSB;PSC;PSDB;PSDC;PSL;PSOL;PSTU;PT;PTB;PTC;PTN;PV
2010,2010-10-16 00:00:00,220/10,HGPE,"GOVERNADOR, SENADOR, DEPUTADO ESTADUAL",,MG,NÃO,,SIM,Sim,SIM,SIM,SIM,DEM;PCB;PCDOB;PCO;PDT;PHS;PMDB;PMN;PP;PPS;PR;PRB;PRP;PRTB;PSB;PSC;PSDB;PSOL;PSTU;PT;PTB;PTC;PTDOB;PTN;PV
2010,2010-10-17 00:00:00,221/10,HGPE,"PRESIDENTE, DEPUTADO FEDERAL",,"BRASIL, MG",NÃO,,SIM,Sim,SIM,SIM,SIM,DEM;PCB;PCDOB;PCO;PDT;PHS;PMDB;PMN;PP;PPS;PR;PRB;PRTB;PSB;PSC;PSDB;PSDC;PSL;PSOL;PSTU;PT;PTB;PTC;PV
2010,2010-10-18 00:00:00,222/10,HGPE,"GOVERNADOR, SENADOR, DEPUTADO ESTADUAL",,MG,NÃO,,SIM,Sim,SIM,SIM,SIM,DEM;PCB;PCDOB;PCO;PDT;PHS;PMDB;PMN;PP;PPS;PR;PRB;PRP;PRTB;PSB;PSC;PSDB;PSDC;PSL;PSOL;PSTU;PT;PTB;PTC;PTDOB;PTN;PV
2010,2010-10-19 00:00:00,223/10,HGPE,"PRESIDENTE, DEPUTADO FEDERAL",,"BRASIL, MG",NÃO,,SIM,Sim,SIM,SIM,SIM,DEM;PCB;PCDOB;PCO;PDT;PMDB;PMN;PP;PPS;PR;PRB;PRTB;PSB;PSC;PSDB;PSDC;PSOL;PSTU;PT;PTB;PTC;PV
2010,2010-10-20 00:00:00,225/10,HGPE,"PRESIDENTE, DEPUTADO FEDERAL",,"BRASIL, MG",NÃO,,SIM,Sim,SIM,SIM,SIM,DEM;PCB;PCDOB;PCO;PDT;PHS;PMDB;PMN;PP;PPS;PR;PRB;PRTB;PSB;PSC;PSDB;PSDC;PSOL;PSTU;PT;PTB;PTC;PTDOB;PTN;PV
2010,2010-10-21 00:00:00,226/10,HGPE,"GOVERNADOR, SENADOR, DEPUTADO ESTADUAL",,MG,NÃO,,SIM,Sim,SIM,SIM,SIM,DEM;PCB;PCDOB;PCO;PDT;PHS;PMDB;PP;PPS;PR;PRB;PRP;PRTB;PSB;PSC;PSDB;PSL;PSOL;PSTU;PT;PTB;PTC;PTDOB;PTN;PV
2010,2010-10-22 00:00:00,227/10,HGPE,"GOVERNADOR, SENADOR, DEPUTADO ESTADUAL",,MG,NÃO,,SIM,Sim,SIM,SIM,SIM,DEM;PCB;PCDOB;PCO;PDT;PHS;PMDB;PMN;PP;PPS;PR;PRB;PRP;PRTB;PSB;PSC;PSDB;PSDC;PSOL;PSTU;PT;PTB;PTC;PTDOB;PTN;PV
2010,2010-10-23 00:00:00,228/10,HGPE,"PRESIDENTE, DEPUTADO FEDERAL",,"BRASIL, MG",NÃO,,SIM,Sim,SIM,SIM,SIM,DEM;PCB;PCDOB;PCO;PDT;PHS;PMDB;PMN;PP;PPS;PR;PRB;PRTB;PSB;PSC;PSDB;PSDC;PSL;PSOL;PSTU;PT;PTB;PTC;PTDOB;PTN;PV
2010,2010-10-24 00:00:00,229/10,HGPE,"GOVERNADOR, SENADOR, DEPUTADO ESTADUAL",,MG,NÃO,,SIM,Sim,SIM,SIM,SIM,DEM;PCB;PCDOB;PCO;PDT;PHS;PMDB;PMN;PP;PPS;PR;PRB;PRP;PRTB;PSB;PSC;PSDB;PSDC;PSL;PSOL;PSTU;PT;PTB;PTC;PTDOB;PTN;PV
2010,2010-10-25 00:00:00,230/10,HGPE,"PRESIDENTE, DEPUTADO FEDERAL",,"BRASIL, MG",NÃO,,SIM,Sim,SIM,SIM,SIM,DEM;PCB;PCDOB;PCO;PDT;PHS;PMDB;PMN;PP;PPS;PR;PRB;PRP;PRTB;PSB;PSC;PSDB;PSDC;PSL;PSOL;PSTU;PT;PTB;PTC;PTDOB;PTN;PV
2010,2010-10-26 00:00:00,231/10,HGPE,"GOVERNADOR, SENADOR, DEPUTADO ESTADUAL",,MG,NÃO,,SIM,Sim,SIM,SIM,SIM,DEM;PCB;PCDOB;PCO;PDT;PHS;PMDB;PMN;PP;PPS;PR;PRB;PRP;PSB;PSC;PSDB;PSOL;PSTU;PT;PTB;PTC;PTDOB;PV
2010,2010-10-27 00:00:00,232/10,HGPE,"GOVERNADOR, SENADOR, DEPUTADO ESTADUAL",,MG,NÃO,,SIM,Sim,SIM,SIM,SIM,DEM;PCB;PCDOB;PCO;PDT;PHS;PMDB;PMN;PP;PPS;PR;PRB;PRP;PSB;PSC;PSDB;PSDC;PSL;PSOL;PSTU;PT;PTB;PTC;PTDOB;PTN;PV
2010,2010-10-28 00:00:00,233/10,HGPE,"PRESIDENTE, DEPUTADO FEDERAL",,"BRASIL, MG",NÃO,,SIM,Sim,SIM,SIM,SIM,DEM;PCB;PCDOB;PCO;PDT;PHS;PMDB;PMN;PP;PPS;PR;PRB;PRTB;PSB;PSC;PSDB;PSDC;PSOL;PSTU;PT;PTB;PTC;PTN;PV
2010,2010-10-29 00:00:00,235/10,HGPE,"PRESIDENTE, DEPUTADO FEDERAL",,"BRASIL, MG",NÃO,,SIM,Sim,SIM,SIM,SIM,DEM;PCB;PCDOB;PCO;PDT;PMDB;PMN;PP;PPS;PR;PRB;PRTB;PSB;PSC;PSDB;PSDC;PSL;PSOL;PT;PTB;PTC;PTDOB;PV
2010,2010-10-30 00:00:00,236/10,HGPE,"PRESIDENTE, DEPUTADO FEDERAL",,"BRASIL, PE",NÃO,,SIM,Sim,SIM,SIM,SIM,DEM;PCB;PCDOB;PCO;PDT;PHS;PMDB;PMN;PP;PPS;PR;PRB;PRP;PRTB;PSB;PSC;PSDB;PSDC;PSL;PSOL;PSTU;PT;PTB;PTC;PV
2010,2010-10-31 00:00:00,237/10,HGPE,"GOVERNADOR, SENADOR, DEPUTADO ESTADUAL",,PE,NÃO,,SIM,Sim,SIM,SIM,SIM,DEM;PCB;PCDOB;PDT;PHS;PMDB;PMN;PP;PPS;PR;PRB;PRP;PRTB;PSB;PSC;PSDB;PSDC;PSL;PSOL;PSTU;PT;PTB;PTC;PTDOB;PTN;PV
2010,2010-11-01 00:00:00,238/10,HGPE,"GOVERNADOR, SENADOR, DEPUTADO ESTADUAL",,PE,NÃO,,SIM,Sim,SIM,SIM,SIM,PCB;PCDOB;PDT;PHS;PMDB;PMN;PP;PPS;PR;PRB;PRP;PRTB;PSB;PSC;PSDC;PSL;PSOL;PSTU;PT;PTB;PTC;PTDOB;PTN;PV
2010,2010-11-02 00:00:00,239/10,HGPE,"GOVERNADOR, SENADOR, DEPUTADO ESTADUAL",,PE,NÃO,,SIM,Sim,SIM,SIM,SIM,PCB;PCDOB;PDT;PHS;PMDB;PMN;PP;PPS;PR;PRB;PRP;PRTB;PSB;PSC;PSDB;PSDC;PSL;PSOL;PSTU;PT;PTB;PTC;PTDOB;PTN;PV
2010,2010-11-03 00:00:00,240/10,HGPE,"PRESIDENTE, DEPUTADO FEDERAL",,"BRASIL, PE",NÃO,,SIM,Sim,SIM,SIM,SIM,DEM;PCB;PCDOB;PCO;PDT;PHS;PMDB;PMN;PP;PPS;PR;PRB;PRP;PRTB;PSB;PSC;PSDB;PSDC;PSL;PSOL;PSTU;PT;PTB;PTC;PTDOB;PTN;PV
2010,2010-11-04 00:00:00,241/10,HGPE,"GOVERNADOR, SENADOR, DEPUTADO ESTADUAL",,PE,NÃO,,SIM,Sim,SIM,SIM,SIM,DEM;PCB;PCDOB;PDT;PHS;PMDB;PMN;PP;PPS;PR;PRB;PRP;PRTB;PSB;PSC;PSDB;PSDC;PSOL;PSTU;PT;PTB;PTC;PTN;PV
2010,2010-11-05 00:00:00,242/10,HGPE,"PRESIDENTE, DEPUTADO FEDERAL",,"BRASIL, PE",NÃO,,SIM,Sim,SIM,SIM,SIM,DEM;PCB;PCDOB;PCO;PDT;PHS;PMDB;PMN;PP;PPS;PR;PRB;PRP;PRTB;PSB;PSC;PSDB;PSDC;PSL;PSOL;PSTU;PT;PTB;PTC;PTDOB;PTN;PV
2010,2010-11-06 00:00:00,243/10,HGPE,"GOVERNADOR, SENADOR, DEPUTADO ESTADUAL",,PE,NÃO,,SIM,Sim,SIM,SIM,SIM,DEM;PCB;PCDOB;PDT;PHS;PMDB;PMN;PP;PPS;PR;PRB;PRP;PRTB;PSB;PSC;PSDB;PSDC;PSL;PSOL;PSTU;PT;PTB;PTC;PTDOB;PTN;PV
2010,2010-11-07 00:00:00,244/10,HGPE,,A gravação tem apenas 1 segundo,,NÃO,,SIM,Não,SIM,SIM,SIM,
2010,2010-11-08 00:00:00,245/10,HGPE,"PRESIDENTE, DEPUTADO FEDERAL",,"BRASIL, PE",NÃO,,SIM,Sim,SIM,SIM,SIM,DEM;PCB;PCDOB;PCO;PDT;PHS;PMDB;PMN;PP;PPS;PR;PRB;PRP;PRTB;PSB;PSC;PSDB;PSDC;PSL;PSOL;PSTU;PT;PTB;PTC;PTDOB;PTN;PV
2010,2010-11-09 00:00:00,246/10,HGPE,"GOVERNADOR, SENADOR, DEPUTADO ESTADUAL",,PE,NÃO,,SIM,Sim,SIM,SIM,SIM,DEM;PCB;PCDOB;PDT;PHS;PMDB;PMN;PP;PPS;PR;PRB;PRP;PRTB;PSB;PSC;PSDB;PSDC;PSL;PSOL;PSTU;PT;PTB;PTC;PTDOB;PTN;PV
2010,2010-11-10 00:00:00,247/10,HGPE,"PRESIDENTE, DEPUTADO FEDERAL",,"BRASIL, PE",NÃO,,SIM,Sim,SIM,SIM,SIM,DEM;PCB;PCDOB;PCO;PDT;PHS;PMDB;PMN;PP;PPS;PR;PRB;PRP;PRTB;PSB;PSC;PSDB;PSDC;PSL;PSOL;PSTU;PT;PTB;PTC;PTDOB;PTN;PV
2010,2010-11-11 00:00:00,248/10,HGPE,"GOVERNADOR, SENADOR, DEPUTADO ESTADUAL",,PE,NÃO,,SIM,Sim,SIM,SIM,SIM,DEM;PCB;PCDOB;PDT;PMDB;PMN;PP;PPS;PR;PRB;PRP;PRTB;PSB;PSC;PSDB;PSDC;PSL;PSOL;PSTU;PT;PTB;PTC;PTDOB;PTN;PV
2010,2010-11-12 00:00:00,249/10,HGPE,"PRESIDENTE, DEPUTADO FEDERAL",,"BRASIL, PE",NÃO,,SIM,Sim,SIM,SIM,SIM,DEM;PCB;PCDOB;PCO;PDT;PHS;PMDB;PMN;PP;PPS;PR;PRB;PRP;PRTB;PSB;PSC;PSDB;PSDC;PSL;PSOL;PSTU;PT;PTB;PTDOB;PTN;PV
2010,2010-11-13 00:00:00,250/10,HGPE,"GOVERNADOR, SENADOR, DEPUTADO ESTADUAL",,PE,NÃO,,SIM,Sim,SIM,SIM,SIM,DEM;PCB;PCDOB;PDT;PHS;PMDB;PMN;PP;PPS;PR;PRB;PRTB;PSB;PSC;PSDB;PSDC;PSL;PSOL;PSTU;PT;PTB;PTC;PTDOB;PTN;PV
2010,2010-11-14 00:00:00,251/10,HGPE,"PRESIDENTE, DEPUTADO FEDERAL",,"BRASIL, PE",NÃO,,SIM,Sim,SIM,SIM,SIM,DEM;PCB;PCDOB;PCO;PDT;PHS;PMDB;PMN;PP;PPS;PR;PRB;PRP;PRTB;PSB;PSC;PSDB;PSDC;PSL;PSOL;PSTU;PT;PTB;PTC;PTDOB;PV
2010,2010-11-15 00:00:00,252/10,HGPE,"GOVERNADOR, SENADOR, DEPUTADO ESTADUAL",,PE,NÃO,,SIM,Sim,SIM,SIM,SIM,DEM;PCB;PCDOB;PDT;PHS;PMDB;PMN;PP;PPS;PR;PRB;PRTB;PSB;PSC;PSDB;PSDC;PSL;PSOL;PSTU;PT;PTB;PTC;PTDOB;PTN;PV
2010,2010-11-16 00:00:00,253/10,HGPE,"PRESIDENTE, DEPUTADO FEDERAL",,"BRASIL, PE",NÃO,,SIM,Sim,SIM,SIM,SIM,DEM;PCB;PCDOB;PCO;PDT;PHS;PMDB;PMN;PP;PPS;PR;PRB;PRP;PRTB;PSB;PSC;PSDB;PSDC;PSL;PSOL;PSTU;PT;PTB;PTC;PTDOB;PTN;PV
2010,2010-11-17 00:00:00,254/10,HGPE,"GOVERNADOR, SENADOR, DEPUTADO ESTADUAL",,PE,NÃO,,SIM,Sim,SIM,SIM,SIM,DEM;PCB;PCDOB;PDT;PHS;PMDB;PMN;PP;PPS;PR;PRB;PRTB;PSB;PSC;PSDB;PSDC;PSL;PSOL;PSTU;PT;PTB;PTC;PTDOB;PTN;PV
2010,2010-11-18 00:00:00,255/10,HGPE,"PRESIDENTE, DEPUTADO FEDERAL",,"BRASIL, PE",NÃO,,SIM,Sim,SIM,SIM,SIM,DEM;PCB;PCDOB;PCO;PDT;PHS;PMDB;PMN;PP;PPS;PR;PRB;PRP;PRTB;PSB;PSC;PSDB;PSDC;PSL;PSOL;PSTU;PT;PTB;PTC;PTDOB;PTN;PV
2010,2010-11-19 00:00:00,256/10,HGPE,"GOVERNADOR, SENADOR, DEPUTADO ESTADUAL",,PE,NÃO,,SIM,Sim,SIM,SIM,SIM,DEM;PCB;PCDOB;PDT;PHS;PMDB;PMN;PP;PPS;PR;PRB;PRTB;PSB;PSC;PSDB;PSDC;PSL;PSOL;PSTU;PT;PTB;PTC;PTDOB;PTN;PV
2010,2010-11-20 00:00:00,257/10,HGPE,"PRESIDENTE, DEPUTADO FEDERAL",,"BRASIL, PE",NÃO,,SIM,Sim,SIM,SIM,SIM,DEM;PCB;PCDOB;PCO;PDT;PHS;PMDB;PMN;PP;PPS;PR;PRB;PRP;PRTB;PSB;PSC;PSDB;PSDC;PSL;PSOL;PSTU;PT;PTB;PTC;PTDOB;PTN;PV
2010,2010-11-21 00:00:00,258/10,HGPE,"GOVERNADOR, SENADOR, DEPUTADO ESTADUAL",,PE,NÃO,,SIM,Sim,SIM,SIM,SIM,DEM;PCB;PCDOB;PDT;PHS;PMDB;PMN;PP;PPS;PR;PRB;PRP;PRTB;PSB;PSC;PSDB;PSDC;PSL;PSOL;PSTU;PT;PTB;PTC;PTDOB;PTN;PV
2010,2010-11-22 00:00:00,259/10,HGPE,"PRESIDENTE, DEPUTADO FEDERAL",,"BRASIL, PE",NÃO,,SIM,Sim,SIM,SIM,SIM,DEM;PCB;PCDOB;PDT;PHS;PMDB;PMN;PP;PPS;PR;PRB;PRP;PRTB;PSB;PSC;PSDB;PSDC;PSL;PSOL;PSTU;PT;PTB;PTC;PTDOB;PTN;PV
2010,2010-11-23 00:00:00,260/10,HGPE,"GOVERNADOR, SENADOR, DEPUTADO ESTADUAL",,PE,NÃO,,SIM,Sim,SIM,SIM,SIM,DEM;PCB;PCDOB;PDT;PHS;PMDB;PMN;PP;PPS;PR;PRB;PRP;PRTB;PSB;PSC;PSDB;PSDC;PSL;PSOL;PSTU;PT;PTB;PTC;PTDOB;PTN;PV
2010,2010-11-24 00:00:00,261/10,HGPE,"PRESIDENTE, DEPUTADO FEDERAL",,"BRASIL, PE",NÃO,,SIM,Sim,SIM,SIM,SIM,DEM;PCB;PCDOB;PCO;PDT;PHS;PMDB;PMN;PP;PPS;PR;PRB;PRP;PRTB;PSB;PSC;PSDB;PSDC;PSL;PSOL;PSTU;PT;PTB;PTC;PTDOB;PTN;PV
2010,2010-11-25 00:00:00,262/10,HGPE,"GOVERNADOR, SENADOR, DEPUTADO ESTADUAL",,PE,NÃO,,SIM,Sim,SIM,SIM,SIM,DEM;PCB;PCDOB;PDT;PHS;PMDB;PMN;PP;PPS;PR;PRB;PRTB;PSB;PSC;PSDB;PSDC;PSL;PSOL;PSTU;PT;PTB;PTC;PTDOB;PTN;PV
2010,2010-11-26 00:00:00,263/10,HGPE,"PRESIDENTE, DEPUTADO FEDERAL",,"BRASIL, PE",NÃO,,SIM,Sim,SIM,SIM,SIM,DEM;PCB;PCDOB;PCO;PDT;PHS;PMDB;PMN;PP;PPS;PR;PRB;PRP;PRTB;PSB;PSC;PSDB;PSDC;PSL;PSOL;PSTU;PT;PTB;PTC;PTDOB;PTN;PV
2010,2010-11-27 00:00:00,264/10,HGPE,"GOVERNADOR, SENADOR, DEPUTADO ESTADUAL",,PE,NÃO,,SIM,Sim,SIM,SIM,SIM,DEM;PCB;PCDOB;PDT;PHS;PMDB;PMN;PP;PPS;PR;PRB;PRP;PRTB;PSB;PSC;PSDB;PSDC;PSL;PSOL;PSTU;PT;PTB;PTC;PTDOB;PTN;PV
2010,2010-11-28 00:00:00,265/10,HGPE,"PRESIDENTE, DEPUTADO FEDERAL",,"BRASIL, PE",NÃO,,SIM,Sim,SIM,SIM,SIM,DEM;PCB;PCDOB;PCO;PDT;PHS;PMDB;PMN;PP;PPS;PR;PRB;PRP;PRTB;PSB;PSC;PSDB;PSDC;PSL;PSOL;PSTU;PT;PTB;PTC;PTDOB;PTN;PV
2010,2010-11-29 00:00:00,266/10,HGPE,"GOVERNADOR, SENADOR, DEPUTADO ESTADUAL",,PE,NÃO,,SIM,Sim,SIM,SIM,SIM,DEM;PCB;PCDOB;PDT;PHS;PMDB;PMN;PP;PPS;PR;PRB;PRP;PRTB;PSB;PSC;PSDB;PSDC;PSL;PSOL;PSTU;PT;PTB;PTC;PTDOB;PTN;PV
2010,2010-11-30 00:00:00,267/10,HGPE,"PRESIDENTE, DEPUTADO FEDERAL",,"BRASIL, PE",NÃO,,SIM,Sim,SIM,SIM,SIM,DEM;PCB;PCDOB;PCO;PDT;PHS;PMDB;PMN;PP;PPS;PR;PRB;PRP;PRTB;PSB;PSC;PSDB;PSDC;PSL;PSOL;PSTU;PT;PTB;PTC;PTDOB;PTN;PV
2010,2010-06-01 00:00:00,268/10,HGPE,"PRESIDENTE, DEPUTADO FEDERAL",,"BRASIL, PE",NÃO,,SIM,Sim,SIM,SIM,SIM,DEM;PCB;PCDOB;PCO;PDT;PHS;PMDB;PMN;PP;PPS;PR;PRB;PRP;PRTB;PSB;PSC;PSDB;PSDC;PSL;PSOL;PSTU;PT;PTB;PTC;PTDOB;PTN;PV
2010,2010-06-02 00:00:00,269/10,HGPE,"GOVERNADOR, SENADOR, DEPUTADO ESTADUAL",,PE,NÃO,,SIM,Sim,SIM,SIM,SIM,DEM;PCB;PCDOB;PDT;PHS;PMDB;PMN;PPS;PR;PRB;PRP;PRTB;PSB;PSC;PSDB;PSDC;PSL;PSOL;PSTU;PT;PTB;PTC;PTDOB;PTN;PV
2010,2010-06-03 00:00:00,270/10,HGPE,"PRESIDENTE, GOVERNADOR, SENADOR, DEPUTADO FEDERAL, DEPUTADO ESTADUAL",,"BRASIL, AM",NÃO,,SIM,Sim,SIM,SIM,SIM,DEM;PCB;PCDOB;PCO;PDT;PHS;PMDB;PMN;PPS;PR;PRB;PRP;PRTB;PSB;PSC;PSDB;PSDC;PSL;PSOL;PSTU;PT;PTB;PTC;PTDOB;PTN;PV
2010,2010-06-04 00:00:00,271/10,HGPE,"PRESIDENTE, GOVERNADOR, SENADOR, DEPUTADO FEDERAL, DEPUTADO ESTADUAL",,"BRASIL, AM",NÃO,,SIM,Sim,SIM,SIM,SIM,DEM;PCB;PCO;PDT;PHS;PMDB;PMN;PP;PPS;PR;PRB;PRP;PRTB;PSC;PSDB;PSDC;PSL;PSOL;PSTU;PT;PTB;PTC;PTDOB;PV
2010,2010-06-05 00:00:00,272/10,HGPE,"GOVERNADOR, SENADOR, DEPUTADO ESTADUAL",,AM,NÃO,,SIM,Sim,SIM,SIM,SIM,DEM;PCB;PCDOB;PDT;PHS;PMDB;PMN;PP;PPS;PR;PRB;PRP;PRTB;PSB;PSC;PSDB;PSDC;PSL;PSOL;PSTU;PT;PTB;PTC;PTDOB;PTN;PV
2010,2010-06-06 00:00:00,274/10,HGPE,"PRESIDENTE, GOVERNADOR, SENADOR, DEPUTADO FEDERAL, DEPUTADO ESTADUAL",,AM,NÃO,,SIM,Sim,SIM,SIM,SIM,DEM;PCB;PCDOB;PCO;PDT;PHS;PMDB;PMN;PPS;PR;PRB;PRP;PRTB;PSB;PSC;PSDB;PSDC;PSL;PSOL;PSTU;PT;PTB;PTC;PTDOB;PTN;PV
2010,2010-06-07 00:00:00,275/10,HGPE,"PRESIDENTE, GOVERNADOR, SENADOR, DEPUTADO FEDERAL, DEPUTADO ESTADUAL",,"BRASIL, AM",NÃO,,SIM,Sim,SIM,SIM,SIM,DEM;PCB;PCO;PDT;PHS;PMDB;PMN;PP;PPS;PR;PRB;PRP;PRTB;PSC;PSDB;PSDC;PSL;PSOL;PSTU;PT;PTB;PTC;PTDOB;PV
2010,2010-06-07 00:00:00,276/10,HGPE,"PRESIDENTE, DEPUTADO FEDERAL",,CE,NÃO,,SIM,Sim,SIM,SIM,SIM,DEM;PCB;PCDOB;PCO;PDT;PMDB;PPS;PR;PRB;PRTB;PSB;PSC;PSDB;PSDC;PSOL;PSTU;PT;PTC;PV
2010,2010-06-08 00:00:00,277/10,HGPE,"GOVERNADOR, SENADOR, DEPUTADO ESTADUAL",,CE,NÃO,,SIM,Sim,SIM,SIM,SIM,DEM;PCB;PCDOB;PDT;PHS;PMDB;PMN;PP;PPS;PR;PRB;PRP;PRTB;PSB;PSC;PSDB;PSDC;PSL;PSOL;PSTU;PT;PTB;PTC;PTDOB;PTN;PV
2010,2010-06-09 00:00:00,278/10,HGPE,"GOVERNADOR, SENADOR, DEPUTADO ESTADUAL",,CE,NÃO,,SIM,Sim,SIM,SIM,SIM,DEM;PCB;PCDOB;PDT;PHS;PMDB;PMN;PP;PPS;PR;PRB;PRP;PRTB;PSB;PSC;PSDB;PSDC;PSL;PSOL;PSTU;PT;PTB;PTC;PTDOB;PTN;PV
2010,2010-06-10 00:00:00,279/10,HGPE,"GOVERNADOR, SENADOR, DEPUTADO ESTADUAL",,CE,NÃO,,SIM,Sim,SIM,SIM,SIM,DEM;PCB;PCDOB;PDT;PHS;PMDB;PMN;PP;PPS;PR;PRB;PRP;PRTB;PSB;PSC;PSDB;PSDC;PSL;PSOL;PSTU;PT;PTB;PTC;PTDOB;PTN;PV
2010,2010-06-11 00:00:00,280/10,HGPE,"GOVERNADOR, SENADOR, DEPUTADO ESTADUAL",,CE,NÃO,,SIM,Sim,SIM,SIM,SIM,DEM;PCB;PCDOB;PDT;PHS;PMDB;PMN;PP;PPS;PR;PRB;PRP;PRTB;PSB;PSC;PSDB;PSDC;PSL;PSOL;PSTU;PT;PTB;PTC;PV
2010,2010-06-12 00:00:00,281/10,HGPE,,A gravação tem apenas 4 segundos,,NÃO,,SIM,Não,SIM,SIM,SIM,
2010,2010-06-13 00:00:00,282/10,HGPE,"PRESIDENTE, DEPUTADO FEDERAL",,"BRASIL, CE",NÃO,,SIM,Sim,SIM,SIM,SIM,DEM;PCB;PCDOB;PCO;PDT;PHS;PMDB;PMN;PP;PPS;PR;PRP;PRTB;PSB;PSC;PSDB;PSDC;PSL;PSOL;PSTU;PT;PTB;PTC;PTDOB;PTN;PV
2010,2010-06-14 00:00:00,283/10,HGPE,"GOVERNADOR, SENADOR, DEPUTADO ESTADUAL",,CE,NÃO,,SIM,Sim,SIM,SIM,SIM,DEM;PCB;PCDOB;PDT;PHS;PMDB;PMN;PP;PPS;PR;PRB;PRP;PRTB;PSB;PSC;PSDB;PSDC;PSL;PSOL;PSTU;PT;PTB;PTC;PTDOB;PTN;PV
2010,2010-06-15 00:00:00,284/10,HGPE,"PRESIDENTE, DEPUTADO FEDERAL",,"BRASIL, CE",NÃO,,SIM,Sim,SIM,SIM,SIM,DEM;PCB;PCDOB;PCO;PDT;PHS;PMDB;PMN;PP;PPS;PR;PRB;PRP;PRTB;PSB;PSC;PSDB;PSDC;PSL;PSOL;PSTU;PT;PTB;PTC;PTDOB;PTN;PV
2010,2010-06-16 00:00:00,285/10,HGPE,"GOVERNADOR, SENADOR, DEPUTADO ESTADUAL",,CE,NÃO,,SIM,Sim,SIM,SIM,SIM,DEM;PCB;PCDOB;PDT;PHS;PMDB;PMN;PP;PPS;PR;PRB;PRP;PRTB;PSB;PSC;PSDB;PSDC;PSL;PSOL;PSTU;PT;PTB;PTC;PV
2010,2010-06-17 00:00:00,286/10,HGPE,"PRESIDENTE, DEPUTADO FEDERAL",,"BRASIL, CE",NÃO,,SIM,Sim,SIM,SIM,SIM,DEM;PCB;PCDOB;PCO;PDT;PHS;PMDB;PMN;PP;PPS;PR;PRB;PRP;PRTB;PSB;PSC;PSDB;PSDC;PSL;PSOL;PSTU;PT;PTB;PTC;PTDOB;PTN;PV
2010,2010-06-18 00:00:00,287/10,HGPE,"GOVERNADOR, SENADOR, DEPUTADO ESTADUAL",,CE,NÃO,,SIM,Sim,SIM,SIM,SIM,DEM;PCB;PCDOB;PDT;PHS;PMDB;PMN;PP;PPS;PR;PRB;PRP;PRTB;PSB;PSC;PSDB;PSDC;PSL;PSOL;PSTU;PT;PTB;PTC;PTDOB;PTN;PV
2010,2010-06-19 00:00:00,288/10,HGPE,"PRESIDENTE, DEPUTADO FEDERAL",,"BRASIL, CE",NÃO,,SIM,Sim,SIM,SIM,SIM,DEM;PCB;PCDOB;PCO;PDT;PHS;PMDB;PMN;PP;PPS;PR;PRB;PRP;PRTB;PSB;PSC;PSDB;PSDC;PSL;PSOL;PSTU;PT;PTB;PTC;PTDOB;PTN;PV
2010,2010-06-20 00:00:00,289/10,HGPE,"GOVERNADOR, SENADOR, DEPUTADO ESTADUAL",,CE,NÃO,,SIM,Sim,SIM,SIM,SIM,DEM;PCB;PCDOB;PDT;PHS;PMDB;PMN;PP;PR;PRB;PRP;PRTB;PSB;PSC;PSDB;PSDC;PSL;PSOL;PSTU;PT;PTB;PTC;PTDOB;PTN;PV
2010,2010-06-21 00:00:00,290/10,HGPE,"PRESIDENTE, DEPUTADO FEDERAL",,"BRASIL, CE",NÃO,,SIM,Sim,SIM,SIM,SIM,DEM;PCB;PCDOB;PCO;PDT;PHS;PMDB;PMN;PP;PRB;PRP;PRTB;PSB;PSDB;PSDC;PSL;PSOL;PSTU;PT;PTB;PTC;PTDOB;PTN;PV
2010,2010-06-22 00:00:00,291/10,HGPE,"GOVERNADOR, SENADOR, DEPUTADO ESTADUAL",,CE,NÃO,,SIM,Sim,SIM,SIM,SIM,DEM;PCB;PCDOB;PDT;PHS;PMDB;PMN;PP;PPS;PR;PRB;PRP;PRTB;PSB;PSC;PSDB;PSDC;PSL;PSOL;PSTU;PT;PTB;PTC;PTN;PV
2010,2010-06-23 00:00:00,292/10,HGPE,"GOVERNADOR, SENADOR, DEPUTADO ESTADUAL",,CE,NÃO,,SIM,Sim,SIM,SIM,SIM,DEM;PCB;PCDOB;PDT;PHS;PMDB;PMN;PP;PPS;PR;PRB;PRP;PRTB;PSB;PSC;PSDB;PSDC;PSL;PSOL;PSTU;PT;PTB;PTC;PTDOB;PTN;PV
2010,2010-06-24 00:00:00,293/10,HGPE,"GOVERNADOR, SENADOR, DEPUTADO ESTADUAL",,CE,SIM,,SIM,Sim,SIM,SIM,SIM,DEM;PCB;PCDOB;PDT;PHS;PMDB;PMN;PP;PPS;PR;PRB;PRP;PRTB;PSB;PSC;PSDB;PSDC;PSL;PSOL;PSTU;PT;PTB;PTC;PTDOB;PTN;PV
2010,2010-06-25 00:00:00,294/10,HGPE,"PRESIDENTE, DEPUTADO FEDERAL",,"BRASIL, CE",NÃO,,SIM,Sim,SIM,SIM,SIM,DEM;PCB;PCDOB;PCO;PDT;PHS;PMDB;PMN;PP;PPS;PR;PRB;PRP;PRTB;PSB;PSC;PSDB;PSDC;PSL;PSOL;PSTU;PT;PTB;PTC;PTDOB;PTN;PV
2010,2010-06-26 00:00:00,295/10,HGPE,"GOVERNADOR, SENADOR, DEPUTADO ESTADUAL",,CE,NÃO,,SIM,Sim,SIM,SIM,SIM,DEM;PCB;PCDOB;PDT;PHS;PMDB;PMN;PP;PPS;PR;PRB;PRP;PRTB;PSB;PSC;PSDB;PSDC;PSL;PSOL;PSTU;PT;PTB;PTC;PTDOB;PTN;PV
2010,2010-06-27 00:00:00,297/10,HGPE,DEPUTADO FEDERAL,,RJ,NÃO,,SIM,Sim,SIM,SIM,SIM,DEM;PCB;PCDOB;PDT;PHS;PMDB;PMN;PP;PPS;PR;PRB;PRP;PSB;PSC;PSDB;PSDC;PSOL;PSTU;PT;PTB;PTC;PTDOB;PTN;PV
2010,2010-06-28 00:00:00,298/10,HGPE,DEPUTADO FEDERAL,,RJ,NÃO,,SIM,Sim,SIM,SIM,SIM,DEM;PCB;PCDOB;PDT;PHS;PMDB;PMN;PP;PPS;PR;PRB;PRP;PSB;PSC;PSDB;PSDC;PSOL;PSTU;PT;PTB;PTC;PTDOB;PTN;PV
2010,2010-06-29 00:00:00,299/10,HGPE,DEPUTADO FEDERAL,,RJ,NÃO,,SIM,Sim,SIM,SIM,SIM,DEM;PCB;PCDOB;PDT;PHS;PMDB;PMN;PP;PPS;PR;PRB;PRP;PSB;PSC;PSDB;PSDC;PSOL;PSTU;PT;PTB;PTC;PTDOB;PTN;PV
2010,2010-06-30 00:00:00,300/10,HGPE,"PRESIDENTE, DEPUTADO FEDERAL",,"BRASIL, RJ",NÃO,,SIM,Sim,SIM,SIM,SIM,DEM;PCB;PCDOB;PCO;PDT;PHS;PMDB;PMN;PP;PPS;PR;PRB;PRP;PRTB;PSB;PSC;PSDB;PSDC;PSOL;PSTU;PT;PTB;PTC;PTDOB;PTN;PV
2010,2010-07-01 00:00:00,301/10,HGPE,"PRESIDENTE, GOVERNADOR, SENADOR, DEPUTADO FEDERAL, DEPUTADO ESTADUAL",,"BRASIL, GO",NÃO,,SIM,Sim,SIM,SIM,SIM,DEM;PCB;PCDOB;PCO;PDT;PHS;PMDB;PMN;PP;PPS;PR;PRB;PRP;PRTB;PSB;PSC;PSDB;PSDC;PSL;PSOL;PT;PTB;PTC;PTDOB;PTN;PV
2010,2010-07-02 00:00:00,302/10,HGPE,"GOVERNADOR, SENADOR, DEPUTADO ESTADUAL",,GO,NÃO,,SIM,Sim,SIM,SIM,SIM,DEM;PCB;PCDOB;PDT;PHS;PMDB;PMN;PP;PPS;PR;PRB;PRP;PRTB;PSB;PSC;PSDB;PSDC;PSL;PSOL;PSTU;PT;PTB;PTC;PTDOB;PTN;PV
2010,2010-07-03 00:00:00,326/10,HGPE,"GOVERNADOR, SENADOR, DEPUTADO ESTADUAL",,PA,NÃO,,SIM,Sim,SIM,SIM,SIM,DEM;PCDOB;PDT;PHS;PMDB;PMN;PP;PPS;PR;PRB;PRP;PRTB;PSB;PSC;PSDB;PSDC;PSOL;PSTU;PT;PTB;PTC;PTDOB;PTN;PV
2010,2010-07-04 00:00:00,328/10,HGPE,"PRESIDENTE, DEPUTADO FEDERAL",A gravação tem apenas 32:41 (incompleto),RO,NÃO,,SIM,Sim,SIM,SIM,SIM,PCB;PCDOB;PCO;PDT;PMDB;PRTB;PSDB;PSDC;PSOL;PSTU;PT;PV
2010,2010-07-05 00:00:00,329/10,HGPE,GOVERNADOR,A gravação tem apenas 19:57 (incompleto),RO,NÃO,,SIM,Sim,SIM,SIM,SIM,DEM;PCDOB;PDT;PMDB;PPS;PR;PRB;PRTB;PSC;PSDB;PSOL;PT;PTDOB
2010,2010-07-06 00:00:00,330/10,HGPE,"PRESIDENTE, DEPUTADO FEDERAL",,"BRASIL, RO",NÃO,,SIM,Sim,SIM,SIM,SIM,DEM;PCB;PCDOB;PCO;PDT;PHS;PMDB;PMN;PP;PPS;PR;PRB;PRTB;PSB;PSC;PSDB;PSDC;PSOL;PSTU;PT;PTB;PTC;PTDOB;PV
2010,2010-07-07 00:00:00,331/10,HGPE,PRESIDENTE,A gravação apresenta defeito em 21:48,BRASIL,NÃO,,SIM,Não,SIM,SIM,SIM,PCB;PSDB;PSTU;PT;PV
2010,2010-07-08 00:00:00,332/10,HGPE,,A gravação tem 0 segundos,,NÃO,,SIM,Não,SIM,SIM,SIM,
2010,2010-07-09 00:00:00,333/10,HGPE,"PRESIDENTE, DEPUTADO FEDERAL",,RO,NÃO,,SIM,Sim,SIM,SIM,SIM,DEM;PCB;PCDOB;PCO;PDT;PMDB;PMN;PP;PPS;PR;PRB;PRTB;PSB;PSC;PSDB;PSDC;PSOL;PSTU;PT;PTC;PTDOB;PV
2010,2010-07-10 00:00:00,334/10,HGPE,"GOVERNADOR, SENADOR, DEPUTADO ESTADUAL",,RO,NÃO,,SIM,Sim,SIM,SIM,SIM,DEM;PCDOB;PDT;PHS;PMDB;PMN;PP;PPS;PR;PRB;PRP;PRTB;PSB;PSC;PSDB;PSDC;PSL;PSOL;PT;PTB;PTC;PTDOB;PTN;PV
2010,2010-07-11 00:00:00,335/10,HGPE,,A gravação tem apenas 6:23 de novela (incompleta),,NÃO,,SIM,Não,SIM,SIM,SIM,
2010,2010-07-12 00:00:00,336/10,HGPE,"PRESIDENTE, DEPUTADO FEDERAL",,"BRASIL, RR",NÃO,,SIM,Sim,SIM,SIM,SIM,DEM;PCB;PCO;PHS;PMDB;PP;PPS;PR;PRTB;PSB;PSC;PSDB;PSDC;PSL;PSOL;PSTU;PT;PTB;PTN;PV
2010,2010-07-13 00:00:00,337/10,HGPE,"GOVERNADOR, SENADOR, DEPUTADO ESTADUAL",,RR,NÃO,,SIM,Sim,SIM,SIM,SIM,DEM;PCDOB;PDT;PHS;PMDB;PMN;PP;PPS;PR;PRB;PRP;PRTB;PSB;PSC;PSDB;PSDC;PSL;PSOL;PT;PTB;PTC;PV
2010,2010-07-14 00:00:00,338/10,HGPE,"GOVERNADOR, SENADOR, DEPUTADO ESTADUAL",,RR,NÃO,,SIM,Sim,SIM,SIM,SIM,DEM;PCDOB;PDT;PHS;PMDB;PMN;PP;PPS;PRB;PRP;PRTB;PSB;PSDB;PSDC;PSL;PSOL;PT;PTB;PTC;PV
2010,2010-07-15 00:00:00,339/10,HGPE,"GOVERNADOR, SENADOR, DEPUTADO ESTADUAL",,RR,NÃO,,SIM,Sim,SIM,SIM,SIM,PCDOB;PDT;PHS;PMDB;PMN;PP;PPS;PRB;PRP;PRTB;PSC;PSDB;PSDC;PSL;PSOL;PT;PTN;PV
2010,2010-07-16 00:00:00,340/10,HGPE,"GOVERNADOR, SENADOR, DEPUTADO ESTADUAL",,RR,NÃO,,SIM,Sim,SIM,SIM,SIM,DEM;PCDOB;PDT;PHS;PMDB;PMN;PP;PR;PRB;PRP;PRTB;PSB;PSDB;PSDC;PSL;PSOL;PT;PTB;PTC;PTN
2010,2010-07-17 00:00:00,341/10,HGPE,"GOVERNADOR, SENADOR, DEPUTADO ESTADUAL",,RR,NÃO,,SIM,Sim,SIM,SIM,SIM,DEM;PCDOB;PDT;PHS;PMDB;PMN;PP;PRB;PRP;PRTB;PSC;PSDB;PSDC;PSL;PSOL;PT;PTC;PTN;PV
2010,2010-07-18 00:00:00,342/10,HGPE,"GOVERNADOR, SENADOR, DEPUTADO ESTADUAL",,RR,NÃO,,SIM,Sim,SIM,SIM,SIM,DEM;PCDOB;PHS;PMDB;PMN;PP;PPS;PRB;PRP;PRTB;PSDB;PSDC;PSL;PSOL;PT;PTB;PTN;PV
2010,2010-07-19 00:00:00,343/10,HGPE,"GOVERNADOR, SENADOR, DEPUTADO ESTADUAL",,SC,NÃO,,SIM,Sim,SIM,SIM,SIM,DEM;PCDOB;PDT;PHS;PMDB;PMN;PP;PPS;PR;PRB;PRP;PRTB;PSB;PSC;PSDB;PSDC;PSOL;PSTU;PT;PTC;PTDOB;PV
2010,2010-07-20 00:00:00,334/10,HGPE,"GOVERNADOR, SENADOR, DEPUTADO ESTADUAL",,SC,NÃO,,SIM,Sim,SIM,SIM,SIM,DEM;PCDOB;PDT;PHS;PMDB;PMN;PP;PPS;PR;PRB;PRP;PRTB;PSB;PSC;PSDB;PSDC;PSOL;PSTU;PT;PTDOB;PV
2010,2010-07-21 00:00:00,345/10,HGPE,"PRESIDENTE, DEPUTADO FEDERAL",,"BRASIL, SC",NÃO,,SIM,Sim,SIM,SIM,SIM,DEM;PCB;PCDOB;PCO;PDT;PHS;PMDB;PMN;PP;PPS;PR;PRB;PRP;PRTB;PSB;PSC;PSDB;PSDC;PSL;PSOL;PSTU;PT;PTB;PTC;PV
2010,2010-07-22 00:00:00,346/10,HGPE,"GOVERNADOR, SENADOR, DEPUTADO ESTADUAL",,SC,NÃO,,SIM,Sim,SIM,SIM,SIM,DEM;PCB;PCDOB;PDT;PHS;PMDB;PMN;PP;PPS;PR;PRB;PRP;PRTB;PSB;PSC;PSDB;PSDC;PSL;PSOL;PSTU;PT;PTB;PTC;PTDOB;PV
2010,2010-07-23 00:00:00,347/10,HGPE,"PRESIDENTE, DEPUTADO FEDERAL",,"BRASIL, SC",NÃO,,SIM,Sim,SIM,SIM,SIM,DEM;PCB;PCDOB;PCO;PDT;PHS;PMDB;PMN;PP;PPS;PR;PRB;PRP;PRTB;PSB;PSC;PSDB;PSDC;PSOL;PSTU;PT;PTB;PTC;PTDOB;PV
2010,2010-07-24 00:00:00,348/10,HGPE,"GOVERNADOR, SENADOR, DEPUTADO ESTADUAL",,SC,NÃO,,SIM,Sim,SIM,SIM,SIM,DEM;PCB;PCDOB;PDT;PHS;PMDB;PMN;PP;PPS;PR;PRB;PRP;PRTB;PSB;PSDB;PSDC;PSOL;PSTU;PT;PTB;PTC;PTDOB;PV
2010,2010-07-25 00:00:00,349/10,HGPE,"PRESIDENTE, DEPUTADO FEDERAL",,SC,NÃO,,SIM,Sim,SIM,SIM,SIM,DEM;PCB;PCDOB;PCO;PDT;PHS;PMDB;PMN;PP;PPS;PR;PRB;PRP;PRTB;PSB;PSC;PSDB;PSDC;PSL;PSOL;PSTU;PT;PTB;PTC;PTDOB;PV
2010,2010-07-26 00:00:00,350/10,HGPE,"PRESIDENTE, DEPUTADO FEDERAL",,"BRASIL, SC",NÃO,,SIM,Sim,SIM,SIM,SIM,DEM;PCB;PCDOB;PCO;PDT;PHS;PMDB;PMN;PP;PPS;PR;PRB;PRP;PRTB;PSB;PSC;PSDB;PSDC;PSL;PSOL;PSTU;PT;PTB;PTC;PTDOB;PV
2010,2010-07-27 00:00:00,351/10,HGPE,"PRESIDENTE, DEPUTADO FEDERAL",,"BRASIL, SC",NÃO,,SIM,Sim,SIM,SIM,SIM,DEM;PCB;PCDOB;PCO;PDT;PHS;PMDB;PMN;PP;PPS;PR;PRB;PRP;PRTB;PSB;PSC;PSDB;PSDC;PSL;PSOL;PSTU;PT;PTB;PTC;PTDOB;PV
2010,2010-07-28 00:00:00,352/10,HGPE,"PRESIDENTE, DEPUTADO FEDERAL",,"BRASIL, SC",NÃO,,SIM,Sim,SIM,SIM,SIM,DEM;PCB;PCDOB;PCO;PDT;PMDB;PMN;PP;PPS;PR;PRB;PRP;PRTB;PSB;PSC;PSDB;PSDC;PSL;PSOL;PSTU;PT;PTB;PTC;PTDOB;PTN;PV
2010,2010-07-29 00:00:00,353/10,HGPE,"GOVERNADOR, SENADOR, DEPUTADO ESTADUAL",,SP,NÃO,,SIM,Sim,SIM,SIM,SIM,DEM;PCB;PCDOB;PCO;PDT;PHS;PMDB;PP;PPS;PR;PRB;PRP;PSB;PSC;PSDB;PSL;PSOL;PSTU;PT;PTB;PTC;PTDOB;PV
2010,2010-07-30 00:00:00,354/10,HGPE,"GOVERNADOR, SENADOR, DEPUTADO ESTADUAL",,SP,NÃO,,SIM,Sim,SIM,SIM,SIM,DEM;PCB;PCDOB;PCO;PDT;PHS;PMDB;PP;PPS;PR;PRB;PRP;PSB;PSC;PSDB;PSL;PSOL;PSTU;PT;PTB;PTC;PTDOB;PV
2010,2010-08-01 00:00:00,355/10,HGPE,"GOVERNADOR, SENADOR, DEPUTADO ESTADUAL",,SP,NÃO,,SIM,Sim,SIM,SIM,SIM,DEM;PCB;PCDOB;PCO;PDT;PMDB;PMN;PP;PPS;PR;PRB;PRTB;PSB;PSC;PSDB;PSL;PSOL;PSTU;PT;PTB;PTC;PTDOB;PTN;PV
2010,2010-08-02 00:00:00,356/10,HGPE,"GOVERNADOR, SENADOR, DEPUTADO ESTADUAL",,SP,NÃO,,SIM,Sim,SIM,SIM,SIM,DEM;PCB;PCDOB;PCO;PDT;PMDB;PMN;PP;PPS;PR;PRB;PRTB;PSB;PSC;PSDB;PSL;PSOL;PSTU;PT;PTB;PTC;PTDOB;PTN;PV
2010,2010-08-03 00:00:00,357/10,HGPE,"GOVERNADOR, SENADOR, DEPUTADO ESTADUAL",,SP,NÃO,,SIM,Sim,SIM,SIM,SIM,DEM;PCB;PCDOB;PCO;PDT;PMDB;PMN;PP;PPS;PR;PRB;PRTB;PSB;PSC;PSDB;PSL;PSOL;PSTU;PT;PTB;PTC;PTDOB;PTN;PV
2010,2010-08-04 00:00:00,358/10,HGPE,"GOVERNADOR, SENADOR, DEPUTADO ESTADUAL",,SP,NÃO,,SIM,Sim,SIM,SIM,SIM,DEM;PCB;PCDOB;PCO;PDT;PMDB;PMN;PP;PPS;PR;PRB;PRTB;PSB;PSC;PSDB;PSL;PSOL;PSTU;PT;PTB;PTC;PTDOB;PTN;PV
2010,2010-08-05 00:00:00,359/10,HGPE,GOVERNADOR,A gravação tem apenas 3:20 (incompleta),SE,NÃO,,SIM,Não,SIM,SIM,SIM,PSDC;PSOL;PSTU
2010,2010-08-06 00:00:00,360/10,HGPE,"PRESIDENTE, DEPUTADO FEDERAL",,"BRASIL, SE",NÃO,,SIM,Sim,SIM,SIM,SIM,DEM;PCB;PCDOB;PCO;PDT;PHS;PMDB;PP;PPS;PR;PRB;PRP;PRTB;PSB;PSC;PSDB;PSDC;PSL;PSOL;PSTU;PT;PTB;PTC;PTDOB;PV
2010,2010-08-07 00:00:00,361/10,HGPE,"GOVERNADOR, SENADOR, DEPUTADO ESTADUAL",,SE,NÃO,,SIM,Sim,SIM,SIM,SIM,DEM;PCB;PCDOB;PDT;PHS;PMDB;PMN;PPS;PR;PRB;PRP;PRTB;PSB;PSC;PSDB;PSDC;PSL;PSOL;PSTU;PT;PTB;PTC;PTDOB;PV
2010,2010-08-08 00:00:00,362/10,HGPE,"PRESIDENTE, DEPUTADO FEDERAL",,"BRASIL, SE",NÃO,,SIM,Sim,SIM,SIM,SIM,DEM;PCB;PCDOB;PCO;PDT;PHS;PMDB;PPS;PR;PRB;PRP;PRTB;PSB;PSC;PSDB;PSDC;PSL;PSOL;PSTU;PT;PTB;PTC;PTDOB;PV
2010,2010-08-09 00:00:00,363/10,HGPE,"GOVERNADOR, SENADOR, DEPUTADO ESTADUAL",,SE,NÃO,,SIM,Sim,SIM,SIM,SIM,DEM;PCB;PCDOB;PDT;PHS;PMDB;PMN;PPS;PR;PRB;PRP;PRTB;PSB;PSC;PSDB;PSDC;PSL;PSOL;PSTU;PT;PTB;PTC;PTDOB;PV
2010,2010-08-10 00:00:00,364/10,HGPE,"PRESIDENTE, DEPUTADO FEDERAL",,"BRASIL, SE",NÃO,,SIM,Sim,SIM,SIM,SIM,DEM;PCB;PCDOB;PCO;PDT;PHS;PMDB;PPS;PR;PRB;PRP;PRTB;PSB;PSC;PSDB;PSDC;PSL;PSOL;PSTU;PT;PTB;PTC;PTDOB;PV
2010,2010-08-11 00:00:00,365/10,HGPE,"GOVERNADOR, SENADOR, DEPUTADO ESTADUAL",,SE,NÃO,,SIM,Sim,SIM,SIM,SIM,DEM;PCB;PCDOB;PDT;PHS;PMDB;PMN;PPS;PR;PRB;PRP;PRTB;PSB;PSC;PSDB;PSDC;PSL;PSOL;PSTU;PT;PTB;PTC;PTDOB;PV
2010,2010-08-12 00:00:00,366/10,HGPE,"PRESIDENTE, DEPUTADO FEDERAL",,SE,NÃO,,SIM,Sim,SIM,SIM,SIM,DEM;PCB;PCDOB;PCO;PDT;PHS;PMDB;PPS;PR;PRB;PRP;PRTB;PSB;PSC;PSDB;PSDC;PSL;PSOL;PSTU;PT;PTB;PTC;PTDOB;PV
2010,2010-08-13 00:00:00,367/10,HGPE,"GOVERNADOR, SENADOR, DEPUTADO ESTADUAL",,SE,NÃO,,SIM,Sim,SIM,SIM,SIM,DEM;PCB;PCDOB;PDT;PHS;PMDB;PMN;PPS;PR;PRB;PRP;PRTB;PSB;PSC;PSDB;PSDC;PSL;PSOL;PSTU;PT;PTB;PTC;PTDOB;PV
2010,!4/08/2010,368/10,HGPE,"PRESIDENTE, DEPUTADO FEDERAL",,SE,NÃO,,SIM,Sim,SIM,SIM,SIM,DEM;PCB;PCDOB;PCO;PDT;PHS;PMDB;PPS;PR;PRB;PRP;PRTB;PSB;PSC;PSDB;PSDC;PSL;PSOL;PT;PTB;PTC;PTDOB;PV
2010,2010-08-15 00:00:00,369/10,HGPE,"PRESIDENTE, DEPUTADO FEDERAL",,"BRASIL, SE",NÃO,,SIM,Sim,SIM,SIM,SIM,DEM;PCB;PCDOB;PCO;PDT;PHS;PMDB;PPS;PR;PRB;PRP;PRTB;PSB;PSC;PSDB;PSDC;PSL;PSOL;PSTU;PT;PTB;PTC;PTDOB;PV
2010,2010-08-16 00:00:00,370/10,HGPE,"PRESIDENTE, DEPUTADO FEDERAL",,"BRASIL, AP",NÃO,,SIM,Sim,SIM,SIM,SIM,DEM;PCB;PCDOB;PCO;PDT;PHS;PMDB;PMN;PP;PPS;PR;PRB;PRP;PRTB;PSB;PSC;PSDB;PSDC;PSOL;PSTU;PT;PTB;PTC;PTN;PV
2010,2010-08-17 00:00:00,371/10,HGPE,"GOVERNADOR, SENADOR, DEPUTADO ESTADUAL",,"BRASIL, AP",NÃO,,SIM,Sim,SIM,SIM,SIM,DEM;PCB;PCDOB;PDT;PHS;PMDB;PMN;PP;PPS;PR;PRB;PRP;PRTB;PSB;PSC;PSDB;PSDC;PSL;PSOL;PSTU;PT;PTB;PTDOB
2010,2010-08-18 00:00:00,372/10,HGPE,"PRESIDENTE, DEPUTADO FEDERAL",,"BRASIL, AP",NÃO,,SIM,Sim,SIM,SIM,SIM,DEM;PCB;PCDOB;PCO;PDT;PHS;PMDB;PMN;PP;PPS;PR;PRB;PRP;PRTB;PSB;PSC;PSDB;PSDC;PSOL;PSTU;PT;PTB;PTC;PTN;PV
2010,2010-08-19 00:00:00,373/10,HGPE,"GOVERNADOR, SENADOR, DEPUTADO ESTADUAL",,AP,NÃO,,SIM,Sim,SIM,SIM,SIM,DEM;PCB;PCDOB;PDT;PHS;PMDB;PMN;PP;PPS;PR;PRB;PRP;PRTB;PSB;PSC;PSDB;PSDC;PSL;PSOL;PSTU;PT;PTB;PTDOB
2010,2010-08-21 00:00:00,374/10,HGPE,"PRESIDENTE, DEPUTADO FEDERAL",,"BRASIL, AP",NÃO,,SIM,Sim,SIM,SIM,SIM,DEM;PCB;PCDOB;PCO;PDT;PHS;PMDB;PMN;PP;PPS;PR;PRB;PRP;PRTB;PSB;PSC;PSDB;PSDC;PSOL;PSTU;PT;PTB;PTC;PTN;PV
2010,2010-08-21 00:00:00,374/10,HGPE,"PRESIDENTE, DEPUTADO FEDERAL",,"BRASIL, AP",NÃO,,SIM,Sim,SIM,SIM,SIM,DEM;PCB;PCDOB;PCO;PDT;PHS;PMDB;PMN;PP;PPS;PR;PRB;PRP;PRTB;PSB;PSC;PSDB;PSDC;PSOL;PSTU;PT;PTB;PTC;PTN;PV
2010,2010-08-23 00:00:00,375/10,HGPE,"GOVERNADOR, SENADOR, DEPUTADO ESTADUAL",,AP,NÃO,,SIM,Sim,SIM,SIM,SIM,DEM;PCB;PCDOB;PDT;PHS;PMDB;PMN;PP;PPS;PR;PRB;PRP;PRTB;PSB;PSC;PSDB;PSDC;PSL;PSOL;PSTU;PT;PTB;PTDOB
2010,2010-08-24 00:00:00,376/10,HGPE,"GOVERNADOR, SENADOR, DEPUTADO ESTADUAL",,AP,NÃO,,SIM,Sim,SIM,SIM,SIM,DEM;PCB;PCDOB;PDT;PHS;PMDB;PMN;PP;PPS;PR;PRB;PRP;PRTB;PSB;PSC;PSDB;PSDC;PSL;PSOL;PSTU;PT;PTB;PTDOB
2010,2010-08-26 00:00:00,377/10,HGPE,"PRESIDENTE, DEPUTADO FEDERAL",,"BRASIL, AP",NÃO,,SIM,Sim,SIM,SIM,SIM,DEM;PCB;PCDOB;PCO;PDT;PHS;PMDB;PMN;PP;PPS;PR;PRB;PRP;PRTB;PSB;PSC;PSDB;PSDC;PSOL;PSTU;PT;PTB;PTC;PTN;PV
2010,2010-08-27 00:00:00,378/10,HGPE,"GOVERNADOR, SENADOR, DEPUTADO ESTADUAL",,AP,NÃO,,SIM,Sim,SIM,SIM,SIM,DEM;PCB;PCDOB;PDT;PHS;PMDB;PMN;PP;PPS;PR;PRB;PRP;PRTB;PSB;PSC;PSDB;PSDC;PSL;PSOL;PSTU;PT;PTB;PTDOB
2010,2010-08-28 00:00:00,379/10,HGPE,"PRESIDENTE, DEPUTADO FEDERAL",,"BRASIL, AP",NÃO,,SIM,Sim,SIM,SIM,SIM,DEM;PCB;PCDOB;PCO;PDT;PHS;PMDB;PMN;PP;PPS;PR;PRB;PRP;PRTB;PSB;PSC;PSDB;PSDC;PSOL;PSTU;PT;PTB;PTC;PTN;PV
2010,2010-08-29 00:00:00,380/10,HGPE,"GOVERNADOR, SENADOR, DEPUTADO ESTADUAL",,AP,NÃO,,SIM,Sim,SIM,SIM,SIM,DEM;PCB;PCDOB;PDT;PHS;PMDB;PMN;PP;PPS;PR;PRB;PRP;PRTB;PSB;PSC;PSDB;PSDC;PSL;PSOL;PSTU;PT;PTB;PTDOB
2010,2010-08-30 00:00:00,381/10,HGPE,"GOVERNADOR, SENADOR, DEPUTADO ESTADUAL",,AP,NÃO,,SIM,Sim,SIM,SIM,SIM,DEM;PCB;PCDOB;PDT;PHS;PMDB;PMN;PP;PPS;PR;PRB;PRP;PRTB;PSB;PSC;PSDB;PSDC;PSL;PSOL;PSTU;PT;PTB;PTDOB
2010,2010-09-01 00:00:00,382/10,HGPE,"PRESIDENTE, DEPUTADO FEDERAL",,"BRASIL, AP",NÃO,,SIM,Sim,SIM,SIM,SIM,DEM;PCB;PCDOB;PCO;PDT;PHS;PMDB;PMN;PP;PPS;PR;PRB;PRP;PRTB;PSB;PSC;PSDB;PSDC;PSOL;PSTU;PT;PTB;PTC;PTN;PV
2010,2010-09-02 00:00:00,283/10,HGPE,"GOVERNADOR, SENADOR, DEPUTADO ESTADUAL",,AP,NÃO,,SIM,Sim,SIM,SIM,SIM,DEM;PCB;PCDOB;PDT;PHS;PMDB;PMN;PP;PPS;PR;PRB;PRP;PRTB;PSB;PSC;PSDB;PSDC;PSL;PSOL;PSTU;PT;PTB;PTDOB
2010,2010-09-02 00:00:00,384/10,HGPE,"PRESIDENTE, DEPUTADO FEDERAL",,AP,NÃO,,SIM,Sim,SIM,SIM,SIM,DEM;PCB;PCDOB;PCO;PDT;PHS;PMDB;PMN;PP;PPS;PR;PRB;PRP;PRTB;PSB;PSC;PSDB;PSDC;PSOL;PSTU;PT;PTB;PTC;PTN;PV
2010,2010-09-03 00:00:00,385/10,HGPE,"GOVERNADOR, SENADOR, DEPUTADO ESTADUAL",,AP,NÃO,,SIM,Sim,SIM,SIM,SIM,DEM;PCB;PCDOB;PDT;PHS;PMDB;PMN;PP;PPS;PR;PRB;PRP;PRTB;PSB;PSC;PSDB;PSDC;PSL;PSOL;PSTU;PT;PTB;PTDOB
2010,2010-09-04 00:00:00,386/10,HGPE,"PRESIDENTE, DEPUTADO FEDERAL",,"BRASIL, AP",NÃO,,SIM,Sim,SIM,SIM,SIM,DEM;PCB;PCDOB;PCO;PDT;PHS;PMDB;PMN;PP;PPS;PR;PRB;PRP;PRTB;PSB;PSC;PSDB;PSDC;PSOL;PSTU;PT;PTB;PTC;PTN;PV
2010,2010-09-07 00:00:00,387/10,HGPE,"GOVERNADOR, SENADOR, DEPUTADO ESTADUAL",,AP,NÃO,,SIM,Sim,SIM,SIM,SIM,DEM;PCB;PCDOB;PDT;PHS;PMDB;PMN;PP;PPS;PR;PRB;PRP;PRTB;PSB;PSC;PSDB;PSDC;PSL;PSOL;PSTU;PT;PTB;PTDOB
2010,2010-09-07 00:00:00,388/10,HGPE,"PRESIDENTE, DEPUTADO FEDERAL",,"BRASIL, AP",NÃO,,SIM,Sim,SIM,SIM,SIM,DEM;PCB;PCDOB;PCO;PDT;PHS;PMDB;PMN;PP;PPS;PR;PRB;PRP;PRTB;PSB;PSC;PSDB;PSDC;PSOL;PSTU;PT;PTB;PTC;PTN;PV
2010,2010-09-08 00:00:00,389/10,HGPE,"GOVERNADOR, SENADOR, DEPUTADO ESTADUAL",,AP,NÃO,,SIM,Sim,SIM,SIM,SIM,DEM;PCB;PCDOB;PDT;PHS;PMDB;PMN;PP;PPS;PR;PRB;PRP;PRTB;PSB;PSC;PSDB;PSDC;PSL;PSOL;PSTU;PT;PTB;PTDOB
2010,2010-09-09 00:00:00,390/10,HGPE,"PRESIDENTE, DEPUTADO FEDERAL",,"BRASIL, AP",NÃO,,SIM,Sim,SIM,SIM,SIM,DEM;PCB;PCDOB;PCO;PDT;PHS;PMDB;PMN;PP;PPS;PR;PRB;PRP;PRTB;PSB;PSC;PSDB;PSDC;PSOL;PSTU;PT;PTB;PTC;PTN
2010,2010-09-10 00:00:00,391/10,HGPE,"GOVERNADOR, SENADOR, DEPUTADO ESTADUAL",,AP,NÃO,,SIM,Sim,SIM,SIM,SIM,DEM;PCB;PCDOB;PDT;PHS;PMDB;PMN;PP;PPS;PR;PRB;PRP;PRTB;PSB;PSC;PSDB;PSDC;PSL;PSOL;PSTU;PT;PTB;PTDOB
2010,2010-09-11 00:00:00,392/10,HGPE,"PRESIDENTE, DEPUTADO FEDERAL",,"BRASIL, AP",NÃO,,SIM,Sim,SIM,SIM,SIM,DEM;PCB;PCDOB;PCO;PDT;PHS;PMDB;PMN;PP;PPS;PR;PRB;PRP;PRTB;PSB;PSC;PSDB;PSDC;PSOL;PSTU;PT;PTB;PTC;PTN;PV
2010,2010-09-13 00:00:00,393/10,HGPE,"GOVERNADOR, SENADOR, DEPUTADO ESTADUAL",,AP,NÃO,,SIM,Sim,SIM,SIM,SIM,DEM;PCB;PCDOB;PDT;PHS;PMDB;PMN;PP;PPS;PR;PRB;PRP;PRTB;PSB;PSC;PSDB;PSDC;PSL;PSOL;PSTU;PT;PTB;PTDOB
2010,2010-09-14 00:00:00,394/10,HGPE,"PRESIDENTE, DEPUTADO FEDERAL",,"BRASIL, AP",NÃO,,SIM,Sim,SIM,SIM,SIM,DEM;PCB;PCDOB;PCO;PDT;PHS;PMDB;PMN;PP;PPS;PR;PRB;PRP;PRTB;PSB;PSC;PSDB;PSDC;PSOL;PSTU;PT;PTB;PTC;PTN;PV
2010,2010-09-15 00:00:00,395/10,HGPE,"GOVERNADOR, SENADOR, DEPUTADO ESTADUAL",,AP,NÃO,,SIM,Sim,SIM,SIM,SIM,DEM;PCB;PCDOB;PDT;PHS;PMDB;PMN;PP;PPS;PR;PRB;PRP;PRTB;PSB;PSC;PSDB;PSDC;PSL;PSOL;PSTU;PT;PTB;PTDOB
2010,2010-09-16 00:00:00,396/10,HGPE,"PRESIDENTE, DEPUTADO FEDERAL",,"BRASIL, AP",NÃO,,SIM,Sim,SIM,SIM,SIM,DEM;PCB;PCDOB;PCO;PDT;PHS;PMDB;PMN;PP;PPS;PR;PRB;PRP;PRTB;PSB;PSC;PSDB;PSDC;PSOL;PSTU;PT;PTB;PTC;PTN;PV
2010,2010-09-17 00:00:00,397/10,HGPE,"GOVERNADOR, SENADOR, DEPUTADO ESTADUAL",,AP,NÃO,,SIM,Sim,SIM,SIM,SIM,DEM;PCB;PCDOB;PDT;PHS;PMDB;PMN;PP;PPS;PR;PRB;PRP;PRTB;PSB;PSC;PSDB;PSDC;PSL;PSOL;PSTU;PT;PTB;PTDOB
2010,2010-09-18 00:00:00,398/10,HGPE,"PRESIDENTE, DEPUTADO FEDERAL",,"BRASIL, AP",NÃO,,SIM,Sim,SIM,SIM,SIM,DEM;PCB;PCDOB;PCO;PDT;PHS;PMDB;PMN;PP;PPS;PR;PRB;PRP;PRTB;PSB;PSC;PSDB;PSDC;PSOL;PSTU;PT;PTB;PTC;PTN;PV
2010,2010-09-20 00:00:00,399/10,HGPE,"GOVERNADOR, SENADOR, DEPUTADO ESTADUAL",,AP,NÃO,,SIM,Sim,SIM,SIM,SIM,DEM;PCB;PCDOB;PDT;PHS;PMDB;PMN;PP;PPS;PR;PRB;PRP;PRTB;PSB;PSC;PSDB;PSDC;PSL;PSOL;PSTU;PT;PTB;PTDOB
2010,2010-09-21 00:00:00,400/10,HGPE,"PRESIDENTE, DEPUTADO FEDERAL",,"BRASIL, AP",NÃO,,SIM,Sim,SIM,SIM,SIM,DEM;PCB;PCDOB;PCO;PDT;PHS;PMDB;PMN;PP;PPS;PR;PRB;PRP;PRTB;PSB;PSC;PSDB;PSDC;PSOL;PSTU;PT;PTB;PTC;PTN;PV
2010,2010-09-22 00:00:00,401/10,HGPE,"GOVERNADOR, SENADOR, DEPUTADO ESTADUAL",,AP,NÃO,,SIM,Sim,SIM,SIM,SIM,DEM;PCB;PCDOB;PDT;PHS;PMDB;PMN;PP;PPS;PR;PRB;PRP;PRTB;PSB;PSC;PSDB;PSDC;PSL;PSOL;PSTU;PT;PTB;PTDOB
2010,2010-09-23 00:00:00,402/10,HGPE,"PRESIDENTE, DEPUTADO FEDERAL",,"BRASIL, AP",NÃO,,SIM,Sim,SIM,SIM,SIM,DEM;PCB;PCDOB;PCO;PDT;PHS;PMDB;PMN;PP;PPS;PR;PRB;PRP;PRTB;PSB;PSC;PSDB;PSDC;PSOL;PSTU;PT;PTB;PTC;PTN;PV
2010,2010-09-25 00:00:00,403/10,HGPE,"PRESIDENTE, DEPUTADO FEDERAL",,"BRASIL, AP",NÃO,,SIM,Sim,SIM,SIM,SIM,DEM;PCB;PCDOB;PCO;PDT;PHS;PMDB;PMN;PP;PPS;PR;PRB;PRP;PRTB;PSB;PSC;PSDB;PSDC;PSOL;PSTU;PT;PTB;PTC;PTN;PV
2010,2010-09-28 00:00:00,404/10,HGPE,PRESIDENTE,A gravação tem apenas 11:02 (incompleto),BRASIL,NÃO,,SIM,Não,SIM,SIM,SIM,PCO;PSDB;PSOL;PSTU;PT
2010,2010-09-29 00:00:00,405/10,HGPE,"GOVERNADOR, SENADOR, DEPUTADO ESTADUAL",,AP,NÃO,,SIM,Sim,SIM,SIM,SIM,DEM;PCB;PCDOB;PDT;PHS;PMDB;PMN;PP;PPS;PR;PRB;PRP;PRTB;PSB;PSC;PSDB;PSDC;PSL;PSOL;PSTU;PT;PTB;PTDOB
2010,2010-09-30 00:00:00,406/10,HGPE,PRESIDENTE,A gravação tem apenas 33 segundos (incompleta),BRASIL,NÃO,,SIM,Não,SIM,SIM,SIM,PCB
2010,2010-10-01 00:00:00,408/10,HGPE,PRESIDENTE,A gravação tem apenas 25:17 (incompleta),BRASIL,NÃO,,SIM,Sim,SIM,SIM,SIM,PCB;PCO;PRTB;PSDB;PSDC;PSOL;PSTU;PT;PV
2010,2010-10-02 00:00:00,409/10,HGPE,PRESIDENTE,A gravação tem apenas 25:17 (incompleto),BRASIL,NÃO,,SIM,Sim,SIM,SIM,SIM,PCB;PCO;PRTB;PSDB;PSDC;PSOL;PT;PV
2010,2010-10-03 00:00:00,410/10,HGPE,PRESIDENTE,,BRASIL,NÃO,,SIM,Sim,SIM,SIM,SIM,PSDB;PT
2010,2010-10-04 00:00:00,411/10,HGPE,PRESIDENTE,,BRASIL,NÃO,,SIM,Sim,SIM,SIM,SIM,PSDB;PT
2010,2010-10-05 00:00:00,412/10,HGPE,PRESIDENTE,,BRASIL,NÃO,,SIM,Sim,SIM,SIM,SIM,PSDB;PT
2010,2010-10-06 00:00:00,413/10,HGPE,PRESIDENTE,,BRASIL,NÃO,,SIM,Sim,SIM,SIM,SIM,PSDB;PT
2010,2010-10-07 00:00:00,414/10,HGPE,PRESIDENTE,,BRASIL,NÃO,,SIM,Sim,SIM,SIM,SIM,PSDB;PT
2010,2010-10-08 00:00:00,415/10,HGPE,"PRESIDENTE, GOVERNADOR",,"BRASIL, PA",NÃO,,SIM,Sim,SIM,SIM,SIM,PSDB;PT
2010,2010-10-09 00:00:00,416/10,HGPE,"PRESIDENTE, GOVERNADOR",,"BRASIL, PA",NÃO,,SIM,Sim,SIM,SIM,SIM,PSDB;PT
2010,2010-10-10 00:00:00,417/10,HGPE,"PRESIDENTE, GOVERNADOR",,"BRASIL, PA",NÃO,,SIM,Sim,SIM,SIM,SIM,PSDB;PT
2010,2010-10-11 00:00:00,418/10,HGPE,"PRESIDENTE, GOVERNADOR",,"BRASIL, PA",NÃO,,SIM,Sim,SIM,SIM,SIM,PSDB;PT
2010,2010-10-12 00:00:00,419/10,HGPE,"PRESIDENTE, GOVERNADOR",,"BRASIL, PA",NÃO,,SIM,Sim,SIM,SIM,SIM,PSDB;PT
2010,2010-09-29 00:00:00,420/10,HGPE,"PRESIDENTE, GOVERNADOR, SENADOR, DEPUTADO ESTADUAL",,"BRASIL, RJ",NÃO,,SIM,Sim,SIM,SIM,SIM,DEM;PCB;PCDOB;PDT;PMDB;PMN;PP;PPS;PR;PRB;PRP;PSB;PSC;PSDB;PSDC;PSOL;PSTU;PT;PTB;PTC;PTDOB;PV
2010,2010-10-13 00:00:00,421/10,HGPE,"PRESIDENTE, DEPUTADO FEDERAL",,"BRASIL, RS",NÃO,,SIM,Sim,SIM,SIM,SIM,DEM;PCB;PCDOB;PCO;PDT;PMDB;PMN;PP;PPS;PR;PRB;PRP;PRTB;PSB;PSDB;PSDC;PSOL;PSTU;PT;PTB;PTC;PTN;PV
2010,2010-10-14 00:00:00,424/10,HGPE,"PRESIDENTE, GOVERNADOR",,"BRASIL, PA",NÃO,,SIM,Sim,SIM,SIM,SIM,PSDB;PT
2010,2010-10-15 00:00:00,425/10,HGPE,"PRESIDENTE, GOVERNADOR",,"BRASIL, PA",NÃO,,SIM,Sim,SIM,SIM,SIM,PSDB;PT
2010,2010-10-29 00:00:00,427/10,HGPE,"PRESIDENTE, GOVERNADOR",,"BRASIL, AP",NÃO,,SIM,Sim,SIM,SIM,SIM,PSB;PSDB;PT;PTB
2010,2010-10-26 00:00:00,428/10,HGPE,"PRESIDENTE, GOVERNADOR",,"BRASIL, AP",NÃO,,SIM,Sim,SIM,SIM,SIM,PSB;PSDB;PT;PTB
2010,2010-10-27 00:00:00,429/10,HGPE,,A gravação está vazia,,NÃO,,SIM,Não,SIM,SIM,SIM,
2010,2010-10-20 00:00:00,430/10,HGPE,"PRESIDENTE, GOVERNADOR",,"BRASIL, AP",NÃO,,SIM,Sim,SIM,SIM,SIM,PSB;PSDB;PT;PTB
2010,2010-10-21 00:00:00,431/10,HGPE,"PRESIDENTE, GOVERNADOR",,"BRASIL, AP",NÃO,,SIM,Sim,SIM,SIM,SIM,PSB;PSDB;PT;PTB
2010,2010-10-29 00:00:00,432/10,HGPE,"PRESIDENTE, GOVERNADOR",,"BRASIL, AP",NÃO,,SIM,Sim,SIM,SIM,SIM,PSB;PSDB;PT;PTB
2010,2010-10-28 00:00:00,433/10,HGPE,"PRESIDENTE, GOVERNADOR",,"BRASIL, AP",NÃO,,SIM,Sim,SIM,SIM,SIM,PSB;PSDB;PT;PTB
2010,2010-10-16 00:00:00,434/10,HGPE,"PRESIDENTE, GOVERNADOR",,"BRASIL, AP",NÃO,,SIM,Sim,SIM,SIM,SIM,PSB;PSDB;PT;PTB
2010,2010-10-17 00:00:00,435/10,HGPE,"PRESIDENTE, GOVERNADOR",,"BRASIL, AP",NÃO,,SIM,Sim,SIM,SIM,SIM,PSB;PSDB;PT;PTB
2010,2010-10-22 00:00:00,436/10,HGPE,"PRESIDENTE, GOVERNADOR",,"BRASIL, AP",NÃO,,SIM,Sim,SIM,SIM,SIM,PSB;PSDB;PT;PTB
2010,2010-10-23 00:00:00,437/10,HGPE,"PRESIDENTE, GOVERNADOR",,"BRASIL, AP",NÃO,,SIM,Sim,SIM,SIM,SIM,PSB;PSDB;PT;PTB
2010,2010-10-24 00:00:00,438/10,HGPE,GOVERNADOR,,AP,NÃO,,SIM,Sim,SIM,SIM,SIM,PSB;PTB
2010,2010-10-22 00:00:00,439/10,HGPE,PRESIDENTE,,BRASIL,NÃO,,SIM,Sim,SIM,SIM,SIM,PSDB;PT
2010,2010-10-24 00:00:00,440/10,HGPE,"PRESIDENTE, GOVERNADOR",,"BRASIL, AP",NÃO,,SIM,Sim,SIM,SIM,SIM,PSB;PSDB;PT;PTB
2010,2010-10-23 00:00:00,441/10,HGPE,"PRESIDENTE, GOVERNADOR",,"BRASIL, AP",NÃO,,SIM,Sim,SIM,SIM,SIM,PSB;PSDB;PT;PTB
2010,2010-10-18 00:00:00,442/10,HGPE,PRESIDENTE,A gravação tem apenas 10:05 (incompleto),BRASIL,NÃO,,SIM,Sim,SIM,SIM,SIM,PT
2010,2010-10-19 00:00:00,445/10,HGPE,"PRESIDENTE, DEPUTADO FEDERAL",,"BRASIL, RN",NÃO,,SIM,Sim,SIM,SIM,SIM,DEM;PCB;PCDOB;PCO;PDT;PHS;PMDB;PMN;PP;PPS;PR;PRB;PRP;PRTB;PSB;PSC;PSDB;PSDC;PSL;PSOL;PSTU;PT;PTC;PTN;PV
1988,1988-10-01 00:00:00,001/88A,HGPE,"PREFEITO, VEREADOR",,RJ,SIM,Rio de Janeiro,SIM,Sim,SIM,SIM,SIM,PCB;PCDOB;PDC;PDS;PDT;PFL;PGT;PH;PJ;PL;PMB;PMC;PMDB;PMN;PPB;PSB;PSC;PSD;PSDB;PT;PTB;PTN;PTR;PV
1988,1988-10-21 00:00:00,001/88B,HGPE,"PREFEITO, VEREADOR",,RJ,SIM,Rio de Janeiro,SIM,Sim,SIM,SIM,SIM,PCB;PCDOB;PDC;PDS;PDT;PFL;PGT;PH;PJ;PL;PMB;PMC;PMDB;PMN;PPB;PSB;PSC;PSD;PSDB;PT;PTB;PTN;PTR;PV
1988,1988-10-01 00:00:00,001/88C,HGPE,,A gravação está vazia,,NÃO,,SIM,Não,SIM,SIM,SIM,
1988,1988-10-02 00:00:00,001/88D,HGPE,"PREFEITO, VEREADOR",,RJ,SIM,Rio de Janeiro,SIM,Sim,SIM,SIM,SIM,PCB;PCDOB;PCN;PDT;PJ;PPB;PSB;PSDB;PTB;PV
1988,1988-10-03 00:00:00,002/88B,HGPE,"PREFEITO, VEREADOR",,RJ,SIM,Rio de Janeiro,SIM,Sim,SIM,SIM,SIM,PCN;PDC;PDT;PFL;PH;PL;PMC;PMDB;PMN;PNAB;PPB;PRP;PS;PSC;PSD;PT;PTB;PTN;PTR
1988,1988-11-11 00:00:00,003/88A,HGPE,"PREFEITO, VEREADOR",,RJ,SIM,Rio de Janeiro,SIM,Sim,SIM,SIM,SIM,PCB;PCDOB;PDC;PDT;PH;PL;PMB;PMDB;PS;PSB;PSD;PSDB;PTB;PTR;PV
1988,1988-10-04 00:00:00,003/88B,HGPE,"PREFEITO, VEREADOR",,RJ,SIM,Rio de Janeiro,SIM,Sim,SIM,SIM,SIM,PCB;PCDOB;PDC;PDS;PDT;PFL;PGT;PH;PJ;PL;PMB;PMC;PMDB;PMN;PNAB;PPB;PS;PSB;PSC;PSD;PSDB;PT;PTB;PTN;PTR;PV
1988,1988-10-08 00:00:00,003/88C,HGPE,"PREFEITO, VEREADOR",A gravação tem apenas 11:51 (incompleta) e apresenta defeito em 06:03,RJ,SIM,Rio de Janeiro,SIM,Não,SIM,SIM,SIM,PMDB;PNAB;PSD;PTR
1988,1988-10-06 00:00:00,004/88A,HGPE,"PREFEITO, VEREADOR",,RJ,SIM,Rio de Janeiro,SIM,Sim,SIM,SIM,SIM,PCB;PCDOB;PDC;PDS;PDT;PFL;PGT;PH;PJ;PL;PMB;PMC;PMDB;PMN;PNAB;PPB;PS;PSB;PSC;PSD;PSDB;PT;PTB;PTN;PTR;PV
1988,1988-10-07 00:00:00,004/88B,TELEJORNAL,,,,NÃO,,SIM,Sim,SIM,SIM,SIM,
1988,1988-10-08 00:00:00,005/88A,DEBATE,PREFEITO,,RJ,SIM,Rio de Janeiro,SIM,Sim,SIM,SIM,SIM,PCB;PCDOB;PDC;PDS;PDT;PFL;PGT;PH;PJ;PL;PMB;PMC;PMDB;PMN;PNAB;PPB;PS;PSB;PSC;PSD;PSDB;PT;PTB;PTN;PTR;PV
1988,1988-10-09 00:00:00,005/88B,HGPE,"PREFEITO, VEREADOR",,RJ,SIM,Rio de Janeiro,SIM,Sim,SIM,SIM,SIM,PCB;PCDOB;PDC;PDS;PDT;PFL;PGT;PH;PJ;PL;PMB;PMC;PMDB;PMN;PNAB;PPB;PS;PSB;PSC;PSD;PSDB;PT;PTB;PTN;PTR;PV
1988,1988-10-10 00:00:00,006/88A,HGPE,"PREFEITO, VEREADOR",,RJ,SIM,Rio de Janeiro,SIM,Sim,SIM,SIM,SIM,PCB;PCDOB;PDC;PDS;PDT;PFL;PGT;PH;PJ;PL;PMB;PMC;PMDB;PMN;PNAB;PPB;PS;PSB;PSC;PSD;PSDB;PT;PTB;PTN;PTR;PV
1988,1988-10-11 00:00:00,006/88B,HGPE,"PREFEITO, VEREADOR",,RJ,SIM,Rio de Janeiro,SIM,Sim,SIM,SIM,SIM,PCB;PCDOB;PDC;PDS;PDT;PFL;PGT;PH;PJ;PL;PMB;PMC;PMDB;PMN;PNAB;PPB;PS;PSB;PSC;PSD;PSDB;PT;PTB;PTN;PTR;PV
1989,1989-10-01 00:00:00,001/89A,HGPE,PRESIDENTE,,BRASIL,NÃO,,SIM,Sim,SIM,SIM,SIM,ARENA;PCB;PCDOB;PCN;PDC;PDN;PDT;PFL;PL;PLP;PMB;PMDB;PMN;PN;PPB;PRN;PRONA;PRP;PSB;PSC;PSD;PSDB;PSP;PST;PT;PTB;PTR;PV
1989,1989-10-02 00:00:00,1-1-89,HGPE,PRESIDENTE,,BRASIL,NÃO,,SIM,Sim,SIM,SIM,SIM,PRN
1989,1989-10-03 00:00:00,1-1-89,HGPE,PRESIDENTE,,BRASIL,NÃO,,SIM,Sim,SIM,SIM,SIM,PRN
1989,1989-10-04 00:00:00,1-1-89,HGPE,PRESIDENTE,,BRASIL,NÃO,,SIM,Sim,SIM,SIM,SIM,PRN
1989,1989-10-05 00:00:00,1-1-89,HGPE,PRESIDENTE,,BRASIL,NÃO,,SIM,Sim,SIM,SIM,SIM,PRN;PT
1989,1989-10-10 00:00:00,1-2-89,HGPE,PRESIDENTE,,BRASIL,NÃO,,SIM,Sim,SIM,SIM,SIM,PCDOB;PSB;PT
1989,1989-10-11 00:00:00,1-2-89,HGPE,PRESIDENTE,,BRASIL,NÃO,,SIM,Sim,SIM,SIM,SIM,PCDOB;PSB;PT
1989,1989-10-12 00:00:00,1-4-89,HGPE,PRESIDENTE,,BRASIL,NÃO,,SIM,Sim,SIM,SIM,SIM,PDT
1989,1989-10-13 00:00:00,1-9-89,HGPE,PRESIDENTE,,BRASIL,NÃO,,SIM,Sim,SIM,SIM,SIM,PMDB
1989,1989-10-14 00:00:00,1-9-89,HGPE,PRESIDENTE,,BRASIL,NÃO,,SIM,Sim,SIM,SIM,SIM,PMDB
1989,1989-10-15 00:00:00,1-9-89,HGPE,PRESIDENTE,,BRASIL,NÃO,,SIM,Sim,SIM,SIM,SIM,PMDB
1989,1989-10-16 00:00:00,1-9-89,HGPE,PRESIDENTE,,BRASIL,NÃO,,SIM,Sim,SIM,SIM,SIM,PMDB
1989,1989-10-17 00:00:00,002/89A,HGPE,PRESIDENTE,,BRASIL,NÃO,,SIM,Sim,SIM,SIM,SIM,ARENA;PCB;PCDOB;PCN;PDC;PDN;PDT;PFL;PG;PL;PLP;PMB;PMDB;PMN;PN;PPB;PRN;PRONA;PRP;PSB;PSC;PSD;PSDB;PSP;PST;PT;PTB;PTR;PV
1989,1989-10-18 00:00:00,002/89B,HGPE,PRESIDENTE,,BRASIL,NÃO,,SIM,Sim,SIM,SIM,SIM,ARENA;PCB;PCDOB;PCN;PDC;PDN;PDT;PFL;PG;PL;PLP;PMB;PMDB;PMN;PN;PPB;PRN;PRONA;PRP;PSB;PSC;PSD;PSDB;PSP;PST;PT;PTB;PTR;PV
1989,1989-10-19 00:00:00,003/89A,HGPE,PRESIDENTE,,BRASIL,NÃO,,SIM,Sim,SIM,SIM,SIM,ARENA;PCB;PCDOB;PCN;PDC;PDN;PDT;PFL;PG;PL;PLP;PMB;PMDB;PMN;PN;PPB;PRN;PRONA;PRP;PSB;PSC;PSD;PSDB;PSP;PST;PT;PTB;PTR;PV
1989,1989-10-20 00:00:00,003/89B,HGPE,PRESIDENTE,,BRASIL,NÃO,,SIM,Sim,SIM,SIM,SIM,ARENA;PCB;PCDOB;PCN;PDC;PDN;PDT;PFL;PG;PL;PLP;PMB;PMDB;PMN;PN;PPB;PRN;PRONA;PRP;PSB;PSC;PSD;PSDB;PSP;PST;PT;PTB;PTR;PV
1989,1989-10-21 00:00:00,003/89C,HGPE,PRESIDENTE,,BRASIL,NÃO,,SIM,Sim,SIM,SIM,SIM,ARENA;PCB;PCDOB;PCN;PDC;PDN;PDT;PFL;PG;PL;PLP;PMB;PMDB;PMN;PN;PPB;PRN;PRONA;PRP;PSB;PSC;PSD;PSDB;PSP;PST;PT;PTB;PTR;PV
1989,1989-10-22 00:00:00,004/89A,HGPE,PRESIDENTE,,BRASIL,NÃO,,SIM,Sim,SIM,SIM,SIM,ARENA;PCB;PCDOB;PCN;PDC;PDN;PDT;PFL;PG;PL;PLP;PMB;PMDB;PMN;PN;PPB;PRN;PRONA;PRP;PSB;PSC;PSD;PSDB;PSP;PST;PT;PTB;PTR;PV
1989,1989-10-23 00:00:00,004/89B,HGPE,PRESIDENTE,,BRASIL,NÃO,,SIM,Sim,SIM,SIM,SIM,ARENA;PCB;PCDOB;PCN;PDC;PDN;PDT;PFL;PG;PL;PLP;PMB;PMDB;PMN;PN;PPB;PRN;PRONA;PRP;PSB;PSD;PSDB;PSP;PST;PT;PTB;PTR;PV
1989,1989-10-24 00:00:00,004/89C,HGPE,PRESIDENTE,,BRASIL,NÃO,,SIM,Sim,SIM,SIM,SIM,ARENA;PCB;PCDOB;PCN;PDC;PDN;PDT;PFL;PL;PLP;PMB;PMDB;PMN;PN;PPB;PRN;PRONA;PRP;PSB;PSC;PSD;PSDB;PSP;PST;PT;PTB;PTR;PV
1989,1989-10-25 00:00:00,005/89B,HGPE,PRESIDENTE,,BRASIL,NÃO,,SIM,Sim,SIM,SIM,SIM,ARENA;PCB;PCDOB;PCN;PDC;PDN;PDT;PFL;PG;PL;PLP;PMB;PMDB;PMN;PN;PPB;PRN;PRONA;PRP;PSB;PSC;PSD;PSDB;PSP;PST;PT;PTB;PTR;PV
1989,1989-10-26 00:00:00,005/89C,HGPE,PRESIDENTE,,BRASIL,NÃO,,SIM,Sim,SIM,SIM,SIM,ARENA;PCB;PCDOB;PCN;PDC;PDN;PDT;PFL;PG;PL;PLP;PMB;PMDB;PMN;PN;PPB;PRN;PRONA;PRP;PSB;PSC;PSD;PSDB;PSP;PST;PT;PTB;PTR;PV
1989,1989-10-27 00:00:00,007/89A,HGPE,PRESIDENTE,,BRASIL,NÃO,,SIM,Sim,SIM,SIM,SIM,ARENA;PCB;PCDOB;PCN;PDC;PDN;PDT;PFL;PG;PL;PLP;PMB;PMDB;PMN;PN;PPB;PRN;PRONA;PRP;PSB;PSC;PSD;PSDB;PSP;PST;PT;PTB;PTR;PV
1989,1989-10-28 00:00:00,007/89B,HGPE,PRESIDENTE,,BRASIL,NÃO,,SIM,Sim,SIM,SIM,SIM,ARENA;PCB;PCDOB;PCN;PDC;PDN;PDT;PFL;PG;PL;PLP;PMB;PMDB;PMN;PN;PPB;PRN;PRONA;PRP;PSB;PSC;PSD;PSDB;PSP;PST;PT;PTB;PTR;PV
1989,1989-10-29 00:00:00,007/89C,HGPE,PRESIDENTE,,BRASIL,NÃO,,SIM,Sim,SIM,SIM,SIM,ARENA;PCB;PCDOB;PCN;PDC;PDN;PDT;PFL;PG;PL;PLP;PMB;PMDB;PMN;PN;PPB;PRN;PRONA;PRP;PSB;PSC;PSD;PSDB;PSP;PST;PT;PTB;PTR;PV
1989,1989-10-30 00:00:00,008/89B,HGPE,PRESIDENTE,,BRASIL,NÃO,,SIM,Sim,SIM,SIM,SIM,ARENA;PCB;PCDOB;PCN;PDC;PDN;PDT;PFL;PG;PL;PLP;PMB;PMDB;PMN;PN;PPB;PRN;PRONA;PRP;PSB;PSC;PSD;PSDB;PSP;PST;PT;PTB;PTR;PV
1989,1989-11-01 00:00:00,008/89C,HGPE,PRESIDENTE,,BRASIL,NÃO,,SIM,Sim,SIM,SIM,SIM,ARENA;PCB;PCDOB;PCN;PDC;PDT;PFL;PG;PL;PLP;PMB;PMDB;PMN;PN;PPB;PRN;PRONA;PRP;PSB;PSC;PSD;PSDB;PSP;PST;PT;PTB;PTR;PV
1989,1989-11-02 00:00:00,009/89A,HGPE,PRESIDENTE,,BRASIL,NÃO,,SIM,Sim,SIM,SIM,SIM,ARENA;PCB;PCDOB;PCN;PDC;PDT;PFL;PG;PL;PLP;PMB;PMDB;PMN;PN;PPB;PRN;PRONA;PRP;PSB;PSC;PSD;PSDB;PSP;PST;PT;PTB;PTR;PV
1989,1989-11-02 00:00:00,009/89B,HGPE,PRESIDENTE,,BRASIL,NÃO,,SIM,Sim,SIM,SIM,SIM,ARENA;PCB;PCDOB;PCN;PDC;PDT;PFL;PG;PL;PLP;PMB;PMDB;PMN;PN;PPB;PRN;PRONA;PRP;PSB;PSC;PSD;PSDB;PSP;PST;PT;PTB;PTR;PV
1989,1989-11-03 00:00:00,009/89C,HGPE,PRESIDENTE,,BRASIL,NÃO,,SIM,Sim,SIM,SIM,SIM,ARENA;PCB;PCDOB;PCN;PDC;PDT;PFL;PG;PL;PLP;PMB;PMDB;PMN;PN;PPB;PRN;PRONA;PRP;PSB;PSC;PSD;PSDB;PSP;PST;PT;PTB;PTR;PV
1989,1989-11-04 00:00:00,010/89B,HGPE,PRESIDENTE,,BRASIL,NÃO,,SIM,Sim,SIM,SIM,SIM,ARENA;PCB;PCDOB;PCN;PDC;PDT;PFL;PG;PL;PLP;PMB;PMDB;PMN;PN;PPB;PRN;PRONA;PRP;PSB;PSC;PSD;PSDB;PSP;PST;PT;PTB;PTR;PV
1989,1989-11-05 00:00:00,010/89C,HGPE,PRESIDENTE,,BRASIL,NÃO,,SIM,Sim,SIM,SIM,SIM,ARENA;PCB;PCDOB;PCN;PDC;PDT;PFL;PG;PL;PLP;PMB;PMDB;PMN;PN;PPB;PRN;PRONA;PRP;PSB;PSC;PSD;PSDB;PSP;PST;PT;PTB;PTR;PV
1989,1989-11-06 00:00:00,011/89A,HGPE,PRESIDENTE,,BRASIL,NÃO,,SIM,Sim,SIM,SIM,SIM,ARENA;PCB;PCDOB;PCN;PDC;PDT;PFL;PG;PL;PLP;PMB;PMDB;PMN;PN;PPB;PRN;PRONA;PRP;PSB;PSC;PSD;PSDB;PSP;PST;PT;PTB;PTR;PV
1989,1989-11-07 00:00:00,011/89B,HGPE,PRESIDENTE,,BRASIL,NÃO,,SIM,Sim,SIM,SIM,SIM,ARENA;PCB;PCDOB;PCN;PDC;PDT;PFL;PG;PL;PLP;PMB;PMDB;PMN;PN;PPB;PRN;PRONA;PRP;PSB;PSC;PSD;PSDB;PSP;PST;PT;PTB;PTR;PV
1989,1989-11-08 00:00:00,012/89,HGPE,PRESIDENTE,,BRASIL,NÃO,,SIM,Sim,SIM,SIM,SIM,PRN;PT
1989,1989-11-09 00:00:00,016/89,HGPE,PRESIDENTE,,BRASIL,NÃO,,SIM,Sim,SIM,SIM,SIM,ARENA;PCB;PCDOB;PCN;PDC;PDT;PFL;PG;PL;PLP;PMB;PMDB;PMN;PN;PPB;PRN;PRONA;PRP;PSB;PSC;PSD;PSDB;PSP;PST;PT;PTB;PTR;PV
1989,1989-11-10 00:00:00,017/89A,HGPE,PRESIDENTE,,BRASIL,NÃO,,SIM,Sim,SIM,SIM,SIM,PRN;PT
1989,1989-11-11 00:00:00,017/89B,HGPE,PRESIDENTE,,BRASIL,NÃO,,SIM,Sim,SIM,SIM,SIM,PRN;PT
1989,1989-11-12 00:00:00,017/89C,HGPE,PRESIDENTE,,BRASIL,NÃO,,SIM,Sim,SIM,SIM,SIM,PRN;PT
1989,1989-11-13 00:00:00,018/89B,HGPE,PRESIDENTE,A gravação não está sendo reproduzida,BRASIL,NÃO,,SIM,Não,SIM,SIM,SIM,
1989,1989-11-04 00:00:00,021/89,HGPE,PRESIDENTE,A gravação não está sendo reproduzida,BRASIL,NÃO,,SIM,Não,SIM,SIM,SIM,
1989,1989-11-15 00:00:00,024/89,DEBATE,PRESIDENTE,,BRASIL,NÃO,,SIM,Sim,SIM,SIM,SIM,PCDOB;PDS;PDT;PFL;PL;PRN;PSB;PSD;PSDB;PT
1989,1989-11-16 00:00:00,025/89,DEBATE,PRESIDENTE,,BRASIL,NÃO,,SIM,Sim,SIM,SIM,SIM,PRN;PT
1990,1990-10-01 00:00:00,001/90,TELEJORNAL,,É apenas gravação de telejornal,,NÃO,,SIM,Sim,SIM,SIM,SIM,
1992,1992-02-10 00:00:00,001/92,HGPE,"PREFEITO, VEREADOR",,RJ,SIM,Rio de Janeiro,SIM,Sim,SIM,SIM,SIM,PMDB
1992,1992-03-10 00:00:00,002/92,HGPE,"PREFEITO, VEREADOR",,RJ,SIM,Rio de Janeiro,SIM,Sim,SIM,SIM,SIM,PMDB
1992,1992-04-10 00:00:00,003/92,HGPE,,A gravação tem apenas 1:40 e não funciona,,NÃO,,SIM,Não,SIM,SIM,SIM,
1992,1992-10-05 00:00:00,004/92,HGPE,PREFEITO,,RJ,SIM,Rio de Janeiro,SIM,Sim,SIM,SIM,SIM,PMDB
1992,1992-10-06 00:00:00,005/92,HGPE,PREFEITO,,RJ,SIM,Rio de Janeiro,SIM,Sim,SIM,SIM,SIM,PMDB
1992,1992-10-07 00:00:00,006/92,HGPE,"PREFEITO, VEREADOR",,RJ,SIM,Rio de Janeiro,SIM,Sim,SIM,SIM,SIM,PPS;PSB;PT
1992,1992-10-08 00:00:00,007/92,HGPE,PREFEITO,,RJ,SIM,Rio de Janeiro,SIM,Sim,SIM,SIM,SIM,PPS;PSB;PT
1992,1992-10-09 00:00:00,008/92,HGPE,PREFEITO,,RJ,SIM,Rio de Janeiro,SIM,Sim,SIM,SIM,SIM,PPS;PSB;PT
1992,1992-10-10 00:00:00,009/92,HGPE,PREFEITO,,RJ,SIM,Rio de Janeiro,SIM,Sim,SIM,SIM,SIM,PPS;PSB;PT
1992,1992-10-11 00:00:00,010/92,HGPE,PREFEITO,,RJ,SIM,Rio de Janeiro,SIM,Sim,SIM,SIM,SIM,PPS;PSB;PT
1992,1992-10-12 00:00:00,011/92,HGPE,"PREFEITO, VEREADOR",,RJ,SIM,Rio de Janeiro,SIM,Sim,SIM,SIM,SIM,PDT;PMDB;PPS;PSB;PT;PV
1992,1992-10-13 00:00:00,012/92,HGPE,"PREFEITO, VEREADOR",,RJ,SIM,Rio de Janeiro,SIM,Sim,SIM,SIM,SIM,PPS;PSB;PSDB;PT
1992,1992-10-14 00:00:00,016/92,HGPE,"PREFEITO, VEREADOR",,RJ,SIM,Rio de Janeiro,SIM,Sim,SIM,SIM,SIM,PMDB
1996,1996-10-01 00:00:00,1-1-2/96,HGPE,PREFEITO,A gravação tem apenas 6:37 (incompleto),RJ,SIM,Rio de Janeiro,SIM,Sim,SIM,SIM,SIM,PFL
1996,1996-10-02 00:00:00,1-1-2/96 (DVD II),HGPE,PREFEITO,A gravação tem apenas 6:37 (incompleto),RJ,SIM,Rio de Janeiro,SIM,Sim,SIM,SIM,SIM,PFL;PSDB
1996,1996-10-03 00:00:00,001/96,HGPE,"PREFEITO, VEREADOR",,RJ,SIM,Rio de Janeiro,SIM,Sim,SIM,SIM,SIM,PCB;PCDOB;PDT;PFL;PGT;PL;PMDB;PMN;PPB;PPS;PRONA;PRP;PRTB;PSB;PSC;PSD;PSDB;PSL;PST;PSTU;PT;PTB;PTDOB;PV
1996,1996-10-04 00:00:00,002/96,HGPE,VEREADOR,,RJ,SIM,Rio de Janeiro,SIM,Sim,SIM,SIM,SIM,PCB;PCDOB;PDT;PFL;PGT;PL;PMDB;PMN;PPB;PPS;PRONA;PRP;PRTB;PSB;PSC;PSD;PSDB;PSL;PST;PSTU;PT;PTB;PTDOB;PV
1996,1996-10-05 00:00:00,005/96A,HGPE,,A gravação tem apenas 0:33 segundos,,NÃO,,SIM,Não,SIM,SIM,SIM,
1996,1994-10-06 00:00:00,012/94A,HGPE,PRESIDENTE,A gravação é de 1994 e não 1996 como está no Drive,BRASIL,NÃO,,SIM,Sim,SIM,SIM,SIM,PDT;PMDB;PSC
1996,1994-10-07 00:00:00,012/94B,HGPE,,A gravação está com defeito e é do ano de 1994 e não do ano de 1996 como está no Drive,,NÃO,,SIM,Não,SIM,SIM,SIM,
1996,1996-10-08 00:00:00,032/96,TELEJORNAL,PREFEITO,,RJ,SIM,Rio de Janeiro,SIM,Sim,SIM,SIM,SIM,PFL;PSDB;PT
1996,1996-10-10 00:00:00,033/96,TELEJORNAL,PREFEITO,,RJ,SIM,Rio de Janeiro,SIM,Sim,SIM,SIM,SIM,PFL;PPS;PSDB;PT
1996,1996-10-11 00:00:00,035/96,ENTREVISTA,PREFEITO,,RJ,SIM,Rio de Janeiro,SIM,Sim,SIM,SIM,SIM,PSDB
1996,1996-10-12 00:00:00,036/96,ENTREVISTA,PREFEITO,,RJ,SIM,Rio de Janeiro,SIM,Sim,SIM,SIM,SIM,PFL
1996,1996-10-13 00:00:00,037/96,ENTREVISTA,PREFEITO,,RJ,SIM,Rio de Janeiro,SIM,Sim,SIM,SIM,SIM,PFL
1996,1996-10-14 00:00:00,038/96,ENTREVISTA,PREFEITO,,RJ,SIM,Rio de Janeiro,SIM,Sim,SIM,SIM,SIM,PFL
1996,1996-10-15 00:00:00,039/96,ENTREVISTA,PREFEITO,,RJ,SIM,Rio de Janeiro,SIM,Sim,SIM,SIM,SIM,PFL
1996,1996-10-16 00:00:00,040/96,ENTREVISTA,PREFEITO,,RJ,SIM,Rio de Janeiro,SIM,Sim,SIM,SIM,SIM,PSDB
1996,1996-10-17 00:00:00,041/96,ENTREVISTA,PREFEITO,,RJ,SIM,Rio de Janeiro,SIM,Sim,SIM,SIM,SIM,PSDB
1996,1996-10-18 00:00:00,042/96,DEBATE,PREFEITO,,RJ,SIM,Rio de Janeiro,SIM,Sim,SIM,SIM,SIM,PFL;PSDB
1996,1996-10-19 00:00:00,043/96,DEBATE,PREFEITO,,RJ,SIM,Rio de Janeiro,SIM,Sim,SIM,SIM,SIM,PFL;PSDB
1996,1996-10-20 00:00:00,046/96,HGPE,PREFEITO,,RJ,SIM,Rio de Janeiro,SIM,Sim,SIM,SIM,SIM,PCB;PDT;PGT;PPS;PSDB;PSDC;PSL;PT;PTDOB;PTN
1996,1996-10-21 00:00:00,050/96,HGPE,"PREFEITO, VEREADOR",A gravação tem apenas 23:37 (incompleto),RJ,SIM,Rio de Janeiro,SIM,Sim,SIM,SIM,SIM,PCDOB;PDT;PFL;PMN;PPS;PRN;PRONA;PRP;PRTB;PSB;PSDB;PSL;PST;PSTU;PT;PTDOB
1996,1996-10-22 00:00:00,051-052-053/96,HGPE,"PREFEITO, VEREADOR",A gravação tem apenas 20:05 (incompleto),RJ,SIM,Rio de Janeiro,SIM,Sim,SIM,SIM,SIM,PDT;PFL;PGT;PMN;PRONA;PRP;PRTB;PSDB;PSDC;PSL;PST;PSTU;PT;PTDOB;PTN
1996,1996-10-23 00:00:00,060-061-062-063-064/96,HGPE,PREFEITO,A gravação apresenta defeitos e tem apenas 5:45 (incompleta e danificada),SP,SIM,Osasco,SIM,Sim,SIM,SIM,SIM,PDT;PL;PST
1996,1996-10-24 00:00:00,065-066-067/96,HGPE,PREFEITO,,SP,SIM,São Paulo,SIM,Sim,SIM,SIM,SIM,PMDB;PSDC
1996,1996-10-25 00:00:00,067/96,HGPE,PREFEITO,,SP,SIM,São Paulo,SIM,Sim,SIM,SIM,SIM,PDT;PL;PP;PSDB;PST;PT
1996,1996-10-26 00:00:00,067/96B,HGPE,PREFEITO,,SP,SIM,São Paulo,SIM,Sim,SIM,SIM,SIM,PDT;PL;PP;PSDB;PST;PT
1996,1996-10-27 00:00:00,068/96A,HGPE,"PREFEITO, VEREADOR",,SP,SIM,São Paulo,SIM,Sim,SIM,SIM,SIM,PAN;PDT;PGT;PL;PMDB;PP;PRONA;PRP;PRTB;PSD;PSDB;PSDC;PST;PSTU;PT;PTB;PTDOB;PTN
1996,1996-10-28 00:00:00,068/96B,HGPE,"PREFEITO, VEREADOR",,SP,SIM,São Paulo,SIM,Sim,SIM,SIM,SIM,PDT;PGT;PL;PMDB;PP;PRONA;PRP;PRTB;PSDB;PSDC;PST;PT;PTB;PTDOB;PTN
1996,1996-10-29 00:00:00,069/96,HGPE,"PREFEITO, VEREADOR",,SP,SIM,São Paulo,SIM,Sim,SIM,SIM,SIM,PCO;PDT;PFL;PGT;PL;PMDB;PPB;PRONA;PRP;PRTB;PSC;PSDB;PSDC;PST;PSTU;PT;PTB;PTDOB;PTN
1996,1996-10-30 00:00:00,076/96,HGPE,"PREFEITO, VEREADOR",,SP,SIM,São Paulo,SIM,Sim,SIM,SIM,SIM,PDT;PFL;PL;PMDB;PPB;PRONA;PRP;PRTB;PSC;PSDB;PSDC;PST;PSTU;PT;PTB;PTN
1996,1996-11-01 00:00:00,077/96,HGPE,"PREFEITO, VEREADOR",,SP,SIM,São Paulo,SIM,Sim,SIM,SIM,SIM,PCO;PDT;PFL;PGT;PL;PMDB;PPB;PRONA;PRP;PRTB;PSC;PSDB;PSDC;PST;PT;PTB;PTDOB;PTN
1996,1996-11-02 00:00:00,078/96,HGPE,"PREFEITO, VEREADOR",,SP,SIM,São Paulo,SIM,Sim,SIM,SIM,SIM,PCO;PDT;PFL;PGT;PL;PMDB;PPB;PRONA;PRP;PRTB;PSC;PSDB;PSDC;PST;PT;PTB;PTDOB;PTN
1996,1996-11-03 00:00:00,079/96,HGPE,"PREFEITO, VEREADOR",,SP,SIM,São Paulo,SIM,Sim,SIM,SIM,SIM,PDT;PFL;PGT;PL;PMDB;PPB;PRONA;PRP;PRTB;PSC;PSDB;PSDC;PST;PSTU;PT;PTDOB;PTN
1996,1996-11-04 00:00:00,080/96,HGPE,"PREFEITO, VEREADOR",,SP,SIM,São Paulo,SIM,Sim,SIM,SIM,SIM,PDT;PFL;PGT;PL;PMDB;PPB;PRONA;PRP;PRTB;PSC;PSDB;PSDC;PST;PSTU;PT;PTDOB;PTN
1996,1996-11-05 00:00:00,081/96,HGPE,"PREFEITO, VEREADOR",,SP,SIM,São Paulo,SIM,Sim,SIM,SIM,SIM,PDT;PFL;PGT;PL;PMDB;PPB;PRONA;PRP;PRTB;PSC;PSDB;PSDC;PST;PSTU;PT;PTDOB;PTN
1996,1996-11-06 00:00:00,082/96,HGPE,PREFEITO,A gravação tem apenas 16:23 e na minutagem 12:58 começa apresentar defeito (incompleto),,SIM,São Paulo,SIM,Sim,SIM,SIM,SIM,PFL;PPB;PSDB;PT
1996,1996-11-07 00:00:00,083/96,HGPE,PREFEITO,,SP,SIM,São Paulo,SIM,Sim,SIM,SIM,SIM,PFL;PPB;PT
1996,1996-11-08 00:00:00,084/96,HGPE,"PREFEITO, VEREADOR",,SP,SIM,São Paulo,SIM,Sim,SIM,SIM,SIM,PFL;PPB;PT
1996,1996-11-09 00:00:00,085-086-087-088/96,HGPE,PREFEITO,,SP,SIM,São Paulo,SIM,Sim,SIM,SIM,SIM,PFL;PPB;PT
1996,1996-11-10 00:00:00,089/96,ENTREVISTA,PREFEITO,,SP,SIM,São Paulo,SIM,Sim,SIM,SIM,SIM,PT
1996,1996-11-11 00:00:00,090/96,TELEJORNAL,,,,NÃO,,SIM,Sim,SIM,SIM,SIM,
1996,1996-10-01 00:00:00,091/96A,HGPE,PREFEITO,,RJ,SIM,Rio de Janeiro,SIM,Sim,SIM,SIM,SIM,PCB;PCDOB;PDT;PFL;PGT;PL;PMDB;PMN;PPB;PPS;PRONA;PRP;PRTB;PSB;PSC;PSD;PSDB;PSDC;PSL;PST;PSTU;PT;PTB;PTDOB;PTN;PV
1996,1996-10-02 00:00:00,091/96B,HGPE,PREFEITO,,RJ,SIM,Rio de Janeiro,SIM,Sim,SIM,SIM,SIM,PCB;PCDOB;PDT;PFL;PGT;PL;PMDB;PMN;PPB;PPS;PRONA;PRP;PRTB;PSB;PSC;PSD;PSDB;PSDC;PSL;PST;PSTU;PT;PTB;PTDOB;PTN;PV
1996,1996-10-03 00:00:00,091/96C,HGPE,PREFEITO,,RJ,SIM,Rio de Janeiro,SIM,Sim,SIM,SIM,SIM,PCB;PCDOB;PDT;PFL;PGT;PL;PMDB;PMN;PPB;PPS;PRONA;PRP;PRTB;PSB;PSC;PSD;PSDB;PSDC;PSL;PST;PSTU;PT;PTB;PTDOB;PTN;PV
1996,1996-10-04 00:00:00,091/96D,HGPE,PREFEITO,,RJ,SIM,Rio de Janeiro,SIM,Sim,SIM,SIM,SIM,PCB;PCDOB;PDT;PFL;PGT;PL;PMDB;PMN;PPB;PPS;PRONA;PRP;PRTB;PSB;PSC;PSD;PSDB;PSDC;PSL;PST;PSTU;PT;PTB;PTDOB;PTN;PV
1996,1996-10-05 00:00:00,092/96,HGPE,VEREADOR,,RJ,SIM,Rio de Janeiro,SIM,Sim,SIM,SIM,SIM,PCB;PCDOB;PDT;PFL;PGT;PL;PMDB;PMN;PPB;PPS;PRONA;PRP;PRTB;PSB;PSC;PSD;PSDB;PSDC;PSL;PST;PSTU;PT;PTB;PTDOB;PTN;PV
1996,1996-10-06 00:00:00,093-094/96,HGPE,PREFEITO,,"RJ, SP",SIM,Rio de Janeiro / São Paulo,SIM,Sim,SIM,SIM,SIM,PFL;PPB
1996,1996-10-07 00:00:00,100/96,HGPE,PREFEITO,,PR,SIM,Curitiba,SIM,Sim,SIM,SIM,SIM,PDT;PFL;PPB;PSC;PTB
1996,1996-10-08 00:00:00,101-102/96,HGPE,PREFEITO,,PR,SIM,Curitiba,SIM,Sim,SIM,SIM,SIM,PDT;PFL;PPB;PSC;PTB
1996,1996-10-09 00:00:00,1996,HGPE,PREFEITO,,PR,SIM,Curitiba,SIM,Sim,SIM,SIM,SIM,PDT;PFL;PPB;PSC;PTB
1997,1997-10-01 00:00:00,001/97,TELEJORNAL,,A gravação tem apenas 11:48,,NÃO,,SIM,Sim,SIM,SIM,SIM,
1997,1997-10-02 00:00:00,002/97,DIREÇÃO NACIONAL DO PARTIDO,"DEPUTADO ESTADUAL, PREFEITO, VEREADOR",,,NÃO,,SIM,Sim,SIM,SIM,SIM,PMDB;PRP
1997,1997-10-03 00:00:00,003/97,DIREÇÃO NACIONAL DO PARTIDO,,,,NÃO,,SIM,Sim,SIM,SIM,SIM,PT
1997,1997-10-04 00:00:00,004/97,TELEJORNAL,,,,NÃO,,SIM,Sim,SIM,SIM,SIM,
1997,1997-10-05 00:00:00,008/97b - 009/97a,TELEJORNAL,,,,NÃO,,SIM,Sim,SIM,SIM,SIM,
1997,1997-10-06 00:00:00,009/97b - 010/97a,TELEJORNAL,,A gravação apresenta defeito de 1:10:36 até 1:26:03,,NÃO,,SIM,Sim,SIM,SIM,SIM,
1997,1997-10-07 00:00:00,011/97A,DIREÇÃO NACIONAL DO PARTIDO,,,,NÃO,,SIM,Sim,SIM,SIM,SIM,PSB
1997,1997-10-08 00:00:00,011/97B - 012/97A,DIREÇÃO NACIONAL DO PARTIDO,,Apresenta defeito de 11:36 até 14:02,,NÃO,,SIM,Sim,SIM,SIM,SIM,PMDB;PSB
1997,1997-10-09 00:00:00,013/97B,DIREÇÃO NACIONAL DO PARTIDO,,,,NÃO,,SIM,Sim,SIM,SIM,SIM,PPB
1997,1997-10-10 00:00:00,014/97A,DIREÇÃO NACIONAL DO PARTIDO,,,,NÃO,,SIM,Sim,SIM,SIM,SIM,PT
1997,1997-10-11 00:00:00,014/97B - 015/97A,DIREÇÃO NACIONAL DO PARTIDO,,A gravação apresenta defeito de 32:52 até 39:48,,NÃO,,SIM,Sim,SIM,SIM,SIM,PMDB
1997,1997-10-12 00:00:00,015/97B - 016/97A,DIREÇÃO NACIONAL DO PARTIDO,,,,NÃO,,SIM,Sim,SIM,SIM,SIM,PPB
1997,1997-10-13 00:00:00,016/97B,TELEJORNAL,,,,NÃO,,SIM,Sim,SIM,SIM,SIM,
1997,1997-10-14 00:00:00,016/97C,TELEJORNAL,,,,NÃO,,SIM,Sim,SIM,SIM,SIM,
1997,1997-10-15 00:00:00,016/97D - 017/97A,DIREÇÃO NACIONAL DO PARTIDO,,,,NÃO,,SIM,Sim,SIM,SIM,SIM,PDT;PPB;PSD
1997,1997-10-16 00:00:00,017/97b,TELEJORNAL,,A gravação começa apresentar defeito de 11:25 até o final do DVD,,NÃO,,SIM,Sim,SIM,SIM,SIM,
1997,1997-10-17 00:00:00,017/97C,DIREÇÃO NACIONAL DO PARTIDO,,A gravação apresenta defeito de 1:24:05 até o fim,,NÃO,,SIM,Sim,SIM,SIM,SIM,
1997,1997-10-18 00:00:00,018/97D - 019/97A,DIREÇÃO NACIONAL DO PARTIDO,,,,NÃO,,SIM,Sim,SIM,SIM,SIM,PDT
1997,1997-10-19 00:00:00,019/97B - 020/97A,TELEJORNAL,,,,NÃO,,SIM,Sim,SIM,SIM,SIM,
1997,1997-10-20 00:00:00,020/97B,TELEJORNAL,,,,NÃO,,SIM,Sim,SIM,SIM,SIM,
1997,1997-10-21 00:00:00,020/97D,TELEJORNAL,,A qualidade da gravação está ruim,,NÃO,,SIM,Sim,SIM,SIM,SIM,
1997,1997-10-22 00:00:00,021/97A,DIREÇÃO NACIONAL DO PARTIDO,,,,NÃO,,SIM,Sim,SIM,SIM,SIM,PMDB
1997,1997-10-23 00:00:00,021/97B,DIREÇÃO NACIONAL DO PARTIDO,,A qualidade da gravação está ruim,,NÃO,,SIM,Sim,SIM,SIM,SIM,PSDB
1997,1997-10-24 00:00:00,021/97C - 022/97A,DIREÇÃO NACIONAL DO PARTIDO,,A qualidade da gravação está ruim,,NÃO,,SIM,Sim,SIM,SIM,SIM,PMDB
1997,1997-10-25 00:00:00,022/97B,DIREÇÃO NACIONAL DO PARTIDO,,,,NÃO,,SIM,Sim,SIM,SIM,SIM,PMDB
1997,1997-10-26 00:00:00,022/97C,TELEJORNAL,,,,NÃO,,SIM,Sim,SIM,SIM,SIM,
1997,1997-10-27 00:00:00,022/97D - 023/97A,DIREÇÃO NACIONAL DO PARTIDO,,,,NÃO,,SIM,Sim,SIM,SIM,SIM,PTB
1997,1997-10-28 00:00:00,023/97B,DIREÇÃO NACIONAL DO PARTIDO,,,,NÃO,,SIM,Sim,SIM,SIM,SIM,PTB
1997,1997-10-29 00:00:00,023/97C,DIREÇÃO NACIONAL DO PARTIDO,,,,NÃO,,SIM,Sim,SIM,SIM,SIM,PTB
1997,1997-10-30 00:00:00,024/97A,TELEJORNAL,,,,NÃO,,SIM,Sim,SIM,SIM,SIM,
1997,1997-10-31 00:00:00,024/97B - 025/97A,TELEJORNAL,,,,NÃO,,SIM,Sim,SIM,SIM,SIM,
1997,1997-11-01 00:00:00,025/97B - 026/97,TELEJORNAL,,,,NÃO,,SIM,Sim,SIM,SIM,SIM,
1997,1997-11-02 00:00:00,027/97,TELEJORNAL,,,,NÃO,,SIM,Sim,SIM,SIM,SIM,
1997,1997-03-11 00:00:00,027/97B - 028/97A,TELEJORNAL,,,,NÃO,,SIM,Sim,SIM,SIM,SIM,
1997,1997-11-04 00:00:00,028/97B - 029/97,TELEJORNAL,,,,NÃO,,SIM,Sim,SIM,SIM,SIM,
1997,1997-11-05 00:00:00,030/97,TELEJORNAL,,,,NÃO,,SIM,Sim,SIM,SIM,SIM,
1997,1997-11-06 00:00:00,031/97,TELEJORNAL,,,,NÃO,,SIM,Sim,SIM,SIM,SIM,
1997,1997-11-07 00:00:00,032/97 - 033/97,TELEJORNAL,,,,NÃO,,SIM,Sim,SIM,SIM,SIM,
1997,1997-11-08 00:00:00,034/97A,TELEJORNAL,,,,NÃO,,SIM,Sim,SIM,SIM,SIM,
1997,1997-11-09 00:00:00,034/97B - 035/97A,TELEJORNAL,,,,NÃO,,SIM,Sim,SIM,SIM,SIM,
1997,1997-11-10 00:00:00,035/97B - 036/97,TELEJORNAL,,,,NÃO,,SIM,Sim,SIM,SIM,SIM,
1997,1997-11-11 00:00:00,044/97,TELEJORNAL,,,,NÃO,,SIM,Sim,SIM,SIM,SIM,
1998,1998-10-01 00:00:00,001/98,HGPE,"PRESIDENTE, DEPUTADO FEDERAL",,"BRASIL, RJ",NÃO,,SIM,Sim,SIM,SIM,SIM,PAN;PCB;PCDOB;PDT;PFL;PGT;PL;PMDB;PMN;PPB;PPS;PRN;PRONA;PRP;PRTB;PSB;PSC;PSD;PSDB;PSDC;PSL;PSN;PST;PSTU;PT;PTB;PTDOB;PTN;PV
1998,1998-10-02 00:00:00,1-2/98,HGPE,PRESIDENTE,,BRASIL,NÃO,,SIM,Sim,SIM,SIM,SIM,PCB;PCDOB;PDT;PSB;PSDB;PSDC;PSTU;PT
1998,1998-10-03 00:00:00,1-3/98,OUTRO,,A gravação está com defeito,,NÃO,,SIM,Não,SIM,SIM,SIM,
1998,1998-10-04 00:00:00,1-3/98,HGPE,PRESIDENTE,,BRASIL,NÃO,,SIM,Sim,SIM,SIM,SIM,PFL;PPB;PSD;PSDB;PTB
1998,1998-10-05 00:00:00,1-8/94 - 1-8/98,HGPE,PRESIDENTE,A gravação tem apenas 40 segundos (incompleto),BRASIL,NÃO,,SIM,Não,SIM,SIM,SIM,PRONA
1998,1998-10-06 00:00:00,002/98,HGPE,"GOVERNADOR, DEPUTADO ESTADUAL",,RJ,NÃO,Rio de Janeiro,SIM,Sim,SIM,SIM,SIM,PAN;PCB;PCDOB;PDT;PFL;PGT;PL;PMDB;PMN;PPB;PPS;PRONA;PRP;PRTB;PSB;PSC;PSD;PSDB;PSDC;PSL;PSN;PST;PSTU;PT;PTB;PTDOB;PTN;PV
1998,1998-10-07 00:00:00,003/98,HGPE,"PRESIDENTE, DEPUTADO FEDERAL",,"BRASIL, RJ",NÃO,,SIM,Sim,SIM,SIM,SIM,PAN;PCB;PCDOB;PDT;PFL;PL;PMDB;PMN;PPB;PPS;PRN;PRONA;PRP;PRTB;PSB;PSC;PSD;PSDB;PSDC;PSL;PSN;PST;PSTU;PT;PTB;PTDOB;PTN;PV
1998,1998-10-08 00:00:00,004/98,HGPE,"PRESIDENTE, DEPUTADO FEDERAL, DEPUTADO ESTADUAL",,"BRASIL, RJ",NÃO,,SIM,Sim,SIM,SIM,SIM,PAN;PCB;PCDOB;PDT;PFL;PL;PMDB;PMN;PPB;PPS;PRN;PRONA;PRP;PRTB;PSB;PSC;PSD;PSDB;PSDC;PSL;PSN;PST;PSTU;PT;PTB;PTDOB;PTN;PV
1998,1998-10-09 00:00:00,005/97B,TELEJORNAL,,A gravação está na pasta errada e é do ano de 1997,,NÃO,,SIM,Sim,SIM,SIM,SIM,
1998,1998-10-10 00:00:00,005/97c - 006/97a,TELEJORNAL,,A gravação está na pasta errada e é do ano de 1997,,NÃO,,SIM,Sim,SIM,SIM,SIM,
1998,1998-10-11 00:00:00,006/97b,TELEJORNAL,,A gravação não abre e parece ser do ano de 1997,,NÃO,,SIM,Sim,SIM,SIM,SIM,
1998,1998-10-12 00:00:00,006/97D - 007/97A,TELEJORNAL,,A gravação está na pasta errada e é do ano de 1997,,NÃO,,SIM,Sim,SIM,SIM,SIM,
1998,1998-10-13 00:00:00,006/98a,HGPE,"PRESIDENTE, GOVERNADOR, DEPUTADO ESTADUAL",,"BRASIL, RJ",NÃO,Rio de Janeiro,SIM,Sim,SIM,SIM,SIM,PAN;PCB;PCDOB;PDT;PFL;PGT;PL;PMDB;PMN;PPB;PPS;PRONA;PRP;PRTB;PSB;PSC;PSD;PSDB;PSDC;PSL;PSN;PST;PSTU;PT;PTB;PTDOB;PTN;PV
1998,1998-10-14 00:00:00,006/98b,HGPE,"PRESIDENTE, DEPUTADO FEDERAL",,"BRASIL, RJ",NÃO,,SIM,Sim,SIM,SIM,SIM,PAN;PCB;PCDOB;PDT;PFL;PL;PMDB;PMN;PPB;PPS;PRN;PRONA;PRP;PRTB;PSB;PSC;PSD;PSDB;PSDC;PSL;PSN;PST;PSTU;PT;PTB;PTDOB;PTN;PV
1998,1998-10-15 00:00:00,007/97,TELEJORNAL,,A gravação está na pasta errada e é do ano de 1997,,NÃO,,SIM,Sim,SIM,SIM,SIM,
1998,1998-10-16 00:00:00,009/98,HGPE,PRESIDENTE,,BRASIL,NÃO,,SIM,Sim,SIM,SIM,SIM,PAN;PFL;PL;PMN;PPB;PPS;PRONA;PSC;PSD;PSDB;PSDC;PSN;PSTU;PTB;PTN;PV
1998,1998-10-17 00:00:00,010/98,HGPE,"GOVERNADOR, DEPUTADO ESTADUAL",,RJ,NÃO,,SIM,Sim,SIM,SIM,SIM,PAN;PCB;PCDOB;PDT;PFL;PGT;PL;PMDB;PMN;PPB;PPS;PRONA;PRP;PRTB;PSB;PSC;PSD;PSDB;PSDC;PSL;PSN;PST;PSTU;PT;PTB;PTDOB;PTN;PV
1998,1998-10-18 00:00:00,011/98,HGPE,"PRESIDENTE, DEPUTADO FEDERAL",,"BRASIL, RJ",NÃO,,SIM,Sim,SIM,SIM,SIM,PAN;PCB;PCDOB;PDT;PFL;PL;PMDB;PMN;PPB;PPS;PRN;PRONA;PRP;PRTB;PSB;PSC;PSD;PSDB;PSDC;PSL;PSN;PST;PSTU;PT;PTB;PTDOB;PTN;PV
1998,1998-10-19 00:00:00,012/98,HGPE,"GOVERNADOR, DEPUTADO ESTADUAL",,RJ,NÃO,Rio de Janeiro,SIM,Sim,SIM,SIM,SIM,PAN;PCB;PCDOB;PDT;PFL;PGT;PL;PMDB;PMN;PPB;PPS;PRONA;PRP;PRTB;PSB;PSC;PSD;PSDB;PSDC;PSL;PSN;PST;PSTU;PT;PTB;PTDOB;PTN;PV
1998,1998-10-20 00:00:00,013/98,HGPE,"PRESIDENTE, DEPUTADO FEDERAL",,"BRASIL, RJ",NÃO,,SIM,Sim,SIM,SIM,SIM,PAN;PCB;PCDOB;PDT;PFL;PL;PMDB;PMN;PPB;PPS;PRN;PRONA;PRP;PRTB;PSB;PSC;PSD;PSDB;PSDC;PSL;PSN;PST;PSTU;PT;PTB;PTDOB;PTN;PV
1998,1998-10-21 00:00:00,014/98,HGPE,"GOVERNADOR, DEPUTADO ESTADUAL",,RJ,NÃO,Rio de Janeiro,SIM,Sim,SIM,SIM,SIM,PAN;PCB;PCDOB;PDT;PFL;PGT;PL;PMDB;PMN;PPB;PPS;PRONA;PRP;PRTB;PSB;PSC;PSD;PSDB;PSDC;PSL;PSN;PST;PSTU;PT;PTB;PTDOB;PTN;PV
1998,1998-10-22 00:00:00,015/98,HGPE,"PRESIDENTE, DEPUTADO FEDERAL",,"BRASIL, RJ",NÃO,,SIM,Sim,SIM,SIM,SIM,PAN;PCB;PCDOB;PDT;PFL;PL;PMDB;PMN;PPB;PPS;PRN;PRONA;PRP;PRTB;PSB;PSC;PSD;PSDB;PSDC;PSL;PSN;PST;PSTU;PT;PTB;PTDOB;PTN;PV
1998,1998-10-23 00:00:00,016/98,HGPE,"GOVERNADOR, DEPUTADO ESTADUAL",,RJ,NÃO,Rio de Janeiro,SIM,Sim,SIM,SIM,SIM,PAN;PCB;PCDOB;PDT;PFL;PGT;PL;PMDB;PMN;PPB;PPS;PRONA;PRP;PRTB;PSB;PSC;PSD;PSDB;PSDC;PSL;PSN;PST;PSTU;PT;PTB;PTDOB;PTN;PV
1998,1998-10-24 00:00:00,017/98,HGPE,"PRESIDENTE, DEPUTADO FEDERAL",,"BRASIL, RJ",NÃO,,SIM,Sim,SIM,SIM,SIM,PAN;PCB;PCDOB;PDT;PFL;PL;PMDB;PMN;PPB;PPS;PRN;PRONA;PRP;PRTB;PSB;PSC;PSD;PSDB;PSDC;PSL;PSN;PST;PSTU;PT;PTB;PTDOB;PTN;PV
1998,1998-10-25 00:00:00,018/98,HGPE,"PRESIDENTE, DEPUTADO FEDERAL",,"BRASIL, RJ",NÃO,,SIM,Sim,SIM,SIM,SIM,PAN;PCB;PCDOB;PDT;PFL;PL;PMDB;PMN;PPB;PPS;PRN;PRONA;PRP;PRTB;PSB;PSC;PSD;PSDB;PSDC;PSL;PSN;PST;PSTU;PT;PTB;PTDOB;PTN;PV
1998,1998-10-26 00:00:00,019/98,HGPE,"GOVERNADOR, DEPUTADO ESTADUAL",,RJ,NÃO,Rio de Janeiro,SIM,Sim,SIM,SIM,SIM,PAN;PCB;PCDOB;PDT;PFL;PGT;PL;PMDB;PMN;PPB;PPS;PRONA;PRP;PRTB;PSB;PSC;PSD;PSDB;PSDC;PSL;PSN;PST;PSTU;PT;PTB;PTDOB;PTN;PV
1998,1998-10-27 00:00:00,020/98a,HGPE,"GOVERNADOR, DEPUTADO ESTADUAL",,RJ,NÃO,Rio de Janeiro,SIM,Sim,SIM,SIM,SIM,PAN;PCB;PCDOB;PDT;PFL;PGT;PL;PMDB;PMN;PPB;PPS;PRONA;PRP;PRTB;PSB;PSC;PSD;PSDB;PSDC;PSL;PSN;PST;PSTU;PT;PTB;PTDOB;PTN;PV
1998,1998-10-28 00:00:00,020/98b,HGPE,"GOVERNADOR, DEPUTADO ESTADUAL",,RJ,NÃO,Rio de Janeiro,SIM,Sim,SIM,SIM,SIM,PAN;PCB;PCDOB;PDT;PFL;PGT;PL;PMDB;PMN;PPB;PPS;PRONA;PRP;PRTB;PSB;PSC;PSD;PSDB;PSDC;PSL;PSN;PST;PSTU;PT;PTB;PTDOB;PTN;PV
1998,1998-09-08 00:00:00,022/98,HGPE,"PRESIDENTE, DEPUTADO FEDERAL",,"BRASIL, RJ",NÃO,,SIM,Sim,SIM,SIM,SIM,PAN;PCB;PCDOB;PDT;PFL;PGT;PL;PMDB;PMN;PPB;PPS;PRN;PRONA;PRP;PRTB;PSB;PSC;PSD;PSDB;PSDC;PSN;PST;PSTU;PT;PTB;PTDOB;PTN;PV
1998,1998-09-10 00:00:00,024/98A,HGPE,"PRESIDENTE, DEPUTADO FEDERAL",,"BRASIL, RJ",NÃO,,SIM,Sim,SIM,SIM,SIM,PAN;PCB;PCDOB;PDT;PFL;PGT;PL;PMDB;PMN;PPB;PRN;PRONA;PRP;PRTB;PSB;PSC;PSD;PSDB;PSDC;PSN;PST;PSTU;PT;PTB;PTDOB;PTN;PV
1998,1998-10-29 00:00:00,024/98B,TELEJORNAL,,A gravação tem apenas 12:10 e aparecem apenas pesquisas simulando as intenções de voto para presidente,,NÃO,,SIM,Sim,SIM,SIM,SIM,
1998,1998-10-30 00:00:00,025/98,HGPE,"GOVERNADOR, DEPUTADO ESTADUAL",,RJ,NÃO,Rio de Janeiro,SIM,Sim,SIM,SIM,SIM,PAN;PCB;PCDOB;PDT;PFL;PGT;PL;PMDB;PMN;PPB;PPS;PRONA;PRP;PRTB;PSB;PSC;PSD;PSDB;PSDC;PSL;PSN;PST;PSTU;PT;PTB;PTDOB;PTN;PV
1998,1998-10-31 00:00:00,026/98,HGPE,"GOVERNADOR, DEPUTADO ESTADUAL",,RJ,NÃO,Rio de Janeiro,SIM,Sim,SIM,SIM,SIM,PAN;PCB;PCDOB;PDT;PFL;PGT;PL;PMDB;PMN;PPB;PPS;PRONA;PRP;PRTB;PSB;PSC;PSD;PSDB;PSDC;PSL;PSN;PST;PSTU;PT;PTB;PTDOB;PTN;PV
1998,1998-11-01 00:00:00,027/98,HGPE,"PRESIDENTE, DEPUTADO FEDERAL",,"BRASIL, RJ",NÃO,,SIM,Sim,SIM,SIM,SIM,PAN;PCB;PCDOB;PDT;PFL;PL;PMDB;PMN;PPB;PPS;PRN;PRONA;PRP;PRTB;PSB;PSC;PSD;PSDB;PSDC;PSL;PSN;PST;PSTU;PT;PTB;PTDOB;PTN;PV
1998,1998-11-02 00:00:00,028/98,HGPE,"PRESIDENTE, DEPUTADO FEDERAL",,"BRASIL, RJ",NÃO,,SIM,Sim,SIM,SIM,SIM,PAN;PCB;PCDOB;PDT;PFL;PGT;PL;PMDB;PMN;PPB;PPS;PRN;PRONA;PRTB;PSB;PSC;PSD;PSDB;PSDC;PSN;PSTU;PT;PTB;PTDOB;PTN;PV
1998,1998-11-03 00:00:00,029/98,HGPE,"PRESIDENTE, DEPUTADO FEDERAL",,"BRASIL, RJ",NÃO,,SIM,Sim,SIM,SIM,SIM,PAN;PCB;PCDOB;PDT;PFL;PGT;PL;PMDB;PMN;PPB;PPS;PRN;PRONA;PRTB;PSB;PSC;PSD;PSDB;PSDC;PSN;PSTU;PT;PTB;PTDOB;PTN;PV
1998,1998-11-04 00:00:00,030/98B,HGPE,"PRESIDENTE, DEPUTADO FEDERAL",,"BRASIL, RJ",NÃO,,SIM,Sim,SIM,SIM,SIM,PAN;PCB;PCDOB;PDT;PFL;PGT;PL;PMDB;PMN;PPB;PPS;PRN;PRONA;PRTB;PSB;PSC;PSD;PSDB;PSDC;PSN;PSTU;PT;PTB;PTDOB;PTN;PV
1998,1998-11-05 00:00:00,030/98a,HGPE,"GOVERNADOR, DEPUTADO ESTADUAL",,RJ,NÃO,Rio de Janeiro,SIM,Sim,SIM,SIM,SIM,PAN;PCB;PCDOB;PDT;PFL;PGT;PL;PMDB;PMN;PPB;PPS;PRONA;PRP;PRTB;PSB;PSC;PSD;PSDB;PSDC;PSL;PSN;PST;PSTU;PT;PTB;PTDOB;PTN;PV
1998,1998-11-06 00:00:00,031/98a,HGPE,"PRESIDENTE, DEPUTADO FEDERAL",,"BRASIL, RJ",NÃO,,SIM,Sim,SIM,SIM,SIM,PAN;PCB;PCDOB;PDT;PFL;PGT;PL;PMDB;PMN;PPB;PPS;PRN;PRONA;PRTB;PSB;PSC;PSD;PSDB;PSDC;PSN;PSTU;PT;PTB;PTDOB;PTN;PV
1998,1998-11-07 00:00:00,031/98b,HGPE,"GOVERNADOR, DEPUTADO ESTADUAL",,RJ,NÃO,Rio de Janeiro,SIM,Sim,SIM,SIM,SIM,PAN;PCB;PCDOB;PDT;PFL;PGT;PL;PMDB;PMN;PPB;PPS;PRONA;PRP;PRTB;PSB;PSC;PSD;PSDB;PSDC;PSL;PSN;PST;PSTU;PT;PTB;PTDOB;PTN;PV
1998,1998-09-17 00:00:00,032/98A,HGPE,"PRESIDENTE, GOVERNADOR, SENADOR, DEPUTADO FEDERAL",,"BRASIL, RJ",NÃO,,SIM,Sim,SIM,SIM,SIM,PAN;PCB;PCDOB;PDT;PFL;PGT;PL;PMDB;PMN;PPB;PPS;PRN;PRONA;PRP;PRTB;PSB;PSC;PSD;PSDB;PSDC;PSN;PST;PSTU;PT;PTB;PTDOB;PTN;PV
1998,1998-09-17 00:00:00,032/98B,HGPE,"PRESIDENTE, GOVERNADOR, SENADOR, DEPUTADO FEDERAL",,"BRASIL, RJ",NÃO,,SIM,Sim,SIM,SIM,SIM,PAN;PCB;PCDOB;PDT;PFL;PGT;PL;PMDB;PMN;PPB;PPS;PRN;PRONA;PRP;PRTB;PSB;PSC;PSD;PSDB;PSDC;PSN;PST;PSTU;PT;PTB;PTDOB;PTN;PV
1998,1998-09-19 00:00:00,033/98,HGPE,"PRESIDENTE, DEPUTADO FEDERAL",,"BRASIL, RJ",NÃO,,SIM,Sim,SIM,SIM,SIM,PAN;PCB;PCDOB;PDT;PFL;PGT;PL;PMDB;PMN;PPS;PRN;PRONA;PRP;PRTB;PSB;PSC;PSD;PSDB;PSDC;PSN;PST;PSTU;PT;PTB;PTDOB;PTN;PV
1998,1998-11-08 00:00:00,034/98,HGPE,"GOVERNADOR, SENADOR, DEPUTADO FEDERAL, DEPUTADO ESTADUAL",A gravação apresenta defeito de 1:13:31 até o fim,RJ,NÃO,Rio de Janeiro,SIM,Sim,SIM,SIM,SIM,PAN;PCB;PCDOB;PDT;PFL;PGT;PL;PMDB;PMN;PPB;PPS;PRONA;PRP;PRTB;PSB;PSC;PSD;PSDB;PSDC;PSL;PSN;PST;PSTU;PT;PTB;PTDOB;PTN;PV
1998,1998-09-22 00:00:00,036/98,HGPE,PRESIDENTE,,BRASIL,NÃO,,SIM,Sim,SIM,SIM,SIM,PMN;PPB;PPS;PRONA;PSC;PSDB;PSN;PSTU;PTDOB;PTN;PV
1998,1998-11-09 00:00:00,039/98,OUTRO,,TV Câmara Aberta com especialista,,NÃO,,SIM,Sim,SIM,SIM,SIM,
1998,1998-11-10 00:00:00,040/98,HGPE,"PRESIDENTE, DEPUTADO FEDERAL",,"BRASIL, RJ",NÃO,,SIM,Sim,SIM,SIM,SIM,PAN;PCB;PCDOB;PDT;PFL;PGT;PL;PMDB;PMN;PPB;PPS;PRN;PRONA;PRTB;PSB;PSC;PSD;PSDB;PSDC;PSN;PSTU;PT;PTB;PTDOB;PTN;PV
1998,1998-10-11 00:00:00,040/98B,HGPE,"PRESIDENTE, DEPUTADO FEDERAL",,"BRASIL, RJ",NÃO,,SIM,Sim,SIM,SIM,SIM,PCB;PCDOB;PDT;PFL;PMN;PPB;PPS;PRONA;PSDC;PSTU;PTB
1998,1998-10-12 00:00:00,041/98A,HGPE,"PRESIDENTE, DEPUTADO FEDERAL",,"BRASIL, RJ",NÃO,,SIM,Sim,SIM,SIM,SIM,PAN;PCB;PCDOB;PDT;PFL;PGT;PL;PMDB;PMN;PPB;PPS;PRN;PRTB;PSB;PSC;PSD;PSDB;PSDC;PSN;PSTU;PT;PTB;PTDOB;PTN;PV
1998,1998-10-13 00:00:00,041/98B,HGPE,"PRESIDENTE, DEPUTADO FEDERAL",,"BRASIL, RJ",NÃO,,SIM,Sim,SIM,SIM,SIM,PCB;PCDOB;PDT;PFL;PPB;PT
1998,1998-11-14 00:00:00,042/98A,HGPE,"GOVERNADOR, SENADOR, DEPUTADO ESTADUAL",,RJ,NÃO,,SIM,Sim,SIM,SIM,SIM,PAN;PCB;PCDOB;PDT;PFL;PGT;PL;PMDB;PMN;PPB;PPS;PRONA;PRP;PRTB;PSB;PSC;PSD;PSDB;PSDC;PSL;PSN;PST;PSTU;PT;PTB;PTDOB;PTN;PV
1998,1998-11-15 00:00:00,042/98B,ENTREVISTA,PRESIDENTE,,BRASIL,NÃO,,SIM,Sim,SIM,SIM,SIM,PSTU
1998,1998-11-16 00:00:00,043/98,HGPE,"PRESIDENTE, DEPUTADO FEDERAL",,"BRASIL, RJ",NÃO,,SIM,Sim,SIM,SIM,SIM,PAN;PCB;PCDOB;PDT;PFL;PGT;PL;PMDB;PMN;PPB;PPS;PRN;PRTB;PSB;PSC;PSD;PSDB;PSDC;PSN;PSTU;PT;PTB;PTDOB;PTN;PV
1998,1998-11-17 00:00:00,044/98A,HGPE,GOVERNADOR,,RJ,SIM,Rio de Janeiro,SIM,Sim,SIM,SIM,SIM,PDT;PFL
1998,1998-11-18 00:00:00,044/98B,HGPE,GOVERNADOR,,RJ,SIM,Rio de Janeiro,SIM,Sim,SIM,SIM,SIM,PDT;PFL
1998,1998-11-19 00:00:00,046/98B,HGPE,"GOVERNADOR, DEPUTADO ESTADUAL",,RJ,SIM,Rio de Janeiro,SIM,Sim,SIM,SIM,SIM,PDT;PFL
1998,1998-11-20 00:00:00,047/98,HGPE,GOVERNADOR,,RJ,SIM,Rio de Janeiro,SIM,Sim,SIM,SIM,SIM,PDT;PFL
1998,1998-11-21 00:00:00,048/98,HGPE,GOVERNADOR,,RJ,SIM,Rio de Janeiro,SIM,Sim,SIM,SIM,SIM,PDT;PFL
1998,1998-11-22 00:00:00,049/98A,HGPE,GOVERNADOR,,RJ,SIM,RIo de Janeiro,SIM,Sim,SIM,SIM,SIM,PDT;PFL
1998,1998-11-23 00:00:00,049/98B,HGPE,GOVERNADOR,,RJ,SIM,Rio de Janeiro,SIM,Sim,SIM,SIM,SIM,PDT;PFL
1998,1998-11-24 00:00:00,050/98,HGPE,GOVERNADOR,,RJ,SIM,Rio de Janeiro,SIM,Sim,SIM,SIM,SIM,PDT;PFL
1998,1998-11-25 00:00:00,051/98A,TELEJORNAL,,É um telejornal com alguns compromissos de campanha e pesquisa de intenções de voto,,NÃO,,SIM,Sim,SIM,SIM,SIM,
1998,1998-11-26 00:00:00,051/98B,TELEJORNAL,,,,NÃO,,SIM,Sim,SIM,SIM,SIM,
1998,1998-11-27 00:00:00,052/98,TELEJORNAL,,,,NÃO,,SIM,Sim,SIM,SIM,SIM,
1998,1998-11-28 00:00:00,053/98,MESA REDONDA,,,,NÃO,,SIM,Sim,SIM,SIM,SIM,
1998,1998-11-29 00:00:00,054/98,ENTREVISTA,GOVERNADOR,,RJ,SIM,Rio de Janeiro,SIM,Sim,SIM,SIM,SIM,PDT
1998,1998-10-01 00:00:00,056/98 - 057/98,TELEJORNAL,,,,NÃO,,SIM,Sim,SIM,SIM,SIM,
1998,1998-10-02 00:00:00,058/98,TELEJORNAL,,,,NÃO,,SIM,Sim,SIM,SIM,SIM,
1998,1998-10-03 00:00:00,059/98A,MESA REDONDA,,,,NÃO,,SIM,Sim,SIM,SIM,SIM,
1998,1998-10-01 00:00:00,059/98B,MESA REDONDA,,,,NÃO,,SIM,Sim,SIM,SIM,SIM,
1998,1998-10-02 00:00:00,060/98,TELEJORNAL,,É um telejornal com alguns compromissos de campanha e pesquisa de intenções de voto,,NÃO,,SIM,Sim,SIM,SIM,SIM,
1998,1998-10-03 00:00:00,061/98,ENTREVISTA,PRESIDENTE,,BRASIL,NÃO,,SIM,Sim,SIM,SIM,SIM,PPS
1998,1998-10-04 00:00:00,062/98A,ENTREVISTA,GOVERNADOR,,RJ,NÃO,Rio de Janeiro,SIM,Sim,SIM,SIM,SIM,PDT;PFL
1998,1998-10-05 00:00:00,062/98B,TELEJORNAL,,É um telejornal com alguns compromissos de campanha e pesquisa de intenções de voto,,NÃO,,SIM,Sim,SIM,SIM,SIM,
1998,1998-10-06 00:00:00,063/98,TELEJORNAL,,É um telejornal com alguns compromissos de campanha,,NÃO,,SIM,Sim,SIM,SIM,SIM,
1998,1998-10-07 00:00:00,072/98,ENTREVISTA,GOVERNADOR,,RJ,SIM,Rio de Janeiro,SIM,Sim,SIM,SIM,SIM,PFL
1998,1998-10-08 00:00:00,073/98,TELEJORNAL,,É um telejornal com alguns compromissos de campanha,,NÃO,,SIM,Sim,SIM,SIM,SIM,
1998,1998-10-09 00:00:00,074/98A,ENTREVISTA,PRESIDENTE,,BRASIL,NÃO,,SIM,Sim,SIM,SIM,SIM,PT
1998,1998-10-10 00:00:00,074/98B,MESA REDONDA,,,,NÃO,,SIM,Sim,SIM,SIM,SIM,
1998,1998-10-11 00:00:00,076/98,TELEJORNAL,,Telejornal com pesquisas de inteções de voto,,NÃO,,SIM,Sim,SIM,SIM,SIM,
1998,1998-10-12 00:00:00,078/98,TELEJORNAL,,Telejornal com compromisso de campanha dos candidatos à presidência,,NÃO,,SIM,Sim,SIM,SIM,SIM,
1998,1998-10-13 00:00:00,080/98,TELEJORNAL,,Telejornal com pesquisas de inteções de voto,,NÃO,,SIM,Sim,SIM,SIM,SIM,
1998,1998-10-14 00:00:00,083/98,ENTREVISTA,PREFEITO,,RJ,NÃO,,SIM,Sim,SIM,SIM,SIM,PDT
1998,1998-10-15 00:00:00,084/98,MESA REDONDA,,,,NÃO,,SIM,Sim,SIM,SIM,SIM,
1998,1998-10-16 00:00:00,085/98,TELEJORNAL,,Telejornal com compromisso de campanha e intenções de voto para a presidência,,NÃO,,SIM,Sim,SIM,SIM,SIM,
1998,1998-10-17 00:00:00,086/98,TELEJORNAL,,Telejornal com compromisso de campanha e intenções de voto para a presidência,,NÃO,,SIM,Sim,SIM,SIM,SIM,
1998,1998-10-18 00:00:00,086/98B,MESA REDONDA,,Roda com especialistas,,NÃO,,SIM,Sim,SIM,SIM,SIM,
1998,1998-10-19 00:00:00,087/98A,HGPE,"GOVERNADOR, DEPUTADO ESTADUAL",,RJ,NÃO,Rio de Janeiro,SIM,Sim,SIM,SIM,SIM,PAN;PCB;PCDOB;PDT;PFL;PGT;PL;PMDB;PMN;PPB;PPS;PRN;PRONA;PRP;PRTB;PSB;PSC;PSD;PSDB;PSDC;PSL;PSN;PST;PSTU;PT;PTB;PTDOB;PTN;PV
1998,1998-10-20 00:00:00,087/98B,MESA REDONDA,,,,NÃO,,SIM,Sim,SIM,SIM,SIM,
1998,1998-10-21 00:00:00,088/98A,ENTREVISTA,,,,NÃO,,SIM,Sim,SIM,SIM,SIM,PSB
1998,1998-10-22 00:00:00,088/98B,TELEJORNAL,,Telejornal com compromisso de campanha e intenções de voto para a presidência,,NÃO,,SIM,Sim,SIM,SIM,SIM,
1998,1998-10-23 00:00:00,089/98A,HGPE,"GOVERNADOR, DEPUTADO ESTADUAL",,RJ,NÃO,Rio de Janeiro,SIM,Sim,SIM,SIM,SIM,PAN;PCB;PCDOB;PDT;PFL;PGT;PL;PMDB;PMN;PPB;PPS;PRN;PRONA;PRP;PRTB;PSB;PSC;PSD;PSDB;PSDC;PSL;PSN;PST;PSTU;PT;PTB;PTDOB;PTN;PV
1998,1998-10-24 00:00:00,089/98B,HGPE,"PRESIDENTE, GOVERNADOR, DEPUTADO FEDERAL, DEPUTADO ESTADUAL",,"BRASIL, RJ",NÃO,Rio de Janeiro,SIM,Sim,SIM,SIM,SIM,PAN;PCB;PCDOB;PDT;PFL;PGT;PL;PMDB;PMN;PPB;PPS;PRN;PRONA;PRP;PRTB;PSB;PSC;PSD;PSDB;PSDC;PSL;PSN;PST;PSTU;PT;PTB;PTDOB;PTN;PV
1998,1998-10-25 00:00:00,090/98,ENTREVISTA,GOVERNADOR,Parte é de telejornal com o dia da votação para presidente e governador do RJ,RJ,NÃO,Rio de Janeiro,SIM,Sim,SIM,SIM,SIM,PDT;PFL
1998,1998-10-26 00:00:00,091/98,ENTREVISTA,GOVERNADOR,,RJ,SIM,Rio de Janeiro,SIM,Sim,SIM,SIM,SIM,PDT;PFL
1998,1998-10-27 00:00:00,092/98,ENTREVISTA,GOVERNADOR,,RJ,SIM,Rio de Janeiro,SIM,Sim,SIM,SIM,SIM,PFL
1998,1998-10-28 00:00:00,093/98,TELEJORNAL,,Telejornal com compromisso de campanha e intenções de voto 2º turno governador RJ,,NÃO,,SIM,Sim,SIM,SIM,SIM,
1998,1998-10-29 00:00:00,096/98,DIREÇÃO NACIONAL DO PARTIDO,,,,NÃO,,SIM,Sim,SIM,SIM,SIM,PDT;PMDB;PRTB;PSB;PTB
1998,1998-10-30 00:00:00,097/98,HGPE,GOVERNADOR,,RJ,SIM,Rio de Janeiro,SIM,Sim,SIM,SIM,SIM,PDT;PSDB;PT
1998,1998-10-31 00:00:00,098/98,HGPE,GOVERNADOR,,RJ,SIM,Rio de Janeiro,SIM,Sim,SIM,SIM,SIM,PFL;PL;PPB
1998,1998-11-01 00:00:00,099/98,HGPE,DEPUTADO FEDERAL,,RJ,NÃO,,SIM,Sim,SIM,SIM,SIM,PDT;PFL;PL
1998,1998-11-02 00:00:00,100/98,DIREÇÃO NACIONAL DO PARTIDO,,,,NÃO,,SIM,Sim,SIM,SIM,SIM,PDT;PFL;PMDB;PPB;PT
1998,1998-11-03 00:00:00,101/98,TELEJORNAL,,,,NÃO,,SIM,Sim,SIM,SIM,SIM,
1998,1998-11-04 00:00:00,102/98,TELEJORNAL,,,,NÃO,,SIM,Sim,SIM,SIM,SIM,
1998,1998-11-05 00:00:00,103/98,TELEJORNAL,,TELEJORNAL com intenções de voto,,NÃO,,SIM,Sim,SIM,SIM,SIM,
1998,1998-11-06 00:00:00,104/98,TELEJORNAL,,,,NÃO,,SIM,Sim,SIM,SIM,SIM,
1998,1998-11-07 00:00:00,105/98,TELEJORNAL,,,,NÃO,,SIM,Sim,SIM,SIM,SIM,
1998,1998-11-08 00:00:00,106/98,TELEJORNAL,,TELEJORNAL com compromisso de FHC,,NÃO,,SIM,Sim,SIM,SIM,SIM,PSDB
1998,1998-11-09 00:00:00,107/98,TELEJORNAL,,,,NÃO,,SIM,Sim,SIM,SIM,SIM,
1998,1998-11-10 00:00:00,108/98,TELEJORNAL,,,,NÃO,,SIM,Sim,SIM,SIM,SIM,
1998,1998-11-11 00:00:00,109/98,TELEJORNAL,,,,NÃO,,SIM,Sim,SIM,SIM,SIM,
1998,1998-11-12 00:00:00,110/98,TELEJORNAL,,TELEJORNAL com compromisso de campanha FHC,,NÃO,,SIM,Sim,SIM,SIM,SIM,PSDB
1998,1998-11-13 00:00:00,111/98,TELEJORNAL,,TELEJORNALcom compromissos FHC,,NÃO,,SIM,Sim,SIM,SIM,SIM,PSDB
1998,1998-11-14 00:00:00,112/98,TELEJORNAL,,TELEJORNAL com compromissos de FHC,,NÃO,,SIM,Sim,SIM,SIM,SIM,PSDB
1998,1998-11-15 00:00:00,113/98,TELEJORNAL,,TELEJORNAL com compromissos de FHC,,NÃO,,SIM,Sim,SIM,SIM,SIM,PSDB
1998,1998-11-16 00:00:00,114/98,TELEJORNAL,,,,NÃO,,SIM,Sim,SIM,SIM,SIM,
1998,1998-11-17 00:00:00,115/98,TELEJORNAL,,,,NÃO,,SIM,Sim,SIM,SIM,SIM,
1998,1998-11-18 00:00:00,116/98,TELEJORNAL,,,,NÃO,,SIM,Sim,SIM,SIM,SIM,
1998,1998-11-19 00:00:00,117/98,TELEJORNAL,,TELEJORNAL com compromissos de campanha dos candidatos à presidência,,NÃO,,SIM,Sim,SIM,SIM,SIM,
1998,1998-11-20 00:00:00,118/98,TELEJORNAL,,,,NÃO,,SIM,Sim,SIM,SIM,SIM,
1998,1998-11-21 00:00:00,119/98,TELEJORNAL,,,,NÃO,,SIM,Sim,SIM,SIM,SIM,
1998,1998-11-22 00:00:00,120/98,TELEJORNAL,,TELEJORNAL com compromissos de campanha dos candidatos à presidência,,NÃO,,SIM,Sim,SIM,SIM,SIM,
1998,1998-11-23 00:00:00,121/98A,TELEJORNAL,,,,NÃO,,SIM,Sim,SIM,SIM,SIM,
1998,1998-11-24 00:00:00,121/98B - 122/98A,TELEJORNAL,,,,NÃO,,SIM,Sim,SIM,SIM,SIM,
1998,1998-11-25 00:00:00,122/98B,TELEJORNAL,,TELEJORNAL com movimentações políticas de FHC,,NÃO,,SIM,Sim,SIM,SIM,SIM,
1998,1998-11-26 00:00:00,123/98A,TELEJORNAL,,,,NÃO,,SIM,Sim,SIM,SIM,SIM,
1998,1998-11-27 00:00:00,123/98b,TELEJORNAL,,,,NÃO,,SIM,Sim,SIM,SIM,SIM,
1998,1998-11-28 00:00:00,124/98a,TELEJORNAL,,,,NÃO,,SIM,Sim,SIM,SIM,SIM,
1998,1998-11-29 00:00:00,125/98b - 128/98,TELEJORNAL,,,,NÃO,,SIM,Sim,SIM,SIM,SIM,
1998,1998-11-30 00:00:00,127/98,TELEJORNAL,,,,NÃO,,SIM,Sim,SIM,SIM,SIM,
1998,1998-10-01 00:00:00,129/98,TELEJORNAL,,,,NÃO,,SIM,Sim,SIM,SIM,SIM,
1998,1998-10-02 00:00:00,130/98,TELEJORNAL,,,,NÃO,,SIM,Sim,SIM,SIM,SIM,
1998,1998-10-03 00:00:00,131/98,TELEJORNAL,,TELEJORNAL com compromisso político de FHC,,NÃO,,SIM,Sim,SIM,SIM,SIM,PSDB
1998,1998-10-04 00:00:00,132/98,TELEJORNAL,,,,NÃO,,SIM,Sim,SIM,SIM,SIM,
1998,1998-10-05 00:00:00,133/98,OUTRO,,O DVD não pode ser reproduzido por problemas,,NÃO,,SIM,Não,SIM,SIM,SIM,
1998,1998-10-06 00:00:00,134/98,TELEJORNAL,,,,NÃO,,SIM,Sim,SIM,SIM,SIM,
1998,1998-10-07 00:00:00,135/98,TELEJORNAL,,,,NÃO,,SIM,Sim,SIM,SIM,SIM,
1998,1998-10-08 00:00:00,136/98,TELEJORNAL,,,,NÃO,,SIM,Sim,SIM,SIM,SIM,
1998,1998-10-09 00:00:00,137/98,TELEJORNAL,,,,NÃO,,SIM,Sim,SIM,SIM,SIM,
1998,1998-10-10 00:00:00,139/98,TELEJORNAL,,,,NÃO,,SIM,Sim,SIM,SIM,SIM,
1998,1998-10-11 00:00:00,139/98B - 140/98A,TELEJORNAL,,,,NÃO,,SIM,Sim,SIM,SIM,SIM,
1998,1998-10-12 00:00:00,140/98B - 141/98A,TELEJORNAL,,,,NÃO,,SIM,Sim,SIM,SIM,SIM,
1998,1998-10-13 00:00:00,141/98b,TELEJORNAL,,,,NÃO,,SIM,Sim,SIM,SIM,SIM,
1998,1998-10-14 00:00:00,142/98,TELEJORNAL,,,,NÃO,,SIM,Sim,SIM,SIM,SIM,
1998,1998-10-15 00:00:00,143/98,TELEJORNAL,,,,NÃO,,SIM,Sim,SIM,SIM,SIM,
1998,1998-10-16 00:00:00,144/98,TELEJORNAL,,,,NÃO,,SIM,Sim,SIM,SIM,SIM,
1998,1998-10-17 00:00:00,145/98,TELEJORNAL,,,,NÃO,,SIM,Sim,SIM,SIM,SIM,
1998,1998-10-18 00:00:00,146/98,TELEJORNAL,,,,NÃO,,SIM,Sim,SIM,SIM,SIM,
1998,1998-10-19 00:00:00,147/98,TELEJORNAL,,,,NÃO,,SIM,Sim,SIM,SIM,SIM,
1998,1998-10-20 00:00:00,148/98,TELEJORNAL,,,,NÃO,,SIM,Sim,SIM,SIM,SIM,
1998,1998-10-21 00:00:00,149/98,TELEJORNAL,,,,NÃO,,SIM,Sim,SIM,SIM,SIM,
1998,1998-10-22 00:00:00,150/98,TELEJORNAL,,,,NÃO,,SIM,Sim,SIM,SIM,SIM,
1998,1998-10-23 00:00:00,151/98,TELEJORNAL,,,,NÃO,,SIM,Sim,SIM,SIM,SIM,
1998,1998-10-24 00:00:00,152/98,TELEJORNAL,,,,NÃO,,SIM,Sim,SIM,SIM,SIM,
1998,1998-10-25 00:00:00,153/98,TELEJORNAL,,,,NÃO,,SIM,Sim,SIM,SIM,SIM,
1998,1998-10-26 00:00:00,154/98,TELEJORNAL,,,,NÃO,,SIM,Sim,SIM,SIM,SIM,
1998,1998-10-27 00:00:00,155/98b - 157/98a,TELEJORNAL,,,,NÃO,,SIM,Sim,SIM,SIM,SIM,
1998,1998-10-28 00:00:00,156/98,TELEJORNAL,,Compromisso de campanha dos candidatos à presidência,,NÃO,,SIM,Sim,SIM,SIM,SIM,
1998,1998-10-29 00:00:00,157/98b,TELEJORNAL,,,,NÃO,,SIM,Sim,SIM,SIM,SIM,
1998,1998-10-30 00:00:00,158/98a,TELEJORNAL,"PRESIDENTE, GOVERNADOR, SENADOR",,"BRASIL, RJ",NÃO,,SIM,Sim,SIM,SIM,SIM,PFL;PPB;PSDB;PSN;PTB;PV
1998,1998-11-01 00:00:00,158/98B - 18298A,TELEJORNAL,"PRESIDENTE, GOVERNADOR, DEPUTADO FEDERAL",,"BRASIL, RJ",NÃO,,SIM,Sim,SIM,SIM,SIM,PFL;PPB;PSDB;PTB
1998,1998-11-02 00:00:00,159/98a,TELEJORNAL,"PRESIDENTE, SENADOR, DEPUTADO FEDERAL, DEPUTADO ESTADUAL",,,NÃO,,SIM,Sim,SIM,SIM,SIM,PDT;PFL;PMDB;PPB;PRONA;PTB
1998,1998-11-03 00:00:00,160/98a,TELEJORNAL,"PRESIDENTE, DEPUTADO FEDERAL, DEPUTADO ESTADUAL",,"BRASIL, RJ",NÃO,,SIM,Sim,SIM,SIM,SIM,PRONA;PSDB;PSDC
1998,1998-11-04 00:00:00,160/98b - 161/98a,TELEJORNAL,,A gravação apresenta defeito de 9:42 até 15:32,,NÃO,,SIM,Sim,SIM,SIM,SIM,
1998,1998-11-05 00:00:00,161/98b - 163/98,TELEJORNAL,,A gravação apresenta defeito de 4:10 até o fim,,NÃO,,SIM,Sim,SIM,SIM,SIM,
1998,1998-11-06 00:00:00,162/98b,TELEJORNAL,,,,NÃO,,SIM,Sim,SIM,SIM,SIM,
1998,1998-11-07 00:00:00,164/98b,TELEJORNAL,,,,NÃO,,SIM,Sim,SIM,SIM,SIM,
1998,1998-11-08 00:00:00,165/98A,TELEJORNAL,,,,NÃO,,SIM,Sim,SIM,SIM,SIM,
1998,1998-11-09 00:00:00,166/98A,TELEJORNAL,,,,NÃO,,SIM,Sim,SIM,SIM,SIM,
1998,1998-11-10 00:00:00,166/98B - 168/98A,TELEJORNAL,,,,NÃO,,SIM,Sim,SIM,SIM,SIM,
1998,1998-11-11 00:00:00,167/98B - 169/98A,TELEJORNAL,PRESIDENTE,,BRASIL,NÃO,,SIM,Sim,SIM,SIM,SIM,PAN;PCB;PCDOB;PDT;PFL;PL;PPB;PPS;PRN;PRONA;PRP;PRTB;PSB;PSC;PSD;PSDB;PSDC;PSN;PSTU;PT;PTB;PTDOB;PTN;PV
1998,1998-11-12 00:00:00,168/98B - 170/98A,TELEJORNAL,,,,NÃO,,SIM,Sim,SIM,SIM,SIM,
1998,1998-11-13 00:00:00,169/98b - 171/98a,TELEJORNAL,,,,NÃO,,SIM,Sim,SIM,SIM,SIM,
1998,1998-11-14 00:00:00,170/98B - 172/98A,TELEJORNAL,,,,NÃO,,SIM,Sim,SIM,SIM,SIM,
1998,1998-11-15 00:00:00,172/98,TELEJORNAL,,,,NÃO,,SIM,Sim,SIM,SIM,SIM,
1998,1998-11-16 00:00:00,172/98b,TELEJORNAL,,,,NÃO,,SIM,Sim,SIM,SIM,SIM,
1998,1998-11-17 00:00:00,174/98,TELEJORNAL,,,,NÃO,,SIM,Sim,SIM,SIM,SIM,
1998,1998-11-18 00:00:00,175/98,TELEJORNAL,,,,NÃO,,SIM,Sim,SIM,SIM,SIM,
1998,1998-11-19 00:00:00,178/98,TELEJORNAL,,,,NÃO,,SIM,Sim,SIM,SIM,SIM,
1998,1998-11-20 00:00:00,179/98,TELEJORNAL,,,,NÃO,,SIM,Sim,SIM,SIM,SIM,
1998,1998-11-21 00:00:00,180/98,TELEJORNAL,,,,NÃO,,SIM,Sim,SIM,SIM,SIM,
1998,1998-11-22 00:00:00,181/98,TELEJORNAL,,,,NÃO,,SIM,Sim,SIM,SIM,SIM,
1998,1998-11-23 00:00:00,182/98B - 183/98A,TELEJORNAL,,,,NÃO,,SIM,Sim,SIM,SIM,SIM,
1998,1998-11-24 00:00:00,183/98B - 184/98A,TELEJORNAL,,,,NÃO,,SIM,Sim,SIM,SIM,SIM,
1998,1998-11-25 00:00:00,185/98B - 186/98A,TELEJORNAL,,,,NÃO,,SIM,Sim,SIM,SIM,SIM,
1998,1998-11-26 00:00:00,186/98B - 187/98A,TELEJORNAL,,,,NÃO,,SIM,Sim,SIM,SIM,SIM,
1998,1998-11-27 00:00:00,187/98B - 188/98A,TELEJORNAL,,,,NÃO,,SIM,Sim,SIM,SIM,SIM,
1998,1998-11-28 00:00:00,188/98B - 189/98A,TELEJORNAL,,,,NÃO,,SIM,Sim,SIM,SIM,SIM,
1998,1998-11-29 00:00:00,189/98B,TELEJORNAL,,,,NÃO,,SIM,Sim,SIM,SIM,SIM,
1998,1998-11-30 00:00:00,190/98B,TELEJORNAL,,,,NÃO,,SIM,Sim,SIM,SIM,SIM,
1998,1998-10-01 00:00:00,190/98A,TELEJORNAL,,A gravação não reproduz,,NÃO,,SIM,Não,SIM,SIM,SIM,
1998,1998-10-02 00:00:00,191/98B,TELEJORNAL,,,,NÃO,,SIM,Sim,SIM,SIM,SIM,
1998,1998-10-03 00:00:00,192/98B,TELEJORNAL,,,,NÃO,,SIM,Sim,SIM,SIM,SIM,
1998,1998-10-04 00:00:00,192/98A,TELEJORNAL,,,,NÃO,,SIM,Sim,SIM,SIM,SIM,
1998,1998-10-05 00:00:00,193/98B,TELEJORNAL,,A gravação apresenta defeito de 8:11 até o fim,,NÃO,,SIM,Sim,SIM,SIM,SIM,
1998,1998-10-06 00:00:00,193/98A,TELEJORNAL,,,,NÃO,,SIM,Sim,SIM,SIM,SIM,
1998,1998-10-07 00:00:00,194/98,TELEJORNAL,,,,NÃO,,SIM,Sim,SIM,SIM,SIM,
1998,1998-08-10 00:00:00,195/98,TELEJORNAL,,,,NÃO,,SIM,Sim,SIM,SIM,SIM,
1998,1998-09-10 00:00:00,196/98B,TELEJORNAL,,,,NÃO,,SIM,Sim,SIM,SIM,SIM,
1998,1998-10-10 00:00:00,196/98A,TELEJORNAL,,,,NÃO,,SIM,Sim,SIM,SIM,SIM,
1998,1998-11-10 00:00:00,197/98,TELEJORNAL,,,,NÃO,,SIM,Sim,SIM,SIM,SIM,
1998,1998-12-10 00:00:00,199/98,TELEJORNAL,,,,NÃO,,SIM,Sim,SIM,SIM,SIM,
1998,1998-10-13 00:00:00,201/98,TELEJORNAL,,,,NÃO,,SIM,Sim,SIM,SIM,SIM,
1998,1998-10-14 00:00:00,202/98,TELEJORNAL,,,,NÃO,,SIM,Sim,SIM,SIM,SIM,
1998,1998-10-15 00:00:00,203/98,TELEJORNAL,,,,NÃO,,SIM,Sim,SIM,SIM,SIM,
1998,1998-10-16 00:00:00,204/98,TELEJORNAL,,,,NÃO,,SIM,Sim,SIM,SIM,SIM,
1998,1998-12-10 00:00:00,206/98,TELEJORNAL,,A gravação está dando erro de reprodução,,NÃO,,SIM,Sim,SIM,SIM,SIM,
1998,1998-10-18 00:00:00,208/98A,TELEJORNAL,,,,NÃO,,SIM,Sim,SIM,SIM,SIM,
1998,1998-10-19 00:00:00,208/98B,TELEJORNAL,,,,NÃO,,SIM,Sim,SIM,SIM,SIM,
1998,1998-10-20 00:00:00,209/98,TELEJORNAL,,,,NÃO,,SIM,Sim,SIM,SIM,SIM,
1998,1998-10-21 00:00:00,210/98,TELEJORNAL,,,,NÃO,,SIM,Sim,SIM,SIM,SIM,
1998,1998-10-22 00:00:00,212/98,TELEJORNAL,,,,NÃO,,SIM,Sim,SIM,SIM,SIM,
1998,1998-10-23 00:00:00,213/98,TELEJORNAL,,,,NÃO,,SIM,Sim,SIM,SIM,SIM,
1998,1998-10-24 00:00:00,214/98,TELEJORNAL,,,,NÃO,,SIM,Sim,SIM,SIM,SIM,
1998,1998-10-25 00:00:00,215/98,TELEJORNAL,,,,NÃO,,SIM,Sim,SIM,SIM,SIM,
1998,1998-10-26 00:00:00,216/98,TELEJORNAL,,,,NÃO,,SIM,Sim,SIM,SIM,SIM,
1998,1998-10-27 00:00:00,217/98,TELEJORNAL,,A gravação não reproduz,,NÃO,,SIM,Não,SIM,SIM,SIM,
1998,1998-10-28 00:00:00,218/98,TELEJORNAL,,,,NÃO,,SIM,Sim,SIM,SIM,SIM,
1998,1998-10-29 00:00:00,219/98,TELEJORNAL,,,,NÃO,,SIM,Sim,SIM,SIM,SIM,
1998,1998-10-30 00:00:00,221/98,TELEJORNAL,,,,NÃO,,SIM,Sim,SIM,SIM,SIM,
1998,1998-11-01 00:00:00,222/98,TELEJORNAL,,,,NÃO,,SIM,Sim,SIM,SIM,SIM,
1998,1998-11-02 00:00:00,223/98,TELEJORNAL,,,,NÃO,,SIM,Sim,SIM,SIM,SIM,
1998,1998-11-03 00:00:00,224/98,TELEJORNAL,,,,NÃO,,SIM,Sim,SIM,SIM,SIM,
1998,1998-11-04 00:00:00,225/98,TELEJORNAL,,,,NÃO,,SIM,Sim,SIM,SIM,SIM,
1998,1998-11-04 00:00:00,226/98,TELEJORNAL,,,,NÃO,,SIM,Sim,SIM,SIM,SIM,
1998,1998-11-06 00:00:00,227/98,TELEJORNAL,,,,NÃO,,SIM,Sim,SIM,SIM,SIM,
1998,1998-11-07 00:00:00,228/98,TELEJORNAL,,,,NÃO,,SIM,Sim,SIM,SIM,SIM,
1998,1998-11-08 00:00:00,229/98,TELEJORNAL,,,,NÃO,,SIM,Sim,SIM,SIM,SIM,
1998,1998-11-09 00:00:00,230/98,TELEJORNAL,,,,NÃO,,SIM,Sim,SIM,SIM,SIM,
1998,1998-11-10 00:00:00,231/98,TELEJORNAL,,,,NÃO,,SIM,Sim,SIM,SIM,SIM,
1998,1998-11-11 00:00:00,232/98,TELEJORNAL,,,,NÃO,,SIM,Sim,SIM,SIM,SIM,
1998,1998-11-12 00:00:00,233/98,TELEJORNAL,,,,NÃO,,SIM,Sim,SIM,SIM,SIM,
1998,1998-11-13 00:00:00,235/98,TELEJORNAL,,,,NÃO,,SIM,Sim,SIM,SIM,SIM,
1998,1998-11-14 00:00:00,236/98,TELEJORNAL,,,,NÃO,,SIM,Sim,SIM,SIM,SIM,
1998,1998-11-15 00:00:00,237/98,TELEJORNAL,,,,NÃO,,SIM,Sim,SIM,SIM,SIM,
1998,1998-11-16 00:00:00,238/98,TELEJORNAL,,,,NÃO,,SIM,Sim,SIM,SIM,SIM,
1998,1998-11-17 00:00:00,239/98,TELEJORNAL,"PRESIDENTE, GOVERNADOR",,"BRASIL, RJ",NÃO,,SIM,Sim,SIM,SIM,SIM,PCDOB;PDT;PPS;PSB;PT
1998,1998-11-18 00:00:00,240/98,TELEJORNAL,,,,NÃO,,SIM,Sim,SIM,SIM,SIM,
1998,1998-11-19 00:00:00,243/98,TELEJORNAL,,,,NÃO,,SIM,Sim,SIM,SIM,SIM,
1998,1998-11-20 00:00:00,244/98,TELEJORNAL,,,,NÃO,,SIM,Sim,SIM,SIM,SIM,
1998,1998-11-21 00:00:00,246/98,TELEJORNAL,,,,NÃO,,SIM,Sim,SIM,SIM,SIM,
1998,1998-11-22 00:00:00,247/98,TELEJORNAL,,,,NÃO,,SIM,Sim,SIM,SIM,SIM,
1998,1998-11-23 00:00:00,248/98,TELEJORNAL,,,,NÃO,,SIM,Sim,SIM,SIM,SIM,
1998,1998-11-24 00:00:00,249/98,TELEJORNAL,,,,NÃO,,SIM,Sim,SIM,SIM,SIM,
1998,1998-11-25 00:00:00,250/98,TELEJORNAL,PRESIDENTE,Pesquisa com intenções de voto,BRASIL,NÃO,,SIM,Sim,SIM,SIM,SIM,PPS;PSDB;PT
1998,1998-11-26 00:00:00,251/98,TELEJORNAL,,,,NÃO,,SIM,Sim,SIM,SIM,SIM,
1998,1998-11-27 00:00:00,252/98,TELEJORNAL,,,,NÃO,,SIM,Sim,SIM,SIM,SIM,
1998,1998-11-28 00:00:00,253/98,TELEJORNAL,,,,NÃO,,SIM,Sim,SIM,SIM,SIM,
1998,1998-09-11 00:00:00,270/98A,HGPE,"GOVERNADOR, SENADOR, DEPUTADO ESTADUAL",,BA,NÃO,,SIM,Sim,SIM,SIM,SIM,PAN;PCDOB;PDT;PFL;PL;PMDB;PMN;PPB;PPS;PRN;PRONA;PRP;PRTB;PSB;PSC;PSD;PSDB;PSN;PST;PT;PTB;PTDOB;PV
1998,1998-09-11 00:00:00,270/98B,HGPE,"PRESIDENTE, GOVERNADOR",,"BRASIL, BA",NÃO,,SIM,Sim,SIM,SIM,SIM,PAN;PCB;PCDOB;PDT;PFL;PL;PMDB;PMN;PPB;PPS;PRN;PRONA;PRP;PRTB;PSB;PSC;PSD;PSDB;PSDC;PSN;PST;PSTU;PT;PTB;PTDOB;PV
1998,1998-09-11 00:00:00,270/98C,HGPE,GOVERNADOR,A gravação tem apenas 1:13 (incompleto),BA,NÃO,,SIM,Sim,SIM,SIM,SIM,PFL
1998,1998-09-11 00:00:00,270/98D,HGPE,"PRESIDENTE, GOVERNADOR",,"BRASIL, BA",NÃO,,SIM,Sim,SIM,SIM,SIM,PAN;PCB;PCDOB;PDT;PFL;PL;PMDB;PMN;PPB;PPS;PRN;PRONA;PRP;PRTB;PSB;PSC;PSD;PSDB;PSDC;PSN;PST;PSTU;PT;PTB;PTDOB;PTN;PV
1998,1998-09-12 00:00:00,271/98C,HGPE,"PRESIDENTE, GOVERNADOR, SENADOR, DEPUTADO FEDERAL",,"BRASIL, BA",NÃO,,SIM,Sim,SIM,SIM,SIM,PAN;PCB;PCDOB;PDT;PFL;PL;PMDB;PMN;PPB;PPS;PRN;PRONA;PRP;PRTB;PSB;PSC;PSD;PSDB;PSDC;PSN;PST;PSTU;PT;PTB;PTDOB;PTN;PV
1998,1998-09-13 00:00:00,271/98D,HGPE,"PRESIDENTE, GOVERNADOR, DEPUTADO FEDERAL, DEPUTADO ESTADUAL",,"BRASIL, BA",NÃO,,SIM,Sim,SIM,SIM,SIM,PAN;PCB;PDT;PFL;PL;PMDB;PMN;PPB;PPS;PRN;PRONA;PRTB;PSB;PSC;PSDB;PSDC;PSN;PST;PSTU;PT;PTB;PTC;PTDOB;PTN;PV
1998,1998-09-14 00:00:00,272/98D,HGPE,"PRESIDENTE, GOVERNADOR, DEPUTADO FEDERAL, DEPUTADO ESTADUAL",,"BRASIL, BA",NÃO,,SIM,Sim,SIM,SIM,SIM,PAN;PCB;PCDOB;PDT;PFL;PL;PMDB;PMN;PPB;PPS;PRN;PRONA;PRTB;PSB;PSC;PSD;PSDB;PSDC;PSN;PST;PSTU;PT;PTB;PTC;PTDOB;PTN;PV
1998,1998-09-15 00:00:00,272/98a,HGPE,"PRESIDENTE, GOVERNADOR, DEPUTADO FEDERAL",,"BRASIL, BA",NÃO,,SIM,Sim,SIM,SIM,SIM,PAN;PCB;PCDOB;PDT;PFL;PL;PMDB;PMN;PPB;PPS;PRN;PRONA;PRTB;PSB;PSC;PSD;PSDB;PSDC;PSN;PST;PSTU;PT;PTB;PTC;PTDOB;PTN;PV
1998,1998-09-16 00:00:00,272/98C,HGPE,"GOVERNADOR, DEPUTADO ESTADUAL",,BA,NÃO,,SIM,Sim,SIM,SIM,SIM,PAN;PCB;PCDOB;PDT;PFL;PL;PMDB;PMN;PPB;PPS;PRN;PRONA;PRTB;PSB;PSC;PSD;PSDB;PSDC;PSN;PST;PSTU;PT;PTB;PTC;PTDOB;PTN;PV
1998,1998-08-18 00:00:00,273/98a,HGPE,"PRESIDENTE, DEPUTADO FEDERAL",,"BRASIL, BA",NÃO,,SIM,Sim,SIM,SIM,SIM,PAN;PCB;PCDOB;PDT;PFL;PL;PMDB;PMN;PPB;PPS;PRN;PRONA;PRTB;PSB;PSC;PSD;PSDB;PSDC;PSN;PST;PSTU;PT;PTB;PTC;PTDOB;PTN;PV
1998,1998-08-18 00:00:00,273/98b,HGPE,"GOVERNADOR, DEPUTADO FEDERAL",,BA,NÃO,,SIM,Sim,SIM,SIM,SIM,PAN;PCB;PCDOB;PDT;PFL;PL;PMDB;PMN;PPB;PPS;PRN;PRONA;PRTB;PSB;PSC;PSD;PSDB;PSDC;PSN;PST;PSTU;PT;PTB;PTC;PTDOB;PTN;PV
1998,1998-08-18 00:00:00,273/98c,HGPE,"GOVERNADOR, DEPUTADO ESTADUAL",,BA,NÃO,,SIM,Sim,SIM,SIM,SIM,PAN;PCB;PCDOB;PDT;PFL;PL;PMDB;PMN;PPB;PPS;PRN;PRONA;PRTB;PSB;PSC;PSD;PSDB;PSDC;PSN;PST;PSTU;PT;PTB;PTC;PTDOB;PTN;PV
1998,1998-08-18 00:00:00,273/98d,HGPE,"DEPUTADO FEDERAL, DEPUTADO ESTADUAL",,BA,NÃO,,SIM,Sim,SIM,SIM,SIM,PAN;PCB;PCDOB;PDT;PFL;PL;PMDB;PMN;PPB;PPS;PRN;PRONA;PRTB;PSB;PSC;PSD;PSDB;PSDC;PSN;PST;PSTU;PT;PTB;PTC;PTDOB;PTN;PV
1998,1998-08-19 00:00:00,274/98a,HGPE,"PRESIDENTE, GOVERNADOR, DEPUTADO FEDERAL, DEPUTADO ESTADUAL",,"BRASIL, BA",NÃO,,SIM,Sim,SIM,SIM,SIM,PAN;PCB;PCDOB;PDT;PFL;PL;PMDB;PMN;PPB;PPS;PRN;PRONA;PRTB;PSB;PSC;PSD;PSDB;PSDC;PSN;PST;PSTU;PT;PTB;PTC;PTDOB;PTN;PV
1998,1998-08-20 00:00:00,274/98b,HGPE,"GOVERNADOR, DEPUTADO FEDERAL, DEPUTADO ESTADUAL",,BA,NÃO,,SIM,Sim,SIM,SIM,SIM,PAN;PCB;PCDOB;PDT;PFL;PL;PMDB;PMN;PPB;PPS;PRN;PRONA;PRTB;PSB;PSC;PSD;PSDB;PSDC;PSN;PST;PSTU;PT;PTB;PTC;PTDOB;PTN;PV
1998,1998-08-21 00:00:00,274/98c,HGPE,"PRESIDENTE, GOVERNADOR, DEPUTADO FEDERAL, DEPUTADO ESTADUAL",,"BRASIL, BA",NÃO,,SIM,Sim,SIM,SIM,SIM,PAN;PCB;PCDOB;PDT;PFL;PL;PMDB;PMN;PPB;PPS;PRN;PRONA;PRTB;PSB;PSC;PSD;PSDB;PSDC;PSN;PST;PSTU;PT;PTB;PTC;PTDOB;PTN;PV
1998,1998-08-22 00:00:00,274/98d,HGPE,"GOVERNADOR, DEPUTADO ESTADUAL",,BA,NÃO,,SIM,Sim,SIM,SIM,SIM,PAN;PCB;PCDOB;PDT;PFL;PL;PMDB;PMN;PPB;PPS;PRN;PRONA;PRTB;PSB;PSC;PSD;PSDB;PSDC;PSN;PST;PSTU;PT;PTB;PTC;PTDOB;PTN;PV
1998,1998-10-01 00:00:00,275/98,HGPE,"PRESIDENTE, GOVERNADOR, DEPUTADO FEDERAL",,"BRASIL, BA",NÃO,,SIM,Sim,SIM,SIM,SIM,PAN;PCB;PCDOB;PDT;PFL;PL;PMDB;PMN;PPB;PPS;PRN;PRONA;PRTB;PSB;PSC;PSD;PSDB;PSDC;PSN;PST;PSTU;PT;PTB;PTC;PTDOB;PTN;PV
1998,1998-10-02 00:00:00,276/98a - 289/98,HGPE,"PRESIDENTE, SENADOR, DEPUTADO FEDERAL",,"BRASIL, BA",NÃO,,SIM,Sim,SIM,SIM,SIM,PDT;PMDB;PMN;PPS;PRONA;PRTB;PSC;PSDB;PSDC;PSN;PT;PTB;PTDOB;PTN
1998,1998-10-03 00:00:00,290/98a - 308/98,HGPE,GOVERNADOR,,SP,NÃO,,SIM,Sim,SIM,SIM,SIM,PDT;PMDB;PPB;PRTB;PSC;PSDB;PSDC;PT
1998,1998-10-04 00:00:00,310/98,HGPE,"PRESIDENTE, DEPUTADO FEDERAL",,"BRASIL, SP",NÃO,,SIM,Sim,SIM,SIM,SIM,PAN;PCDOB;PCO;PDT;PFL;PGT;PL;PMDB;PMN;PPB;PPS;PRONA;PRP;PRTB;PSB;PSC;PSDB;PSDC;PSN;PST;PT;PTB;PTDOB;PTN;PV
1998,1998-05-10 00:00:00,311/98,HGPE,"GOVERNADOR, DEPUTADO ESTADUAL",,SP,NÃO,,SIM,Sim,SIM,SIM,SIM,PAN;PCDOB;PCO;PDT;PFL;PGT;PL;PMDB;PMN;PPB;PRONA;PRTB;PSB;PSC;PSD;PSDB;PSDC;PSN;PSTU;PT;PTB;PTN;PV
1998,1998-06-10 00:00:00,312/98 - 313/98,HGPE,GOVERNADOR,A gravação apresenta defeito de 39:38 até o fim,SP,NÃO,,SIM,Sim,SIM,SIM,SIM,PDT;PMDB;PPB;PRONA;PRTB;PSC;PSDB;PSDC;PSTU;PT
1998,1998-07-10 00:00:00,314/98 - 315/98,HGPE,"GOVERNADOR, DEPUTADO ESTADUAL",,SP,NÃO,,SIM,Sim,SIM,SIM,SIM,PAN;PCDOB;PCO;PDT;PFL;PGT;PL;PMDB;PMN;PPB;PRONA;PRTB;PSB;PSC;PSD;PSDB;PSDC;PSN;PSTU;PT;PTB;PTN;PV
1998,1998-08-10 00:00:00,316/98 - 317/98,HGPE,GOVERNADOR,,SP,NÃO,,SIM,Sim,SIM,SIM,SIM,PAN;PCDOB;PCO;PDT;PFL;PGT;PL;PMDB;PMN;PPB;PRONA;PRTB;PSB;PSC;PSD;PSDB;PSDC;PSN;PSTU;PT;PTB;PTN;PV
1998,1998-09-10 00:00:00,318/98 - 319/98,HGPE,GOVERNADOR,,SP,NÃO,,SIM,Sim,SIM,SIM,SIM,PAN;PCDOB;PCO;PDT;PFL;PGT;PL;PMDB;PMN;PPB;PRONA;PRTB;PSB;PSC;PSD;PSDB;PSDC;PSN;PSTU;PT;PTB;PTN;PV
1998,1998-10-10 00:00:00,320/98 - 321/98A,HGPE,GOVERNADOR,,SP,NÃO,,SIM,Sim,SIM,SIM,SIM,PAN;PCDOB;PCO;PDT;PFL;PGT;PL;PMDB;PMN;PPB;PRONA;PRTB;PSB;PSC;PSD;PSDB;PSDC;PSN;PSTU;PT;PTB;PTN;PV
1998,1998-09-10 00:00:00,321/98B - 322 - 324/98,HGPE,GOVERNADOR,,SP,NÃO,,SIM,Sim,SIM,SIM,SIM,PAN;PCDOB;PCO;PDT;PFL;PGT;PL;PMDB;PMN;PPB;PRONA;PRTB;PSB;PSC;PSD;PSDB;PSDC;PSN;PSTU;PT;PTB;PTN;PV
1998,1998-10-10 00:00:00,323/98 - 325 - 326/98,HGPE,GOVERNADOR,,SP,NÃO,,SIM,Sim,SIM,SIM,SIM,PAN;PCDOB;PCO;PDT;PFL;PGT;PL;PMDB;PMN;PPB;PRONA;PRTB;PSB;PSC;PSD;PSDB;PSDC;PSN;PSTU;PT;PTB;PTN;PV
1998,1998-11-10 00:00:00,327/98 - 328/98,HGPE,GOVERNADOR,,SP,NÃO,,SIM,Sim,SIM,SIM,SIM,PAN;PCDOB;PCO;PDT;PFL;PGT;PL;PMDB;PMN;PPB;PRONA;PRTB;PSB;PSC;PSD;PSDB;PSDC;PSN;PSTU;PT;PTB;PTN;PV
1998,1998-12-10 00:00:00,329/98,HGPE,GOVERNADOR,A gravação apresenta defeito de 40:14 até o fim,SP,NÃO,,SIM,Sim,SIM,SIM,SIM,PDT;PMDB;PPB;PRONA;PRTB;PSC;PSDB;PSDC;PSTU;PT
1998,1998-10-13 00:00:00,330/98 - 331/98,ENTREVISTA,PRESIDENTE,,BRASIL,NÃO,,SIM,Sim,SIM,SIM,SIM,PT
1998,1998-10-14 00:00:00,332/98 - 333/98,ENTREVISTA,PRESIDENTE,,BRASIL,NÃO,,SIM,Sim,SIM,SIM,SIM,PPS;PSDB
1998,1998-10-13 00:00:00,334/98 - 335/98,ENTREVISTA,PRESIDENTE,,BRASIL,NÃO,,SIM,Sim,SIM,SIM,SIM,PPS
1998,1998-10-14 00:00:00,338/98 - 339/98,ENTREVISTA,PRESIDENTE,,BRASIL,NÃO,,SIM,Sim,SIM,SIM,SIM,PMDB;PT
1998,1998-10-15 00:00:00,340/98 - 341/98,ENTREVISTA,PRESIDENTE,,BRASIL,NÃO,,SIM,Sim,SIM,SIM,SIM,PSDB
1998,1998-10-16 00:00:00,342 - 343 - 344/98,ENTREVISTA,"PRESIDENTE, GOVERNADOR",,"BRASIL, SP",NÃO,,SIM,Sim,SIM,SIM,SIM,PPS;PT
1998,1998-10-17 00:00:00,343/98A,ENTREVISTA,PRESIDENTE,,BRASIL,NÃO,,SIM,Sim,SIM,SIM,SIM,PPS
1998,1998-10-18 00:00:00,345/98 - 347/98,ENTREVISTA,PRESIDENTE,,BRASIL,NÃO,,SIM,Sim,SIM,SIM,SIM,PPS;PSDB
1998,1998-10-19 00:00:00,346/98 - 348 - 350/98,OUTRO,,A gravação não reproduz,,NÃO,,SIM,Não,SIM,SIM,NÃO,
1998,1998-10-20 00:00:00,349/98,ENTREVISTA,PRESIDENTE,,BRASIL,NÃO,,SIM,Sim,SIM,SIM,SIM,PT
1998,1998-10-21 00:00:00,351 - 352 - 353/98,HGPE,PRESIDENTE,,BRASIL,NÃO,,SIM,Sim,SIM,SIM,SIM,PDT;PFL;PRP;PSDB;PTB
1998,1998-10-22 00:00:00,354 - 355 - 356/98,ENTREVISTA,PRESIDENTE,,BRASIL,NÃO,,SIM,Sim,SIM,SIM,SIM,PMDB;PPS
1998,1998-10-23 00:00:00,356/98B - 357/98A,ENTREVISTA,PRESIDENTE,,BRASIL,NÃO,,SIM,Sim,SIM,SIM,SIM,PPB
1998,1998-10-24 00:00:00,357/98B - 358/98A,TELEJORNAL,PRESIDENTE,,BRASIL,NÃO,,SIM,Sim,SIM,SIM,SIM,PDT;PPS;PSDB;PT
1998,1998-10-25 00:00:00,358/98B - 359/98A,TELEJORNAL,PRESIDENTE,,BRASIL,NÃO,,SIM,Sim,SIM,SIM,SIM,PDT;PPS;PSDB;PT
1998,1998-10-26 00:00:00,360/98B - 361/98A,TELEJORNAL,PRESIDENTE,,BRASIL,NÃO,,SIM,Sim,SIM,SIM,SIM,PDT;PPS;PSDB;PT
1998,1998-10-27 00:00:00,361/98a - 365/98,TELEJORNAL,PRESIDENTE,,BRASIL,NÃO,,SIM,Sim,SIM,SIM,SIM,PDT;PMDB;PPS;PSDB;PT
1998,1998-10-28 00:00:00,366/98 - 367/98A,MESA REDONDA,,,,NÃO,,SIM,Sim,SIM,SIM,SIM,
1998,1998-10-29 00:00:00,367/98B - 368/98A,TELEJORNAL,PRESIDENTE,,BRASIL,NÃO,,SIM,Sim,SIM,SIM,SIM,PDT;PPS;PSDB;PSTU;PT
1998,1998-10-30 00:00:00,367/98B - 368/98A,TELEJORNAL,PRESIDENTE,,BRASIL,NÃO,,SIM,Sim,SIM,SIM,SIM,PDT;PPS;PSDB;PT
1998,1998-11-01 00:00:00,371/98B - 372/98,TELEJORNAL,PRESIDENTE,,BRASIL,NÃO,,SIM,Sim,SIM,SIM,SIM,PDT;PPS;PSDB;PT
1998,1998-11-02 00:00:00,373/98,TELEJORNAL,PRESIDENTE,,BRASIL,NÃO,,SIM,Sim,SIM,SIM,SIM,PDT;PPS;PSDB;PT
1998,1998-11-03 00:00:00,374/98A,TELEJORNAL,PRESIDENTE,,BRASIL,NÃO,,SIM,Sim,SIM,SIM,SIM,PDT;PPS;PSDB;PT
1998,1998-11-04 00:00:00,375/98 - 376/98,MESA REDONDA,,,,NÃO,,SIM,Sim,SIM,SIM,SIM,
1998,1998-11-05 00:00:00,378/98B - 379/98A,TELEJORNAL,PRESIDENTE,,BRASIL,NÃO,,SIM,Sim,SIM,SIM,SIM,PDT;PPS;PSDB;PT
1998,1998-11-06 00:00:00,379/98B - 380/98,TELEJORNAL,PRESIDENTE,,BRASIL,NÃO,,SIM,Sim,SIM,SIM,SIM,PDT;PPS;PSDB;PT
1998,1998-11-07 00:00:00,381/98 - 382/98,TELEJORNAL,PRESIDENTE,,BRASIL,NÃO,,SIM,Sim,SIM,SIM,SIM,PPS;PSDB;PT
1998,1998-08-11 00:00:00,383/98 - 384/98A,DEBATE,GOVERNADOR,,SP,NÃO,,SIM,Sim,SIM,SIM,SIM,PMDB;PPB;PRONA;PSDB;PSTU;PT
1998,1998-09-11 00:00:00,384/98B - 385/98A,TELEJORNAL,PRESIDENTE,,BRASIL,NÃO,,SIM,Sim,SIM,SIM,SIM,PDT;PPS;PSDB;PT
1998,1998-10-11 00:00:00,385B - 386 - 387/98,MESA REDONDA,,,,NÃO,,SIM,Sim,SIM,SIM,SIM,
1998,1998-11-11 00:00:00,388/98 - 389/98,TELEJORNAL,,Compromisso de campanha de candidatos à presidência,,NÃO,,SIM,Sim,SIM,SIM,SIM,
1998,1998-12-11 00:00:00,390 - 391 - 392/98,MESA REDONDA,,,,NÃO,,SIM,Sim,SIM,SIM,SIM,
1998,1998-11-13 00:00:00,393/98 - 394/98,MESA REDONDA,,,,NÃO,,SIM,Sim,SIM,SIM,SIM,
1998,1998-11-14 00:00:00,395/98,TELEJORNAL,,Compromisso de campanha de candidatos à presidência,,NÃO,,SIM,Sim,SIM,SIM,SIM,
1998,1998-11-15 00:00:00,396 - 397 - 399/98,ENTREVISTA,PRESIDENTE,,BRASIL,NÃO,,SIM,Sim,SIM,SIM,SIM,PPS
1998,1998-11-16 00:00:00,398 - 400 - 401/98,ENTREVISTA,PRESIDENTE,,,NÃO,,SIM,Sim,SIM,SIM,SIM,PT
1998,1998-11-17 00:00:00,404/98 - 407/98,MESA REDONDA,,,,NÃO,,SIM,Sim,SIM,SIM,SIM,
1998,1998-11-18 00:00:00,408/98 - 409/98,TELEJORNAL,,,,NÃO,,SIM,Sim,SIM,SIM,SIM,
1998,1998-11-19 00:00:00,409/98B - 410/98,MESA REDONDA,,,,NÃO,,SIM,Sim,SIM,SIM,SIM,
1998,1998-11-20 00:00:00,411/98 - 412/98,MESA REDONDA,,,,NÃO,,SIM,Sim,SIM,SIM,SIM,
1998,1998-11-21 00:00:00,417a - 420/98,ENTREVISTA,PRESIDENTE,,BRASIL,NÃO,,SIM,Sim,SIM,SIM,SIM,PRONA
1998,1998-11-22 00:00:00,421a - 425/98,MESA REDONDA,,,,NÃO,,SIM,Sim,SIM,SIM,SIM,
1998,1998-11-23 00:00:00,424/98A - 426/98,TELEJORNAL,PRESIDENTE,Telejornal com pesquisa de intenção de voto,BRASIL,NÃO,,SIM,Sim,SIM,SIM,SIM,
1998,1998-11-24 00:00:00,426/98a - 429/98,OUTRO,,A gravação não reproduz (com defeito),,NÃO,,SIM,Não,SIM,SIM,SIM,
1998,1998-11-25 00:00:00,429 - 430 - 431/98,MESA REDONDA,,,,NÃO,,SIM,Sim,SIM,SIM,SIM,
1998,1998-11-26 00:00:00,432 - 433 - 434 - 436/98,ENTREVISTA,PRESIDENTE,,BRASIL,NÃO,,SIM,Sim,SIM,SIM,SIM,PSDC
1998,1998-11-27 00:00:00,435 - 437 - 438/98,MESA REDONDA,,,,NÃO,,SIM,Sim,SIM,SIM,SIM,
1998,1998-11-28 00:00:00,447a - 458/98,HGPE,"PRESIDENTE, DEPUTADO DISTRITAL",,"BRASIL, DF",NÃO,,SIM,Sim,SIM,SIM,SIM,PCB;PCDOB;PDT;PFL;PL;PMDB;PMN;PPB;PPS;PRONA;PSB;PSC;PSD;PSDB;PSDC;PSL;PSN;PST;PSTU;PT;PTB;PTDOB;PTN;PV
1998,1998-11-29 00:00:00,459/98 - 473/98,HGPE,PRESIDENTE,,BRASIL,NÃO,,SIM,Sim,SIM,SIM,SIM,PCB;PCDOB;PDT;PFL;PL;PMDB;PMN;PPB;PPS;PRONA;PSB;PSC;PSD;PSDB;PSDC;PSL;PSN;PST;PSTU;PT;PTB;PTDOB;PTN;PV
1998,1998-11-30 00:00:00,474/98a - 481/98,HGPE,PRESIDENTE,,BRASIL,NÃO,,SIM,Sim,SIM,SIM,SIM,PCB;PCDOB;PDT;PFL;PL;PMDB;PMN;PPB;PPS;PRONA;PSB;PSC;PSD;PSDB;PSDC;PSL;PSN;PST;PSTU;PT;PTB;PTDOB;PTN;PV
1998,1998-09-01 00:00:00,483 - 484 - 485 - 486/98,HGPE,PRESIDENTE,,BRASIL,NÃO,,SIM,Sim,SIM,SIM,SIM,PAN;PCB;PCDOB;PDT;PFL;PL;PMN;PPB;PPS;PRONA;PSB;PSC;PSD;PSDB;PSDC;PSN;PSTU;PT;PTB;PTDOB;PTN;PV
1998,1998-09-02 00:00:00,495a - 498/98,HGPE,PRESIDENTE,,BRASIL,NÃO,,SIM,Sim,SIM,SIM,SIM,PAN;PCB;PCDOB;PDT;PFL;PL;PMN;PPB;PPS;PRONA;PSB;PSC;PSD;PSDB;PSDC;PSN;PSTU;PT;PTB;PTDOB;PTN;PV
1998,1998-09-03 00:00:00,505a - 508/98,HGPE,PRESIDENTE,,BRASIL,NÃO,,SIM,Sim,SIM,SIM,SIM,PAN;PCB;PCDOB;PDT;PFL;PL;PMN;PPB;PPS;PRONA;PSB;PSC;PSD;PSDB;PSDC;PSN;PSTU;PT;PTB;PTDOB;PTN;PV
1998,1998-09-04 00:00:00,509 - 510 - 511/98,HGPE,PRESIDENTE,,BRASIL,NÃO,,SIM,Sim,SIM,SIM,SIM,PAN;PCB;PCDOB;PDT;PFL;PL;PMN;PPB;PPS;PRONA;PSB;PSC;PSD;PSDB;PSDC;PSN;PSTU;PT;PTB;PTDOB;PTN;PV
1998,1998-09-05 00:00:00,512 - 513 - 514/98,HGPE,PRESIDENTE,,BRASIL,NÃO,,SIM,Sim,SIM,SIM,SIM,PAN;PCB;PCDOB;PDT;PFL;PL;PMN;PPB;PPS;PRONA;PSB;PSC;PSD;PSDB;PSDC;PSN;PSTU;PT;PTB;PTDOB;PTN;PV
1998,1998-09-06 00:00:00,518/98,TELEJORNAL,,,,NÃO,,SIM,Sim,SIM,SIM,SIM,
1998,1998-09-07 00:00:00,521/98,TELEJORNAL,,,,NÃO,,SIM,Sim,SIM,SIM,SIM,
1998,1998-09-08 00:00:00,522 - 523/98,HGPE,,,,NÃO,,SIM,Sim,SIM,SIM,SIM,PAN;PCB;PCDOB;PDT;PFL;PL;PMN;PPB;PPS;PRONA;PSB;PSD;PSDB;PSDC;PSL;PSN;PSTU;PT;PTB;PTDOB;PTN;PV
1998,1998-09-09 00:00:00,s/cod98I,OUTRO,,A gravação não reproduz (com defeito),,NÃO,,SIM,Não,SIM,SIM,SIM,
1998,1998-09-10 00:00:00,s/cod98XL,TELEJORNAL,,,,NÃO,,SIM,Sim,SIM,SIM,SIM,
2003,2003-09-11 00:00:00,003 - 004 - 005 - 006/03,DIREÇÃO NACIONAL DO PARTIDO,,,,NÃO,,SIM,Sim,SIM,SIM,SIM,PCDOB;PL;PT
2003,2003-09-12 00:00:00,006 - 007 - 008 - 009 - 010/03,DIREÇÃO NACIONAL DO PARTIDO,,,,NÃO,,SIM,Sim,SIM,SIM,SIM,PDT;PMDB;PTB
2003,2003-09-13 00:00:00,010 - 011 - 012/03,DIREÇÃO NACIONAL DO PARTIDO,,,,NÃO,,SIM,Sim,SIM,SIM,SIM,PL;PMDB;PP;PPS
2003,2003-09-14 00:00:00,013 - 014 - 015 - 016/03,DIREÇÃO NACIONAL DO PARTIDO,,,,NÃO,,SIM,Sim,SIM,SIM,SIM,PCDOB
2003,2003-09-15 00:00:00,017 - 018 - 019/03,DIREÇÃO NACIONAL DO PARTIDO,,,,NÃO,,SIM,Sim,SIM,SIM,SIM,PP;PPS;PT
2003,2003-09-16 00:00:00,020/03,MESA REDONDA,,,,NÃO,,SIM,Sim,SIM,SIM,SIM,
2003,2003-09-17 00:00:00,021 - 022 - 023/03,DIREÇÃO NACIONAL DO PARTIDO,,,,NÃO,,SIM,Sim,SIM,SIM,SIM,PDT;PSDB
2003,2003-09-18 00:00:00,023 - 024 - 025 - 026/03,DIREÇÃO NACIONAL DO PARTIDO,,,,NÃO,,SIM,Sim,SIM,SIM,SIM,PDT;PMDB;PT
2004,2004-08-18 00:00:00,001/04ACONT,HGPE,PREFEITO,,MG,SIM,Belo Horizonte,SIM,Sim,SIM,SIM,SIM,PAN;PCB;PCDOB;PCO;PDT;PFL;PHS;PL;PMDB;PMN;PP;PPS;PRONA;PRP;PRTB;PSB;PSC;PSDB;PSDC;PSL;PSTU;PT;PTB;PTC;PTN;PV
2004,2004-08-18 00:00:00,001/04BCONT,HGPE,PREFEITO,,MG,SIM,Belo Horizonte,SIM,Sim,SIM,SIM,SIM,PAN;PCB;PCDOB;PCO;PDT;PFL;PHS;PL;PMDB;PMN;PP;PPS;PRONA;PRP;PRTB;PSB;PSC;PSDB;PSDC;PSL;PSTU;PT;PTB;PTC;PTN;PV
2004,2004-08-19 00:00:00,001/04PA,HGPE,VEREADOR,,RS,SIM,Porto Alegre,SIM,Sim,SIM,SIM,SIM,PAN;PCB;PCDOB;PDT;PFL;PL;PMDB;PP;PPS;PSB;PSC;PSDB;PSL;PSTU;PT;PTB;PV
2004,2004-08-20 00:00:00,002/04BCONT,HGPE,PREFEITO,,MG,SIM,Belo Horizonte,SIM,Sim,SIM,SIM,SIM,PAN;PCB;PCDOB;PCO;PDT;PFL;PHS;PL;PMDB;PMN;PP;PPS;PRONA;PRP;PRTB;PSB;PSC;PSDB;PSDC;PSL;PSTU;PT;PTB;PTC;PTN;PV
2004,2004-08-20 00:00:00,002/04CONT,HGPE,PREFEITO,,MG,SIM,Belo Horizonte,SIM,Sim,SIM,SIM,SIM,PAN;PCB;PCDOB;PCO;PDT;PFL;PHS;PL;PMDB;PMN;PP;PPS;PRONA;PRP;PRTB;PSB;PSC;PSDB;PSDC;PSL;PSTU;PT;PTB;PTC;PTN;PV
2004,2004-08-21 00:00:00,002/04PA,HGPE,"PREFEITO, VEREADOR",,RS,SIM,Porto Alegre,SIM,Sim,SIM,SIM,SIM,PAN;PCB;PCDOB;PDT;PFL;PHS;PL;PMDB;PP;PPS;PRONA;PSB;PSC;PSDB;PSDC;PSL;PSTU;PT;PTB;PV
2004,2004-08-20 00:00:00,002/04SP,HGPE,PREFEITO,,SP,SIM,São Paulo,SIM,Sim,SIM,SIM,SIM,PCB;PCO;PHS;PP;PSB;PSC;PSDB;PSDC;PSTU;PT;PTC;PTDOB;PV
2004,2004-04-23 00:00:00,003/04BCONT,HGPE,PREFEITO,,MG,SIM,Belo Horizonte,SIM,Sim,SIM,SIM,SIM,PAN;PCB;PCDOB;PCO;PDT;PFL;PHS;PMDB;PMN;PP;PPS;PRONA;PRP;PRTB;PSB;PSC;PSDB;PSDC;PSL;PSTU;PT;PTB;PTC;PTN;PV
2004,2004-08-18 00:00:00,003/04BSA,HGPE,PREFEITO,,BA,SIM,Salvador,SIM,Sim,SIM,SIM,SIM,PCO;PDT;PFL;PMDB;PRTB;PSB;PSDC;PSTU;PT;PTB;PTC;PTDOB
2004,2004-08-18 00:00:00,003/04PA,HGPE,VEREADOR,,MG,SIM,Belo Horizonte,SIM,Sim,SIM,SIM,SIM,PAN;PCB;PCDOB;PDT;PFL;PHS;PL;PMDB;PP;PPS;PRONA;PSB;PSC;PSDB;PSDC;PSL;PSTU;PT;PTB;PV
2004,2004-08-18 00:00:00,003/04SA,HGPE,PREFEITO,,BA,SIM,Salvador,SIM,Sim,SIM,SIM,SIM,PCO;PDT;PFL;PMDB;PRTB;PSB;PSDC;PSTU;PT;PTB;PTC;PTDOB
2004,2004-08-23 00:00:00,003/04SP,HGPE,PREFEITO,A gravação apresenta defeito (baixa qualidade),SP,SIM,São Paulo,SIM,Sim,SIM,SIM,SIM,PAN;PCB;PCO;PDT;PHS;PP;PRONA;PSB;PSC;PSDB;PSDC;PSTU;PT;PTC;PTDOB;PV
2004,2004-08-25 00:00:00,004/04CONT,HGPE,PREFEITO,,MG,SIM,Belo Horizonte,SIM,Sim,SIM,SIM,SIM,PAN;PCB;PCDOB;PCO;PDT;PFL;PHS;PL;PMDB;PMN;PP;PPS;PRONA;PRP;PRTB;PSB;PSC;PSDB;PSDC;PSL;PSTU;PT;PTB;PTC;PTN;PV
2004,2004-08-20 00:00:00,004/04BSA,HGPE,PREFEITO,,BA,SIM,Salvador,SIM,Sim,SIM,SIM,SIM,PCO;PDT;PFL;PMDB;PRTB;PSB;PSDC;PSTU;PT;PTB;PTC;PTDOB
2004,2004-08-21 00:00:00,004/04PA,HGPE,PREFEITO,,RS,SIM,Porto Alegre,SIM,Sim,SIM,SIM,SIM,PAN;PCB;PCDOB;PDT;PFL;PHS;PL;PMDB;PP;PPS;PRONA;PSB;PSC;PSDB;PSDC;PSL;PSTU;PT;PTB;PV
2004,2004-08-25 00:00:00,004/04SP,HGPE,PREFEITO,,SP,SIM,São Paulo,SIM,Sim,SIM,SIM,SIM,PAN;PCB;PCO;PDT;PHS;PP;PRONA;PSB;PSC;PSDB;PSDC;PSTU;PT;PTC;PTDOB;PV
2004,2004-08-26 00:00:00,04/codXXXIX,HGPE,PREFEITO,,RJ,SIM,Rio de Janeiro,SIM,Sim,SIM,SIM,SIM,PT
2004,2004-08-27 00:00:00,005/04BCONT,HGPE,PREFEITO,,MG,SIM,Belo Horizonte,SIM,Sim,SIM,SIM,SIM,PAN;PCB;PCDOB;PCO;PDT;PFL;PHS;PL;PMDB;PMN;PP;PPS;PRONA;PRP;PRTB;PSB;PSC;PSDB;PSDC;PSL;PSTU;PT;PTB;PTC;PTN;PV
2004,2004-08-23 00:00:00,005/04BSA,HGPE,PREFEITO,,BA,SIM,Salvador,SIM,Sim,SIM,SIM,SIM,PCO;PDT;PFL;PMDB;PRTB;PSB;PSDC;PSTU;PT;PTB;PTC;PTDOB
2004,2004-08-24 00:00:00,005/04BPA,HGPE,PREFEITO,,RS,SIM,Porto Alegre,SIM,Sim,SIM,SIM,SIM,PAN;PCB;PCDOB;PDT;PFL;PHS;PL;PMDB;PP;PPS;PRONA;PSB;PSC;PSDB;PSDC;PSL;PSTU;PT;PTB;PV
2004,2004-08-27 00:00:00,005/04SP,HGPE,PREFEITO,A gravação apresenta defeito (baixa qualidade),SP,SIM,São Paulo,SIM,Sim,SIM,SIM,SIM,PAN;PCB;PCO;PDT;PHS;PP;PRONA;PSB;PSC;PSDB;PSDC;PSTU;PT;PTC;PTDOB;PV
2004,2004-08-24 00:00:00,006/04ASA,HGPE,VEREADOR,,BA,SIM,Salvador,SIM,Sim,SIM,SIM,SIM,PAN;PCB;PCDOB;PCO;PDT;PFL;PHS;PL;PMDB;PMN;PP;PPS;PRONA;PRTB;PSB;PSC;PSDB;PSDC;PSTU;PT;PTB;PTC;PTDOB;PV
2004,2004-08-30 00:00:00,006/04BCONT,HGPE,PREFEITO,,MG,SIM,Belo Horizonte,SIM,Sim,SIM,SIM,SIM,PAN;PCB;PCDOB;PCO;PDT;PFL;PHS;PL;PMDB;PMN;PP;PPS;PRONA;PRP;PRTB;PSB;PSC;PSDB;PSDC;PSL;PSTU;PT;PTB;PTC;PTN;PV
2004,2004-08-25 00:00:00,006/04BSA,HGPE,PREFEITO,,BA,SIM,Salvador,SIM,Sim,SIM,SIM,SIM,PCO;PDT;PFL;PMDB;PRTB;PSB;PSDC;PSTU;PT;PTB;PTC;PTDOB
2004,2004-08-26 00:00:00,006/04PA,HGPE,VEREADOR,,RS,SIM,Porto Alegre,SIM,Sim,SIM,SIM,SIM,PAN;PCB;PCDOB;PCO;PDT;PFL;PHS;PL;PMDB;PMN;PP;PPS;PRONA;PSB;PSC;PSDB;PSDC;PSL;PSTU;PT;PTB;PTN;PV
2004,2004-08-30 00:00:00,006/04SP,HGPE,PREFEITO,,SP,SIM,São Paulo,SIM,Sim,SIM,SIM,SIM,PAN;PCB;PCO;PDT;PHS;PP;PRONA;PSB;PSC;PSDB;PSDC;PSTU;PT;PTC;PTDOB;PV
2004,2004-09-01 00:00:00,007/04BCONT,HGPE,PREFEITO,,MG,SIM,Belo Horizonte,SIM,Sim,SIM,SIM,SIM,PAN;PCB;PCDOB;PCO;PDT;PFL;PHS;PL;PMDB;PMN;PP;PPS;PRONA;PRP;PRTB;PSB;PSC;PSDB;PSDC;PSL;PSTU;PT;PTB;PTC;PTN;PV
2004,2004-09-29 00:00:00,007/04BSA,HGPE,PREFEITO,,BA,SIM,Salvador,SIM,Sim,SIM,SIM,SIM,PCO;PDT;PFL;PMDB;PRTB;PSB;PSDC;PSTU;PT;PTB;PTC;PTDOB
2004,2004-09-29 00:00:00,007/04NIT,HGPE,PREFEITO,,RJ,SIM,Niterói,SIM,Sim,SIM,SIM,SIM,PAN;PDT;PMDB;PNTB;PRTB;PSDB;PSDC;PSTU;PT;PTC
2004,2004-09-30 00:00:00,007/04PA,HGPE,VEREADOR,,RS,SIM,Porto Alegre,SIM,Sim,SIM,SIM,SIM,PAN;PCB;PCDOB;PCO;PDT;PFL;PHS;PL;PMDB;PMN;PP;PPS;PRONA;PSB;PSC;PSDB;PSDC;PSL;PSTU;PT;PTB;PV
2004,2004-09-01 00:00:00,007/04SP,HGPE,PREFEITO,,SP,SIM,São Paulo,SIM,Sim,SIM,SIM,SIM,PAN;PCB;PCO;PDT;PHS;PP;PRONA;PSB;PSC;PSDB;PSDC;PSTU;PT;PTC;PTDOB;PV
2004,2004-09-03 00:00:00,008/04BCONT,HGPE,PREFEITO,,MG,SIM,Belo Horizonte,SIM,Sim,SIM,SIM,SIM,PAN;PCB;PCDOB;PCO;PDT;PFL;PHS;PL;PMDB;PMN;PP;PPS;PRONA;PRP;PRTB;PSB;PSC;PSDB;PSDC;PSL;PSTU;PT;PTB;PTC;PTN;PV
2004,2004-09-01 00:00:00,008/04BSA,HGPE,PREFEITO,,BA,SIM,Salvador,SIM,Sim,SIM,SIM,SIM,PCO;PDT;PFL;PMDB;PRTB;PSB;PSDC;PSTU;PT;PTB;PTC;PTDOB
2004,2004-09-29 00:00:00,008/04NIT,HGPE,PREFEITO,A gravação apresenta defeito de 4:34 até o fim,RJ,SIM,Niterói,SIM,Não,SIM,SIM,SIM,PMDB
2004,2004-09-30 00:00:00,008/04PA,HGPE,VEREADOR,,RS,SIM,Porto Alegre,SIM,Sim,SIM,SIM,SIM,PAN;PCB;PCDOB;PCO;PDT;PFL;PHS;PL;PMDB;PMN;PP;PPS;PRONA;PSB;PSC;PSDB;PSDC;PSL;PSTU;PT;PTB;PTN;PV
2004,2004-08-03 00:00:00,008/04SP,HGPE,PREFEITO,,SP,SIM,São Paulo,SIM,Sim,SIM,SIM,SIM,PAN;PCB;PCO;PDT;PHS;PP;PRONA;PSB;PSC;PSDB;PSDC;PSTU;PT;PTC;PTDOB;PV
2004,2004-09-03 00:00:00,009/04A,HGPE,PREFEITO,,BA,SIM,Salvador,SIM,Sim,SIM,SIM,SIM,PCO;PDT;PFL;PMDB;PRTB;PSB;PSDC;PSTU;PT;PTB;PTC;PTDOB
2004,2004-09-06 00:00:00,009/04BCONT,HGPE,PREFEITO,,MG,SIM,Belo Horizonte,SIM,Sim,SIM,SIM,SIM,PAN;PCB;PCDOB;PCO;PDT;PFL;PHS;PL;PMDB;PMN;PP;PPS;PRONA;PRP;PRTB;PSB;PSC;PSDB;PSDC;PSL;PSTU;PT;PTB;PTC;PTN;PV
2004,2004-09-07 00:00:00,009/04NIT,HGPE,,A gravação está com defeito,,SIM,Niterói,SIM,Não,SIM,SIM,SIM,
2004,2004-09-30 00:00:00,009/04PA,HGPE,VEREADOR,,RS,SIM,Porto Alegre,SIM,Sim,SIM,SIM,SIM,PAN;PCB;PCDOB;PCO;PDT;PFL;PHS;PL;PMDB;PMN;PP;PPS;PRONA;PSB;PSC;PSDB;PSDC;PSL;PSTU;PT;PTB;PTN;PV
2004,2004-09-06 00:00:00,009/04SP,HGPE,PREFEITO,,SP,SIM,São Paulo,SIM,Sim,SIM,SIM,SIM,PAN;PCB;PCO;PDT;PHS;PP;PRONA;PSB;PSC;PSDB;PSDC;PSTU;PT;PTC;PTDOB;PV
2004,2004-09-06 00:00:00,010/04ASA,HGPE,PREFEITO,,BA,SIM,Salvador,SIM,Sim,SIM,SIM,SIM,PCO;PDT;PFL;PMDB;PRTB;PSB;PSDC;PSTU;PT;PTB;PTC;PTDOB
2004,2004-09-08 00:00:00,010/04BCONT,HGPE,PREFEITO,,MG,SIM,Belo Horizonte,SIM,Sim,SIM,SIM,SIM,PAN;PCB;PCDOB;PCO;PDT;PFL;PHS;PL;PMDB;PMN;PP;PPS;PRONA;PRTB;PSB;PSC;PSDB;PSDC;PSL;PSTU;PT;PTB;PTC;PTN;PV
2004,2004-09-06 00:00:00,010/04BSA,HGPE,PREFEITO,,BA,SIM,Salvador,SIM,Sim,SIM,SIM,SIM,PCO;PFL;PMDB;PRTB;PSB;PSDC;PSTU;PT;PTB;PTC;PTDOB
2004,2004-09-07 00:00:00,010/04NIT,HGPE,VEREADOR,A gravação não carrega completamente,RJ,SIM,Niterói,SIM,Sim,SIM,SIM,SIM,PAN;PDT;PMDB;PMN;PP;PPS;PRONA;PSC;PSDB;PSTU;PT;PTC;PTDOB;PTN;PV
2004,2004-09-08 00:00:00,010/04PA,HGPE,VEREADOR,,RS,SIM,Porto Alegre,SIM,Sim,SIM,SIM,SIM,PAN;PCB;PCDOB;PCO;PDT;PFL;PHS;PL;PMDB;PMN;PP;PPS;PRONA;PSB;PSC;PSDB;PSDC;PSL;PSTU;PT;PTB;PTN;PV
2004,2004-09-09 00:00:00,010/04SP,HGPE,PREFEITO,,SP,SIM,São Paulo,SIM,Sim,SIM,SIM,SIM,PAN;PCB;PCO;PDT;PHS;PP;PRONA;PSB;PSC;PSDB;PSDC;PSTU;PT;PTC;PTDOB;PV
2004,2004-09-08 00:00:00,011/04ASA,HGPE,PREFEITO,,BA,SIM,Salvador,SIM,Sim,SIM,SIM,SIM,PCO;PDT;PFL;PMDB;PRTB;PSB;PSDC;PSTU;PT;PTB;PTC;PTDOB
2004,2004-09-10 00:00:00,011/04BCONT,HGPE,PREFEITO,,MG,SIM,Belo Horizonte,SIM,Sim,SIM,SIM,SIM,PAN;PCB;PCDOB;PCO;PDT;PFL;PHS;PL;PMDB;PMN;PP;PPS;PRONA;PRP;PRTB;PSB;PSC;PSDB;PSDC;PSL;PSTU;PT;PTB;PTC;PTN;PV
2004,2004-09-11 00:00:00,011/04NIT,HGPE,VEREADOR,A gravação não carrega completamente,RJ,SIM,Niterói,SIM,Sim,SIM,SIM,SIM,PAN;PDT;PMDB;PMN;PP;PPS;PRONA;PSC;PSDB;PSTU;PT;PTC;PTDOB;PTN;PV
2004,2004-09-12 00:00:00,011/04PA,HGPE,VEREADOR,,RS,SIM,Porto Alegre,SIM,Sim,SIM,SIM,SIM,PAN;PCB;PCDOB;PCO;PDT;PFL;PHS;PL;PMDB;PMN;PP;PPS;PRONA;PSB;PSC;PSDB;PSDC;PSL;PSTU;PT;PTB;PTN;PV
2004,2004-09-10 00:00:00,011/04SP,HGPE,PREFEITO,,SP,SIM,São Paulo,SIM,Sim,SIM,SIM,SIM,PAN;PCB;PCO;PDT;PHS;PP;PRONA;PSB;PSC;PSDB;PSDC;PSTU;PT;PTC;PTDOB;PV
2004,2004-09-10 00:00:00,012/04ASA,HGPE,PREFEITO,,BA,SIM,Salvador,SIM,Sim,SIM,SIM,SIM,PCO;PDT;PFL;PMDB;PRTB;PSB;PSDC;PSTU;PT;PTB;PTC;PTDOB
2004,2004-09-13 00:00:00,012/04CONT,HGPE,PREFEITO,,MG,SIM,Belo Horizonte,SIM,Sim,SIM,SIM,SIM,PAN;PCB;PCDOB;PCO;PDT;PFL;PL;PMDB;PMN;PP;PPS;PRONA;PRP;PRTB;PSB;PSC;PSDB;PSDC;PSL;PSTU;PT;PTB;PTC;PTN;PV
2004,2004-09-11 00:00:00,012/04CSA,HGPE,VEREADOR,,BA,SIM,Salvador,SIM,Sim,SIM,SIM,SIM,PCB;PCO;PDT;PFL;PL;PMN;PP;PPS;PRONA;PRP;PRTB;PSB;PSC;PSDB;PSDC;PSL;PSTU;PT;PTB;PTC;PTDOB
2004,2004-09-15 00:00:00,012/04PA,HGPE,VEREADOR,,RS,SIM,Porto Alegre,SIM,Sim,SIM,SIM,SIM,PAN;PCB;PCDOB;PCO;PDT;PFL;PHS;PL;PMDB;PMN;PP;PPS;PRONA;PSB;PSC;PSDB;PSDC;PSL;PSTU;PT;PTB;PTN;PV
2004,2004-09-13 00:00:00,012/04SP,HGPE,PREFEITO,,SP,SIM,São Paulo,SIM,Sim,SIM,SIM,SIM,PAN;PCB;PCO;PDT;PHS;PP;PRONA;PSB;PSC;PSDB;PSDC;PSTU;PT;PTC;PTDOB;PV
2004,2004-09-13 00:00:00,013/04BCONT,HGPE,PREFEITO,,MG,SIM,Belo Horizonte,SIM,Sim,SIM,SIM,SIM,PAN;PCB;PCDOB;PCO;PDT;PFL;PHS;PMDB;PMN;PP;PPS;PRONA;PRP;PRTB;PSB;PSC;PSDB;PSDC;PSL;PSTU;PT;PTB;PTC;PTN;PV
2004,2004-09-13 00:00:00,013/04BSA,HGPE,"PREFEITO, VEREADOR",,BA,SIM,Salvador,SIM,Sim,SIM,SIM,SIM,PCO;PDT;PFL;PMDB;PRTB;PSB;PSDC;PSTU;PT;PTB;PTC;PTDOB
2004,2004-09-16 00:00:00,013/04PA,HGPE,PREFEITO,,RS,SIM,Porto Alegre,SIM,Sim,SIM,SIM,SIM,PAN;PCB;PCDOB;PDT;PFL;PHS;PL;PMDB;PP;PPS;PRONA;PSB;PSC;PSDB;PSDC;PSL;PSTU;PT;PTB;PV
2004,2004-09-15 00:00:00,013/04SP,HGPE,PREFEITO,,SP,SIM,São Paulo,SIM,Sim,SIM,SIM,SIM,PAN;PCB;PCO;PDT;PHS;PP;PRONA;PSB;PSC;PSDB;PSDC;PSTU;PT;PTC;PTDOB;PV
2004,2004-09-17 00:00:00,014/04BCONT,HGPE,PREFEITO,,MG,SIM,Belo Horizonte,SIM,Sim,SIM,SIM,SIM,PAN;PCB;PCDOB;PCO;PDT;PFL;PHS;PMDB;PMN;PP;PPS;PRONA;PRP;PRTB;PSB;PSC;PSDB;PSDC;PSL;PSTU;PT;PTB;PTC;PTN;PV
2004,2004-09-15 00:00:00,014/04BSA,HGPE,PREFEITO,,BA,SIM,Salvador,SIM,Sim,SIM,SIM,SIM,PCO;PDT;PFL;PMDB;PRTB;PSB;PSDC;PSTU;PT;PTB;PTC;PTDOB
2004,2004-09-16 00:00:00,014/04PA,HGPE,VEREADOR,,RS,SIM,Porto Alegre,SIM,Sim,SIM,SIM,SIM,PAN;PCB;PCDOB;PCO;PDT;PFL;PHS;PL;PMDB;PMN;PP;PPS;PRONA;PSB;PSC;PSDB;PSDC;PSL;PSTU;PT;PTB;PTN;PV
2004,2004-09-17 00:00:00,014/04SP,HGPE,PREFEITO,,SP,SIM,São Paulo,SIM,Sim,SIM,SIM,SIM,PAN;PCB;PCO;PDT;PHS;PP;PRONA;PSB;PSC;PSDB;PSDC;PSTU;PT;PTC;PTDOB;PV
2004,2004-09-20 00:00:00,015/04BCONT,HGPE,PREFEITO,,MG,SIM,Belo Horizonte,SIM,Sim,SIM,SIM,SIM,PAN;PCB;PCDOB;PCO;PDT;PFL;PHS;PMDB;PMN;PP;PPS;PRONA;PRP;PRTB;PSB;PSC;PSDB;PSDC;PSL;PSTU;PT;PTB;PTC;PTN;PV
2004,2004-09-21 00:00:00,015/04PA,HGPE,VEREADOR,,RS,SIM,Porto Alegre,SIM,Sim,SIM,SIM,SIM,PAN;PCB;PCDOB;PCO;PDT;PFL;PHS;PL;PMDB;PMN;PP;PPS;PRONA;PSB;PSC;PSDB;PSDC;PSL;PSTU;PT;PTB;PTN;PV
2004,2004-09-20 00:00:00,15/04SP,HGPE,PREFEITO,,SP,SIM,São Paulo,SIM,Sim,SIM,SIM,SIM,PAN;PCB;PCO;PDT;PHS;PP;PRONA;PSB;PSC;PSDB;PSDC;PSTU;PT;PTC;PTDOB;PV
2004,2004-09-22 00:00:00,016/04BCONT,HGPE,PREFEITO,,MG,SIM,Belo Horizonte,SIM,Sim,SIM,SIM,SIM,PAN;PCB;PCDOB;PCO;PDT;PFL;PHS;PMDB;PMN;PP;PPS;PRONA;PRP;PRTB;PSB;PSC;PSDB;PSDC;PSL;PSTU;PT;PTB;PTC;PTN;PV
2004,2004-09-20 00:00:00,016/04BSA,HGPE,PREFEITO,,BA,SIM,Salvador,SIM,Sim,SIM,SIM,SIM,PCO;PDT;PFL;PMDB;PRTB;PSB;PSDC;PSTU;PT;PTB;PTC;PTDOB
2004,2004-09-21 00:00:00,016/04PA,HGPE,VEREADOR,,RS,SIM,Porto Alegre,SIM,Sim,SIM,SIM,SIM,PAN;PCB;PCDOB;PCO;PDT;PFL;PHS;PL;PMDB;PMN;PP;PRONA;PSB;PSC;PSDB;PSDC;PSL;PSTU;PT;PTB;PTN;PV
2004,2004-09-22 00:00:00,017/04A,DIREÇÃO NACIONAL DO PARTIDO,,,,NÃO,,SIM,Sim,SIM,SIM,SIM,PV
2004,2004-09-22 00:00:00,017/04A,DIREÇÃO NACIONAL DO PARTIDO,,,,NÃO,,SIM,Sim,SIM,SIM,SIM,PSB
2004,2004-09-22 00:00:00,017/04BSA,HGPE,PREFEITO,,BA,SIM,Salvador,SIM,Sim,SIM,SIM,SIM,PCO;PDT;PFL;PMDB;PRTB;PSB;PSDC;PSTU;PT;PTB;PTC;PTDOB
2004,2004-09-23 00:00:00,017/04PA,HGPE,VEREADOR,,RS,SIM,Porto Alegre,SIM,Sim,SIM,SIM,SIM,PAN;PCB;PCDOB;PCO;PDT;PFL;PHS;PL;PMDB;PMN;PP;PRONA;PSB;PSC;PSDB;PSDC;PSL;PSTU;PT;PTB;PTN;PV
2004,2004-10-15 00:00:00,017/04SP,HGPE,PREFEITO,,SP,SIM,São Paulo,SIM,Sim,SIM,SIM,SIM,PSDB;PT
2004,2004-10-15 00:00:00,017 - 018/04PA,HGPE,PREFEITO,,RS,SIM,Porto Alegre,SIM,Sim,SIM,SIM,SIM,PTB
2004,2004-09-27 00:00:00,018/04BCONT,HGPE,PREFEITO,,MG,SIM,Belo Horizonte,SIM,Sim,SIM,SIM,SIM,PAN;PCB;PCDOB;PCO;PDT;PFL;PHS;PMDB;PMN;PP;PPS;PRONA;PRP;PRTB;PSB;PSC;PSDB;PSDC;PSL;PSTU;PT;PTB;PTC;PTN;PV
2004,2004-09-24 00:00:00,018/04BSA,HGPE,PREFEITO,,BA,SIM,Salvador,SIM,Sim,SIM,SIM,SIM,PCO;PDT;PFL;PRTB;PSB;PSDC;PSTU;PT;PTB;PTC;PTDOB
2004,2004-09-25 00:00:00,018/04PA,HGPE,VEREADOR,,RS,SIM,Porto Alegre,SIM,Sim,SIM,SIM,SIM,PAN;PCB;PCDOB;PCO;PDT;PFL;PHS;PL;PMDB;PMN;PP;PPS;PRONA;PSB;PSC;PSDB;PSDC;PSL;PSTU;PT;PTB;PTN;PV
2004,2004-10-16 00:00:00,018/04SP,HGPE,PREFEITO,,SP,SIM,São Paulo,SIM,Sim,SIM,SIM,SIM,PSDB;PT
2004,2004-09-29 00:00:00,019/04BCONT,HGPE,PREFEITO,,MG,SIM,Belo Horizonte,SIM,Sim,SIM,SIM,SIM,PAN;PCB;PCDOB;PCO;PDT;PFL;PHS;PMDB;PMN;PP;PPS;PRONA;PRP;PRTB;PSB;PSC;PSDB;PSDC;PSL;PSTU;PT;PTB;PTC;PTN;PV
2004,2004-09-27 00:00:00,019/04BSA,HGPE,PREFEITO,,BA,SIM,Salvador,SIM,Sim,SIM,SIM,SIM,PCO;PDT;PFL;PMDB;PRTB;PSDC;PSTU;PT;PTB;PTC;PTDOB
2004,2004-09-28 00:00:00,019/04PA,HGPE,PREFEITO,,RS,SIM,Porto Alegre,SIM,Sim,SIM,SIM,SIM,PCB;PCDOB;PDT;PFL;PHS;PL;PMDB;PP;PPS;PSB;PSC;PSDB;PSDC;PSL;PSTU;PT;PTB;PV
2004,2004-09-29 00:00:00,020/04BSA,HGPE,PREFEITO,,BA,SIM,Salvador,SIM,Sim,SIM,SIM,SIM,PCO;PDT;PFL;PMDB;PRTB;PSB;PSDC;PSTU;PT;PTB;PTC;PTDOB
2004,2004-09-30 00:00:00,020/04PA,HGPE,"PREFEITO, VEREADOR",,RS,SIM,Porto Alegre,SIM,Sim,SIM,SIM,SIM,PAN;PCB;PCDOB;PCO;PDT;PFL;PHS;PL;PMDB;PMN;PP;PPS;PRONA;PSB;PSC;PSDB;PSDC;PSL;PSTU;PT;PTB;PTN;PV
2004,2004-10-01 00:00:00,020/04RJ,DEBATE,PREFEITO,,RJ,SIM,Rio de Janeiro,SIM,Sim,SIM,SIM,SIM,PCDOB;PFL;PL;PMDB;PT
2004,2004-09-01 00:00:00,021/04ASA,HGPE,PREFEITO,,BA,SIM,Salvador,SIM,Sim,SIM,SIM,SIM,PCO;PDT;PFL;PMDB;PRTB;PSB;PSDC;PSTU;PT;PTB;PTC;PTDOB
2004,2004-09-02 00:00:00,021/04PA,HGPE,PREFEITO,,RS,SIM,Porto Alegre,SIM,Sim,SIM,SIM,SIM,PPS;PT
2004,2004-09-03 00:00:00,021/04RJ,HGPE,VEREADOR,,RJ,SIM,Rio de Janeiro,SIM,Sim,SIM,SIM,SIM,PAN;PCB;PCDOB;PCO;PDT;PFL;PHS;PL;PMDB;PP;PPS;PRONA;PRP;PRTB;PSB;PSC;PSDB;PSDC;PSL;PSTU;PT;PTB;PTDOB;PTN;PV
2004,2004-10-19 00:00:00,021/04SP,HGPE,PREFEITO,,SP,SIM,São Paulo,SIM,Sim,SIM,SIM,SIM,PSDB;PT
2004,2004-10-20 00:00:00,022/04BSA,HGPE,PREFEITO,,BA,SIM,Salvador,SIM,Sim,SIM,SIM,SIM,PDT;PFL
2004,2004-10-21 00:00:00,022/04PA,HGPE,PREFEITO,,RS,SIM,Porto Alegre,SIM,Sim,SIM,SIM,SIM,PPS;PT
2004,2004-10-20 00:00:00,022/04SP,HGPE,PREFEITO,,SP,SIM,São Paulo,SIM,Sim,SIM,SIM,SIM,PSDB;PT
2004,2004-09-21 00:00:00,023/04PA,HGPE,PREFEITO,,RS,SIM,Porto Alegre,SIM,Sim,SIM,SIM,SIM,PPS;PT
2004,2004-09-02 00:00:00,023/04RJ,HGPE,VEREADOR,,RJ,SIM,Rio de Janeiro,SIM,Sim,SIM,SIM,SIM,PAN;PCB;PCDOB;PCO;PDT;PFL;PHS;PL;PMDB;PP;PPS;PRONA;PRP;PRTB;PSB;PSC;PSDB;PSDC;PSL;PSTU;PT;PTB;PTDOB;PTN;PV
2004,2004-10-11 00:00:00,024/04BSA,HGPE,PREFEITO,,BA,SIM,Salvador,SIM,Sim,SIM,SIM,SIM,PDT;PFL
2004,2004-10-18 00:00:00,024/04PA,HGPE,PREFEITO,,RS,SIM,Porto Alegre,SIM,Sim,SIM,SIM,SIM,PPS;PT
2004,2004-09-04 00:00:00,024/04RJ,HGPE,VEREADOR,,RJ,SIM,Rio de Janeiro,SIM,Sim,SIM,SIM,SIM,PAN;PCB;PCDOB;PCO;PDT;PFL;PHS;PL;PMDB;PP;PPS;PRONA;PRP;PRTB;PSB;PSC;PSDB;PSDC;PSL;PSTU;PT;PTB;PTDOB;PTN;PV
2004,2004-10-22 00:00:00,024/04SP,HGPE,PREFEITO,A gravação apresenta ruptura em 20:32 até o fim,SP,SIM,São Paulo,SIM,Sim,SIM,SIM,SIM,PSDB;PT
2004,2004-10-12 00:00:00,025/04BSA,HGPE,PREFEITO,,BA,SIM,Salvador,SIM,Sim,SIM,SIM,SIM,PDT;PFL
2004,2004-10-19 00:00:00,025/04PA,HGPE,PREFEITO,,RS,SIM,Porto Alegre,SIM,Sim,SIM,SIM,SIM,PPS;PT
2004,2004-09-05 00:00:00,025/04RJ,HGPE,VEREADOR,,RJ,SIM,Rio de Janeiro,SIM,Sim,SIM,SIM,SIM,PAN;PCB;PCDOB;PCO;PDT;PFL;PHS;PL;PMDB;PP;PPS;PRONA;PRP;PRTB;PSB;PSC;PSDB;PSDC;PSL;PSTU;PT;PTB;PTDOB;PTN;PV
2004,2004-10-23 00:00:00,025/04SP,HGPE,PREFEITO,,SP,SIM,São Paulo,SIM,Sim,SIM,SIM,SIM,PSDB;PT
2004,2004-10-13 00:00:00,026/04BSA,HGPE,PREFEITO,,BA,SIM,Salvador,SIM,Sim,SIM,SIM,SIM,PDT;PFL
2004,2004-10-20 00:00:00,026/04PA,HGPE,PREFEITO,,RS,SIM,Porto Alegre,SIM,Sim,SIM,SIM,SIM,PPS;PT
2004,2004-10-26 00:00:00,026/04SP,HGPE,PREFEITO,,SP,SIM,São Paulo,SIM,Sim,SIM,SIM,SIM,PSDB;PT
2004,2004-10-14 00:00:00,027/04BSA,HGPE,PREFEITO,,BA,SIM,Salvador,SIM,Sim,SIM,SIM,SIM,PDT;PFL
2004,2004-10-21 00:00:00,027/04PA,HGPE,PREFEITO,,RS,SIM,Porto Alegre,SIM,Sim,SIM,SIM,SIM,PPS;PT
2004,2004-09-06 00:00:00,027/04RJ,HGPE,VEREADOR,,RJ,SIM,Rio de Janeiro,SIM,Sim,SIM,SIM,SIM,PAN;PCB;PCDOB;PCO;PDT;PFL;PHS;PL;PMDB;PP;PPS;PRONA;PRP;PRTB;PSB;PSC;PSDB;PSDC;PSL;PSTU;PT;PTB;PTDOB;PTN;PV
2004,2004-10-27 00:00:00,027/04SP,HGPE,PREFEITO,,SP,SIM,São Paulo,SIM,Sim,SIM,SIM,SIM,PSDB;PT
2004,2004-10-15 00:00:00,028/04BSA,HGPE,PREFEITO,,BA,SIM,Salvador,SIM,Sim,SIM,SIM,SIM,PDT;PFL
2004,2004-10-22 00:00:00,028/04PA,HGPE,PREFEITO,,RS,SIM,Porto Alegre,SIM,Sim,SIM,SIM,SIM,PPS;PT
2004,2004-09-07 00:00:00,028/04RJ,HGPE,VEREADOR,,RJ,SIM,Rio de Janeiro,SIM,Sim,SIM,SIM,SIM,PAN;PCB;PCDOB;PCO;PDT;PFL;PHS;PL;PMDB;PP;PPS;PRONA;PRP;PRTB;PSB;PSC;PSDB;PSDC;PSL;PSTU;PT;PTB;PTDOB;PTN;PV
2004,2004-10-28 00:00:00,028/04SP,HGPE,PREFEITO,,SP,SIM,São Paulo,SIM,Sim,SIM,SIM,SIM,PSDB;PT
2004,2004-10-23 00:00:00,029/04PA,HGPE,PREFEITO,,RS,SIM,Porto Alegre,SIM,Sim,SIM,SIM,SIM,PPS;PT
2004,2004-09-08 00:00:00,029/04RJ,HGPE,VEREADOR,,RJ,SIM,Rio de Janeiro,SIM,Sim,SIM,SIM,SIM,PAN;PCB;PCDOB;PCO;PDT;PFL;PHS;PL;PMDB;PP;PPS;PRONA;PRP;PRTB;PSB;PSC;PSDB;PSDC;PSL;PSTU;PT;PTB;PTDOB;PTN;PV
2004,2004-10-29 00:00:00,029/04SP,HGPE,PREFEITO,,SP,SIM,São Paulo,SIM,Sim,SIM,SIM,SIM,PSDB;PT
2004,2004-10-17 00:00:00,030/04BSA,HGPE,PREFEITO,,BA,SIM,Salvador,SIM,Sim,SIM,SIM,SIM,PDT;PFL
2004,2004-10-24 00:00:00,030/04PA,HGPE,PREFEITO,,RS,SIM,Porto Alegre,SIM,Sim,SIM,SIM,SIM,PPS;PT
2004,2004-10-25 00:00:00,031/04PA,HGPE,PREFEITO,,RS,SIM,Porto Alegre,SIM,Sim,SIM,SIM,SIM,PPS;PT
2004,2004-09-09 00:00:00,032/04,HGPE,PREFEITO,,RJ,SIM,Rio de Janeiro,SIM,Sim,SIM,SIM,SIM,PCDOB;PCO;PDT;PFL;PL;PMDB;PPS;PRONA;PSTU;PT
2004,2004-10-19 00:00:00,032/04BSA,HGPE,PREFEITO,,BA,SIM,Salvador,SIM,Sim,SIM,SIM,SIM,PDT;PFL
2004,2004-10-20 00:00:00,033/04BSA,HGPE,PREFEITO,,BA,SIM,Salvador,SIM,Sim,SIM,SIM,SIM,PFL
2004,2004-10-27 00:00:00,033/04PA,HGPE,PREFEITO,,RS,SIM,Porto Alegre,SIM,Sim,SIM,SIM,SIM,PPS;PT
2004,2004-09-11 00:00:00,033/04RJ,HGPE,PREFEITO,,RJ,SIM,Rio de Janeiro,SIM,Sim,SIM,SIM,SIM,PCDOB;PCO;PDT;PFL;PL;PMDB;PPS;PRONA;PSTU;PT
2004,2004-10-21 00:00:00,034/04BSA,HGPE,PREFEITO,,BA,SIM,Salvador,SIM,Sim,SIM,SIM,SIM,PDT;PFL
2004,2004-10-28 00:00:00,034/04PA,HGPE,PREFEITO,,RS,SIM,Porto Alegre,SIM,Sim,SIM,SIM,SIM,PPS;PT
2004,2004-09-14 00:00:00,034/04RJ,HGPE,PREFEITO,,RJ,SIM,Rio de Janeiro,SIM,Sim,SIM,SIM,SIM,PCDOB;PCO;PDT;PFL;PL;PMDB;PPS;PRONA;PSTU;PT
2004,2004-10-22 00:00:00,035/04BSA,HGPE,PREFEITO,,BA,SIM,Salvador,SIM,Sim,SIM,SIM,SIM,PDT;PFL
2004,2004-10-29 00:00:00,035/04PA,HGPE,PREFEITO,,RS,SIM,Porto Alegre,SIM,Sim,SIM,SIM,SIM,PPS;PT
2004,2004-10-23 00:00:00,036/04BSA,HGPE,PREFEITO,,BA,SIM,Salvador,SIM,Sim,SIM,SIM,SIM,PDT;PFL
2004,2004-10-24 00:00:00,037/04BSA,HGPE,PREFEITO,,BA,SIM,Salvador,SIM,Sim,SIM,SIM,SIM,PDT;PFL
2004,2004-09-16 00:00:00,037/04RJ,ENTREVISTA,PREFEITO,,RJ,SIM,Rio de Janeiro,SIM,Sim,SIM,SIM,SIM,PFL
2004,2004-09-20 00:00:00,038/04,MESA REDONDA,,,,NÃO,,SIM,Sim,SIM,SIM,SIM,
2004,2004-09-20 00:00:00,040/04,MESA REDONDA,,,,NÃO,,SIM,Sim,SIM,SIM,SIM,
2004,2004-10-27 00:00:00,040/04BSA,HGPE,PREFEITO,,BA,SIM,Salvador,SIM,Sim,SIM,SIM,SIM,PDT;PFL
2004,2004-11-28 00:00:00,041/04BSA,HGPE,PREFEITO,,BA,SIM,Salvador,SIM,Sim,SIM,SIM,SIM,PDT;PFL
2004,2004-10-29 00:00:00,042/04BSA,HGPE,PREFEITO,,BA,SIM,Salvador,SIM,Sim,SIM,SIM,SIM,PDT;PFL
2004,2004-09-20 00:00:00,043/04SP,DEBATE,PREFEITO,,SP,SIM,São Paulo,SIM,Sim,SIM,SIM,SIM,PDT;PP;PSB;PSDB;PT;PTC
2004,2004-09-18 00:00:00,044/04SP,HGPE,"PREFEITO, VEREADOR",,SP,SIM,São Paulo,SIM,Sim,SIM,SIM,SIM,PCB;PCDOB;PCO;PDT;PFL;PHS;PL;PMDB;PMN;PP;PPS;PRONA;PRTB;PSB;PSDB;PSDC;PSTU;PT;PTB;PTC;PTDOB;PV
2004,2004-09-19 00:00:00,045/04SP,HGPE,"PREFEITO, VEREADOR",,SP,SIM,São Paulo,SIM,Sim,SIM,SIM,SIM,PCB;PCDOB;PCO;PDT;PFL;PHS;PL;PMDB;PMN;PP;PPS;PRONA;PRTB;PSB;PSDB;PSDC;PSTU;PT;PTB;PTC;PTDOB;PV
2004,2004-10-20 00:00:00,046/04SP,HGPE,PREFEITO,,SP,SIM,São Paulo,SIM,Sim,SIM,SIM,SIM,PSDB;PT
2004,2004-10-21 00:00:00,047/04,HGPE,PREFEITO,,SP,SIM,São Paulo,SIM,Sim,SIM,SIM,SIM,PSDB;PT
2004,2004-10-10 00:00:00,20041.1.1 DVDI,HGPE,PREFEITO,,,SIM,Rio de Janeiro,SIM,Sim,SIM,SIM,SIM,PFL
2004,2004-10-11 00:00:00,20041.1.1 DVDII,HGPE,PREFEITO,,RJ,SIM,Rio de Janeiro,SIM,Sim,SIM,SIM,SIM,PFL
2004,2004-10-12 00:00:00,20041.1.2,HGPE,"PREFEITO, VEREADOR",,RJ,SIM,Rio de Janeiro,SIM,Sim,SIM,SIM,SIM,PMDB;PSTU
2004,2004-10-13 00:00:00,20041.1.3/04,HGPE,PREFEITO,,RJ,SIM,Rio de Janeiro,SIM,Sim,SIM,SIM,SIM,PDT;PL
2005,2005-10-01 00:00:00,001/05,DIREÇÃO NACIONAL DO PARTIDO,,,,NÃO,,SIM,Sim,SIM,SIM,SIM,PPS
2005,2005-10-02 00:00:00,002/05,MESA REDONDA,,,,NÃO,,SIM,Sim,SIM,SIM,SIM,
2005,2005-10-03 00:00:00,003/05-004/05,DIREÇÃO NACIONAL DO PARTIDO,,,,NÃO,,SIM,Sim,SIM,SIM,SIM,PDT;PRONA;PSB;PV
2005,2005-10-04 00:00:00,005/05,DIREÇÃO NACIONAL DO PARTIDO,,,,NÃO,,SIM,Sim,SIM,SIM,SIM,PSB
2005,2005-10-05 00:00:00,05s/codXLI,MESA REDONDA,,,,NÃO,,SIM,Sim,SIM,SIM,SIM,
2005,2005-10-06 00:00:00,007/05,DIREÇÃO NACIONAL DO PARTIDO,,,,NÃO,,SIM,Sim,SIM,SIM,SIM,PCB;PDT;PMN;PRP;PRTB;PT
2005,2005-10-07 00:00:00,009/05,DIREÇÃO NACIONAL DO PARTIDO,,,,NÃO,,SIM,Sim,SIM,SIM,SIM,PMDB;PSDB
2005,2005-10-08 00:00:00,10/05,OUTRO,,A gravação não reproduz,,NÃO,,SIM,Não,SIM,SIM,SIM,
2005,2005-10-09 00:00:00,11/05,DIREÇÃO NACIONAL DO PARTIDO,,,,NÃO,,SIM,Sim,SIM,SIM,SIM,PL;PP;PSDB;PT;PTB
2005,2005-10-10 00:00:00,12/05,DIREÇÃO NACIONAL DO PARTIDO,,,,NÃO,,SIM,Sim,SIM,SIM,SIM,PDT;PP;PSB;PSDB;PV
2005,2005-10-11 00:00:00,13/05,DIREÇÃO NACIONAL DO PARTIDO,,,,NÃO,,SIM,Sim,SIM,SIM,SIM,PDT;PFL;PPS;PSB;PT
2005,2005-10-12 00:00:00,14/05,TELEJORNAL,,,,NÃO,,SIM,Sim,SIM,SIM,SIM,
2005,2005-10-13 00:00:00,15/05,DIREÇÃO NACIONAL DO PARTIDO,,,,NÃO,,SIM,Sim,SIM,SIM,SIM,PCDOB;PFL;PPS;PTB
2005,2005-10-14 00:00:00,016/05,DIREÇÃO NACIONAL DO PARTIDO,,,,NÃO,,SIM,Sim,SIM,SIM,SIM,PCDOB;PL;PMDB;PSB
2005,2005-10-15 00:00:00,017/05,DIREÇÃO NACIONAL DO PARTIDO,,,,NÃO,,SIM,Sim,SIM,SIM,SIM,PFL;PMDB;PRTB;PSB
2005,2005-04-16 00:00:00,018/05,DIREÇÃO NACIONAL DO PARTIDO,,,,NÃO,,SIM,Sim,SIM,SIM,SIM,PFL;PHS;PL;PMDB;PSB;PTB;PV
2005,2005-10-17 00:00:00,019/05,DIREÇÃO NACIONAL DO PARTIDO,,,,NÃO,,SIM,Sim,SIM,SIM,SIM,PAN;PP;PT
2005,2005-10-18 00:00:00,020/05,DIREÇÃO NACIONAL DO PARTIDO,,,,NÃO,,SIM,Sim,SIM,SIM,SIM,PCDOB;PL;PMDB;PT;PTB;PV
2005,2005-10-19 00:00:00,021/05,TELEJORNAL,,,,NÃO,,SIM,Sim,SIM,SIM,SIM,
2005,2005-10-20 00:00:00,023/05,DIREÇÃO NACIONAL DO PARTIDO,,,,NÃO,,SIM,Sim,SIM,SIM,SIM,PAN;PCDOB;PDT;PFL;PMDB;PMN;PPS;PRONA;PSDC;PSL;PSTU;PT;PTB;PTC;PV
2005,2005-10-21 00:00:00,024/05,DIREÇÃO NACIONAL DO PARTIDO,,,,NÃO,,SIM,Sim,SIM,SIM,SIM,PCDOB;PMDB;PP;PT;PV
2005,2005-10-22 00:00:00,025/05,DIREÇÃO NACIONAL DO PARTIDO,,,,NÃO,,SIM,Sim,SIM,SIM,SIM,PAN;PDT
2005,2005-10-23 00:00:00,026/05,DIREÇÃO NACIONAL DO PARTIDO,,,,NÃO,,SIM,Sim,SIM,SIM,SIM,PSB
2006,2006-10-01 00:00:00,001/06BA,HGPE,"GOVERNADOR, SENADOR, DEPUTADO ESTADUAL",,BA,SIM,,SIM,Sim,SIM,SIM,SIM,PCB;PCO;PDT;PFL;PL;PMDB;PP;PPS;PRONA;PRP;PRTB;PSB;PSC;PSDB;PSDC;PSL;PSOL;PSTU;PT;PTC;PTDOB;PV
2006,2006-10-02 00:00:00,001/06,DIREÇÃO NACIONAL DO PARTIDO,,,,NÃO,,SIM,Sim,SIM,SIM,SIM,PDT;PFL
2006,2006-08-25 00:00:00,002/06BA,HGPE,"GOVERNADOR, SENADOR, DEPUTADO ESTADUAL",A gravação apresenta defeito de 1:35:22 até o fim,BA,NÃO,,SIM,Sim,SIM,SIM,SIM,PCB;PCO;PDT;PFL;PL;PMDB;PP;PPS;PRONA;PRP;PRTB;PSB;PSC;PSDB;PSDC;PSL;PSOL;PSTU;PT;PTC;PTDOB;PV
2006,2006-08-26 00:00:00,002/06,DIREÇÃO NACIONAL DO PARTIDO,,,,SIM,,SIM,Sim,SIM,SIM,SIM,PP;PV
2006,2006-09-02 00:00:00,003/06,DIREÇÃO NACIONAL DO PARTIDO,,,,NÃO,,SIM,Sim,SIM,SIM,SIM,PCDOB;PL;PMDB;PSB
2006,2006-08-27 00:00:00,003/06BA,HGPE,"GOVERNADOR, SENADOR, DEPUTADO ESTADUAL",A gravação está com a qualidade ruim do início até 1:35:54,BA,SIM,,SIM,Sim,SIM,SIM,SIM,PCB;PCO;PDT;PFL;PL;PMDB;PP;PPS;PRONA;PRP;PRTB;PSB;PSC;PSDB;PSDC;PSL;PSOL;PSTU;PT;PTC;PTDOB;PV
2006,2006-08-28 00:00:00,004/06,HGPE,DEPUTADO FEDERAL,A gravação tem apenas 28 segundos (INCOMPLETO),RJ,NÃO,,SIM,Sim,SIM,SIM,SIM,PL
2006,2006-08-29 00:00:00,004/06BA,HGPE,"GOVERNADOR, SENADOR, DEPUTADO ESTADUAL",,BA,SIM,,SIM,Sim,SIM,SIM,SIM,PCB;PCO;PDT;PFL;PL;PMDB;PP;PPS;PRONA;PRP;PRTB;PSB;PSC;PSDB;PSDC;PSL;PSOL;PSTU;PT;PTC;PTDOB;PV
2006,2006-08-30 00:00:00,005/06,DIREÇÃO NACIONAL DO PARTIDO,,A gravação tem apenas 30 segundos,,NÃO,,SIM,Sim,SIM,SIM,SIM,PP
2006,2006-09-01 00:00:00,005/06BA,HGPE,"GOVERNADOR, SENADOR, DEPUTADO ESTADUAL",,BA,SIM,,SIM,Sim,SIM,SIM,SIM,PCB;PCO;PDT;PFL;PL;PMDB;PP;PPS;PRONA;PRP;PRTB;PSB;PSC;PSDB;PSDC;PSL;PSOL;PSTU;PT;PTC;PTDOB;PV
2006,2006-09-02 00:00:00,006/06BA,HGPE,"GOVERNADOR, SENADOR, DEPUTADO ESTADUAL",A gravação apresenta baixa qualidade do início até 1:31:50,,SIM,,SIM,Sim,SIM,SIM,SIM,PCB;PCO;PDT;PFL;PL;PMDB;PP;PPS;PRONA;PRP;PRTB;PSB;PSC;PSDB;PSDC;PSL;PSOL;PSTU;PT;PTC;PTDOB;PV
2006,2006-09-03 00:00:00,006/06,DIREÇÃO NACIONAL DO PARTIDO,,A gravação tem apenas 31 segundos (INCOMPLETO),,NÃO,,SIM,Sim,SIM,SIM,SIM,PTB
2006,2006-09-04 00:00:00,006/06MG,HGPE,"PRESIDENTE, DEPUTADO FEDERAL, DEPUTADO ESTADUAL",,"BRASIL, MG",NÃO,,SIM,Sim,SIM,SIM,SIM,PAN;PCB;PCDOB;PCO;PDT;PFL;PL;PMDB;PMN;PP;PPS;PRB;PRONA;PRP;PRTB;PSB;PSC;PSDB;PSDC;PSL;PSOL;PSTU;PT;PTB;PTC;PTDOB;PTN;PV
2006,2006-09-05 00:00:00,006/06RJ,HGPE,"GOVERNADOR, SENADOR, DEPUTADO ESTADUAL","Na descrição está como RJ, mas na verdade é de MG",MG,SIM,,SIM,Sim,SIM,SIM,SIM,PAN;PCB;PCDOB;PCO;PDT;PFL;PHS;PL;PMDB;PMN;PP;PPS;PRB;PRONA;PRP;PRTB;PSB;PSC;PSDB;PSDC;PSOL;PSTU;PT;PTB;PTC;PTDOB;PTN;PV
2006,2006-10-10 00:00:00,06scodI,HGPE,PRESIDENTE,,BRASIL,NÃO,,SIM,Sim,SIM,SIM,SIM,PSDB;PT
2006,2006-10-06 00:00:00,06scodIiii,TELEJORNAL,PRESIDENTE,,BRASIL,NÃO,,SIM,Sim,SIM,SIM,SIM,PSDB;PT
2006,2006-10-07 00:00:00,06scodIiv,TELEJORNAL,PRESIDENTE,,BRASIL,NÃO,,SIM,Sim,SIM,SIM,SIM,PSDB;PT
2006,2006-10-08 00:00:00,007/06BA,HGPE,"GOVERNADOR, SENADOR, DEPUTADO ESTADUAL",,BA,SIM,,SIM,Sim,SIM,SIM,SIM,PCB;PCO;PDT;PFL;PL;PMDB;PP;PPS;PRONA;PRP;PRTB;PSB;PSC;PSDB;PSDC;PSL;PSOL;PSTU;PT;PTC;PTDOB;PV
2006,2006-08-25 00:00:00,008/06BA,HGPE,DEPUTADO ESTADUAL,"A gravação além de ser 1:30, também apresenta defeito a partir de 0:40",BA,NÃO,,SIM,Não,SIM,SIM,SIM,PMDB;PSDB
2006,2006-08-26 00:00:00,008/06MG,HGPE,"GOVERNADOR, SENADOR, DEPUTADO ESTADUAL",,MG,NÃO,,SIM,Sim,SIM,SIM,SIM,PAN;PCB;PCDOB;PCO;PDT;PFL;PHS;PL;PMDB;PMN;PP;PPS;PRB;PRONA;PRP;PRTB;PSB;PSC;PSDB;PSDC;PSOL;PSTU;PT;PTB;PTC;PTDOB;PTN;PV
2006,2006-08-27 00:00:00,008/06RJ,HGPE,"PRESIDENTE, GOVERNADOR, SENADOR, DEPUTADO FEDERAL, DEPUTADO ESTADUAL",,"BRASIL, RJ",SIM,,SIM,Sim,SIM,SIM,SIM,PAN;PCDOB;PCO;PDT;PFL;PL;PMDB;PMN;PP;PPS;PRB;PRONA;PRP;PSB;PSC;PSDB;PSDC;PSL;PSOL;PSTU;PT;PTB;PTC;PTDOB;PTN;PV
2006,2006-08-28 00:00:00,009/06MG,HGPE,"GOVERNADOR, SENADOR, DEPUTADO ESTADUAL",,,SIM,,SIM,Sim,SIM,SIM,SIM,PAN;PCB;PCDOB;PCO;PDT;PFL;PHS;PL;PMDB;PMN;PP;PPS;PRB;PRONA;PRP;PRTB;PSB;PSC;PSDB;PSDC;PSOL;PSTU;PT;PTB;PTC;PTDOB;PTN;PV
2006,2006-08-29 00:00:00,009/06RJ,HGPE,"PRESIDENTE, DEPUTADO FEDERAL",,"BRASIL, RJ",NÃO,,SIM,Sim,SIM,SIM,SIM,PAN;PCDOB;PCO;PDT;PFL;PL;PMDB;PMN;PP;PPS;PRB;PRONA;PRP;PSB;PSC;PSDB;PSDC;PSL;PSOL;PSTU;PT;PTB;PTC;PTDOB;PTN;PV
2006,2006-08-30 00:00:00,010/06RJ,HGPE,"PRESIDENTE, DEPUTADO FEDERAL",,"BRASIL, RJ",NÃO,,SIM,Sim,SIM,SIM,SIM,PAN;PCDOB;PCO;PDT;PFL;PL;PMDB;PMN;PP;PPS;PRB;PRONA;PRP;PSB;PSC;PSDB;PSDC;PSL;PSOL;PSTU;PT;PTB;PTC;PTDOB;PTN;PV
2006,2006-09-01 00:00:00,011/06MG,HGPE,"PRESIDENTE, DEPUTADO FEDERAL","A gravação na verdade é do RJ, não de MG como está no nome do DVD","BRASIL, RJ",NÃO,,SIM,Sim,SIM,SIM,SIM,PAN;PCDOB;PCO;PDT;PFL;PL;PMDB;PMN;PP;PPS;PRB;PRONA;PRP;PSB;PSC;PSDB;PSDC;PSL;PSOL;PSTU;PT;PTB;PTC;PTDOB;PTN;PV
2006,2006-09-02 00:00:00,012/06MG,HGPE,"PRESIDENTE, SENADOR, DEPUTADO FEDERAL, DEPUTADO ESTADUAL",,"BRASIL, MG",SIM,,SIM,Sim,SIM,SIM,SIM,PAN;PCB;PCDOB;PCO;PDT;PFL;PHS;PL;PMDB;PMN;PP;PPS;PRB;PRONA;PRP;PRTB;PSB;PSC;PSDB;PSDC;PSOL;PSTU;PT;PTB;PTC;PTDOB;PTN;PV
2006,2006-09-03 00:00:00,012/06,HGPE,"PRESIDENTE, DEPUTADO FEDERAL",,"BRASIL, RJ",NÃO,,SIM,Sim,SIM,SIM,SIM,PAN;PCDOB;PCO;PDT;PFL;PL;PMDB;PMN;PP;PPS;PRB;PRONA;PRP;PSB;PSC;PSDB;PSDC;PSL;PSOL;PSTU;PT;PTB;PTC;PTDOB;PTN;PV
2006,2006-09-04 00:00:00,013/06MG,HGPE,"PRESIDENTE, SENADOR, DEPUTADO FEDERAL, DEPUTADO ESTADUAL",,,NÃO,,SIM,Sim,SIM,SIM,SIM,PAN;PCB;PCDOB;PCO;PDT;PFL;PHS;PL;PMDB;PMN;PP;PPS;PRB;PRONA;PRP;PRTB;PSB;PSC;PSDB;PSDC;PSOL;PSTU;PT;PTB;PTC;PTDOB;PTN;PV
2006,2006-09-05 00:00:00,013/06,HGPE,"PRESIDENTE, DEPUTADO FEDERAL",,"BRASIL, RJ",NÃO,,SIM,Sim,SIM,SIM,SIM,PAN;PCDOB;PCO;PDT;PFL;PL;PMDB;PMN;PP;PPS;PRB;PRONA;PRP;PSB;PSC;PSDB;PSDC;PSL;PSOL;PSTU;PT;PTB;PTC;PTDOB;PTN;PV
2006,2006-09-06 00:00:00,014/06,HGPE,PRESIDENTE,A gravação tem apenas 5:47 (INCOMPLETA),BRASIL,NÃO,,SIM,Sim,SIM,SIM,SIM,PSDB;PSDC;PSOL
2006,2006-10-07 00:00:00,015/06MG,HGPE,"GOVERNADOR, DEPUTADO FEDERAL, DEPUTADO ESTADUAL",,MG,NÃO,,SIM,Sim,SIM,SIM,SIM,PAN;PCB;PCDOB;PCO;PDT;PFL;PHS;PL;PMDB;PMN;PP;PPS;PRB;PRONA;PRP;PRTB;PSB;PSC;PSDB;PSDC;PSOL;PSTU;PT;PTB;PTC;PTDOB;PTN;PV
2006,2006-10-08 00:00:00,015/06rj,HGPE,"PRESIDENTE, DEPUTADO FEDERAL",,"BRASIL, RJ",NÃO,,SIM,Sim,SIM,SIM,SIM,PAN;PCDOB;PCO;PDT;PFL;PL;PMDB;PMN;PP;PPS;PRB;PRONA;PRP;PSB;PSC;PSDB;PSDC;PSL;PSOL;PSTU;PT;PTB;PTC;PTDOB;PTN;PV
2006,2006-10-09 00:00:00,029/06,DIREÇÃO NACIONAL DO PARTIDO,,,,NÃO,,SIM,Sim,SIM,SIM,SIM,PRB
2006,2006-10-10 00:00:00,030/06,DIREÇÃO NACIONAL DO PARTIDO,,,,NÃO,,SIM,Sim,SIM,SIM,SIM,PCDOB
2006,2006-10-11 00:00:00,032/06,TELEJORNAL,PRESIDENTE,,BRASIL,NÃO,,SIM,Sim,SIM,SIM,SIM,PSOL
2006,2006-10-12 00:00:00,033/06,DEBATE,PRESIDENTE,,BRASIL,NÃO,,SIM,Sim,SIM,SIM,SIM,PCB;PCDOB;PDT;PFL;PRB;PSDB;PSDC;PSL;PSOL;PSTU;PT
2006,2006-10-12 00:00:00,034/06,DEBATE,PRESIDENTE,,BRASIL,NÃO,,SIM,Sim,SIM,SIM,SIM,PSDB;PT
2006,2006-10-13 00:00:00,036/06,OUTRO,,A gravação tem apenas 11 segundos,,NÃO,,SIM,Sim,SIM,SIM,SIM,
2006,2006-10-14 00:00:00,037/06,HGPE,PRESIDENTE,,BRASIL,NÃO,,SIM,Sim,SIM,SIM,SIM,PT
2006,2006-10-15 00:00:00,038/06,HGPE,PRESIDENTE,,BRASIL,NÃO,,SIM,Sim,SIM,SIM,SIM,PSDB
2006,2006-10-16 00:00:00,039/06,HGPE,PRESIDENTE,,BRASIL,NÃO,,SIM,Sim,SIM,SIM,SIM,PDT;PSDB;PT
2006,2006-10-17 00:00:00,040/06,HGPE,PRESIDENTE,,BRASIL,NÃO,,SIM,Sim,SIM,SIM,SIM,PDT;PSDB;PSOL;PT
2006,2006-10-18 00:00:00,041/06,HGPE,PRESIDENTE,,BRASIL,NÃO,,SIM,Sim,SIM,SIM,SIM,PDT
2006,2006-10-19 00:00:00,041/06B,HGPE,PRESIDENTE,"O DVD foi duplicado no acervo MP4 do drive, é preciso retirar um deles",BRASIL,NÃO,,SIM,Sim,SIM,SIM,SIM,PT
2006,2006-10-20 00:00:00,042/06,HGPE,GOVERNADOR,,RJ,NÃO,,SIM,Sim,SIM,SIM,SIM,PDT;PMDB;PPS;PSDB;PSDC;PSL;PSOL;PT
2006,2006-10-13 00:00:00,043/06,HGPE,GOVERNADOR,,RJ,NÃO,,SIM,Sim,SIM,SIM,SIM,PCB;PMDB;PRB;PRP;PSDB;PSOL;PSTU;PT
2006,2006-10-14 00:00:00,044/06,HGPE,GOVERNADOR,,RJ,NÃO,,SIM,Sim,SIM,SIM,SIM,PMDB
2006,2006-10-15 00:00:00,045/06,HGPE,GOVERNADOR,,RJ,NÃO,,SIM,Sim,SIM,SIM,SIM,PRP
2006,2006-10-16 00:00:00,046/06,HGPE,GOVERNADOR,,RJ,NÃO,,SIM,Sim,SIM,SIM,SIM,PFL;PMDB;PPS;PRB;PRP;PSDB;PSDC;PT
2006,2006-10-17 00:00:00,047/06,HGPE,GOVERNADOR,,RJ,NÃO,,SIM,Sim,SIM,SIM,SIM,PMDB;PPS;PRB;PSDB;PSOL;PT
2006,2006-10-18 00:00:00,048/06,HGPE,DEPUTADO ESTADUAL,,RJ,NÃO,,SIM,Sim,SIM,SIM,SIM,PAN;PCDOB;PDT;PFL;PL;PMDB;PP;PPS;PRB;PRONA;PRTB;PSC;PSDB;PT;PTB;PTN
2006,2006-10-19 00:00:00,050/06,HGPE,DEPUTADO ESTADUAL,,RJ,NÃO,,SIM,Sim,SIM,SIM,SIM,PMDB
2006,2006-10-20 00:00:00,051/06,HGPE,DEPUTADO ESTADUAL,,RJ,NÃO,,SIM,Sim,SIM,SIM,SIM,PSC
2006,2006-10-21 00:00:00,052/06,HGPE,DEPUTADO ESTADUAL,,RJ,NÃO,,SIM,Sim,SIM,SIM,SIM,PAN;PCDOB;PDT;PFL;PL;PMDB;PP;PPS;PRB;PRONA;PRTB;PSC;PSDB;PT;PTB;PTN
2006,2006-10-22 00:00:00,053/06,HGPE,DEPUTADO ESTADUAL,,RJ,NÃO,,SIM,Sim,SIM,SIM,SIM,PAN;PCDOB;PDT;PFL;PL;PMDB;PP;PPS;PRB;PRONA;PRTB;PSC;PSDB;PT;PTB;PTN
2006,2006-10-23 00:00:00,054/06,HGPE,DEPUTADO ESTADUAL,,RJ,NÃO,,SIM,Sim,SIM,SIM,SIM,PFL
2006,2006-10-24 00:00:00,055/06,HGPE,DEPUTADO FEDERAL,,RJ,NÃO,,SIM,Sim,SIM,SIM,SIM,PT
2006,2006-10-25 00:00:00,056/06,HGPE,DEPUTADO FEDERAL,,RJ,NÃO,,SIM,Sim,SIM,SIM,SIM,PFL
2006,2006-10-26 00:00:00,057/06,HGPE,SENADOR,,RJ,NÃO,,SIM,Sim,SIM,SIM,SIM,PSDB
2006,2006-10-27 00:00:00,058/06,HGPE,SENADOR,,RJ,NÃO,,SIM,Sim,SIM,SIM,SIM,PSDB
2006,2006-10-28 00:00:00,059/06,HGPE,SENADOR,,RJ,NÃO,,SIM,Sim,SIM,SIM,SIM,PCB;PCDOB;PP;PRP;PSTU;PV
2006,2006-10-29 00:00:00,060/06,HGPE,SENADOR,,RJ,NÃO,,SIM,Sim,SIM,SIM,SIM,PCDOB;PP;PSTU;PV
2006,2006-10-30 00:00:00,061/06,HGPE,"SENADOR, DEPUTADO FEDERAL",,RJ,NÃO,,SIM,Sim,SIM,SIM,SIM,PAN;PCB;PCDOB;PDT;PP;PRB;PRTB;PSDB;PSL;PSOL;PSTU;PTB;PTN;PV
2006,2006-11-01 00:00:00,062/06,HGPE,DEPUTADO FEDERAL,,RJ,NÃO,,SIM,Sim,SIM,SIM,SIM,PCDOB;PDT;PFL;PL;PMDB;PP;PRONA;PSB;PSC;PSDB;PT
2006,2006-11-02 00:00:00,063/06,HGPE,DEPUTADO FEDERAL,,RJ,NÃO,,SIM,Sim,SIM,SIM,SIM,PAN;PCB;PCDOB;PDT;PFL;PL;PMDB;PP;PPS;PRB;PSB;PSDB;PSOL;PSTU;PT;PTB;PTN;PV
2006,2006-11-03 00:00:00,064/06,HGPE,DEPUTADO FEDERAL,,RJ,NÃO,,SIM,Sim,SIM,SIM,SIM,PAN;PCB;PCDOB;PDT;PFL;PHS;PL;PMDB;PP;PPS;PRB;PRONA;PRTB;PSB;PSC;PSDB;PSOL;PSTU;PT;PTB;PTC;PTDOB;PTN;PV
2006,2006-11-04 00:00:00,065/06,HGPE,DEPUTADO FEDERAL,,RJ,NÃO,,SIM,Sim,SIM,SIM,SIM,PAN;PCB;PCDOB;PDT;PFL;PHS;PL;PMDB;PP;PPS;PRB;PRONA;PRTB;PSB;PSC;PSDB;PSDC;PSOL;PSTU;PT;PTB;PTC;PTDOB;PTN;PV
2006,2006-11-05 00:00:00,066/06,HGPE,DEPUTADO FEDERAL,,RJ,NÃO,,SIM,Sim,SIM,SIM,SIM,PL
2006,2006-11-06 00:00:00,067/06,HGPE,"GOVERNADOR, SENADOR, DEPUTADO ESTADUAL",,RJ,NÃO,,SIM,Sim,SIM,SIM,SIM,PAN;PCB;PCDOB;PDT;PFL;PL;PMDB;PP;PPS;PRB;PRONA;PRP;PRTB;PSB;PSC;PSDB;PSDC;PSL;PSOL;PSTU;PT;PTB;PTDOB;PTN;PV
2006,2006-11-07 00:00:00,068/06,HGPE,"PRESIDENTE, DEPUTADO FEDERAL","A gravação está duplicada no acervo MP4 do DOXA, tem que retirar um","BRASIL, RJ",NÃO,,SIM,Sim,SIM,SIM,SIM,PAN;PCDOB;PCO;PDT;PFL;PL;PMDB;PMN;PP;PPS;PRB;PRONA;PSB;PSC;PSDB;PSDC;PSL;PSOL;PT;PTB;PTC;PTN;PV
2006,2006-11-08 00:00:00,069/06,HGPE,"GOVERNADOR, SENADOR, DEPUTADO ESTADUAL",,RJ,NÃO,,SIM,Sim,SIM,SIM,SIM,PAN;PCB;PCDOB;PDT;PFL;PL;PMDB;PP;PPS;PRB;PRONA;PRP;PRTB;PSB;PSC;PSDB;PSDC;PSL;PSOL;PSTU;PT;PTB;PTDOB;PTN;PV
2006,2006-11-09 00:00:00,071/06,HGPE,"PRESIDENTE, DEPUTADO FEDERAL",,"BRASIL, RJ",NÃO,,SIM,Sim,SIM,SIM,SIM,PAN;PCDOB;PCO;PDT;PFL;PL;PMDB;PMN;PP;PPS;PRB;PRONA;PSB;PSC;PSDB;PSDC;PSL;PSOL;PT;PTB;PTC;PTN;PV
2006,2006-11-10 00:00:00,072/06,HGPE,"GOVERNADOR, SENADOR, DEPUTADO ESTADUAL",,RJ,NÃO,,SIM,Sim,SIM,SIM,SIM,PAN;PCB;PCDOB;PDT;PFL;PL;PMDB;PP;PPS;PRB;PRONA;PRP;PRTB;PSB;PSC;PSDB;PSDC;PSL;PSOL;PSTU;PT;PTB;PTDOB;PTN;PV
2006,2006-11-11 00:00:00,074/06,HGPE,"GOVERNADOR, SENADOR, DEPUTADO ESTADUAL",,RJ,NÃO,,SIM,Sim,SIM,SIM,SIM,PAN;PCB;PCDOB;PDT;PFL;PHS;PL;PMDB;PP;PPS;PRB;PRONA;PRP;PRTB;PSB;PSC;PSDB;PSDC;PSL;PSOL;PSTU;PT;PTB;PTDOB;PTN;PV
2006,2006-11-12 00:00:00,075/06,HGPE,"PRESIDENTE, DEPUTADO FEDERAL",,"BRASIL, RJ",NÃO,,SIM,Sim,SIM,SIM,SIM,PAN;PCDOB;PCO;PDT;PFL;PL;PMDB;PMN;PP;PPS;PRB;PRONA;PSB;PSC;PSDB;PSDC;PSL;PSOL;PT;PTB;PTC;PTN;PV
2006,2006-11-13 00:00:00,076/06,HGPE,PRESIDENTE,,BRASIL,NÃO,,SIM,Sim,SIM,SIM,SIM,PSDB;PT
2006,2006-11-14 00:00:00,077/06,HGPE,"PRESIDENTE, GOVERNADOR",,"BRASIL, RJ",NÃO,,SIM,Sim,SIM,SIM,SIM,PMDB;PPS;PSDB;PT
2006,2006-10-01 00:00:00,078/06,HGPE,GOVERNADOR,,RJ,NÃO,,SIM,Sim,SIM,SIM,SIM,PPS
2006,2006-10-02 00:00:00,081/06,HGPE,GOVERNADOR,,PE,NÃO,,SIM,Sim,SIM,SIM,SIM,PSB
2006,2006-10-03 00:00:00,082/06,HGPE,GOVERNADOR,,PE,NÃO,,SIM,Sim,SIM,SIM,SIM,PSDB
2006,2006-10-04 00:00:00,083/06,HGPE,DEPUTADO FEDERAL,,PE,NÃO,,SIM,Sim,SIM,SIM,SIM,PDT;PFL;PMN;PRONA;PSL;PT
2006,2006-10-05 00:00:00,084/06,HGPE,GOVERNADOR,,RJ,NÃO,,SIM,Sim,SIM,SIM,SIM,PDT
2006,2006-10-06 00:00:00,085/06,HGPE,PRESIDENTE,,BRASIL,NÃO,,SIM,Sim,SIM,SIM,SIM,PT
2006,2006-10-07 00:00:00,086/06,HGPE,DEPUTADO ESTADUAL,,RJ,NÃO,,SIM,Sim,SIM,SIM,SIM,PAN;PCB;PCDOB;PDT;PFL;PL;PMDB;PMN;PP;PPS;PRB;PRONA;PRP;PRTB;PSB;PSC;PSDB;PSDC;PSL;PSTU;PT;PTB;PTDOB;PV
2006,2006-10-08 00:00:00,087/06,HGPE,DEPUTADO ESTADUAL,,RJ,NÃO,,SIM,Sim,SIM,SIM,SIM,PAN;PCB;PCDOB;PDT;PFL;PHS;PL;PMDB;PMN;PP;PPS;PRB;PRONA;PRP;PRTB;PSB;PSC;PSDB;PSDC;PSL;PSTU;PT;PTB;PTDOB;PV
2006,2006-10-09 00:00:00,088/06,HGPE,DEPUTADO ESTADUAL,,RJ,NÃO,,SIM,Sim,SIM,SIM,SIM,PAN;PCB;PCDOB;PDT;PFL;PHS;PL;PMDB;PMN;PP;PPS;PRB;PRONA;PRP;PRTB;PSB;PSC;PSDB;PSDC;PSL;PSOL;PSTU;PT;PTB;PTDOB;PV
2006,2006-10-10 00:00:00,089/06,HGPE,DEPUTADO ESTADUAL,,RJ,NÃO,,SIM,Sim,SIM,SIM,SIM,PAN;PCB;PCDOB;PCO;PDT;PFL;PHS;PL;PMDB;PMN;PP;PPS;PRB;PRONA;PRP;PRTB;PSB;PSC;PSDB;PSDC;PSL;PSOL;PSTU;PT;PTB;PTDOB;PTN;PV
2006,2006-10-11 00:00:00,090/06,HGPE,"PRESIDENTE, DEPUTADO FEDERAL",,"BRASIL, RJ",NÃO,,SIM,Sim,SIM,SIM,SIM,PAN;PCDOB;PCO;PDT;PFL;PL;PMDB;PMN;PP;PPS;PRB;PRONA;PSB;PSC;PSDB;PSDC;PSL;PSOL;PT;PTB;PTC;PTN;PV
2006,2006-10-12 00:00:00,091/06B,HGPE,PRESIDENTE,,BRASIL,NÃO,,SIM,Sim,SIM,SIM,SIM,PSDB;PT
2006,2006-10-13 00:00:00,092/06,HGPE,DEPUTADO ESTADUAL,,RJ,NÃO,,SIM,Sim,SIM,SIM,SIM,PAN;PCB;PCDOB;PCO;PDT;PFL;PHS;PL;PMDB;PMN;PP;PPS;PRB;PRONA;PRP;PRTB;PSB;PSC;PSDB;PSDC;PSL;PSOL;PSTU;PT;PTB;PTC;PTDOB;PTN;PV
2006,2006-10-14 00:00:00,093/06,HGPE,DEPUTADO ESTADUAL,,RJ,NÃO,,SIM,Sim,SIM,SIM,SIM,PAN;PCB;PCDOB;PCO;PDT;PFL;PHS;PL;PMDB;PMN;PP;PPS;PRB;PRONA;PRP;PRTB;PSB;PSC;PSDB;PSDC;PSL;PSOL;PSTU;PT;PTB;PTC;PTDOB;PTN;PV
2006,2006-09-11 00:00:00,094/06,HGPE,DEPUTADO ESTADUAL,,RJ,NÃO,,SIM,Sim,SIM,SIM,SIM,PAN;PCB;PCDOB;PCO;PDT;PFL;PHS;PL;PMDB;PMN;PP;PPS;PRB;PRONA;PRP;PRTB;PSB;PSC;PSDB;PSDC;PSL;PSOL;PSTU;PT;PTB;PTC;PTDOB;PTN;PV
2006,2006-09-12 00:00:00,095/06,HGPE,PRESIDENTE,,BRASIL,NÃO,,SIM,Sim,SIM,SIM,SIM,PDT
2006,2006-09-13 00:00:00,096/06,HGPE,"SENADOR, DEPUTADO FEDERAL, DEPUTADO ESTADUAL",,SP,NÃO,,SIM,Sim,SIM,SIM,SIM,PAN;PCB;PCDOB;PDT;PFL;PHS;PL;PMDB;PMN;PP;PPS;PRONA;PRP;PRTB;PSDC;PSOL;PSTU;PT;PTB;PTC;PTDOB;PTN;PV
2006,2006-09-14 00:00:00,097/06,HGPE,"PRESIDENTE, GOVERNADOR, SENADOR, DEPUTADO FEDERAL, DEPUTADO ESTADUAL",,"BRASIL, SP",NÃO,,SIM,Sim,SIM,SIM,SIM,PAN;PCB;PCDOB;PCO;PDT;PFL;PHS;PL;PMDB;PMN;PP;PPS;PRONA;PRP;PSB;PSC;PSDB;PSDC;PSL;PSOL;PSTU;PT;PTB;PTC;PTDOB;PTN;PV
2006,2006-09-15 00:00:00,098/06,HGPE,"PRESIDENTE, GOVERNADOR, SENADOR, DEPUTADO FEDERAL, DEPUTADO ESTADUAL",,"BRASIL, SP",NÃO,,SIM,Sim,SIM,SIM,SIM,PAN;PCB;PCDOB;PCO;PDT;PFL;PHS;PL;PMDB;PMN;PP;PPS;PRONA;PRP;PSB;PSC;PSDB;PSDC;PSL;PSOL;PSTU;PT;PTB;PTC;PTDOB;PTN;PV
2006,2006-09-16 00:00:00,099/06,HGPE,"PRESIDENTE, GOVERNADOR, SENADOR, DEPUTADO FEDERAL, DEPUTADO ESTADUAL",,"BRASIL, SP",NÃO,,SIM,Sim,SIM,SIM,SIM,PAN;PCB;PCDOB;PCO;PDT;PFL;PHS;PL;PMDB;PMN;PP;PPS;PRONA;PRP;PSB;PSC;PSDB;PSDC;PSL;PSOL;PSTU;PT;PTB;PTC;PTDOB;PTN;PV
2006,2006-09-17 00:00:00,100/06,HGPE,"PRESIDENTE, GOVERNADOR, SENADOR, DEPUTADO FEDERAL, DEPUTADO ESTADUAL",,,NÃO,,SIM,Sim,SIM,SIM,SIM,PAN;PCB;PCDOB;PCO;PDT;PFL;PHS;PL;PMDB;PMN;PP;PPS;PRONA;PRP;PSB;PSC;PSDB;PSDC;PSL;PSOL;PSTU;PT;PTB;PTC;PTDOB;PTN;PV
2006,2006-09-18 00:00:00,101/06,HGPE,"SENADOR, DEPUTADO FEDERAL, DEPUTADO ESTADUAL",,SP,NÃO,,SIM,Sim,SIM,SIM,SIM,PCB;PMDB;PPS;PRONA;PSL;PTB;PTC
2006,2006-09-21 00:00:00,102/06,HGPE,"PRESIDENTE, DEPUTADO FEDERAL",,"BRASIL, PR",NÃO,,SIM,Sim,SIM,SIM,SIM,PCB;PCDOB;PCO;PDT;PL;PMDB;PMN;PP;PPS;PRB;PRONA;PRP;PRTB;PSC;PSDB;PSDC;PSL;PSOL;PSTU;PT;PTB;PTC;PTDOB;PV
2006,2006-09-22 00:00:00,103/06,HGPE,PRESIDENTE,,BRASIL,NÃO,,SIM,Sim,SIM,SIM,SIM,PSDB;PT
2006,2006-09-23 00:00:00,104/06,TELEJORNAL,,,,NÃO,,SIM,Sim,SIM,SIM,SIM,
2006,2006-09-24 00:00:00,105/06,TELEJORNAL,,,,NÃO,,SIM,Sim,SIM,SIM,SIM,
2006,2006-09-25 00:00:00,106/06,TELEJORNAL,,,,NÃO,,SIM,Sim,SIM,SIM,SIM,
2006,2006-09-26 00:00:00,107/06,TELEJORNAL,,,,NÃO,,SIM,Sim,SIM,SIM,SIM,
2006,2006-09-27 00:00:00,108/06,TELEJORNAL,,,,NÃO,,SIM,Sim,SIM,SIM,SIM,
2006,2006-09-28 00:00:00,109/06,TELEJORNAL,,,,NÃO,,SIM,Sim,SIM,SIM,SIM,
2006,2006-09-29 00:00:00,110/06,TELEJORNAL,PRESIDENTE,,BRASIL,NÃO,,SIM,Sim,SIM,SIM,SIM,PT
2006,2006-09-30 00:00:00,111/06,TELEJORNAL,,,,NÃO,,SIM,Sim,SIM,SIM,SIM,
2006,2006-10-01 00:00:00,112/06,TELEJORNAL,,,,NÃO,,SIM,Sim,SIM,SIM,SIM,
2006,2006-10-02 00:00:00,113/06,TELEJORNAL,,,,NÃO,,SIM,Sim,SIM,SIM,SIM,
2006,2006-10-03 00:00:00,114/06,DIREÇÃO NACIONAL DO PARTIDO,,,,NÃO,,SIM,Sim,SIM,SIM,SIM,
2006,2006-10-04 00:00:00,116/06,OUTRO,,A gravação tem apenas 1 minuto de novela,,NÃO,,SIM,Sim,SIM,SIM,SIM,
2006,2006-10-05 00:00:00,117/06,TELEJORNAL,,,,NÃO,,SIM,Sim,SIM,SIM,SIM,
2006,2006-10-06 00:00:00,118/06,TELEJORNAL,,,,NÃO,,SIM,Sim,SIM,SIM,SIM,
2006,2006-10-07 00:00:00,119/06,HGPE,PRESIDENTE,,BRASIL,NÃO,,SIM,Sim,SIM,SIM,SIM,PSDB
2006,2006-10-08 00:00:00,120/06,HGPE,PRESIDENTE,,BRASIL,NÃO,,SIM,Sim,SIM,SIM,SIM,PSDB;PT
2006,2006-10-09 00:00:00,121/06,HGPE,PRESIDENTE,,BRASIL,NÃO,,SIM,Sim,SIM,SIM,SIM,PSDB;PT
2006,2006-10-10 00:00:00,122/06,TELEJORNAL,,,,NÃO,,SIM,Sim,SIM,SIM,SIM,
2006,2006-10-11 00:00:00,123/06,HGPE,PRESIDENTE,,BRASIL,NÃO,,SIM,Sim,SIM,SIM,SIM,PSDB;PT
2006,2006-10-12 00:00:00,124/06,TELEJORNAL,,,,NÃO,,SIM,Sim,SIM,SIM,SIM,
2006,2006-10-13 00:00:00,125/06,HGPE,PRESIDENTE,,BRASIL,NÃO,,SIM,Sim,SIM,SIM,SIM,PSDB;PT
2006,2006-10-14 00:00:00,126/06,TELEJORNAL,,,,NÃO,,SIM,Sim,SIM,SIM,SIM,
2006,2006-09-01 00:00:00,127/05,TELEJORNAL,,A gravação é de 2005,,NÃO,,SIM,Sim,SIM,SIM,SIM,
2006,2006-09-02 00:00:00,128/06,TELEJORNAL,,,,NÃO,,SIM,Sim,SIM,SIM,SIM,
2006,2006-09-03 00:00:00,129/06,TELEJORNAL,PRESIDENTE,,BRASIL,NÃO,,SIM,Sim,SIM,SIM,SIM,PSDB;PT
2006,2006-09-04 00:00:00,130/06,TELEJORNAL,,,,NÃO,,SIM,Sim,SIM,SIM,SIM,
2006,2006-09-05 00:00:00,131/06,TELEJORNAL,PRESIDENTE,,BRASIL,NÃO,,SIM,Sim,SIM,SIM,SIM,PSDB;PT
2006,2006-09-06 00:00:00,134/06,TELEJORNAL,,,,NÃO,,SIM,Sim,SIM,SIM,SIM,
2006,2006-09-07 00:00:00,135/06,TELEJORNAL,,,,NÃO,,SIM,Sim,SIM,SIM,SIM,
2006,2006-09-08 00:00:00,136/06,TELEJORNAL,,,,NÃO,,SIM,Sim,SIM,SIM,SIM,
2006,2006-09-09 00:00:00,137/06,TELEJORNAL,PRESIDENTE,,BRASIL,NÃO,,SIM,Sim,SIM,SIM,SIM,PSDB
2006,2006-09-10 00:00:00,139/06,TELEJORNAL,,,,NÃO,,SIM,Sim,SIM,SIM,SIM,
2006,2006-09-11 00:00:00,141/06,TELEJORNAL,,,,NÃO,,SIM,Sim,SIM,SIM,SIM,
2006,2006-09-12 00:00:00,142/06,TELEJORNAL,,,,NÃO,,SIM,Sim,SIM,SIM,SIM,
2006,2006-09-13 00:00:00,143/06A,OUTRO,,A gravação não reproduz,,NÃO,,SIM,Não,SIM,SIM,SIM,
2006,2006-08-24 00:00:00,143/06B,HGPE,"PRESIDENTE, DEPUTADO FEDERAL",,"BRASIL, BA",NÃO,,SIM,Sim,SIM,SIM,SIM,PAN;PCB;PCDOB;PCO;PDT;PFL;PHS;PL;PMDB;PMN;PP;PPS;PRP;PRTB;PSB;PSC;PSDB;PSDC;PSL;PSOL;PSTU;PT;PTB;PTC;PTDOB;PV
2006,2006-08-25 00:00:00,143/06,HGPE,GOVERNADOR,,MG,NÃO,,SIM,Sim,SIM,SIM,SIM,PCB;PFL;PRP;PSDB;PSOL;PSTU;PT;PTDOB;PTN
2006,2006-08-26 00:00:00,144/06A,DIREÇÃO NACIONAL DO PARTIDO,,,,NÃO,,SIM,Sim,SIM,SIM,SIM,PP;PRP;PTN;PV
2006,2006-08-27 00:00:00,144/06B,HGPE,"PRESIDENTE, DEPUTADO FEDERAL",,"BRASIL, BA",NÃO,,SIM,Sim,SIM,SIM,SIM,PAN;PCB;PCDOB;PCO;PDT;PFL;PL;PMDB;PMN;PP;PPS;PRB;PRONA;PRP;PSC;PSDB;PSDC;PSL;PSOL;PSTU;PT;PTB;PTDOB;PTN;PV
2006,2006-08-28 00:00:00,144/06B,HGPE,"PRESIDENTE, SENADOR, DEPUTADO FEDERAL",,"BRASIL, BA",NÃO,,SIM,Sim,SIM,SIM,SIM,PAN;PCB;PCDOB;PCO;PDT;PFL;PL;PMDB;PMN;PP;PPS;PRB;PRONA;PRP;PSC;PSDB;PSDC;PSL;PSOL;PSTU;PT;PTB;PTDOB;PTN;PV
2006,2006-08-29 00:00:00,145/06,HGPE,"PRESIDENTE, DEPUTADO FEDERAL",,"BRASIL, BA",NÃO,,SIM,Sim,SIM,SIM,SIM,PAN;PCB;PCO;PDT;PFL;PHS;PL;PMDB;PMN;PP;PPS;PRP;PRTB;PSB;PSDB;PSDC;PSL;PSOL;PSTU;PT;PTB;PTC;PTDOB;PV
2006,2006-08-30 00:00:00,146/06,HGPE,"PRESIDENTE, DEPUTADO FEDERAL",,"BRASIL, BA",NÃO,,SIM,Sim,SIM,SIM,SIM,PAN;PCB;PCDOB;PCO;PDT;PFL;PL;PMDB;PMN;PP;PPS;PRB;PRONA;PRP;PSC;PSDB;PSDC;PSL;PSOL;PSTU;PT;PTB;PTDOB;PTN;PV
2006,2006-09-01 00:00:00,147/06,HGPE,"PRESIDENTE, DEPUTADO FEDERAL, DEPUTADO ESTADUAL",,"BRASIL, BA",NÃO,,SIM,Sim,SIM,SIM,SIM,PAN;PCB;PCDOB;PCO;PDT;PFL;PL;PMDB;PMN;PP;PPS;PRB;PRONA;PRP;PSC;PSDB;PSDC;PSL;PSOL;PSTU;PT;PTB;PTDOB;PTN;PV
2006,2006-09-02 00:00:00,148/06,HGPE,"PRESIDENTE, DEPUTADO FEDERAL",,"BRASIL, BA",NÃO,,SIM,Sim,SIM,SIM,SIM,PAN;PCB;PCDOB;PCO;PDT;PFL;PL;PMDB;PMN;PPL;PPS;PRB;PRONA;PRP;PSC;PSDB;PSDC;PSL;PSOL;PSTU;PT;PTB;PTDOB;PTN;PV
2006,2006-09-03 00:00:00,149/06,HGPE,"PRESIDENTE, DEPUTADO FEDERAL",,"BRASIL, BA",NÃO,,SIM,Sim,SIM,SIM,SIM,PAN;PCB;PCDOB;PCO;PDT;PFL;PL;PMDB;PMN;PP;PPS;PRB;PRONA;PRP;PSC;PSDB;PSDC;PSL;PSOL;PSTU;PT;PTB;PTDOB;PTN;PV
2006,2006-09-04 00:00:00,150/06,DEBATE,PRESIDENTE,,BRASIL,NÃO,,SIM,Sim,SIM,SIM,SIM,PSDB;PT
2006,2006-09-05 00:00:00,151/06,OUTRO,,A gravação está vazia,,SIM,,SIM,Não,SIM,SIM,SIM,
2006,2006-09-06 00:00:00,152/6,HGPE,PRESIDENTE,,BRASIL,NÃO,,SIM,Sim,SIM,SIM,SIM,PT
2006,2006-09-07 00:00:00,153/06,HGPE,"PRESIDENTE, DEPUTADO FEDERAL",,"BRASIL, RJ",NÃO,,SIM,Sim,SIM,SIM,SIM,PAN;PCB;PCDOB;PCO;PDT;PFL;PL;PMDB;PMN;PP;PPS;PRB;PRONA;PRTB;PSB;PSC;PSDB;PSDC;PSL;PSOL;PSTU;PT;PTB;PTC;PTDOB;PTN;PV
2007,2007-09-01 00:00:00,001/07,TELEJORNAL,PRESIDENTE,TELEJORNAL sobre as eleições de 2006,BRASIL,NÃO,,SIM,Sim,SIM,SIM,SIM,PDT;PSDB;PSDC;PSL;PSOL;PT
2007,2007-09-02 00:00:00,001/07A,DIREÇÃO NACIONAL DO PARTIDO,,,,NÃO,,SIM,Sim,SIM,SIM,SIM,PSDC
2007,2007-09-03 00:00:00,001/07B,DIREÇÃO NACIONAL DO PARTIDO,,,,NÃO,,SIM,Sim,SIM,SIM,SIM,PCB;PDT;PMDB;PP;PPS;PRB;PRP;PRTB;PSB;PSC;PSDC;PSL;PSTU;PT;PTDOB
2007,2007-09-04 00:00:00,002/07,TELEJORNAL,,,,NÃO,,SIM,Sim,SIM,SIM,SIM,
2007,2007-09-05 00:00:00,002/07A,DIREÇÃO NACIONAL DO PARTIDO,,,,NÃO,,SIM,Sim,SIM,SIM,SIM,DEM;PHS;PMN;PR;PRB;PSDB;PSDC;PT;PTB;PV
2007,2007-09-06 00:00:00,002/07B,HGPE,"PRESIDENTE, DEPUTADO DISTRITAL, DEPUTADO ESTADUAL",,"BRASIL, DF, SP",NÃO,,SIM,Sim,SIM,SIM,SIM,PAN;PCDOB;PCO;PDT;PMDB;PP;PRP;PSC;PSOL;PT;PTC
2007,2007-09-07 00:00:00,003/07,HGPE,PRESIDENTE,,BRASIL,NÃO,,SIM,Sim,SIM,SIM,SIM,PSDB
2007,2007-09-08 00:00:00,004/07A,DIREÇÃO NACIONAL DO PARTIDO,,,,NÃO,,SIM,Sim,SIM,SIM,SIM,PCB;PDT;PP;PR;PRP;PSC;PSL
2007,2007-09-09 00:00:00,005/07,DIREÇÃO NACIONAL DO PARTIDO,,,,NÃO,,SIM,Sim,SIM,SIM,SIM,DEM
2007,2007-09-10 00:00:00,007/07,TELEJORNAL,,,,NÃO,,SIM,Sim,SIM,SIM,SIM,
2007,2007-09-11 00:00:00,009/07,HGPE,"DEPUTADO DISTRITAL, DEPUTADO ESTADUAL",,"DF, SP",NÃO,,SIM,Sim,SIM,SIM,SIM,PCDOB;PCO;PDT;PMDB;PP;PRP;PSC;PTC
2007,2007-09-12 00:00:00,010/07,TELEJORNAL,PRESIDENTE,,BRASIL,NÃO,,SIM,Sim,SIM,SIM,SIM,PSDB
2007,2007-09-13 00:00:00,013/07,TELEJORNAL,,,,NÃO,,SIM,Sim,SIM,SIM,SIM,
2007,2007-09-14 00:00:00,014/07,OUTRO,,A gravação não reproduz,,NÃO,,SIM,Sim,SIM,SIM,SIM,
2007,2007-09-15 00:00:00,015/07,DIREÇÃO NACIONAL DO PARTIDO,,,,NÃO,,SIM,Sim,SIM,SIM,SIM,PMDB
2007,2007-09-16 00:00:00,016/07,DIREÇÃO NACIONAL DO PARTIDO,,,,NÃO,,SIM,Sim,SIM,SIM,SIM,PCDOB
2007,2007-09-17 00:00:00,017/07,DIREÇÃO NACIONAL DO PARTIDO,,,,NÃO,,SIM,Sim,SIM,SIM,SIM,PDT
2007,2007-09-18 00:00:00,018/07,DIREÇÃO NACIONAL DO PARTIDO,,,,NÃO,,SIM,Sim,SIM,SIM,SIM,PV
2007,2007-09-19 00:00:00,019/07,DIREÇÃO NACIONAL DO PARTIDO,,,,NÃO,,SIM,Sim,SIM,SIM,SIM,PT
2007,2007-09-20 00:00:00,020/07,DIREÇÃO NACIONAL DO PARTIDO,,,,NÃO,,SIM,Sim,SIM,SIM,SIM,PDT
2007,2007-09-21 00:00:00,021/07,DIREÇÃO NACIONAL DO PARTIDO,,,,NÃO,,SIM,Sim,SIM,SIM,SIM,PSB
2007,2007-09-22 00:00:00,022/07,DIREÇÃO NACIONAL DO PARTIDO,,,,NÃO,,SIM,Sim,SIM,SIM,SIM,PSC
2007,2007-09-23 00:00:00,023/07,DIREÇÃO NACIONAL DO PARTIDO,,,,NÃO,,SIM,Sim,SIM,SIM,SIM,PSL
2007,2007-09-24 00:00:00,024/07,DIREÇÃO NACIONAL DO PARTIDO,,,,NÃO,,SIM,Sim,SIM,SIM,SIM,PRP
2007,2007-09-25 00:00:00,025/07,DIREÇÃO NACIONAL DO PARTIDO,,"A gravação está duplicada no acervo do DOXA, é preciso retirar um",,NÃO,,SIM,Sim,SIM,SIM,SIM,PSTU
2007,2007-09-26 00:00:00,026/07,DIREÇÃO NACIONAL DO PARTIDO,,,,NÃO,,SIM,Sim,SIM,SIM,SIM,PMN
2007,2007-09-27 00:00:00,027/07,DIREÇÃO NACIONAL DO PARTIDO,,,,NÃO,,SIM,Sim,SIM,SIM,SIM,PTDOB
2007,2007-09-28 00:00:00,028/07,DIREÇÃO NACIONAL DO PARTIDO,,,,NÃO,,SIM,Sim,SIM,SIM,SIM,PV
2007,2007-09-29 00:00:00,029/07,DIREÇÃO NACIONAL DO PARTIDO,,,,NÃO,,SIM,Sim,SIM,SIM,SIM,PRP
2007,2007-09-30 00:00:00,030/07,TELEJORNAL,,,,NÃO,,SIM,Sim,SIM,SIM,SIM,
2007,2007-10-01 00:00:00,031/07,TELEJORNAL,,,,NÃO,,SIM,Sim,SIM,SIM,SIM,
2007,2007-10-02 00:00:00,032/07,OUTRO,,,,NÃO,,SIM,Sim,SIM,SIM,SIM,
2007,2007-10-03 00:00:00,033/07,TELEJORNAL,,,,NÃO,,SIM,Sim,SIM,SIM,SIM,
2007,2007-10-04 00:00:00,034/07,TELEJORNAL,,,,NÃO,,SIM,Sim,SIM,SIM,SIM,
2007,2007-10-05 00:00:00,035/07,ENTREVISTA,PRESIDENTE,,BRASIL,NÃO,,SIM,Sim,SIM,SIM,SIM,PSOL
2007,2007-10-06 00:00:00,036/07,TELEJORNAL,,,,NÃO,,SIM,Sim,SIM,SIM,SIM,
2007,2007-10-07 00:00:00,037/07,TELEJORNAL,,,,NÃO,,SIM,Sim,SIM,SIM,SIM,
2007,2007-10-08 00:00:00,038/07,TELEJORNAL,,,,NÃO,,SIM,Sim,SIM,SIM,SIM,
2007,2007-10-09 00:00:00,039/07,DIREÇÃO NACIONAL DO PARTIDO,,,,NÃO,,SIM,Sim,SIM,SIM,SIM,PCDOB
2008,2008-08-01 00:00:00,001/08,HGPE,VEREADOR,,RJ,SIM,Rio de Janeiro,SIM,Sim,SIM,SIM,SIM,DEM;PCDOB;PDT;PHS;PMDB;PMN;PP;PPS;PR;PRB;PRP;PRTB;PSB;PSC;PSDB;PSL;PSOL;PSTU;PT;PTB;PTC;PTDOB;PTN;PV
2008,2008-08-02 00:00:00,002/08,HGPE,PREFEITO,,SP,SIM,São Paulo,SIM,Sim,SIM,SIM,SIM,DEM;PCB;PCO;PMN;PP;PPS;PSDB;PSOL;PSTU;PT;PTC;PTDOB
2008,2008-08-28 00:00:00,003/08,HGPE,VEREADOR,,RJ,SIM,Rio de Janeiro,SIM,Sim,SIM,SIM,SIM,PCB;PCO;PHS;PMDB;PMN;PRB;PSDC;PTC;PTN
2008,2008-08-03 00:00:00,004/08,HGPE,PREFEITO,,SP,SIM,São Paulo,SIM,Sim,SIM,SIM,SIM,DEM;PT
2008,2008-08-04 00:00:00,005/08,HGPE,PREFEITO,,SP,SIM,São Paulo,SIM,Sim,SIM,SIM,SIM,DEM;PT
2008,2008-04-03 00:00:00,006/08,HGPE,"PREFEITO, VEREADOR",,RJ,SIM,Rio de Janeiro,SIM,Sim,SIM,SIM,SIM,DEM;PCB;PCDOB;PCO;PDT;PHS;PMDB;PMN;PP;PPS;PR;PRB;PRTB;PSB;PSC;PSDB;PSDC;PSL;PSOL;PSTU;PT;PTB;PTC;PTDOB;PTN;PV
2008,2008-08-05 00:00:00,007/08,HGPE,PREFEITO,,RJ,SIM,São Gonçalo,SIM,Sim,SIM,SIM,SIM,PT
2008,2008-08-06 00:00:00,008/08,HGPE,PREFEITO,,RJ,SIM,Rio de Janeiro,SIM,Sim,SIM,SIM,SIM,DEM;PCB;PCDOB;PCO;PDT;PMDB;PRB;PRP;PSC;PSOL;PSTU;PT;PTDOB;PV
2008,2008-08-07 00:00:00,009/08,DIREÇÃO NACIONAL DO PARTIDO,,,,NÃO,,SIM,Sim,SIM,SIM,SIM,PDT
2008,2008-08-08 00:00:00,010/08,HGPE,PREFEITO,,SP,SIM,São Paulo,SIM,Sim,SIM,SIM,SIM,DEM
2008,2008-09-18 00:00:00,011/08,HGPE,VEREADOR,,RJ,SIM,Rio de Janeiro,SIM,Sim,SIM,SIM,SIM,DEM;PCB;PCDOB;PCO;PDT;PHS;PMDB;PMN;PP;PPS;PR;PRB;PRTB;PSB;PSC;PSDB;PSDC;PSL;PSOL;PSTU;PT;PTB;PTC;PTDOB;PTN;PV
2008,2008-08-09 00:00:00,012/08,HGPE,PREFEITO,,RJ,SIM,Rio de Janeiro,SIM,Sim,SIM,SIM,SIM,PMDB;PP;PSL;PTB
2008,2008-08-10 00:00:00,013/08,HGPE,VEREADOR,,RJ,SIM,Rio de Janeiro,SIM,Sim,SIM,SIM,SIM,DEM;PCB;PCDOB;PCO;PDT;PHS;PMDB;PMN;PP;PPS;PR;PRB;PRTB;PSB;PSC;PSDB;PSDC;PSL;PSOL;PSTU;PT;PTB;PTC;PTDOB;PTN;PV
2008,2008-08-11 00:00:00,014/08,HGPE,PREFEITO,,RJ,SIM,Rio de Janeiro,SIM,Sim,SIM,SIM,SIM,DEM;PCB;PCDOB;PCO;PDT;PMDB;PRB;PRP;PSC;PSOL;PSTU;PT;PTDOB;PV
2008,2008-08-12 00:00:00,015/08,HGPE,PREFEITO,,RJ,SIM,Rio de Janeiro,SIM,Sim,SIM,SIM,SIM,DEM;PCB;PCDOB;PCO;PDT;PMDB;PRB;PRP;PSC;PSOL;PSTU;PT;PTDOB;PV
2008,2008-08-13 00:00:00,016/08,HGPE,PREFEITO,,RJ,SIM,Rio de Janeiro,SIM,Sim,SIM,SIM,SIM,PMDB;PP;PPS;PSDB;PSL;PTB;PV
2008,2008-08-14 00:00:00,017/08,HGPE,PREFEITO,,RJ,SIM,Rio de Janeiro,SIM,Sim,SIM,SIM,SIM,PRB
2008,2008-08-15 00:00:00,019/08,HGPE,PREFEITO,,RJ,SIM,Rio de Janeiro,SIM,Sim,SIM,SIM,SIM,DEM
2008,2008-08-16 00:00:00,020/08,HGPE,PREFEITO,,RJ,SIM,Rio de Janeiro,SIM,Sim,SIM,SIM,SIM,DEM
2008,2008-08-17 00:00:00,021/08,HGPE,PREFEITO,,SP,SIM,São Paulo,SIM,Sim,SIM,SIM,SIM,DEM
2008,2008-08-18 00:00:00,022/08,HGPE,PREFEITO,,RJ,SIM,Rio de Janeiro,SIM,Sim,SIM,SIM,SIM,PMDB;PP;PSL;PTB
2008,2008-08-19 00:00:00,023/08,HGPE,PREFEITO,,RJ,SIM,Rio de Janeiro,SIM,Sim,SIM,SIM,SIM,PMDB;PP;PSL;PTB
2008,2008-08-20 00:00:00,024/08,HGPE,VEREADOR,,SP,SIM,São Paulo,SIM,Sim,SIM,SIM,SIM,DEM;PCB;PCDOB;PCO;PDT;PHS;PMDB;PMN;PP;PPS;PR;PRB;PRP;PRTB;PSB;PSC;PSDB;PSDC;PSL;PSOL;PSTU;PT;PTB;PTC;PTDOB;PTN;PV
2008,2008-08-21 00:00:00,025/08,HGPE,PREFEITO,,SP,SIM,São Paulo,SIM,Sim,SIM,SIM,SIM,DEM;PCB;PCO;PMN;PP;PPS;PRTB;PSDB;PSOL;PSTU;PT;PTC;PTDOB
2008,2008-08-22 00:00:00,026/08,HGPE,PREFEITO,,RJ,SIM,Rio de Janeiro,SIM,Sim,SIM,SIM,SIM,PMDB;PP;PSL;PTB
2008,2008-08-23 00:00:00,27/08,HGPE,VEREADOR,,SP,SIM,São Paulo,SIM,Sim,SIM,SIM,SIM,DEM;PCB;PCDOB;PCO;PDT;PHS;PMDB;PMN;PP;PPS;PR;PRB;PRP;PRTB;PSB;PSC;PSDB;PSDC;PSL;PSOL;PSTU;PT;PTB;PTC;PTDOB;PTN;PV
2008,2008-08-24 00:00:00,028/08,HGPE,PREFEITO,,SP,SIM,São Paulo,SIM,Sim,SIM,SIM,SIM,DEM;PT
2008,2008-08-25 00:00:00,029/08,HGPE,VEREADOR,,SP,SIM,São Paulo,SIM,Sim,SIM,SIM,SIM,DEM;PCB;PCDOB;PCO;PDT;PHS;PMDB;PMN;PP;PPS;PR;PRB;PRP;PRTB;PSB;PSC;PSDB;PSDC;PSL;PSOL;PSTU;PT;PTB;PTC;PTDOB;PTN;PV
2008,2008-08-26 00:00:00,030/08,HGPE,VEREADOR,,SP,SIM,São Paulo,SIM,Sim,SIM,SIM,SIM,DEM;PCB;PCDOB;PCO;PDT;PHS;PMDB;PMN;PP;PPS;PR;PRB;PRP;PRTB;PSB;PSC;PSDB;PSDC;PSL;PSOL;PSTU;PT;PTB;PTC;PTDOB;PTN;PV
2008,2008-08-27 00:00:00,031/08,HGPE,PREFEITO,,SP,SIM,São Paulo,SIM,Sim,SIM,SIM,SIM,DEM;PCB;PCO;PMN;PP;PPS;PRTB;PSDB;PSOL;PSTU;PT;PTC;PTDOB
2008,2008-08-28 00:00:00,032/08,HGPE,PREFEITO,,SP,SIM,São Paulo,SIM,Sim,SIM,SIM,SIM,DEM;PT
2008,2008-10-22 00:00:00,033/08,HGPE,PREFEITO,,SP,SIM,São Paulo,SIM,Sim,SIM,SIM,SIM,DEM;PT
2008,2008-08-19 00:00:00,034/08,HGPE,VEREADOR,,SP,SIM,São Paulo,SIM,Sim,SIM,SIM,SIM,DEM;PCB;PCDOB;PCO;PDT;PHS;PMDB;PMN;PP;PPS;PR;PRB;PRP;PRTB;PSB;PSC;PSDB;PSDC;PSL;PSOL;PSTU;PT;PTB;PTC;PTDOB;PTN;PV
2008,2008-08-29 00:00:00,035/08,HGPE,VEREADOR,,SP,SIM,São Paulo,SIM,Sim,SIM,SIM,SIM,DEM;PCB;PCDOB;PCO;PDT;PHS;PMDB;PMN;PP;PPS;PR;PRB;PRP;PRTB;PSB;PSC;PSDB;PSDC;PSL;PSOL;PSTU;PT;PTB;PTC;PTDOB;PTN;PV
2008,2008-08-30 00:00:00,036/08,HGPE,PREFEITO,,SP,SIM,São Paulo,SIM,Sim,SIM,SIM,SIM,DEM;PT
2008,2008-08-19 00:00:00,037/08,HGPE,VEREADOR,,RJ,SIM,Rio de Janeiro,SIM,Sim,SIM,SIM,SIM,DEM;PCB;PCDOB;PCO;PDT;PHS;PMDB;PMN;PP;PPS;PR;PRB;PRTB;PSB;PSC;PSDB;PSDC;PSL;PSOL;PSTU;PT;PTB;PTC;PTDOB;PTN;PV
2008,2008-08-26 00:00:00,038/08,HGPE,VEREADOR,,RJ,SIM,Rio de Janeiro,SIM,Sim,SIM,SIM,SIM,DEM;PCB;PCDOB;PCO;PDT;PHS;PMDB;PMN;PP;PPS;PR;PRB;PRTB;PSB;PSC;PSDB;PSDC;PSL;PSOL;PSTU;PT;PTB;PTC;PTDOB;PTN;PV
2008,2008-09-02 00:00:00,039/08,HGPE,VEREADOR,,RJ,SIM,Rio de Janeiro,SIM,Sim,SIM,SIM,SIM,DEM;PCB;PCDOB;PCO;PDT;PHS;PMDB;PMN;PP;PPS;PR;PRB;PRTB;PSB;PSC;PSDB;PSDC;PSL;PSOL;PSTU;PT;PTB;PTC;PTDOB;PTN;PV
2008,2008-09-04 00:00:00,040/08,HGPE,VEREADOR,,RJ,SIM,Rio de Janeiro,SIM,Sim,SIM,SIM,SIM,DEM;PCB;PCDOB;PCO;PDT;PHS;PMDB;PMN;PP;PPS;PR;PRB;PRTB;PSB;PSC;PSDB;PSDC;PSL;PSOL;PSTU;PT;PTB;PTC;PTDOB;PTN;PV
2008,2008-09-01 00:00:00,041/08,HGPE,VEREADOR,,RJ,SIM,Rio de Janeiro,SIM,Sim,SIM,SIM,SIM,DEM;PCB;PCDOB;PCO;PDT;PHS;PMDB;PMN;PP;PPS;PR;PRB;PRTB;PSB;PSC;PSDB;PSDC;PSL;PSOL;PSTU;PT;PTB;PTC;PTDOB;PTN;PV
2008,2008-09-20 00:00:00,042/08,HGPE,VEREADOR,,RJ,SIM,Rio de Janeiro,SIM,Sim,SIM,SIM,SIM,DEM;PCB;PCDOB;PCO;PDT;PHS;PMDB;PMN;PP;PPS;PR;PRB;PRTB;PSB;PSC;PSDB;PSDC;PSL;PSOL;PSTU;PT;PTB;PTC;PTDOB;PTN;PV
2008,2008-09-02 00:00:00,043/08,HGPE,VEREADOR,,RJ,SIM,Rio de Janeiro,SIM,Sim,SIM,SIM,SIM,DEM;PCB;PCDOB;PCO;PDT;PHS;PMDB;PMN;PP;PPS;PR;PRB;PRTB;PSB;PSC;PSDB;PSDC;PSL;PSOL;PSTU;PT;PTB;PTC;PTDOB;PTN;PV
2008,2008-09-03 00:00:00,044/08,HGPE,VEREADOR,,RJ,SIM,Rio de Janeiro,SIM,Sim,SIM,SIM,SIM,DEM;PCB;PCDOB;PCO;PDT;PHS;PMDB;PMN;PP;PPS;PR;PRB;PRP;PRTB;PSB;PSC;PSDB;PSDC;PSL;PSOL;PSTU;PT;PTB;PTC;PTDOB;PTN;PV
2008,2008-09-26 00:00:00,045/08,HGPE,PREFEITO,,RJ,SIM,Rio de Janeiro,SIM,Sim,SIM,SIM,SIM,DEM;PCB;PCDOB;PCO;PDT;PMDB;PRB;PRP;PSC;PSOL;PSTU;PT;PTDOB;PV
2008,2008-09-04 00:00:00,046/08,HGPE,PREFEITO,,RJ,SIM,Rio de Janeiro,SIM,Sim,SIM,SIM,SIM,DEM;PCB;PCDOB;PCO;PDT;PMDB;PRB;PRP;PSC;PSOL;PSTU;PT;PTDOB;PV
2008,2008-09-19 00:00:00,047/08,HGPE,PREFEITO,,RJ,SIM,Rio de Janeiro,SIM,Sim,SIM,SIM,SIM,DEM;PCB;PCDOB;PCO;PDT;PMDB;PRB;PRP;PSC;PSOL;PSTU;PT;PTDOB;PV
2008,2008-09-05 00:00:00,048/08,HGPE,PREFEITO,,RJ,SIM,Rio de Janeiro,SIM,Sim,SIM,SIM,SIM,DEM;PCB;PCDOB;PCO;PDT;PMDB;PRB;PRP;PSC;PSOL;PSTU;PT;PTDOB;PV
2008,2008-09-08 00:00:00,049/08,HGPE,PREFEITO,,RJ,SIM,Rio de Janeiro,SIM,Sim,SIM,SIM,SIM,DEM;PCB;PCDOB;PCO;PDT;PMDB;PRB;PRP;PSC;PSOL;PSTU;PT;PTDOB;PV
2008,2008-09-22 00:00:00,050/08,HGPE,PREFEITO,,RJ,SIM,Rio de Janeiro,SIM,Sim,SIM,SIM,SIM,DEM;PCB;PCDOB;PCO;PDT;PMDB;PRB;PRP;PSC;PSOL;PSTU;PT;PTDOB;PV
2008,2008-09-06 00:00:00,051/08,HGPE,VEREADOR,,RJ,SIM,Rio de Janeiro,SIM,Sim,SIM,SIM,SIM,DEM;PCB;PCDOB;PCO;PDT;PHS;PMDB;PMN;PP;PPS;PR;PRB;PRP;PRTB;PSB;PSC;PSDB;PSDC;PSL;PSOL;PSTU;PT;PTB;PTC;PTDOB;PTN;PV
2008,2008-09-22 00:00:00,052/08,HGPE,PREFEITO,,RJ,SIM,Rio de Janeiro,SIM,Sim,SIM,SIM,SIM,DEM;PCB;PCDOB;PCO;PDT;PMDB;PRB;PRP;PSC;PSOL;PSTU;PT;PTDOB;PV
2008,2008-09-07 00:00:00,053/08,HGPE,PREFEITO,,RJ,SIM,Rio de Janeiro,SIM,Sim,SIM,SIM,SIM,PMDB;PV
2008,2008-09-08 00:00:00,060/08,HGPE,VEREADOR,,RJ,SIM,Rio de Janeiro,SIM,Sim,SIM,SIM,SIM,DEM;PCB;PCDOB;PCO;PDT;PHS;PMDB;PMN;PP;PPS;PR;PRB;PRP;PRTB;PSB;PSC;PSDB;PSDC;PSL;PSOL;PSTU;PT;PTB;PTC;PTDOB;PTN;PV
2008,2008-08-25 00:00:00,061/08,HGPE,"PREFEITO, VEREADOR",,RJ,SIM,Rio de Janeiro,SIM,Sim,SIM,SIM,SIM,DEM;PCB;PCDOB;PCO;PDT;PHS;PMDB;PMN;PP;PPS;PR;PRB;PRP;PRTB;PSB;PSC;PSDB;PSDC;PSL;PSOL;PSTU;PT;PTB;PTC;PTDOB;PTN;PV
2008,2008-09-09 00:00:00,062/08,HGPE,PREFEITO,,RJ,SIM,Rio de Janeiro,SIM,Sim,SIM,SIM,SIM,DEM;PCB;PCDOB;PCO;PDT;PMDB;PRB;PRP;PSC;PSOL;PSTU;PT;PTDOB;PV
2008,2008-09-10 00:00:00,063/08,HGPE,PREFEITO,,RJ,SIM,Rio de Janeiro,SIM,Sim,SIM,SIM,SIM,DEM;PCB;PCDOB;PCO;PDT;PMDB;PRB;PRP;PSC;PSOL;PSTU;PT;PTDOB;PV
2008,2008-09-11 00:00:00,064/08,HGPE,PREFEITO,,RJ,SIM,Rio de Janeiro,SIM,Sim,SIM,SIM,SIM,PMDB;PV
2008,2008-09-12 00:00:00,065/08,HGPE,VEREADOR,,RJ,SIM,Rio de Janeiro,SIM,Sim,SIM,SIM,SIM,DEM;PCB;PCDOB;PCO;PDT;PHS;PMDB;PMN;PP;PPS;PR;PRB;PRP;PRTB;PSB;PSC;PSDB;PSDC;PSL;PSOL;PSTU;PT;PTB;PTC;PTDOB;PTN;PV
2008,2008-09-13 00:00:00,066/08,HGPE,PREFEITO,,RJ,SIM,Rio de Janeiro,SIM,Sim,SIM,SIM,SIM,DEM;PCB;PCDOB;PCO;PDT;PMDB;PRB;PRP;PSC;PSOL;PSTU;PT;PTDOB;PV
2008,2008-09-14 00:00:00,067/08,HGPE,VEREADOR,,RJ,SIM,Rio de Janeiro,SIM,Sim,SIM,SIM,SIM,DEM;PCB;PCDOB;PCO;PDT;PHS;PMDB;PMN;PP;PPS;PR;PRB;PRP;PRTB;PSB;PSC;PSDB;PSDC;PSL;PSOL;PSTU;PT;PTB;PTC;PTDOB;PTN;PV
2009,2009-08-01 00:00:00,001/09,DIREÇÃO NACIONAL DO PARTIDO,,,,NÃO,,SIM,Sim,SIM,SIM,SIM,PMDB
2009,2009-08-02 00:00:00,002/09,DIREÇÃO NACIONAL DO PARTIDO,,,,NÃO,,SIM,Sim,SIM,SIM,SIM,PT
2009,2009-08-03 00:00:00,003/09,DIREÇÃO NACIONAL DO PARTIDO,,,,NÃO,,SIM,Sim,SIM,SIM,SIM,PDT
2009,2009-08-04 00:00:00,004/09,DIREÇÃO NACIONAL DO PARTIDO,,,,NÃO,,SIM,Sim,SIM,SIM,SIM,PT
2009,2009-08-05 00:00:00,005/09,DIREÇÃO NACIONAL DO PARTIDO,,,,NÃO,,SIM,Sim,SIM,SIM,SIM,PSDB
2009,2009-08-06 00:00:00,006/09,DIREÇÃO NACIONAL DO PARTIDO,,,,NÃO,,SIM,Sim,SIM,SIM,SIM,PSB
2009,2009-08-07 00:00:00,007/09,DIREÇÃO NACIONAL DO PARTIDO,,,,NÃO,,SIM,Sim,SIM,SIM,SIM,DEM
2009,2009-08-08 00:00:00,008/09,DIREÇÃO NACIONAL DO PARTIDO,,,,NÃO,,SIM,Sim,SIM,SIM,SIM,PDT
2009,2009-08-09 00:00:00,009/09,ENTREVISTA,,,,NÃO,,SIM,Sim,SIM,SIM,SIM,PV
2009,2009-08-10 00:00:00,010/09,DIREÇÃO NACIONAL DO PARTIDO,,,,NÃO,,SIM,Sim,SIM,SIM,SIM,PDT;PODEMOS
2009,2009-08-11 00:00:00,011/09,DIREÇÃO NACIONAL DO PARTIDO,,,,NÃO,,SIM,Sim,SIM,SIM,SIM,PV
2009,2009-08-12 00:00:00,012/09,DIREÇÃO NACIONAL DO PARTIDO,,,,NÃO,,SIM,Sim,SIM,SIM,SIM,DEM
2009,2009-08-13 00:00:00,013/09,TELEJORNAL,,"A gravação apresenta defeito de 40:23 até o fim e o DVD está duplicado no acervo do DOXA, é preciso retirar um",,NÃO,,SIM,Sim,SIM,SIM,SIM,
2009,2009-08-14 00:00:00,014/09,DIREÇÃO NACIONAL DO PARTIDO,,,,NÃO,,SIM,Sim,SIM,SIM,SIM,PCB;PHS;PP
2009,2009-08-15 00:00:00,015/09,DIREÇÃO NACIONAL DO PARTIDO,,,,NÃO,,SIM,Sim,SIM,SIM,SIM,PCDOB;PHS;PP
2009,2009-08-16 00:00:00,016/09,DIREÇÃO NACIONAL DO PARTIDO,,,,NÃO,,SIM,Sim,SIM,SIM,SIM,PSDC
2009,2009-08-17 00:00:00,017/09,DIREÇÃO NACIONAL DO PARTIDO,,,,NÃO,,SIM,Sim,SIM,SIM,SIM,PTN
2009,2009-08-18 00:00:00,018/09,DIREÇÃO NACIONAL DO PARTIDO,,,,NÃO,,SIM,Sim,SIM,SIM,SIM,PCDOB
2011,2011-08-01 00:00:00,001/11,DIREÇÃO NACIONAL DO PARTIDO,,,,NÃO,,SIM,Sim,SIM,SIM,SIM,PDT
2011,2011-08-02 00:00:00,002/11,DIREÇÃO NACIONAL DO PARTIDO,,,,NÃO,,SIM,Sim,SIM,SIM,SIM,DEM
2011,2011-08-03 00:00:00,003/11,DIREÇÃO NACIONAL DO PARTIDO,,,,NÃO,,SIM,Sim,SIM,SIM,SIM,PTB
2011,2011-08-04 00:00:00,004/11,DIREÇÃO NACIONAL DO PARTIDO,,,,NÃO,,SIM,Sim,SIM,SIM,SIM,PDT
2011,2011-08-05 00:00:00,005/11,DIREÇÃO NACIONAL DO PARTIDO,,,,NÃO,,SIM,Sim,SIM,SIM,SIM,PFL;PSDB
2011,2011-08-06 00:00:00,006/11,DIREÇÃO NACIONAL DO PARTIDO,,,,NÃO,,SIM,Sim,SIM,SIM,SIM,PMDB
2011,2011-08-07 00:00:00,007/11,DIREÇÃO NACIONAL DO PARTIDO,,,,NÃO,,SIM,Sim,SIM,SIM,SIM,PV
2011,2011-08-08 00:00:00,008/11,DIREÇÃO NACIONAL DO PARTIDO,,,,NÃO,,SIM,Sim,SIM,SIM,SIM,PTB
2011,2011-08-09 00:00:00,009/11,HGPE,PRESIDENTE,,BRASIL,NÃO,,SIM,Sim,SIM,SIM,SIM,PDT;PSDB;PSOL;PT
2011,2011-08-10 00:00:00,010/11,HGPE,PRESIDENTE,,BRASIL,NÃO,,SIM,Sim,SIM,SIM,SIM,PT
2011,2011-08-11 00:00:00,011/11,HGPE,PRESIDENTE,,BRASIL,NÃO,,SIM,Sim,SIM,SIM,SIM,PSDB
2011,2011-08-12 00:00:00,DEM9/6/11,DIREÇÃO NACIONAL DO PARTIDO,,"Na descrição está ""DEM"" mas na verdade é PR",,NÃO,,SIM,Sim,SIM,SIM,SIM,PR
2011,2011-08-13 00:00:00,DEM15/12/11,DIREÇÃO NACIONAL DO PARTIDO,,,,NÃO,,SIM,Sim,SIM,SIM,SIM,DEM
2011,2011-08-14 00:00:00,PCDOB20/10/11,DIREÇÃO NACIONAL DO PARTIDO,,,,NÃO,,SIM,Sim,SIM,SIM,SIM,PCDOB
2011,2011-08-15 00:00:00,PCDOB24/3/11,DIREÇÃO NACIONAL DO PARTIDO,,,,NÃO,,SIM,Sim,SIM,SIM,SIM,PCDOB
2011,2011-08-16 00:00:00,PCO3/11/11,DIREÇÃO NACIONAL DO PARTIDO,,,,NÃO,,SIM,Sim,SIM,SIM,SIM,PCO
2011,2011-08-17 00:00:00,PCO28/4/11,DIREÇÃO NACIONAL DO PARTIDO,,,,NÃO,,SIM,Sim,SIM,SIM,SIM,PCO
2011,2011-08-18 00:00:00,PDT27/1/11,DIREÇÃO NACIONAL DO PARTIDO,,,,NÃO,,SIM,Sim,SIM,SIM,SIM,PDT
2011,2011-08-19 00:00:00,PDT28/6/11,DIREÇÃO NACIONAL DO PARTIDO,,,,NÃO,,SIM,Sim,SIM,SIM,SIM,PDT
2011,2011-08-20 00:00:00,PHS6/10/11,DIREÇÃO NACIONAL DO PARTIDO,,,,NÃO,,SIM,Sim,SIM,SIM,SIM,PHS
2011,2011-08-21 00:00:00,PHS17/3/11,DIREÇÃO NACIONAL DO PARTIDO,,,,NÃO,,SIM,Sim,SIM,SIM,SIM,PHS
2011,2011-08-22 00:00:00,PMDB2/6/11,DIREÇÃO NACIONAL DO PARTIDO,,,,NÃO,,SIM,Sim,SIM,SIM,SIM,PMDB
2011,2011-08-23 00:00:00,PMDB24/11/11,DIREÇÃO NACIONAL DO PARTIDO,,,,NÃO,,SIM,Sim,SIM,SIM,SIM,PMDB
2011,2011-08-24 00:00:00,PMN14/6/11,DIREÇÃO NACIONAL DO PARTIDO,,,,NÃO,,SIM,Sim,SIM,SIM,SIM,PMN
2011,2011-08-25 00:00:00,PP1/9/11,DIREÇÃO NACIONAL DO PARTIDO,,,,NÃO,,SIM,Sim,SIM,SIM,SIM,PP
2011,2011-08-26 00:00:00,PP31/3/11,DIREÇÃO NACIONAL DO PARTIDO,,,,NÃO,,SIM,Sim,SIM,SIM,SIM,PP
2011,2011-08-27 00:00:00,PPS22/9/11,DIREÇÃO NACIONAL DO PARTIDO,,,,NÃO,,SIM,Sim,SIM,SIM,SIM,PPS
2011,2011-08-28 00:00:00,PRB10/2/11,DIREÇÃO NACIONAL DO PARTIDO,,,,NÃO,,SIM,Sim,SIM,SIM,SIM,PRB
2011,2011-08-29 00:00:00,PRB18/8/11,DIREÇÃO NACIONAL DO PARTIDO,,,,NÃO,,SIM,Sim,SIM,SIM,SIM,PRB
2011,2011-08-30 00:00:00,PRTB21/4/11,DIREÇÃO NACIONAL DO PARTIDO,,,,NÃO,,SIM,Sim,SIM,SIM,SIM,PRTB
2011,2011-02-19 00:00:00,PSB8/9/11,DIREÇÃO NACIONAL DO PARTIDO,,,,NÃO,,SIM,Sim,SIM,SIM,SIM,PSB
2011,2011-09-02 00:00:00,PSB19/5/11,DIREÇÃO NACIONAL DO PARTIDO,,,,NÃO,,SIM,Sim,SIM,SIM,SIM,PSB
2011,2011-09-03 00:00:00,PSC19/5/11,DIREÇÃO NACIONAL DO PARTIDO,,,,NÃO,,SIM,Sim,SIM,SIM,SIM,PSC
2011,2011-09-04 00:00:00,PSC27/10/11,DIREÇÃO NACIONAL DO PARTIDO,,,,NÃO,,SIM,Sim,SIM,SIM,SIM,PSC
2011,2011-09-05 00:00:00,PSDB3/2/11,DIREÇÃO NACIONAL DO PARTIDO,,,,NÃO,,SIM,Sim,SIM,SIM,SIM,PSDB
2011,2011-09-06 00:00:00,PSDB13/10/11,DIREÇÃO NACIONAL DO PARTIDO,,,,NÃO,,SIM,Sim,SIM,SIM,SIM,PSDB
2011,2011-09-07 00:00:00,PSDC17/2/11,DIREÇÃO NACIONAL DO PARTIDO,,,,NÃO,,SIM,Sim,SIM,SIM,SIM,PSDC
2011,2011-09-08 00:00:00,PSL10/3/11,DIREÇÃO NACIONAL DO PARTIDO,,,,NÃO,,SIM,Sim,SIM,SIM,SIM,PSL
2011,2011-09-09 00:00:00,PSL17/11/11,DIREÇÃO NACIONAL DO PARTIDO,,,,NÃO,,SIM,Sim,SIM,SIM,SIM,PSL
2011,2011-09-10 00:00:00,PSOL26/5/11,DIREÇÃO NACIONAL DO PARTIDO,,,,NÃO,,SIM,Sim,SIM,SIM,SIM,PSOL
2011,2011-09-11 00:00:00,PSOL29/9/11,DIREÇÃO NACIONAL DO PARTIDO,,,,NÃO,,SIM,Sim,SIM,SIM,SIM,PSOL
2011,2011-09-12 00:00:00,PSTU20/1/11,DIREÇÃO NACIONAL DO PARTIDO,,,,NÃO,,SIM,Sim,SIM,SIM,SIM,PSTU
2011,2011-09-13 00:00:00,PSTU21/6/11,DIREÇÃO NACIONAL DO PARTIDO,,,,NÃO,,SIM,Sim,SIM,SIM,SIM,PSTU
2011,2011-09-14 00:00:00,PT8/12/11,DIREÇÃO NACIONAL DO PARTIDO,,,,NÃO,,SIM,Sim,SIM,SIM,SIM,PT
2011,2011-09-15 00:00:00,PTB22/12/11,DIREÇÃO NACIONAL DO PARTIDO,,,,NÃO,,SIM,Sim,SIM,SIM,SIM,PTB
2011,2011-09-16 00:00:00,PTB23/6/11,DIREÇÃO NACIONAL DO PARTIDO,,,,NÃO,,SIM,Sim,SIM,SIM,SIM,PTB
2011,2011-09-17 00:00:00,PTC4/8/11,DIREÇÃO NACIONAL DO PARTIDO,,,,NÃO,,SIM,Sim,SIM,SIM,SIM,PTC
2011,2011-09-18 00:00:00,PTC24/2/11,DIREÇÃO NACIONAL DO PARTIDO,,,,NÃO,,SIM,Sim,SIM,SIM,SIM,PTC
2011,2011-09-19 00:00:00,PTDOB13/1/11,DIREÇÃO NACIONAL DO PARTIDO,,,,NÃO,,SIM,Sim,SIM,SIM,SIM,PTDOB
2011,2011-09-20 00:00:00,PTN1/12/11,DIREÇÃO NACIONAL DO PARTIDO,,,,NÃO,,SIM,Sim,SIM,SIM,SIM,PTN
2011,2011-09-21 00:00:00,PTN7/4/11,DIREÇÃO NACIONAL DO PARTIDO,,,,NÃO,,SIM,Sim,SIM,SIM,SIM,PTN
2011,2011-09-22 00:00:00,PV/5/5/11,DIREÇÃO NACIONAL DO PARTIDO,,,,NÃO,,SIM,Sim,SIM,SIM,SIM,PV
2011,2011-09-23 00:00:00,PV15/9/11,DIREÇÃO NACIONAL DO PARTIDO,,,,NÃO,,SIM,Sim,SIM,SIM,SIM,PV
2012,2012-08-01 00:00:00,001/12,HGPE,VEREADOR,,SP,SIM,São Paulo,SIM,Sim,SIM,SIM,SIM,DEM;PCDOB;PCO;PDT;PHS;PMDB;PMN;PP;PPL;PPS;PR;PRB;PRP;PRTB;PSB;PSC;PSD;PSDB;PSDC;PSL;PSOL;PSTU;PT;PTB;PTC;PTDOB;PTN;PV
2012,2012-08-02 00:00:00,002/12,HGPE,PREFEITO,,SP,SIM,São Paulo,SIM,Sim,SIM,SIM,SIM,PSDB;PT
2012,2012-08-03 00:00:00,003/12,HGPE,PREFEITO,,SP,SIM,São Paulo,SIM,Sim,SIM,SIM,SIM,PDT;PMDB;PPL;PPS;PRB;PSDB;PSDC;PSOL;PSTU;PT
2012,2012-08-04 00:00:00,004/12,HGPE,PREFEITO,,SP,SIM,São Paulo,SIM,Sim,SIM,SIM,SIM,PSDB;PT
2012,2012-08-05 00:00:00,005/12,HGPE,PREFEITO,,SP,SIM,São Paulo,SIM,Sim,SIM,SIM,SIM,PDT;PMDB;PPL;PPS;PRB;PRTB;PSDB;PSDC;PSOL;PSTU;PT
2012,2012-08-06 00:00:00,006/12,HGPE,PREFEITO,,SP,SIM,São Paulo,SIM,Sim,SIM,SIM,SIM,PCO;PDT;PMDB;PPL;PPS;PRB;PRTB;PSDB;PSDC;PSOL;PSTU;PT
2012,2012-08-07 00:00:00,007/12,HGPE,PREFEITO,,SP,SIM,São Paulo,SIM,Sim,SIM,SIM,SIM,PCO;PDT;PMDB;PPL;PPS;PRB;PRTB;PSDB;PSDC;PSOL;PSTU;PT
2012,2012-08-08 00:00:00,008/12,HGPE,PREFEITO,,SP,SIM,São Paulo,SIM,Sim,SIM,SIM,SIM,PCO;PDT;PMDB;PPL;PPS;PRB;PRTB;PSDB;PSDC;PSOL;PSTU;PT
2012,2012-08-09 00:00:00,009/12,HGPE,PREFEITO,,SP,SIM,São Paulo,SIM,Sim,SIM,SIM,SIM,PCO;PDT;PMDB;PPL;PPS;PRB;PRTB;PSDB;PSDC;PSOL;PSTU;PT
2012,2012-08-10 00:00:00,010/12,DEBATE,PREFEITO,,RJ,SIM,Rio de Janeiro,SIM,Sim,SIM,SIM,SIM,DEM;PMDB;PSDB;PSOL;PV
2012,2012-08-11 00:00:00,011/12,HGPE,PREFEITO,,RJ,SIM,Rio de Janeiro,SIM,Sim,SIM,SIM,SIM,DEM;PCO;PMDB;PPL;PSDB;PSOL;PSTU;PV
2012,2012-08-12 00:00:00,012/12,DEBATE,PREFEITO,,RJ,SIM,Rio de Janeiro,SIM,Sim,SIM,SIM,SIM,DEM;PMDB;PSDB;PSOL;PV
2012,2012-08-13 00:00:00,014/12,HGPE,PREFEITO,,RJ,SIM,Rio de Janeiro,SIM,Sim,SIM,SIM,SIM,DEM;PCO;PMDB;PPL;PSDB;PSOL;PSTU;PV
2012,2012-08-14 00:00:00,015/12,HGPE,PREFEITO,,RJ,SIM,Rio de Janeiro,SIM,Sim,SIM,SIM,SIM,DEM;PCO;PMDB;PPL;PSDB;PSOL;PSTU;PV
2012,2012-08-15 00:00:00,016/12,HGPE,PREFEITO,,RJ,SIM,Rio de Janeiro,SIM,Sim,SIM,SIM,SIM,DEM;PCO;PMDB;PPL;PSDB;PSOL;PSTU;PV
2012,2012-08-16 00:00:00,017/12,HGPE,PREFEITO,,RJ,SIM,Rio de Janeiro,SIM,Sim,SIM,SIM,SIM,DEM;PCO;PMDB;PPL;PSDB;PSOL;PSTU;PV
2012,2012-08-17 00:00:00,018/12,HGPE,VEREADOR,,RJ,SIM,Rio de Janeiro,SIM,Sim,SIM,SIM,SIM,DEM;PCB;PCDOB;PCO;PDT;PHS;PMDB;PMN;PP;PPL;PPS;PR;PRB;PRP;PSB;PSC;PSD;PSDB;PSDC;PSL;PSOL;PSTU;PT;PTB;PTC;PTDOB;PTN;PV
2012,2012-08-18 00:00:00,019/12,HGPE,VEREADOR,,RJ,SIM,Rio de Janeiro,SIM,Sim,SIM,SIM,SIM,DEM;PCB;PCDOB;PCO;PDT;PHS;PMDB;PMN;PP;PPL;PPS;PR;PRB;PRP;PSB;PSC;PSD;PSDB;PSDC;PSL;PSOL;PSTU;PT;PTB;PTC;PTDOB;PTN;PV
2012,2012-08-19 00:00:00,020/08,HGPE,VEREADOR,,RJ,SIM,Rio de Janeiro,SIM,Sim,SIM,SIM,SIM,DEM;PCB;PCDOB;PCO;PDT;PHS;PMDB;PMN;PP;PPL;PPS;PR;PRB;PRP;PSB;PSC;PSD;PSDB;PSDC;PSL;PSOL;PSTU;PT;PTB;PTC;PTDOB;PTN;PV
2012,2012-08-20 00:00:00,021/08,HGPE,VEREADOR,,RJ,SIM,Rio de Janeiro,SIM,Sim,SIM,SIM,SIM,DEM;PCB;PCDOB;PCO;PDT;PHS;PMDB;PMN;PP;PPL;PPS;PR;PRB;PRP;PSB;PSC;PSD;PSDC;PSL;PSOL;PSTU;PT;PTB;PTC;PTDOB;PTN;PV
2012,2012-08-21 00:00:00,022/08,HGPE,VEREADOR,,RJ,SIM,Rio de Janeiro,SIM,Sim,SIM,SIM,SIM,DEM;PCB;PCDOB;PCO;PDT;PHS;PMDB;PMN;PP;PPL;PPS;PR;PRB;PRP;PSB;PSC;PSD;PSDC;PSL;PSOL;PSTU;PT;PTB;PTC;PTDOB;PTN;PV
2012,2012-08-22 00:00:00,DEM31/5/12,DIREÇÃO NACIONAL DO PARTIDO,,,,NÃO,,SIM,Sim,SIM,SIM,SIM,DEM
2012,2012-08-23 00:00:00,PCDOB29/3/12,DIREÇÃO NACIONAL DO PARTIDO,,,,NÃO,,SIM,Sim,SIM,SIM,SIM,PCDOB
2012,2012-08-24 00:00:00,PCO9/2/12,DIREÇÃO NACIONAL DO PARTIDO,,,,NÃO,,SIM,Sim,SIM,SIM,SIM,PCO
2012,2012-08-25 00:00:00,PDT2/2/12,DIREÇÃO NACIONAL DO PARTIDO,,,,NÃO,,SIM,Sim,SIM,SIM,SIM,PDT
2012,2012-08-26 00:00:00,PHS19/4/12,DIREÇÃO NACIONAL DO PARTIDO,,,,NÃO,,SIM,Sim,SIM,SIM,SIM,PHS
2012,2012-08-27 00:00:00,PMDB19/1/12,DIREÇÃO NACIONAL DO PARTIDO,,,,NÃO,,SIM,Sim,SIM,SIM,SIM,PMDB
2012,2012-08-28 00:00:00,PMN8/3/12,DIREÇÃO NACIONAL DO PARTIDO,,,,NÃO,,SIM,Sim,SIM,SIM,SIM,PMN
2012,2012-08-29 00:00:00,PP10/5/12,DIREÇÃO NACIONAL DO PARTIDO,,,,NÃO,,SIM,Sim,SIM,SIM,SIM,PP
2012,2012-08-30 00:00:00,PPL24/5/12,DIREÇÃO NACIONAL DO PARTIDO,,,,NÃO,,SIM,Sim,SIM,SIM,SIM,PPL
2012,2012-09-01 00:00:00,PR14/6/12,DIREÇÃO NACIONAL DO PARTIDO,,,,NÃO,,SIM,Sim,SIM,SIM,SIM,PR
2012,2012-09-02 00:00:00,PRB16/2/12,DIREÇÃO NACIONAL DO PARTIDO,,,,NÃO,,SIM,Sim,SIM,SIM,SIM,PRB
2012,2012-09-03 00:00:00,PRTB26/1/12,DIREÇÃO NACIONAL DO PARTIDO,,,,NÃO,,SIM,Sim,SIM,SIM,SIM,PRTB
2012,2012-09-04 00:00:00,PSB12/4/12,DIREÇÃO NACIONAL DO PARTIDO,,,,NÃO,,SIM,Sim,SIM,SIM,SIM,PSB
2012,2012-09-05 00:00:00,PSC5/4/12,DIREÇÃO NACIONAL DO PARTIDO,,,,NÃO,,SIM,Sim,SIM,SIM,SIM,PSC
2012,2012-09-06 00:00:00,PSD7/6/12,DIREÇÃO NACIONAL DO PARTIDO,,,,NÃO,,SIM,Sim,SIM,SIM,SIM,PSD
2012,2012-09-07 00:00:00,PSDC23/2/12,DIREÇÃO NACIONAL DO PARTIDO,,,,NÃO,,SIM,Sim,SIM,SIM,SIM,PSDC
2012,2012-09-08 00:00:00,PSL5/6/12,DIREÇÃO NACIONAL DO PARTIDO,,,,NÃO,,SIM,Sim,SIM,SIM,SIM,PSL
2012,2012-09-09 00:00:00,PSOL26/4/12,DIREÇÃO NACIONAL DO PARTIDO,,,,NÃO,,SIM,Sim,SIM,SIM,SIM,PSOL
2012,2012-09-10 00:00:00,PSTU17/5/12,DIREÇÃO NACIONAL DO PARTIDO,,,,NÃO,,SIM,Sim,SIM,SIM,SIM,PSTU
2012,2012-09-11 00:00:00,PTC1/3/12,DIREÇÃO NACIONAL DO PARTIDO,,,,NÃO,,SIM,Sim,SIM,SIM,SIM,PTC
2012,2012-09-12 00:00:00,PTDOB3/5/12,DIREÇÃO NACIONAL DO PARTIDO,,,,NÃO,,SIM,Sim,SIM,SIM,SIM,PTDOB
2012,2012-09-13 00:00:00,PV15/3/12,DIREÇÃO NACIONAL DO PARTIDO,,,,NÃO,,SIM,Sim,SIM,SIM,SIM,PV
2013,2013-08-01 00:00:00,001/13,DIREÇÃO NACIONAL DO PARTIDO,,,,NÃO,,SIM,Sim,SIM,SIM,SIM,PSDB
2013,2013-08-02 00:00:00,002/13,DIREÇÃO NACIONAL DO PARTIDO,,,,NÃO,,SIM,Sim,SIM,SIM,SIM,PPS
2013,2013-08-03 00:00:00,DEM6/6/13,DIREÇÃO NACIONAL DO PARTIDO,,,,NÃO,,SIM,Sim,SIM,SIM,SIM,DEM
2013,2013-08-04 00:00:00,DEM12/12/13,DIREÇÃO NACIONAL DO PARTIDO,,,,NÃO,,SIM,Sim,SIM,SIM,SIM,DEM
2013,2013-08-05 00:00:00,PCB21/3/13,DIREÇÃO NACIONAL DO PARTIDO,,,,NÃO,,SIM,Sim,SIM,SIM,SIM,PCB
2013,2013-08-06 00:00:00,PCDOB5/12/13,DIREÇÃO NACIONAL DO PARTIDO,,,,NÃO,,SIM,Sim,SIM,SIM,SIM,PCDOB
2013,2013-08-07 00:00:00,PCDOB28/3/13,DIREÇÃO NACIONAL DO PARTIDO,,,,NÃO,,SIM,Sim,SIM,SIM,SIM,PCDOB
2013,2013-08-08 00:00:00,PCO13/6/13,DIREÇÃO NACIONAL DO PARTIDO,,,,NÃO,,SIM,Sim,SIM,SIM,SIM,PCO
2013,2013-08-09 00:00:00,PCO26/12/13,DIREÇÃO NACIONAL DO PARTIDO,,,,NÃO,,SIM,Sim,SIM,SIM,SIM,PCO
2013,2013-08-10 00:00:00,PDT18/7/13,DIREÇÃO NACIONAL DO PARTIDO,,,,NÃO,,SIM,Sim,SIM,SIM,SIM,PDT
2013,2013-08-11 00:00:00,PDT24/1/13,DIREÇÃO NACIONAL DO PARTIDO,,,,NÃO,,SIM,Sim,SIM,SIM,SIM,PDT
2013,2013-08-12 00:00:00,PEN10/1/13,DIREÇÃO NACIONAL DO PARTIDO,,,,NÃO,,SIM,Sim,SIM,SIM,SIM,PEN
2013,2013-08-13 00:00:00,PEN21/11/13,DIREÇÃO NACIONAL DO PARTIDO,,,,NÃO,,SIM,Sim,SIM,SIM,SIM,PEN
2013,2013-08-14 00:00:00,PHS3/1/13,DIREÇÃO NACIONAL DO PARTIDO,,,,NÃO,,SIM,Sim,SIM,SIM,SIM,PHS
2013,2013-08-15 00:00:00,PMDB22/8/13,DIREÇÃO NACIONAL DO PARTIDO,,,,NÃO,,SIM,Sim,SIM,SIM,SIM,PMDB
2013,2013-08-16 00:00:00,PMDB28/2/13,DIREÇÃO NACIONAL DO PARTIDO,,,,NÃO,,SIM,Sim,SIM,SIM,SIM,PMDB
2013,2013-08-17 00:00:00,PMN18/6/13,DIREÇÃO NACIONAL DO PARTIDO,,,,NÃO,,SIM,Sim,SIM,SIM,SIM,PMN;PPS
2013,2013-08-18 00:00:00,PP4/4/13,DIREÇÃO NACIONAL DO PARTIDO,,,,NÃO,,SIM,Sim,SIM,SIM,SIM,PP
2013,2013-08-19 00:00:00,PP28/11/13,DIREÇÃO NACIONAL DO PARTIDO,,,,NÃO,,SIM,Sim,SIM,SIM,SIM,PP
2013,2013-08-20 00:00:00,PPL15/8/13,DIREÇÃO NACIONAL DO PARTIDO,,,,NÃO,,SIM,Sim,SIM,SIM,SIM,PPL
2013,2013-08-21 00:00:00,PPL21/2/13,DIREÇÃO NACIONAL DO PARTIDO,,,,NÃO,,SIM,Sim,SIM,SIM,SIM,PPL
2013,2013-08-22 00:00:00,PPS26/9/13,DIREÇÃO NACIONAL DO PARTIDO,,,,NÃO,,SIM,Sim,SIM,SIM,SIM,PPS
2013,2013-08-23 00:00:00,PPS27/6/13,DIREÇÃO NACIONAL DO PARTIDO,,,,NÃO,,SIM,Sim,SIM,SIM,SIM,PPS
2013,2013-08-24 00:00:00,PR7/11/13,DIREÇÃO NACIONAL DO PARTIDO,,,,NÃO,,SIM,Sim,SIM,SIM,SIM,PR
2013,2013-08-25 00:00:00,PR16/5/13,DIREÇÃO NACIONAL DO PARTIDO,,,,NÃO,,SIM,Sim,SIM,SIM,SIM,PR
2013,2013-08-26 00:00:00,PRB25/7/13,DIREÇÃO NACIONAL DO PARTIDO,,,,NÃO,,SIM,Sim,SIM,SIM,SIM,PRB
2013,2013-08-27 00:00:00,PRB31/1/13,DIREÇÃO NACIONAL DO PARTIDO,,,,NÃO,,SIM,Sim,SIM,SIM,SIM,PRB
2013,2013-08-28 00:00:00,PRP7/3/13,DIREÇÃO NACIONAL DO PARTIDO,,,,NÃO,,SIM,Sim,SIM,SIM,SIM,PRP
2013,2013-08-29 00:00:00,PRP12/9/13,DIREÇÃO NACIONAL DO PARTIDO,,,,NÃO,,SIM,Sim,SIM,SIM,SIM,PRP
2013,2013-08-30 00:00:00,PRTB5/9/13,DIREÇÃO NACIONAL DO PARTIDO,,,,NÃO,,SIM,Sim,SIM,SIM,SIM,PRTB
2013,2013-08-31 00:00:00,PRTB18/4/13,DIREÇÃO NACIONAL DO PARTIDO,,,,NÃO,,SIM,Sim,SIM,SIM,SIM,PRTB
2013,2013-09-01 00:00:00,PSB10/10/13,DIREÇÃO NACIONAL DO PARTIDO,,,,NÃO,,SIM,Sim,SIM,SIM,SIM,PSB
2013,2013-09-02 00:00:00,PSB25/4/13,DIREÇÃO NACIONAL DO PARTIDO,,,,NÃO,,SIM,Sim,SIM,SIM,SIM,PSB
2013,2013-09-03 00:00:00,PSC23/5/13,DIREÇÃO NACIONAL DO PARTIDO,,,,NÃO,,SIM,Sim,SIM,SIM,SIM,PSC
2013,2013-09-04 00:00:00,PSC31/10/13,DIREÇÃO NACIONAL DO PARTIDO,,,,NÃO,,SIM,Sim,SIM,SIM,SIM,PSC
2013,2013-09-05 00:00:00,PSD14/3/13,DIREÇÃO NACIONAL DO PARTIDO,,,,NÃO,,SIM,Sim,SIM,SIM,SIM,PSD
2013,2013-09-06 00:00:00,PSD17/10/13,DIREÇÃO NACIONAL DO PARTIDO,,,,NÃO,,SIM,Sim,SIM,SIM,SIM,PSD
2013,2013-09-07 00:00:00,PSDB19/9/13,DIREÇÃO NACIONAL DO PARTIDO,,,,NÃO,,SIM,Sim,SIM,SIM,SIM,PSDB
2013,2013-09-08 00:00:00,PSDB30/5/13,DIREÇÃO NACIONAL DO PARTIDO,,,,NÃO,,SIM,Sim,SIM,SIM,SIM,PSDB
2013,2013-09-09 00:00:00,PSDC8/8/13,DIREÇÃO NACIONAL DO PARTIDO,,,,NÃO,,SIM,Sim,SIM,SIM,SIM,PSDC
2013,2013-09-10 00:00:00,PSDC14/2/13,DIREÇÃO NACIONAL DO PARTIDO,,,,NÃO,,SIM,Sim,SIM,SIM,SIM,PSDC
2013,2013-09-11 00:00:00,PSL1/8/13,DIREÇÃO NACIONAL DO PARTIDO,,,,NÃO,,SIM,Sim,SIM,SIM,SIM,PSL
2013,2013-09-12 00:00:00,PSOL3/10/13,DIREÇÃO NACIONAL DO PARTIDO,,,,NÃO,,SIM,Sim,SIM,SIM,SIM,PSOL
2013,2013-09-13 00:00:00,PSOL11/4/13,DIREÇÃO NACIONAL DO PARTIDO,,,,NÃO,,SIM,Sim,SIM,SIM,SIM,PSOL
2013,2013-09-14 00:00:00,PSTU3/12/13,DIREÇÃO NACIONAL DO PARTIDO,,,,NÃO,,SIM,Sim,SIM,SIM,SIM,PSTU
2013,2013-09-15 00:00:00,PSTU11/6/13,DIREÇÃO NACIONAL DO PARTIDO,,,,NÃO,,SIM,Sim,SIM,SIM,SIM,PSTU
2013,2013-09-16 00:00:00,PT9/5/13,DIREÇÃO NACIONAL DO PARTIDO,,,,NÃO,,SIM,Sim,SIM,SIM,SIM,PT
2013,2013-09-17 00:00:00,PT24/10/13,DIREÇÃO NACIONAL DO PARTIDO,,,,NÃO,,SIM,Sim,SIM,SIM,SIM,PT
2013,2013-09-18 00:00:00,PTB19/12/13,DIREÇÃO NACIONAL DO PARTIDO,,,,NÃO,,SIM,Sim,SIM,SIM,SIM,PTB
2013,2013-08-19 00:00:00,PTB21/6/13,DIREÇÃO NACIONAL DO PARTIDO,,,,NÃO,,SIM,Sim,SIM,SIM,SIM,PTB
2013,2013-08-20 00:00:00,PTC2/5/13,DIREÇÃO NACIONAL DO PARTIDO,,,,NÃO,,SIM,Sim,SIM,SIM,SIM,PTC
2013,2013-09-21 00:00:00,PTC29/8/13,DIREÇÃO NACIONAL DO PARTIDO,,,,NÃO,,SIM,Sim,SIM,SIM,SIM,PTC
2013,2013-09-22 00:00:00,PTDOB17/9/13,DIREÇÃO NACIONAL DO PARTIDO,,,,NÃO,,SIM,Sim,SIM,SIM,SIM,PTDOB
2013,2013-09-23 00:00:00,PTN17/12/13,DIREÇÃO NACIONAL DO PARTIDO,,,,NÃO,,SIM,Sim,SIM,SIM,SIM,PTN
2013,2013-09-24 00:00:00,PTN25/6/13,DIREÇÃO NACIONAL DO PARTIDO,,,,NÃO,,SIM,Sim,SIM,SIM,SIM,PTN
2013,2013-09-25 00:00:00,PV11/7/13,DIREÇÃO NACIONAL DO PARTIDO,,,,NÃO,,SIM,Sim,SIM,SIM,SIM,PV
2013,2013-09-26 00:00:00,PV17/1/13,DIREÇÃO NACIONAL DO PARTIDO,,,,NÃO,,SIM,Sim,SIM,SIM,SIM,PV
2014,2014-08-01 00:00:00,001/14,TELEJORNAL,PRESIDENTE,,BRASIL,NÃO,,SIM,Sim,SIM,SIM,SIM,PSB;PSDB;PT
2014,2014-08-02 00:00:00,002/14,TELEJORNAL,PRESIDENTE,,BRASIL,NÃO,,SIM,Sim,SIM,SIM,SIM,PSB;PSDB;PT
2014,2014-08-03 00:00:00,003/14,TELEJORNAL,PRESIDENTE,,BRASIL,NÃO,,SIM,Sim,SIM,SIM,SIM,PSB;PSDB;PT
2014,2014-08-04 00:00:00,004/14,TELEJORNAL,PRESIDENTE,,BRASIL,NÃO,,SIM,Sim,SIM,SIM,SIM,PSB;PSDB;PT
2014,2014-08-05 00:00:00,005/14,TELEJORNAL,PRESIDENTE,,BRASIL,NÃO,,SIM,Sim,SIM,SIM,SIM,PSB;PSDB;PT
2014,2014-08-06 00:00:00,006/14,TELEJORNAL,PRESIDENTE,,BRASIL,NÃO,,SIM,Sim,SIM,SIM,SIM,PSB
2014,2014-08-07 00:00:00,007/14,TELEJORNAL,PRESIDENTE,,BRASIL,NÃO,,SIM,Sim,SIM,SIM,SIM,PCO;PSDC
2014,2014-08-08 00:00:00,008/14,TELEJORNAL,PRESIDENTE,,BRASIL,NÃO,,SIM,Sim,SIM,SIM,SIM,PSDB;PSOL;PT;PV
2014,2014-08-09 00:00:00,009/14,TELEJORNAL,PRESIDENTE,,BRASIL,NÃO,,SIM,Sim,SIM,SIM,SIM,PSB;PSDB;PT
2014,2014-08-10 00:00:00,010/14,TELEJORNAL,PRESIDENTE,,BRASIL,NÃO,,SIM,Sim,SIM,SIM,SIM,PSB;PSC;PSDB;PT
2014,2014-08-11 00:00:00,011/14,TELEJORNAL,PRESIDENTE,,BRASIL,NÃO,,SIM,Sim,SIM,SIM,SIM,PSB;PSDB;PT
2014,2014-08-12 00:00:00,012/14,HGPE,GOVERNADOR,,RJ,NÃO,,SIM,Sim,SIM,SIM,SIM,PCB;PMDB;PR;PRB;PSOL;PSTU;PT
2014,2014-08-13 00:00:00,013/14,HGPE,GOVERNADOR,,RJ,NÃO,,SIM,Sim,SIM,SIM,SIM,PCB;PMDB;PR;PRB;PSOL;PSTU;PT
2014,2014-08-14 00:00:00,014/14,HGPE,DEPUTADO FEDERAL,,RJ,NÃO,,SIM,Sim,SIM,SIM,SIM,DEM;PCB;PCDOB;PCO;PDT;PEN;PHS;PMDB;PMN;PP;PPL;PPS;PR;PRB;PROS;PRP;PRTB;PSB;PSC;PSD;PSDB;PSL;PSOL;PSTU;PT;PTB;PTC;PTDOB;PV;SOLIDARIEDADE
2014,2014-08-15 00:00:00,015/14,HGPE,GOVERNADOR,,RJ,NÃO,,SIM,Sim,SIM,SIM,SIM,PMDB;PR;PRB;PSOL;PT
2014,2014-08-16 00:00:00,016/14,DEBATE,PRESIDENTE,,BRASIL,NÃO,,SIM,Sim,SIM,SIM,SIM,PRTB;PSB;PSC;PSDB;PSOL;PT;PV
2014,2014-08-17 00:00:00,017/14,DEBATE,GOVERNADOR,,RJ,NÃO,,SIM,Sim,SIM,SIM,SIM,PMDB;PR;PRB;PSOL;PT
2014,2014-08-18 00:00:00,018/14,TELEJORNAL,PRESIDENTE,,BRASIL,NÃO,,SIM,Sim,SIM,SIM,SIM,PSB
2014,2014-08-19 00:00:00,019/14,TELEJORNAL,PRESIDENTE,,BRASIL,NÃO,,SIM,Sim,SIM,SIM,SIM,PSB;PSDB;PT
2014,2014-08-20 00:00:00,020/14,HGPE,DEPUTADO FEDERAL,,RJ,NÃO,,SIM,Sim,SIM,SIM,SIM,DEM;PCB;PCDOB;PCO;PDT;PEN;PHS;PMDB;PMN;PP;PPL;PPS;PR;PRB;PROS;PRP;PRTB;PSB;PSC;PSD;PSDB;PSL;PSOL;PSTU;PT;PTB;PTC;PTDOB;PV;SOLIDARIEDADE
2014,2014-08-21 00:00:00,021/14,HGPE,DEPUTADO FEDERAL,,RJ,NÃO,,SIM,Sim,SIM,SIM,SIM,DEM;PCB;PCDOB;PCO;PDT;PEN;PHS;PMDB;PMN;PP;PPL;PPS;PR;PRB;PROS;PRP;PRTB;PSB;PSC;PSD;PSDB;PSL;PSOL;PSTU;PT;PTB;PTC;PTDOB;PV;SOLIDARIEDADE
2014,2014-08-22 00:00:00,022/14,HGPE,DEPUTADO FEDERAL,,RJ,NÃO,,SIM,Sim,SIM,SIM,SIM,DEM;PCB;PCDOB;PCO;PDT;PEN;PHS;PMDB;PMN;PP;PPL;PPS;PR;PRB;PROS;PRP;PRTB;PSB;PSC;PSD;PSDB;PSL;PSOL;PSTU;PT;PTB;PTC;PTDOB;PV;SOLIDARIEDADE
2014,2014-08-23 00:00:00,023/14,HGPE,DEPUTADO FEDERAL,,RJ,NÃO,,SIM,Sim,SIM,SIM,SIM,DEM;PCB;PCDOB;PCO;PDT;PEN;PHS;PMDB;PMN;PP;PPL;PPS;PR;PRB;PROS;PRP;PRTB;PSB;PSC;PSD;PSDB;PSL;PSOL;PSTU;PT;PTB;PTC;PTDOB;PV;SOLIDARIEDADE
2014,2014-08-24 00:00:00,024/14,HGPE,DEPUTADO FEDERAL,,RJ,NÃO,,SIM,Sim,SIM,SIM,SIM,DEM;PCB;PCDOB;PCO;PDT;PEN;PHS;PMDB;PMN;PP;PPL;PPS;PR;PRB;PROS;PRP;PRTB;PSB;PSC;PSD;PSDB;PSL;PSOL;PSTU;PT;PTB;PTC;PTDOB;PV;SOLIDARIEDADE
2014,2014-08-25 00:00:00,025/14,HGPE,DEPUTADO FEDERAL,,RJ,NÃO,,SIM,Sim,SIM,SIM,SIM,DEM;PCB;PCDOB;PCO;PDT;PEN;PHS;PMDB;PMN;PP;PPL;PPS;PR;PRB;PROS;PRP;PRTB;PSB;PSC;PSD;PSDB;PSL;PSOL;PSTU;PT;PTB;PTC;PTDOB;PV;SOLIDARIEDADE
2014,2014-08-26 00:00:00,026/14,HGPE,DEPUTADO FEDERAL,,RJ,NÃO,,SIM,Sim,SIM,SIM,SIM,DEM;PCB;PCDOB;PCO;PDT;PEN;PHS;PMDB;PMN;PP;PPL;PPS;PR;PRB;PROS;PRP;PRTB;PSB;PSC;PSD;PSDB;PSL;PSOL;PSTU;PT;PTB;PTC;PTDOB;PV;SOLIDARIEDADE
2014,2014-08-27 00:00:00,027/14,HGPE,DEPUTADO ESTADUAL,,RJ,NÃO,,SIM,Sim,SIM,SIM,SIM,DEM;PCB;PCDOB;PCO;PDT;PEN;PHS;PMDB;PMN;PP;PPL;PPS;PR;PRB;PROS;PRP;PRTB;PSB;PSC;PSD;PSDB;PSL;PSOL;PSTU;PT;PTB;PTC;PTDOB;PV;SOLIDARIEDADE
2014,2014-08-28 00:00:00,028/14,HGPE,DEPUTADO ESTADUAL,,RJ,NÃO,,SIM,Sim,SIM,SIM,SIM,DEM;PCB;PCDOB;PCO;PDT;PEN;PHS;PMDB;PMN;PP;PPL;PPS;PR;PRB;PROS;PRP;PRTB;PSB;PSC;PSD;PSDB;PSL;PSOL;PSTU;PT;PTB;PTC;PTDOB;PV;SOLIDARIEDADE
2014,2014-08-29 00:00:00,029/14,HGPE,SENADOR,,RJ,NÃO,,SIM,Sim,SIM,SIM,SIM,DEM;PCB;PDT;PRB;PROS;PSB;PSOL;PSTU
2014,2014-08-30 00:00:00,030/14,HGPE,SENADOR,,RJ,NÃO,,SIM,Sim,SIM,SIM,SIM,DEM;PCB;PDT;PRB;PROS;PSB;PSOL;PSTU
2014,2014-08-31 00:00:00,031/14,HGPE,GOVERNADOR,,RJ,NÃO,,SIM,Sim,SIM,SIM,SIM,PCB;PMDB;PR;PRB;PSC;PSOL;PSTU;PT
2014,2014-09-01 00:00:00,032/14,HGPE,PRESIDENTE,,BRASIL,NÃO,,SIM,Sim,SIM,SIM,SIM,PCB;PCO;PHS;PPL;PPS;PRP;PRTB;PSB;PSC;PSDB;PSDC;PSL;PSOL;PSTU;PT;PV
2014,2014-09-02 00:00:00,033/14,HGPE,PRESIDENTE,,BRASIL,NÃO,,SIM,Sim,SIM,SIM,SIM,PCB;PCO;PHS;PPL;PPS;PRP;PRTB;PSB;PSC;PSDB;PSDC;PSL;PSOL;PSTU;PT;PV
2014,2014-09-03 00:00:00,034/14,DIREÇÃO NACIONAL DO PARTIDO,,,,NÃO,,SIM,Sim,SIM,SIM,SIM,PDT
2014,2014-09-04 00:00:00,035/14,DIREÇÃO NACIONAL DO PARTIDO,,,,NÃO,,SIM,Sim,SIM,SIM,SIM,SOLIDARIEDADE
2014,2014-09-05 00:00:00,036/14,DIREÇÃO NACIONAL DO PARTIDO,,,,NÃO,,SIM,Sim,SIM,SIM,SIM,PTN
2014,2014-09-06 00:00:00,037/14,HGPE,PRESIDENTE,,BRASIL,NÃO,,SIM,Sim,SIM,SIM,SIM,PSDB;PT
2014,2014-09-07 00:00:00,038/14,HGPE,PRESIDENTE,,BRASIL,NÃO,,SIM,Sim,SIM,SIM,SIM,PSDB;PT
2014,2014-09-08 00:00:00,DEM22/5/14,DIREÇÃO NACIONAL DO PARTIDO,,,,NÃO,,SIM,Sim,SIM,SIM,SIM,DEM
2014,2014-09-09 00:00:00,PCB25/3/14,DIREÇÃO NACIONAL DO PARTIDO,,,,NÃO,,SIM,Sim,SIM,SIM,SIM,PCB
2014,2014-09-10 00:00:00,PCDOB8/5/14,DIREÇÃO NACIONAL DO PARTIDO,,,,NÃO,,SIM,Sim,SIM,SIM,SIM,PCDOB
2014,2014-09-11 00:00:00,PDT28/1/14,DIREÇÃO NACIONAL DO PARTIDO,,,,NÃO,,SIM,Sim,SIM,SIM,SIM,PDT
2014,2014-09-12 00:00:00,PEN1/5/14,DIREÇÃO NACIONAL DO PARTIDO,,,,NÃO,,SIM,Sim,SIM,SIM,SIM,PEN
2014,2014-09-13 00:00:00,PHS13/2/14,DIREÇÃO NACIONAL DO PARTIDO,,,,NÃO,,SIM,Sim,SIM,SIM,SIM,PHS
2014,2014-09-14 00:00:00,PMDB27/2/2014,DIREÇÃO NACIONAL DO PARTIDO,,,,NÃO,,SIM,Sim,SIM,SIM,SIM,PMDB
2014,2014-09-15 00:00:00,PMN16/1/14,DIREÇÃO NACIONAL DO PARTIDO,,,,NÃO,,SIM,Sim,SIM,SIM,SIM,PMN
2014,2014-09-16 00:00:00,PP5/6/14,DIREÇÃO NACIONAL DO PARTIDO,,,,NÃO,,SIM,Sim,SIM,SIM,SIM,PP
2014,2014-09-17 00:00:00,PPL13/3/14,DIREÇÃO NACIONAL DO PARTIDO,,,,NÃO,,SIM,Sim,SIM,SIM,SIM,PPL
2014,2014-09-18 00:00:00,PPS26/6/14,DIREÇÃO NACIONAL DO PARTIDO,,,,NÃO,,SIM,Sim,SIM,SIM,SIM,PPS
2014,2014-09-19 00:00:00,PR27/6/14,DIREÇÃO NACIONAL DO PARTIDO,,,,NÃO,,SIM,Sim,SIM,SIM,SIM,PR
2014,2014-09-20 00:00:00,PRB30/1/14,DIREÇÃO NACIONAL DO PARTIDO,,,,NÃO,,SIM,Sim,SIM,SIM,SIM,PRB
2014,2014-09-21 00:00:00,PROS24/6/14,DIREÇÃO NACIONAL DO PARTIDO,,,,NÃO,,SIM,Sim,SIM,SIM,SIM,PROS
2014,2014-09-22 00:00:00,PRP3/4/14,DIREÇÃO NACIONAL DO PARTIDO,,,,NÃO,,SIM,Sim,SIM,SIM,SIM,
2014,2014-09-23 00:00:00,PRTB20/3/14,HGPE,PRESIDENTE,,BRASIL,NÃO,,SIM,Sim,SIM,SIM,SIM,PRTB
2014,2014-09-24 00:00:00,PSB27/3/14,HGPE,PRESIDENTE,,BRASIL,NÃO,,SIM,Sim,SIM,SIM,SIM,PSB
2014,2014-09-25 00:00:00,PSC24/4/14,DIREÇÃO NACIONAL DO PARTIDO,,,,NÃO,,SIM,Sim,SIM,SIM,SIM,PSC
2014,2014-09-26 00:00:00,PSD10/6/14,DIREÇÃO NACIONAL DO PARTIDO,,,,NÃO,,SIM,Sim,SIM,SIM,SIM,PSD
2014,2014-09-27 00:00:00,PSDB17/4/14,HGPE,PRESIDENTE,,BRASIL,NÃO,,SIM,Sim,SIM,SIM,SIM,PSDB
2014,2014-09-28 00:00:00,PSDC1/4/14,HGPE,PRESIDENTE,,BRASIL,NÃO,,SIM,Sim,SIM,SIM,SIM,PSDC
2014,2014-09-29 00:00:00,PSL20/2/14,DIREÇÃO NACIONAL DO PARTIDO,,,,NÃO,,SIM,Sim,SIM,SIM,SIM,PSL
2014,2014-09-30 00:00:00,PSOL6/2/14,DIREÇÃO NACIONAL DO PARTIDO,,,,NÃO,,SIM,Sim,SIM,SIM,SIM,PSOL
2014,2014-08-01 00:00:00,PSTU10/4/14,DIREÇÃO NACIONAL DO PARTIDO,,,,NÃO,,SIM,Sim,SIM,SIM,SIM,PSTU
2014,2014-08-02 00:00:00,PT15/5/14,HGPE,PRESIDENTE,,BRASIL,NÃO,,SIM,Sim,SIM,SIM,SIM,PT
2014,2014-08-03 00:00:00,PTB29/5/14,DIREÇÃO NACIONAL DO PARTIDO,,,,NÃO,,SIM,Sim,SIM,SIM,SIM,PTB
2014,2014-08-04 00:00:00,PTC23/1/14,DIREÇÃO NACIONAL DO PARTIDO,,,,NÃO,,SIM,Sim,SIM,SIM,SIM,PTC
2014,2014-08-05 00:00:00,PTDOB6/3/14,DIREÇÃO NACIONAL DO PARTIDO,,,,NÃO,,SIM,Sim,SIM,SIM,SIM,PTDOB
2014,2013-12-12 00:00:00,PTN9/1/14,DIREÇÃO NACIONAL DO PARTIDO,,,,NÃO,,SIM,Sim,SIM,SIM,SIM,PTN
2014,2014-08-06 00:00:00,PV2/1/14,DIREÇÃO NACIONAL DO PARTIDO,,,,NÃO,,SIM,Sim,SIM,SIM,SIM,PV
2014,2014-08-07 00:00:00,SD29/4/14,DIREÇÃO NACIONAL DO PARTIDO,,,,NÃO,,SIM,Sim,SIM,SIM,SIM,SOLIDARIEDADE
2016,2016-08-01 00:00:00,004/16,DEBATE,PREFEITO,,RJ,SIM,Rio de Janeiro,SIM,Sim,SIM,SIM,SIM,PCDOB;PMDB;PRB;PSC;PSD;PSDB;PSOL;REDE
2016,2016-08-02 00:00:00,005/16,DEBATE,PREFEITO,,RJ,SIM,Rio de Janeiro,SIM,Sim,SIM,SIM,SIM,PRB;PSOL
