municipio,candidato,partido,ano,proposta_1,proposta_2,proposta_3,proposta_4,proposta_5
Aracaju,ALEXANDER ALVES PEREIRA,PRTB,2020,"Criação da Secretaria do Mar, a qual ficará responsável pelo controle e incentivo a pesca, maricultura, transporte marítimo, atividades náuticas e marinas",Promoção de campanhas pró-vida,Proibição de ideologia de gênero e pautas LGBT nas escolas,Privatização de empresas municipais,Encerramento da indústria das multas aplicadas pela Guarda Municipal
Aracaju,ANGELA REGINA HEINZEN AMIN HELOU,PP,2020,"fortalecer as ações de inclusão e acolhimento através da política de assistência social, realizando atendimento de qualidade para as pessoas em situação de vulnerabilidade social.","a desburocratização será a palavra de ordem objetivando simplificar os processos de abertura de empresas e criar condições de incentivos ao empreendedorismo. Serão considerados os incentivos fiscais, a criação de fundos, a atração de novos negócios, e, sobretudo, a capacitação das pessoas para aproveitar as oportunidades de empreendedorismo e o intraempreendedorismo.","Queremos que Florianópolis retome a maricultura como fonte de geração de riqueza, desenvolvimento e prosperidade para o típico pescador artesanal do Município, que tem aí uma grande oportunidade de trabalho","salientamos a importância da administração pública digital, a qual, por meio de processos administrativos eletrônicos e mediante o uso das tecnologias digitais – no caso da saúde usando o tele atendimento – busca aumentar a eficiência, a eficácia, a efetividade, a relevância, a transparência, a participação social, o controle, a simplificação da burocracia, a agilidade e a qualidade na prestação de serviços públicos à população.","vamos impedir ou evitar a criminalização da pobreza, da população negra e outras raças, da comunidade LGBT, da juventude, dos movimentos sociais e seus defensores, valorizando e fortalecendo programas e projetos continuados em educação e na promoção de uma cultura de paz"
Aracaju,ELSON MANOEL PEREIRA,PSOL,2020,"Democratizar o turismo planejando e incentivando a implantação de equipamentos turísticos adaptados às diferentes faixas de renda, como campings, hotéis e pousadas de diferentes categorias","Fortalecer o uso dos espaços culturais, como o Teatro da Ubro, por meio de ações articuladas entre o município e espaços culturais estaduais e federais sediados em Florianópolis, ampliando o acesso da população à cultura, tornando a cidade uma referência cultural no país",Promover a Vigilância Alimentar e Nutricional (VAN) como contribuição do SUS para o enfrentamento do agravamento do flagelo da fome,"Integrar as Políticas de Segurança Municipais aos Conselhos de Segurança (CONSEGs), buscando uma segurança baseada nas relações de vizinhança","Implantar sistema municipal de triagem e gestão de resíduos de potencial mercadológico em parceria com a sociedade organizada, potencial gerador de emprego e renda nas comunidades mais frágeis e vulneráveis do município"
Aracaju,GABRIELA SANTETTI CELESTINO,PSTU,2020,Defendemos a formação de conselhos populares com poder deliberativo superior às câmaras municipais cujas eleições têm regras antidemocráticas e predominância do poder econômico,Contratação de todos os trabalhadores de aplicativos pelas empresas com todos os direitos trabalhistas,Estatização dos hospitais e laboratórios privados sob o controle dos trabalhadores,Estatização da completa da CELESC sob o controle dos trabalhadores,"Abertura de restaurantes populares, respeitando as regras de prevenção ao coronavírus, em todos os bairros com refeições a R$ 1 com prioridade de fornecimento de insumos pela agricultura familiar e cooperativas da reforma agrária"
Aracaju,GEAN MARQUES LOUREIRO,DEM,2020,"Aprimorar o uso do Alô Saúde como instrumento importante no diagnóstico a distância de patologias e de orientação de procedimentos e tratamentos médicos, e utilizar o sistema para o monitoramento a distância de pacientes idosos com riscos de agravamento de saúde e impossibilitados de um controle presencial pela família ou cuidadores, sem prejuízo do atendimento domiciliar pela equipe de saúde da família","Reconhecer a caminhada como um dos modais pertencentes ao Sistema de Transporte, garantindo investimentos e métricas como forma de ampliar o sistema viário para pedestres","Ampliar o videomonitoramento incorporando tecnologia de reconhecimento facial e análise de comportamento dissonante. Utilização de drones para acompanhamento de atividades nas praças, ocupações e atividades irregulares, segurança de instalações",Uso de tecnologia de apoio através de aplicativos – Aplicativo SOMOS – Rede Amiga LGBTQI+ para combate aos crimes de homofobia,"Ampliar a capacidade de gestão da Fundação Franklin Cascaes para estabelecer e acompanhar as parcerias com projetos de iniciativas não governamentais que tenham relevância sociocultural, visando intensificar e qualificar a agenda cultural de Florianópolis"
Aracaju,HELIO CESAR BAIRROS,PATRIOTA,2020,"Creio que poderia haver alguns tipos de iniciativas, como o desenvolvimento de projetos específicos, que pudessem melhorar as condições das trilhas, conectando todas as praias da ilha. Dessa forma, decks, placas de sinalização e o melhoramento da segurança nos locais aumentariam substancialmente a prática de ecoturismo, tanto para turistas, quanto para moradores.","um festival de nome próprio, com espaços para bandas locais, nacionais e estrangeiras seria algo maravilhoso, podendo atrair muitas pessoas e ser mais uma forma de colocar Florianópolis na agenda de grandes eventos do país","buscar-se-á a criação do “Espelho do IPTU”, onde todos poderão acessar sua conta através de um site ou, inclusive, de um aplicativo em no celular. Ali estará contido todos os itens que compõem o IPTU, cada um com seus respectivos valores","é necessário haver uma triagem das pessoas que gostariam de ter domínio sobre suas vidas novamente, com trabalho, um local para ficar e, especialmente, um salário. No cadastro de cada morador em situação de rua, deve estar contido um questionamento sobre sua procedência e se o mesmo possui interesse em trabalhar e ter sua liberdade financeira e sua dignidade restauradas. Dessa forma, de acordo com suas competências, deverão ser encaminhados para abrigos até que tenham condições de se estabelecerem novamente. Porém, os que não quiserem fazer parte da sociedade, serão encaminhados para os seus municípios de origem, pois não será mais permitido continuar na cidade, sendo apenas mais um peso para o município e um incômodo constante para todos os cidadãos","Creio que seja necessário realizar mais campanhas a favor da prática de atividades, talvez realizando parcerias com academias, clubes ou outras entidades, na intenção de estar sempre mostrando os benefícios de uma vida saudável e ativa, ao invés do encorajamento (quase endeusamento) constante que existe desde cedo na vida de jovens, para a “prática” de Netflix e/ou jogos online."
Aracaju,JAIR FERNANDES DE AGUIAR RAMOS,PCO,2020,Abaixo a repressão: dissolução da PM e de todo aparato repressivo; legalização das drogas.,"Fim do ensino pago. Estatização de todo o ensino em todos os níveis. Não a cobrança das mensalidades enquanto não houver vacina, sem cobrança enquanto as aulas estiverem paralisadas.","Pela estatização do sistema de saúde, com atendimento gratuito a toda a população",Pela total gratuidade de todos os serviços e produtos que se relacionem com a maternidade,Assistência económica e social do Estado para as mulheres obrigadas a dar continuidade à gestação indesejada
Aracaju,ORLANDO CELSO DA SILVA NETO,NOVO,2020,vamos estimular a competição de qualidade de desempenho entre as escolas da rede municipal por meio de premiação. Trata-se de um bônus financeiro às escolas que atingirem os resultados desejados em seus indicadores de qualidade e plano de metas. O recurso financeiro do bônus poderá ser adquirido por meio dos recursos repassados à prefeitura pelo Fundo Nacional de Educação Básica (FUNDEB),"Adotaremos, onde possível, o pay-per-use (pague para usar, em tradução livre), objetivando reduzir o fenômeno da tragédia dos comuns na utilização dos serviços do município. Trata-se de focar a cobrança dos serviços municipais nos agentes diretamente interessados em tais serviços, permitindo melhoria do serviço e redução da carga sobre os cidadãos que não os utilizam.",Ampliar o uso da Telemedicina como instrumento importante no diagnóstico a distância de doenças e de orientação de procedimentos e tratamentos médicos,"Os empreendedores podem construir fora dos limites urbanos, mas necessariamente seus negócios devem sustentar a infraestrutura urbana (ruas, esgoto, drenagem, lixo, saúde, educação etc.) necessária à sua implantação e operação. Não é justo o pagador de impostos de uma área central arcar com os altos custos de áreas de baixa densidade espalhadas pela cidade","Facilitar a aprovação de loteamentos, condomínios e desmembramentos – premissa: parcelamento urbano de casas não gera impacto de vizinhança; Condomínios administram seus próprios custos e são uma ótima opção para ocupação de áreas de baixa densidade; Eliminar todo o conjunto de regras (percentuais de áreas de uso comum, número máximo de unidades, dimensões máximas de gleba etc) que prejudicam o desenvolvimento de condomínios"
Aracaju,PEDRO DE ASSIS SILVESTRE,PL,2020,Ampliar as vagas de Residência Médica em Saúde da Família e Medicina de Emergência para atendimento prioritário nas áreas de vulnerabilidade social,"Criar um restaurante popular, ampliando as ações que envolvem a segurança alimentar e nutricional no município","Ampliar as atividades de contraturno escolar para os alunos do ensino fundamental nas áreas cultural, artística, esportiva e habilidades sócio emocional por meio de parcerias com organizações da sociedade civil, garantindo a qualidade e continuidade do serviço prestado","Realizar o levantamento dos imóveis ociosos e subutilizados dos poderes Federal, Estadual e Municipal com o objetivo de firmar parcerias para utilização destes espaços",Implementar mais canaletas/faixas exclusivas para transporte coletivo em locais estratégicos da cidade
Aracaju,RICARDO CAMARGO VIEIRA,SOLIDARIEDADE,2020,"enxugar a “máquina pública”, diminuindo o número de secretarias para quantidade necessária com que se possa ter uma gestão eficiente. Reduzindo as secretarias atuais para apenas 7 (sete), obviamente o número de cargos em comissão irá diminuir também. Isso representará uma diminuição de gastos municipais com o pagamento de folha de pessoal, o valor terá como destino ações para melhorar a qualidade de vida da população, como por exemplo: saúde, educação, segurança pública e obras de infraestrutura","Implementar em todo município a coleta seletiva de lixo onde o caminhão passe no mínimo duas vezes na semana, promover ações de conscientização da população dos benefícios para comunidade e do meio ambiente",Adquirir produtos da merenda escolar por produtores locais a fim de estimular a agricultura no município,"Disponibilizar equipes multidisciplinares de médicos especialistas (psicólogos, oftalmologistas, dentistas) para que em parceria com a Secretaria de Educação atendam as crianças nas escolas e as tratem se necessário, ou encaminhem para tratamento especializado",Valorizar o trabalhador autônomo direcionando a organização da prestação de serviço e também a sua necessidade previdenciária em parceria com o SEBRAE e AMPE
Aracaju,ANIZIO SANTOS DE MELO,PC DO B,2020,"Torna-se necessária a ampliação das Equipes de Saúde da Família e sua capacidade de capilaridade nas periferias, aumentando a contratação de médicos, agentes comunitários de saúde e agentes de epidemia, visando atingir pelo menos 80% de cobertura da cidade",Passe Livre Estudantil,Programa de Desconto de IPTU em que a Prefeitura irá deduzir parte do IPTU de estabelecimentos comerciais que fomentem a cultura conforme especificado no edital do programa.,"Revitalização do centro da cidade a partir do incentivo da ocupação através da moradia, discutir terrenos e prédios abandonados para construção e reforma para moradia em parceria com financiamento bancário popular e em total alinhamento ao Estatuto das Cidades.","Criar um Programa de Desconto na Contribuição de Iluminação Pública (CIP) em que a Prefeitura irá deduzir mensalmente parte da CIP das empresas que tenham novos funcionários com carteira assinada, a partir de 2021, seguindo a lógica de quanto mais funcionários, maior será o percentual de desconto, conforme especificado no edital do programa."
Belém,CELIO STUDART BARBOSA,PV,2020,"Criar um projeto de Escola Sustentável, responsável pelo desenvolvimento de um projeto piloto de educação ambiental que sirva de laboratório para professores, alunos e comunidade em geral com a finalidade de difundir a consciência ecológica. O projeto inicial, que pode ser expandido, deverá contemplar, obrigatoriamente:","Monitorar a qualidade do ar do município de Fortaleza, levando em consideração que as emissões de gases poluentes causam problemas de saúde na população","Estimular a ampliação do mercado de trabalho, buscando o incremento de empregos verdes, por meio de incentivos às atividades econômicas sustentáveis","Instituir Bolsa Virtual integralmente dedicada a Empregos Verdes em Fortaleza, em parceria com instituições reconhecidas na área socioambiental, com ações de avaliação, orientação e capacitação online para empreendedores, associando pacotes diferenciados por empresa para a qualificação profissional de seus empregados trabalhadores",O estímulo ao comércio lojista de rua como forma de manutenção do multiuso dos bairros
Belém,HEITOR CORREIA FÉRRER,SOLIDARIEDADE,2020,"Passe livre estudantil, expansão da tarifa social, linhas 24 horas e manutenção do preço da passagem;",Reestruturar o plano de previdência dos servidores do Município de Fortaleza para seu equilíbrio fiscal.,"Desenvolver Plano de Qualidade de Vida com políticas nutricionais e de cuidados alimentares, atividades físicas e educação financeira nos respectivos bairros e comunidades voltados a combater as Doenças Crônicas Não Transmissíveis, a obesidade e sedentarismo de crianças, adolescentes e adultos, redução da violência e morte infantil e, finanças das famílias",Ampliar a inserção internacional da cidade de Fortaleza através da captação e realização de feiras e convenções internacionais no município priorizando grandes eventos esportivos e tecnológicos,"Expandir a oferta de educação profissional técnica de nível médio na modalidade de educação à distância, assegurado padrão de qualidade"
Belém,HEITOR RODRIGO PEREIRA FREIRE,PSL,2020,"Manutenção de um observatório permanente para mediar a relação de professores e poder público, com olhar especial para a remuneração do corpo docente",Estímulo à criação de uma associação voltada para familiares de pessoas com Transtorno do Espectro do Autismo,Estímulo às cooperativas de frentes de trabalho – construção civil e limpeza urbana em especial;,"Ampliação do desenvolvimento de programas de incentivo ao esporte, como bolsas esportivas ou quali cações por meio de intercâmbios","Instituição de boni cação para Guarda Municipal de Fortaleza, conforme resultado individual e coletivo (prevenção de criminalidade);"
Belém,JOSÉ LOURETO BARROSO SOUZA,PCO,2020,programa ausente,,,,
Belém,JOSÉ SARTO NOGUEIRA MOREIRA,PDT,2020,"o papel da cultura empreendedora, nas suas mais diversas perspectivas, da tecnologia à produção e comercialização de bens de consumo tradicionais, aliadas à inovação deverão ser os fundamentos principais das políticas públicas de geração de emprego e renda","O papel do Poder Público de movimentar a economia por meio da execução orçamentária, bem como de fomentar e apoiar a iniciativa privada e as forças produtivas, com foco principal nos micro e pequenos negócios, especialmente, das áreas periféricas, bem como em nichos específicos com grande potencial de geração de emprego, terá papel central no plano de governo.","o tema da saúde pode e deve ser articulado em várias frentes diretas e indiretas, desde as redes de atenção primária, secundária e terciária à saúde pública passando por políticas de esporte, mobilidade, lazer, educação, dentre tantas outras, que estimulem um modo de vida mais ativo e funcionem como vetor de promoção de uma vida saudável.",escola de tempo integral,combate ao déficit habitacional
Belém,LUIZIANNE DE OLIVEIRA LINS,PT,2020,Estabeleceremos como meta de governo a universalização das creches.,"criação de fóruns comunitários para debater causas, problemas e soluções, especialmente nos bairros com maiores índices de violência",abertura de escolas municipais nos fins de semana para atividades familiares e recreativas,"Dentro do espírito da participação e da transparência é necessário rever a lei de uso e ocupação do solo urbano, modificando a forma de ocupação da cidade, reduzindo a especulação estéril, otimizando espaços privados, inclusive para habitação popular e lazer, valorizando e redescobrindo novos espaços públicos e preservando o patrimônio histórico e cultural.",
Belém,PAULA VIRGINIA DE OLIVEIRA NUNES COLARES,UP,2020,Reajuste de 15% sobre o IPTU para empresas e cidadãos que possuírem mais de 5 imóveis na cidade,"Incentivar a criação do Programa Fortaleza do Futuro, com o objetivo de atrair projetos de tecnologia limpa, particularmente criando cooperativas nesse campo","Construir um PÓLO confecção, calçados e assessórios, reunindo micro e pequenas empresas",Efetivação dos professores temporários com mais de dois anos na rede de educação,"Fortalecer os Conselhos de Saúde, compostos por representações de associações de bairros, movimentos populares, movimentos sociais, entidades estudantis, sindicatos, por regional de Fortaleza, para debater e encaminhar ações sobre saúde, em especial nas campanhas preventivas e atendimento primário. Cada conselho se encarregará de criar núcleos por bairros."
Belém,RENATO ROSENO DE OLIVEIRA,PSOL,2020,Viabilizar com urgência um programa de renda básica para a população em situação de extrema pobreza em Fortaleza,"Cobrança das dívidas ativas do município com as grandes empresas, ampliando a capacidade de investimento da Prefeitura","Implantação dos distritos sanitários de saúde, garantindo a existência de técnicos de todas as áreas da Secretaria Municipal de Saúde Pública com vistas a uma atuação regionalizada, que deve ser base de enfrentamento à pandemia do coronavírus e de outras doenças, bem como de promoção da saúde","Criação de arranjos produtivos que aproximem os produtores locais e regionais aos agentes institucionais de modo a facilitar que a renda circule, prioritariamente, em territórios mais vulnerabilizados (contando com mercados comunitários, “budegas” colaborativas), organizada com auxílio de aplicativos. Paralelamente, apoio às feiras de produtos orgânicos in natura e beneficiados, com regularidade mínima semanal, envolvendo a agricultura família e ONG’s como o CETRA, CEPEMA, ESPLAR, MST e outras cooperativas;","Estabelecer uma coordenação especial de projetos de prevenção à violência dentro do gabinete do Prefeito (as boas experiências revelam que a aproximação institucional dos programas de prevenção social focalizada no gabinete do Chefe do Executivo faz ganhar ritmo de execução, articulação e maior eficiência) para facilitar a coordenação com a Secretaria Municipal de Segurança Cidadã"
Belém,SAMUEL MORAES BRAGA,PATRIOTA,2020,Criar uma Escola de Saúde Pública Municipal,"Criar as galerias culturais e comerciais para alocar vendedores ambulantes, desocupando calçadas e praças, para que o cidadão possa caminhar livremente;","Criar o “Bolsa Pet”, em forma de doação de alimentos para animais, que tenham sido adotados como animalzinho de rua","Criar o Programa Câmbio Verde, onde as famílias mais carentes receberão um Kit de Frutas e Verduras, pela troca de Resíduos Recicláveis;",Criar corredores urbanísticos para o transporte público de qualidade
Belém,WAGNER SOUSA GOMES,PROS,2020,"Garantia de acesso integral à rede municipal, sem barreiras de territorialização, permitindo que o usuário seja atendido em qualquer unidade de saúde, independente do bairro onde reside e trabalha","Garantir que todos os alunos da escola pública municipal tenham acesso ao ensino de idiomas estrangeiros, com prioridade para a aprendizagem do inglês e do espanhol","Instituir o programa AGENTE DA EDUCAÇÃO, escolhidos através de seleção pública, para a promoção do laços família-escola-comunidade; para a execução de novas políticas públicas; e na pacificação do ambiente escolar","Dotar a Guarda Municipal de Fortaleza de uma sede própria e de uma Academia para capacitação permanente de seus quadros. Atualmente, a sede a instituição localiza-se em um hotel alugado pela Prefeitura, no bairro Messejana.","Implantação de um amplo programa de incentivo ao empreendedorismo e a geração de empregos, com a concessão de incentivos fiscais para novos negócios e com a simplificação dos processos para a abertura de novas empresas; e com a reconstituição do alvará definitivo para os negócios que, atualmente, passam pela burocracia atrasada da emissão anual de um documento que deve ser permanente;"
Belém,ANISIO SOARES MAIA,PT,2020,"Resgatar o projeto do PAC da Mobilidade, abandonado pela atual gestão, apesar da disponibilidade de recursos pelo governo federal, com a implantação dos corredores para o “Bus Rapid Transport – BRT”, mais rápido e mais confortável, com a construção de terminais de integração, com bicicletários e outros serviços.","A Atenção Básica de qualidade será prioridade. Investiremos na criação de novas equipes, buscando o aumento da cobertura e a redução da sobrecarga das equipes atuais, para que a população consiga um melhor cuidado, e também proporcionar às equipes de saúde melhores condições de trabalho e uma demanda adequada a sua capacidade.","É fundamental aprofundar no município a discussão de uma política de saúde integral da população negra. Reconhecendo que as iniquidades, desigualdades e o racismo estrutural têm como consequência uma maior vulnerabilidade e morbimortalidade das populações negras brasileiras. Precisamos envolver gestores, movimentos sociais, e profissionais de saúde na construção de uma política de saúde que enfrente o racismo institucional e fortaleça a temática étnico-racial na educação permanente e na política de saúde da nossa cidade.","Criação da Mesa Permanente de Negociação envolvendo PMJP e trabalhadores em educação para discussão e negociação permanente sobre salários, plano de carreira, políticas de formação continuada e condições de trabalho.","Criaremos uma incubadora pública destinada a fomentar o desenvolvimento de empreendimentos econômicos solidários (arranjos econômicos coletivos), tendo como ênfase a elaboração e execução de plano de negócios para cada empreendimento. O período máximo de incubação será de dois anos para cada empreendimento. A incubadora oferecerá orientação para tomada de crédito, assessoramento na fase de legalização do negócio, formação nas áreas de gestão e produção, apoio no desenvolvimento das marcas e dos produtos, articulação de rodadas de negociação e participação em feiras e eventos, além de consultoria contábil, administrativa e jurídica."
Belém,CAMILO SOBREIRA DUARTE FILHO,PCO,2020,programa ausente,,,,
Belo Horizonte,CARLOS ANTÔNIO ARAÚJO MONTEIRO,REDE,2020,"Intervenção de alfabetização através do Projeto Borboleta que consiste, na prática pedagógica, no desenvolvimento de uma série de sequências didáticas alternativas, que tem como foco a evolução das habilidades de leitura e interpretação —em português e em matemática—, a ser realizado por todas as disciplinas.","Orçamento e Execução por Bairro, com a participação da sociedade, da vereança, dos líderes políticos e comunitários, dos pais, das mães, dos jovens, dos religiosos, dos empreendedores e das entidades representativas;","Treinamento para assegurar emprego para a força de trabalho do bairro/comunidade, no mínimo de 30%, quando da contratação de sociedades empresarias na realização de obras e serviços no bairro/comunidade.","Regularização Fundiária de mais de 30 mil residências familiares pela Prefeitura Municipal, com a coordenação jurídica da Procuradoria-Geral do Município e convênios com a OAB-PB, Defensoria Pública e universidades/IFPB, sem pagamento de custas, honorários e emolumentos;","Aumentar substancialmente a eficiência do uso da água em todos os setores e assegurar retiradas sustentáveis e o abastecimento de água doce para enfrentar a escassez de água, e reduzir substancialmente o número de pessoas que sofrem com a escassez de água."
Belo Horizonte,CICERO DE LUCENA FILHO,PP,2020,"Programa de distribuição e entrega domiciliar de remédios para idosos e pessoas com mobilidade reduzida, que visa garantir o uso continuado para os diabéticos e hipertensos, mediante acompanhamento da equipe multidisciplinar da Unidade da Saúde da Família.","Oferecimento de bolsa de estudo em parceria com o Governo do Estado da Paraíba e com o Instituto Federal da Paraíba, para ofertar aos alunos da rede municipal a oportunidade da continuidade dos estudos, no ensino médio, incluindo a profissionalização para jovens e adultos.","Efetivação do uso de GPS e do aplicativo de mobilidade em toda a frota de transporte público e pela instalação de um sistema inteligente de ajuste e sincronização de semáforos de tempo fixo, para melhoria do fluxo de trânsito, reduzindo atrasos e parada.","Instalação de 04 centros de atendimento social, psicológico orientação e encaminhamento jurídico à mulher em situação de violência doméstica e vulnerabilidade social, em cada zona da cidade – Roger (zona norte); Mangabeira (zona sul); São José (zona leste); Alto do Mateus (zona oeste).","Criar a linha turismo que interligue o parque hoteleiro aos principais atrativos turísticos da cidade, onde o turista realiza o seu próprio roteiro."
Belo Horizonte,EDILMA DA COSTA FREIRE,PV,2020,"Criação do Centro de Monitoramento da Cidade, que vai utilizar tecnologia de ponta para monitoramento da cidade","Criação da Semana do Empreendedor Tecnológico, que vai premiar startups que criarem soluções tecnológicas para gargalos da cidade","Parque Socioambiental do Roger: dentro do programa João Pessoa Cidade Sustentável, vamos entregar para a população da cidade mais uma área de lazer e convivência, recuperando o terreno onde funcionava o antigo Lixão do Roger",Instituir o programa Mais Médicos Especialistas nas 10 especialidades clínicas mais demandadas,"Criação da ‘Bolsa Juventude Agente do Bem’, que vai oportunizar inclusão social por meio de um programa de incentivo ao desenvolvimento de competências e habilidades a jovens de João Pessoa. Em meio período, o jovem entre 14 e 18 anos participará de formação nas áreas de educação ambiental, educação patrimonial ou cultura e artes, mesclando estudo teórico com aulas práticas, atuando como monitores em equipamentos públicos como Parque da Bica e Parque da Lagoa"
Belo Horizonte,JOÃO ALMEIDA DE CARVALHO JUNIOR,SOLIDARIEDADE,2020,"Implantação do Programa Saúde do Trabalhador, com a visita das equipes de profissionais da saúde nas Empresas do Município, durante o horário de trabalho, diminuindo filas nos atendimentos dos Postos de Saúde e prevenindo doenças","Criar o programa Escola do Futuro, uma rede de educação integral formada por escolas integrais, contra turnos e centros integrados de educação, cultura, esporte, ciência e profissionalização. Esses centros, além de unidades de ensino e de profissionalização estarão voltados para a difusão do acesso ao conhecimento científico e tecnológico.","Implantar programa de incentivo às novas tecnologias de construção popular em parceria com a iniciativa privada, as universidades e a sociedade civil organizada","Erradicação da pobreza em João Pessoa por meio da ampliação da transferência de renda às famílias atendidas pelo Programa Bolsa Família (PBF) e do acesso aos serviços públicos de assistência social, saúde, educação e moradia","Criação do Museu de João Pessoa, objetivando o resgate do patrimônio histórico-cultural da cidade, utilizando tecnologia para que o visitante possa viver uma experiência virtual de passeio por diversos pontos importantes da cidade, no anexo da Estação Ciência"
Belo Horizonte,NILVAN FERREIRA DO NASCIMENTO,MDB,2020,"Criação do Sistema Municipal de Avaliação da Educação (SIMAE) para permitir que João Pessoa tenha suas próprias métricas sobre a qualidade da educação no município, possibilitando elevar a qualidade do ensino para nossas crianças",Programa de Investimento na área de TI para a adoção dos recursos de Inteligência Artificial para a redução da infecção hospitalar no município de João Pessoa,"Definição e investimento em políticas públicas de saúde preventiva, criando brigadas de descontaminação e limpeza de leitos de riachos, canalização de águas e esgoto, ligações de água potável em parceria com as secretarias de meio ambiente e infraestrutura.","Implantação de infraestrutura para solucionar problemas tornados crônicos pela inércia governamental do município, a exemplo do BRT, o viaduto da descida do Bairro Altiplano e o elevado voltado a resolver o problema de inundação da via de interligação entre os Bairros de Mangabeira e Valentina de Figueiredo.",Banco da Retomada: Linhas de crédito especiais para dinamizar o empreendedorismo feminino e estimular e apoiar a criação de cooperativas de mulheres trabalhadoras.
Belo Horizonte,PABLO HONORATO NASCIMENTO,PSOL,2020,Criação de armazém/mercado/supermercado para venda de produtos a preços acessíveis à população de baixa renda,"Criar o programa Consultório na Rua em João Pessoa, promovendo estratégias de real integração dessas equipes às equipes de USF, e a articulação de rede com equipes da RAPS, serviços de especialidades, serviços de Urgência e Emergência, e serviços da Assistência Social",Fortalecimento dos conselhos comunitário escolar para envolver a comunidade na participação da vida escolar dos filhos e nos cuidados com a escola,"Criar a Secretaria Municipal de Cultura e Economia Criativa, que terá a função de planejar, desenvolver e implementar a Política Municipal de Cultura, conduzindo de forma integrada e transversal esse processo de estruturação. Com o adendo da dimensão econômica como uma das principais atividades, busca-se ampliar as relações entre cultura e desenvolvimento, implementando-se uma política orientada ao desenvolvimento econômico com base na produção artística, na diversidade cultural e nos potenciais existentes na cidade.","Criação do Conselho Municipal de Segurança Pública, garantindo a participação de pessoas da sociedade civil e de movimentos sociais, para atuar de maneira independente na construção de políticas de segurança voltadas ao bem-estar da população."
Belo Horizonte,RAFAEL FREIRE SANTANA,UP,2020,"Não celebrar contratos do tipo parceria público-privada nem com as chamadas Organizações Sociais (OS) para desenvolver atividades de gestão de hospitais, escolas, obras e demais setores da administração pública.","Realizar uma auditoria dos grandes devedores de impostos para que estes quitem integralmente suas obrigações, de modo a efetivar uma importante entrada de recursos para o orçamento da Prefeitura",Revogar a Reforma da Previdência Municipal para garantir o direito à aposentadoria dos servidores públicos e não colocar o dinheiro da aposentadoria no mercado financeiro.,"Erradicar o analfabetismo na cidade, que soma hoje mais de 37 mil pessoas nesta condição. Organizar Brigadas de Ensino com turmas nos bairros, utilizando escolas municipais, estaduais, associações de moradores e centros comunitários. Cada turma terá duração de cinco meses, num total de 120 horas/aula. Cada estudante receberá uma bolsa-incentivo de R$ 200, material didático e fardamento. Os monitores serão selecionados entre estudantes universitários e educadores populares.","Investir no Centro Regional de Referência em Saúde do Trabalhador (Cerest), cuja finalidade é fiscalizar o descumprimento das normas de saúde no ambiente de trabalho, antecipando-se a eventuais problemas e, assim, preservando a integridade física dos trabalhadores e evitando mais gastos com tratamentos de saúde. O Cerest também presta apoio nos processos de confirmação de acidentes, doenças e agravos decorrentes do trabalho e acompanha, com médicos especialistas, trabalhadores que já estão em tratamento."
Belo Horizonte,RAONI BARRETO MENDES,DEM,2020,"Ampliar as compras governamentais das empresas e dos agronegócios locais, visando estimular a economia e a geração de emprego e renda",Criar escolas de Formação de Ofícios para suprir as demandas de serviços de primeira necessidade,Realizar o programa de capacitação em mídias digitais para todos os profissionais da educação,criar o Hospital de Referência para assistência da mulher,"Estruturar áreas com parcerias público-privadas para oferta de vagas de estacionamentos, oportunizando mão-de-obra informal como flanelinhas, em postos de trbalho nestes estabelecimentos"
Belo Horizonte,RICARDO VIEIRA COUTINHO,PSB,2020,"Implantar o terceiro turno de atendimento em Unidades do Programa de Saúde da Família (PSF’s), para garantir o acesso da população aos serviços de atenção primária também em horário noturno em todos os distritos sanitários do município","Criar o Projeto DE OLHO NO FUTURO: Talentos Invisíveis (incubadora de projetos) – com abrangência nas 14 regiões de João Pessoa. O Projeto destina-se a selecionar jovens entre 17 e 24 anos, que evadiram da escola e estão sem ocupação, os quais, a partir de suas habilidades e vocações, serão orientados por profissionais que oferecerão estúdios de criação, palestras, oficinas, contatos com acadêmicos e bancas de avaliação, o que potencializará suas ideias e organizará o empreendimento pretendido, que poderá ser individual ou coletivo","Criar, implantar e manter o Programa GIRA MUNDO, destinado à formação complementar de professores da rede municipal, mediante convênios de cooperação internacional com países que dispõe de experiências e políticas educacionais de reconhecida excelência;","Criar o Observatório Estratégico de Segurança Pública, em parceria com universidades e outros institutos de pesquisa, instituindo um centro de inteligência, pesquisa social e estatística aplicadas à segurança pública, por meio do georreferenciamento de dados e do diagnóstico, planejamento, avaliação e monitoramento das políticas públicas voltadas à segurança, com o objetivo de qualificar as ações realizadas pelo novo Gabinete de Gestão Integrada Municipal;","Criar o Programa CARTÃO ALIMENTAÇÃO, como parte de uma política pública de renda social e de segurança alimentar, orientada para o pequeno e médio comércios dos bairros e comunidades. O Programa contemplará com adicionais de até 20% do valor repassado as famílias que tiverem pessoas com deficiência e as que forem chefiadas por mulheres. O Programa oferecerá também cursos profissionalizantes e outros incentivos à inclusão produtiva das famílias;"
Belo Horizonte,RUY MANUEL CARNEIRO BARBOSA DE AÇA BELCHIOR,PSDB,2020,Criar sistema de avaliação e acompanhamento dos alunos com reforço individualizado recorrendo às novas tecnologias;,"Combater o processo de gentrificação nas áreas centrais de João Pessoa, valorizando a identidade histórica das comunidade locais.","Construção e implantação de 5 Centros de Especialidades Médicas – CEM, em cada Distrito Sanitário (Cardiologia, Endocrinologia, Dermatologia, Ginecologia, Oftalmologia e Radiologia para exames de imagem)",Ampliar a descentralização a distribuição de remédios de uso rotineiro e de alto custo por distrito e por farmácias credenciadas visando proximidade ao paciente/cidadão,"Instituir um Conselho Municipal de Segurança Cidadã , com a participação das secretarias municipais, secretaria estadual de segurança, instituições da segurança pública estaduais e do judiciário e representantes da sociedade civil e jovens"
Belo Horizonte,SEVERINA DOS SANTOS SILVA DANTAS,PSTU,2020,"Estatização do transporte coletivo urbano de nossa cidade, com a criação da EMTU – Empresa Municipal de Transportes Urbanos -, com o controle de um Conselho Popular formado pelos usuário(a)s do sistema e trabalhadore(a)s do setor;","Construir uma reforma urbana de acordo com os interesses do movimento popular, com o objetivo de acabar o déficit habitacional em nossa cidade. Investir 10% do PIB/ano para financiar um plano de obras públicas para a construção de casas populares, através de uma Empresa Pública de Habitação, sem a participação de empreiteiras.","A Defesa Civil de nossa capital tem catalogadas todas as áreas de risco. Portanto, com base nessas informações, precisamos elaborar um plano definitivo em conjunto com as comunidades. Além disso, construir um plano emergencial de casas populares para que a população possa morar com dignidade","a Prefeitura vai implantar o passe livre aos desempregados no transporte público, isenção do IPTU e de outras taxas municipais e garantirá o fornecimento de água, luz é gás às famílias desempregadas e ou situação de risco","Prefeitura Municipal de João Pessoa, será governada por Conselhos Populares, constituídos por pessoas que, nos seus locais de moradia, conhecendo os reais problemas de seu bairro, possam definitivamente ter vez e voz de decisão sobre o que ocorre neste local"
Belo Horizonte,WALLBER VIRGOLINO DA SILVA FERREIRA,PATRIOTA,2020,"Aceleraremos e complementaremos o atendimento às crianças de 0 a 3 anos, prioritariamente, bem como aquelas de 4 a 5 anos, ofertando, por meio de vouchers, vagas em escolas da rede privada, permitindo aos pais maior disponibilidade de tempo para retornarem aos estudos e/ou se dedicarem ao desenvolvimento de suas atividades profissionais com maior tranquilidade","Projetos de Mutirões semestrais ou anuais, para patologias cirúrgicas(hérnias,vesícula biliar, próstata, mama, útero, cataratas, ortopédicas; de Endoscopia Digestiva Alta e Colonoscopia, à prevençao de Câncer do Aparelho Digestório).",Informatização de toda a Rede Assistencial do Município com a implantação do Prontuário Eletrônico,Realização de melhorias nas instalações internas e externas do Terminal Rodoviário – Severino Camelo.,Realizar melhorias nas calçadas e melhorar a segurança no Centro Histórico
Belo Horizonte,ALFREDO GASPAR DE MENDONÇA NETO,MDB,2020,"Fortalecer e qualificar os Núcleos de Apoio à Saúde da Família (NASF), ampliando as visitas domiciliares para crianças de 0 (zero) a 6 (seis) anos cadastradas no Programa Bolsa Família, integrando as políticas de saúde, assistência social e educação, bem como promovendo ações de orientação para estimular a população a adotar cuidados preventivos",Implantar programa Super Ano na Educação para compensar os alunos da defasagem educacional decorrente da pandemia,"Implantar a Estação Central do Conhecimento, primeira biblioteca pública municipal, para incentivar a leitura e a socialização, promover o conhecimento e a inclusão social, bem como para realizar eventos e encontros culturais","Implantar Casa de Passagem Feminina para o acolhimento de mulheres a partir de 18 (dezoito) anos em situação de rua, abandono, ausência de residência ou em trânsito e sem condições de autossustento","Promover acesso à internet através de pontos de Wi-Fi em territórios vulnerabilizados e nos Territórios de Oportunidades, contribuindo para a inclusão digital;"
Belo Horizonte,CICERO PEREIRA DOS SANTOS FILHO,PC do B,2020,"Auxílio financeiro direcionado para despesas com reformas e construção de imóveis localizados em bairros da periferia e grotas de Maceió, para famílias que cumpram os requisitos de renda e sociais que serão exigidos","Realização de pequenas obras de infraestrutura nos bairros da periferia e nas grotas de Maceió, com exigência de emprego da mão de obra da própria comunidade","Estímulo a realização de eventos, espetáculos e economia criativa, por meio de política de editais e fomento à cultura e aos artistas locais","Contratação temporária em caráter emergencial por parte da Prefeitura Municipal, com foco nos pais ou responsáveis de alunos da rede municipal que sejam cadastrados em programa criado para promover o emprego","Estímulos fiscais, consultoria para criação de novos negócios e estímulos às cooperativas, baseados em Zonas de Desenvolvimento Territorial, com o objetivo de melhor articular as iniciativas e os novos negócios às necessidades e potencialidades do local em que estão inseridos"
Belo Horizonte,CORINTHO ONELIO CAMPELO DA PAZ,PMN,2020,O incentivo ao uso de bicicletas e a recuperação de calçadas serão ações iniciais do governo,Implantação de corredores de transportes coletivos e transporte em geral é essencial para o disciplinamento do trânsito e facilidade na mobilidade,A recuperação e implantação de melhorias na rede de mercados públicos será fator fundamental para a criação de postos de trabalho e qualidade na comercialização dos produtos para os maceioenses,recuperar os espaços abandonados e deteriorados e a construção de novos espaços direcionados para o bem estar das pessoas,"através de convênios e parcerias com Universidades e outras entidades será levado conhecimento técnico a população, especialmente para os adolescentes da periferia"
Boa Vista,DAVID CABRAL DAVINO FILHO,PP,2020,TORNAR OBRIGATÓRIA O FORNECIMENTO DA MERENDA ESCOLAR ESPECIAL PARA OS ALUNOS PORTADORES DE ALTERAÇÕES DE SAÚDE,CRIAR O PROGRAMA “SAÚDE AO SEU ENCONTRO” ATRAVÉS DA INSTITUIÇÃO DE MUTIRÕES DE ATENDIMENTOS NOS BAIRROS PARA AFERIÇÃO DAS CONDIÇÕES DE SAÚDE E UTILIZAR UNIDADES MÓVEIS DE CONSULTÓRIOS COM O OBJETIVO DE AGILIZAR O DIAGNÓSTICO E TRATAMENTO DAS DOENÇAS,"REALIZAR BUSCA ATIVA NAS LOCALIDADES DE DIFÍCIL ACESSO PARA AMPLIAR O NÚMERO DE FAMÍLIAS BENEFICIADAS COM OS PROGRAMAS BOLSA FAMÍLIA, BENEFÍCIO DE PRESTAÇÃO CONTINUADA, HABITAÇÃO POPULAR, TARIFA SOCIAL DE ENERGIA E ÁGUA E PRIORIDADE PARA VAGAS EM CRECHES E PRÉ-ESCOLA","CRIAR O PROGRAMA RONDA COMUNITÁRIA, DISPONIBILIZANDO VIATURAS E MOTOCICLETAS PARA GUARDA MUNICIPAL PARA ATUAR NOS BAIRROS DE MAIOR INCIDÊNCIA DE VIOLÊNCIA, A FIM DE ACELERAR O PATRULHAMENTO LOCAL COMO MEDIDA DE SEGURANÇA PARA O CIDADÃO E APOIO AO EFETIVO DA POLÍCIA MILITAR;","ESTRUTURAR O MANUAL DE INVESTIDORES PARA A CIDADE DE MACEIÓ, DESTACANDO O POTENCIAL DO SETOR TURÍSTICO DO MUNICÍPIO NA BUSCA DE ATRAIR NOVOS INVESTIDORES"
Boa Vista,JOÃO HENRIQUE HOLANDA CALDAS,PSB,2020,"Acelerar a informatização da saúde com a implementação do prontuário eletrônico e Cartão SUS, promovendo a integração de todas as unidades, inclusive as administradas pelas Organizações Sociais. Promover o compartilhamento de dados e informações dos pacientes, melhorando a resolutividade do sistema, facilitando a referência e contrarreferência entre as unidades e evitando a duplicação de exames e procedimentos que encarecem e sobrecarregam o sistema de Saúde","Com o valor remanescente dos Precatórios do FUNDEF, criar o Novo Fundo Municipal de Educação, que preservará o principal desses recursos e realizará investimentos em infraestrutura e em pessoal, observando também os profissionais de apoio na educação","Criar o programa “De volta à escola”, uma busca ativa, através de agentes da educação, em parceria com os conselheiros tutelares, de alunos que tenham abandonado ou estejam fora do sistema público de ensino, especialmente em decorrência da Pandemia","Criar o Fórum Permanente de Diálogo com Servidores, com a sua composição formada por órgãos de controle, representantes dos servidores e o próprio prefeito pessoalmente, para estabelecer diálogo perene, transparente e ético com os colaboradores do município","Construir, liderar e coordenar a rede alagoana intermunicipal de empresas de base tecnológicas, junto com os cinco maiores municípios do estado"
Boa Vista,JOSAN LEITE PEREIRA BARROS,PATRIOTA,2020,Implantar polo tecnológico no bairro de Jaraguá com o objetivo de geração de novos negócios e busca de inovação,Criar um novo padrão de terminais de ônibus e abrigos utilizando também a tecnologia de cidades inteligentes,"Criar bairros planejados, visando o crescimento ordenado da cidade e geração de novas opções habitacionais para a população","Avaliar periodicamente a manutenção e conservação das estruturas físicas e da substituição dos mobiliários das unidades de saúde, para garantir melhor segurança e bem-estar no atendimento","Promover, facilitar e servir de ponte de ligação e conexão para unir as universidades e academias locais com as academias internacionais através de convênios de intercâmbio, objetivando trazer tecnologia, o aprimoramento e novos conhecimentos, mas também e principalmente, apresentar o destino Maceió no mundo como forma de promover o turismo na nossa cidade"
Boa Vista,JOSÉ CÍCERO SOARES DE ALMEIDA,DC,2020,Garantir a utilização dos espaços físicos e pedagógicos das escolas públicas municipais pela comunidade durante o final de semana,"Fusão da Guarda Municipal com a SMTT (Secretaria Municipal de Transporte e Trânsito) com o objetivo principal de que em parceria com a Polícia Militar, dar uma melhor segurança à população alagoana.","Acabar de uma vez por todas com a fábrica de multas através do sistema de monitoramento que há tanto tempo, ou seja, que durante os últimos oito anos têm penalizado a população alagoana, o monitoramento será utilizado simplesmente para ajudar a polícia e a própria SMTT com imagens que possam contribuir para que tenhamos mais segurança e fluidez no trânsito de Maceió, menos punir a população","Revisar os contratos das empresas prestadoras de serviço para que prestem um serviço de qualidade à nossa população, ao tempo que nos primeiros dias de nossa administração vamos implantar o projeto “Cidade Limpa”, acabando com todos os lixões que lamentavelmente hoje se vê em cada esquina, além de um trabalho educativo a ser feito com a população, para que Maceió possa votar a sorrir de verdade","Investimentos em todas as áreas da Saúde, incluindo a construção de um Hospital Municipal"
Boa Vista,LENILDA LUNA DE ALMEIDA,UP,2020,"Incentivar empreendimentos solidários, fomentar cooperativas de trabalhadores e fornecer qualificação profissional aos trabalhadores. Incentivar segmentos como: pesca artesanal, agricultura familiar, artesanato, corte e costura, catadores de materiais recicláveis, entre outros","Investir no Centro Regional de Referência em Saúde do Trabalhador (Cerest), cuja finalidade é fiscalizar o cumprimento das normas de saúde no ambiente de trabalho, antecipando-se a eventuais problemas e, assim, preservando a integridade física dos trabalhadores e evitando mais gastos com tratamentos de saúde. O Cerest também presta apoio nos processos de confirmação de acidentes, doenças e agravos decorrentes do trabalho e acompanha, com médicos especialistas, trabalhadores que já estão em tratamento","Implantar em todos os bairros e comunidades hortas comunitárias (alimentar e medicinal) como um dos meios para garantir a segurança alimentar e nutricional. Estimular a comercialização de alimentos livres de agrotóxicos e da agricultura familiar, com apoio a feiras nos bairros;","Promover uma profunda Reforma Urbana, que democratize o espaço da cidade. Garantir que imóveis e terrenos desocupados sejam destinados à eliminação do déficit habitacional. Investir em obras de infraestrutura urbana que visem a uma maior integração da cidade, pondo fim à divisão entre a cidade dos ricos e a cidade dos pobres. Em síntese: utilizar os recursos públicos para superar a segregação social e espacial da cidade, criando frentes emergenciais para obras de infraestrutura nos bairros pobre","Promoção de Saúde da População Negra. Objetivo: Garantir mais acesso e melhor tratamento da população negra na saúde pública, combatendo a discriminação racial e promovendo igualdade substancial"
Boa Vista,MARIA VALERIA COSTA CORREIA,PSOL,2020,programa ausente,,,,
Boa Vista,RICARDO SÉRGIO BARBOSA DE OLIVEIRA,PT,2020,"Ampliar a utilização da rede municipal de saúde como Rede-Escola, uma rede de formação dos estudantes de cursos da área da saúde, com ênfase no atendimento do SUS, e formação permanente dos profissionais de saúde da rede","Implantar e incrementar programas de robótica com a criação de laboratórios de robótica, programas como Fab Lab (educação) e programas de inovação de maneira a reduzir as taxas de reprovação e de abandono do ensino fundamental do município","transporte de massa. Com mais de 1 milhão de habitantes, já passou da hora de se implementar um transporte de massa nos grandes eixos de Maceió, permitindo uma condução rápida e eficaz de um grande número de pessoas. Esse modal pode ocorrer com a implementação de um metrô subterrâneo vencendo as avenidas Fernandes Lima e Durval de Góes Monteiro, um metrô de superfície pelo vale do Reginaldo, um metrô subterrâneo na avenida menino Marcelo, ou a implantação de 3 linhas de metrô nesses três eixos importantes da cidade.","Implementar uma política de acesso à terra/imóveis para produção de habitações populares (HIS): aquisição de imóveis no centro e bairros com infraestrutura, equipamentos e emprego para produzir HIS com recursos do orçamento municipal e dos programas dos governos federal e estadual","Projeto Guardiã Maria da Penha, em uma parceria entre as secretarias de segurança urbana, secretaria de promoção das mulheres e o ministério público, com vistas à proteção contra todas as formas de violência e o feminicídio em Maceió"
Boa Vista,ADRIANA SAUTHIER ACCORSI,PT,2020,Atrair os fornecedores das atuais empresas industriais para se instalar na cidade,"Compras públicas – tratamento preferencial às micro e pequenas empresas e às iniciativas de economia solidária locais, a exemplo da aquisição de produtos da agricultura familiar para a alimentação escolar","Programa Cidade cuidará da sua Maioridade: Dentre as políticas de atendimento à população da maioridade, serão planejados locais de moradias com políticas multissetoriais e equipes multidisciplinares, com residências que dêem às pessoas idosas a dignidade humana integralizada ao espaço urbano e de fácil acesso aos equipamentos já existentes.","Aumentar progressivamente a coleta e o tratamento de esgoto, mantendo rigorosa separação entre águas pluviais e esgoto",Expandir e quali car o atendimento odontológico que apresenta baixa cobertura atualmente (menos de 20%). Quali car as ações de atenção individual e coletiva para crianças e adolescentes nas escolas;
Boa Vista,ALYSSON FRANCISCO DE LIMA,SOLIDARIEDADE,2020,Premiações serão oferecidas para equipes ou agentes da guarda que conquistarem resultados práticos sobre a redução de índices de criminalidade no perímetro de um prédio Público.,Criação do departamento de compliance em todas as secretarias e repartições do município.,Criação de uma agência de fomento dentro da estrutura de Secretaria Municipal de Agricultura Familiar. Abertura de linhas de créditos para os pequenos agricultores e suas famílias que produzem dentro de um contexto de agricultura familiar,Criar um projeto de apoio emergencial para os desempregados devido à crise gerada pela covid-19. Trazer núcleos que desenvolvam programas de capacitação e encaminhamento para o mercado de trabalho.,"Concessão de incentivos para empresas de tecnologia e de serviços para se instalarem no centro de Goiânia ou em outras áreas, bem como atrair empresas e investimentos privados para os quatro poios econômicos"
Boa Vista,ANTÔNIO VIEIRA NETO,PCB,2020,"Assegurar a autonomia das empresas estatais, sob o controle social, desvinculada dos governos, tendo em vista orientá-las em favor das demandas das camadas populares e protegê-las da corrupção política e econômica.","O Plano Diretor é ponto central no processo de democratização da tomada de decisões na escala municipal. Nesse sentido, o PCB propõe uma ampla consulta a população, usando referendos e plebiscitos, diálogo com as associações de bairro e através de amplo processo de mobilização da população para a constituição de assembleias populares a serem realizadas nos bairros.","Estatização plena de todo o sistema educacional público goiano, conferindo autonomia financeira, política, administrativa e pedagógica às instituições educacionais em seus diferentes níveis e modalidades, colocando-as sob controle dos trabalhadores, a partir da criação de Conselhos Populares, eleitos entre os profissionais da área e usuários, com mandatos imperativos e com autonomia para a definição, administração e organização das políticas educacionais","Revogação de medidas e iniciativas que tenham como objetivo o repasse dos serviços de saúde para as mãos da iniciativa privada, particularmente a gestão pelas Organizações Sociais (OS’s), bem como a eliminação da terceirização nas atividades meio e fins na saúde pública, tendo em vista que os referidos serviços devem ser constitucional e integralmente prestados pela administração pública por meio dos seus servidores.","Passe Livre estendido imediatamente aos estudantes, aos desempregados e às populações em estado de vulnerabilidade social."
Boa Vista,CRISTIANO DE MORAES CUNHA,PV,2020,Concretizar a despoluição do Rio Meia Ponte,Aplicação do IPTU Verde para separação do lixo residencial,"Desapropriaçã do imóveis públicos que estão abandonados em Goiânia, para fins sociais relacionados a Educação, Esporte e Lazer",Fiscalizaçao dos contratos das Organizações Sociais de Saúde (OS),Valorização dos feirantes e da produção orgânica/agroecológica
Campo Grande,ELIAS VAZ DE ANDRADE,PSB,2020,"Dentro do próprio efetivo da Guarda Municipal criar patrulhas para criar vínculos com comunidades periféricas, em conjunto com a assistência social do município, para identificar situações de extrema vulnerabilidade social e garantir a execução de ações mitigadoras.",Ampliar a adoção de veículos movido por energia limpa,Fortalecer o programa de compras para a Alimentação Escolar como estratégia de fortalecimento da Agricultura Familiar.,Criar programa de visitas domiciliares dentro Programa de Saúde da Família e do Estratégia Saúde da Família visando combate da dengue e testagem para COVID-19,"Desenvolvimento de oficinas de capacitação e formação, com parcerias com universidades e escolas locais para desenvolver ações que possam aumentar o índice de empregabilidade do cidadão, como cursos online e presenciais de inglês, de espanhol, de programação, de certificações profissionais na área de tecnologia, de gastronomia, marketing digital, e de outras capacidades profissionais que incluam o cidadão goianense na economia do século 21"
Campo Grande,FABIO ANTONIO DE OLIVEIRA JUNIOR,UP,2020,Destinar imóveis vazios para fins de moradia popular,Criar o “Programa de Coleta Solidária” para estimular o descarte consciente dos resíduos sólidos e promover o desenvolvimento de cooperativas de catadores de material reciclável com o objetivo de desenvolver práticas de Economia Solidária e ação de cooperativismo popular,Implantar programas que visem o atendimento em casa de indivíduos que possuem dificuldade de locomoção: “Remédio em Casa” e “Fisioterapia em Casa”,Estabelecer auxílio financeiro a mães adolescentes em situação de vulnerabilidade econômica;,"Criação do programa “Escola Aberta” com o objetivo de garantir em cada escola a educação laica, com equipamentos tecnológicos, fornecimento de materiais escolares para alunos baixa-renda, valorização das histórias indígena, negra e regional, ensino de artes, xadrez, educação física, e alimentação para os estudantes e educadores, a partir das hortas comunitárias e agricultura familiar, além de possibilitar a integração da escola com a vida social dos bairros;"
Campo Grande,GUSTAVO GAYER MACHADO DE ARAUJO,DC,2020,Redução em 25% dos servidores lotados em cargos comissionados no município,"Atração de empresas no setor de entretenimento, visando o aumento de ofertas de locais que exploram a vida noturna na cidade",Parcerias com a iniciativa privada e com a concessionária Enel Distribuição Goiás para a troca do parque de iluminação pública para lâmpadas de LED,Propor parcerias com a iniciativa privada tais como a isenção de taxas para empresas que investirem nas creches e pré-escolas municipais,"Apresentação na Câmara Municipal de Projeto de Lei que institua o programa “Escola sem Partido” e a vedação do ensino de ideologia de gênero nas escolas, visando o combate a manipulação ideológica na rede municipal de ensino e a invasão do professor na formação sexual e moral do estudante, bem como a manipulação psicológica de nossos filhos"
Campo Grande,HEMANUELLE DI LARA SIQUEIRA JACOB,PSOL,2020,programa ausente,,,,
Campo Grande,JUNIO ALVES ARAUJO,PSL,2020,"Elaborar e implantar um Plano Diretor de Logística, com foco em tornar o município um centro de referência na cadeia de transporte e logística voltado ao agronegócio",criar o Goianiatec de incentivo para turmas de ensino técnico para jovens e adolescentes para que possam sair da escola já com uma função social a desempenhar,"O aplicativo “Escola Segura” vai proporcionar uma maior segurança para estudantes, professores e administradores dos colégios municipais e estaduais localizados no município de Goiânia, já que um a clique no celular será possível acionar a Guarda Civil metropolitana (GCM), a Polícia Militar (PM) ou o corpo de Bombeiros, de acordo com o que ocorrer no local","Implantar o “Projeto Isaías 55” que mudará a forma como o cidadão necessitado vive no município de Goiânia, proporcionando mantimento para todos","Bilhete integrado, pagando uma vez tera a possibilidade de utilizar qualquer forma de transporte para se locomover durante um prazo, reduzindo o valor da tarifa para ao usuário do tranporte"
Campo Grande,LUIZ ALBERTO MAGUITO VILELA,MDB,2020,"Implantação de iniciativas voltadas para saúde de mães e bebês, visando a: melhoria da qualidade do pré-natal, com garantia de acesso ao parto e a consulta puerperal precoce; saúde da criança, com monitoramento e acompanhamento (Aplicativo Criança Goianiense) do processo de desenvolvimento das criança da faixa etária de 0 a 24 meses",Condomínios com sistemas de câmeras de vídeo serão obrigados a ter parte do equipamento monitorando as ruas,Implantar programa de estímulo ao empreendedorismo feminino com capacitação gerencial e orientação financeira. Mulheres Empreendedoras. Trata-se de uma Rede digital de apoio e fomento ao empreendedorismo feminino. Esta rede irá capacitar e qualificar mulheres para atuar como agentes de transformações sociais,"Trabalhar para ampliar o nível de emprego e renda no setor têxtil, incentivar com inovação a capacitação da mão de obra – com cursos desde costura, criação, modelagem, designer e até vendas, além de um programa voltado à aquisição de máquinas para o pequeno produtor melhorar o seu parque industrial.",Inserção da população em estado de vulnerabilidade no corpo de trabalhadores das obras civis.
Campo Grande,SAMUEL GUILSIMAR ALMEIDA,PROS,2020,"política de padronização, harmonização e estética visual das redes aéreas de energia elétrica, telefonia, internet e tv a cabo",fortalecimento e desenvolvimento da economia criativa,"plano com critérios ambientais para poda, arborização e ambientação verde da cidade","criação, produção, distribuição e consumo de bens e serviços • microcréditos • incentivos fiscais • incubadoras para micro e pequenos empreendedores • centros de processos produtivos (moda, móveis, design, gastronomia, artesanato, tecnologia, etc.)",interação e integração entre escola e família
Campo Grande,TALLES ALVES BARRETO,PSDB,2020,"Ampliar o programa Médico da Família dos 30% atuais para 100% das famílias, com migração para o sistema de SAÚDE DA FAMÍLIA, de múltiplas especialidades, com mapeamento, controle, tecnologia e política pública de medicina preventiva","Implementar nova mentalidade para o transporte público escolar, atingindo 100% das famílias atendidas pela rede pública municipal escolar","Criar guarda municipal exclusiva para o transporte para segurança nos ônibus, pontos de parada, terminais e vias de acesso às linhas de transporte.",Compor e liderar grupo de discussão metropolitana com base em formação de fundo financiador que traga conforto para os prefeitos,"Apostar na vocação de Goiânia como Capital turística, cidade jovem, hospitaleira, referência em diversos segmentos"
Campo Grande,VANDERLAN VIEIRA CARDOSO,PSD,2020,Criação de plataforma virtual de ensino à distância como forma de inclusão educacional e ferramenta complementar de aprendizagem,Firmar parcerias com o Sistema “S” para promover e fomentar a qualificação profissional dos jovens e adultos para o aperfeiçoamento profissional;,"Implantar o Programa de Recuperação Ambiental do Município de Goiânia, no intuito de diminuir uma série de degradações ambientais pela disposição irregular e clandestina de Resíduos de Construção Civil e Demolição (RCD)","Implantação do programa Via Rápida Empresa, que reduz o prazo de registro e legalização de empresas na cidade","fortalecer a atuação em segurança primária para atacar as causas do aumento dos indicadores criminais, que podem ser diminuídas com enfrentamento causal como: evasão escolar, fortalecimento de oportunidades de emprego, revitalização urbana, ampliação do aparelho público destinado a elevar o nível social da sociedade goianiense, com foco nos bolsões de problemas diagnosticados"
Campo Grande,VINÍCIUS GOMES DA PAIXÃO,PCO,2020,programa ausente,,,,
Campo Grande,VIRMONDES BORGES CRUVINEL FILHO,CIDADANIA,2020,"Incentivar a cultura do empreendedorismo nas escolas municipais, com conteúdos relativos à economia criativa, programação, design, entre outros.","Criar o programa Compra Local, com foco nas chamadas cadeias curtas, incentivando a população a adquirir produtos do mercado local e estimulando grandes empresas a adquirir matérias-primas e insumos das médias e pequenas empresas locais.","Investir na recuperação e revitalização do centro e regiões com potencial de atração turística, criando polos culturais e espaços de lazer.",Compromisso pela manutenção do processo de democrático de escolha dos diretores das Unidades Educacionais,Criar o Observatório da Economia Criativa para mapear e estabelecer informações e indicadores
Campo Grande,ALOIZIO PENIDO BERTHO,PTC,2020,"A diretriz para a política educacional inclui a matrícula de estudantes com deficiência nas escolas comuns, pois acreditamos que os estudantes com deficiência precisam estar em convivência com alunos não deficientes.",Viabilizar a utilização de ônibus equipados para levar Saúde aos bairros e assistência aos idosos,"Expandir a Rede de Atenção à Mulher, à Criança e outros grupos de risco, ampliando as ações para a saúde sexual e reprodutiva, para o acesso ao pré-natal habitual e de risco, para o parto seguro, cuidados com o recém- nascido e assistência ao puerpério,","aumentar a qualidade do ensino público municipal em parceria com as instituições educacionais particulares a fim de garantir a todos os estudantes o acesso à escola de qualidade, sua permanência, bem como a habilidade de ler e escrever aos 6 anos, além das competências básicas dos cálculos matemáticos e resolução de problemas até os 8 anos","Os ônibus deverão oferecer acessibilidade, assentos estofados, ar condicionado, TV e internet sem fio para atrair os usuários de automóvel particular para o transporte coletivo obedecendo as orientações dos órgãos de saúde."
Campo Grande,EDUARDO VIEIRA HONORIO DA PAIXAO LUCAS,DC,2020,programa ausente,,,,
Campo Grande,FERNANDO LUIZ ELIOTERIO,PC do B,2020,Efetivação de uma política educacional que garanta o ensino da história e cultura africana,"Fortalecimento dos conselhos escolares e dos conselhos municipais de educação e de outros fóruns de controle social, e da relação com os sindicatos de trabalhadores da educação e entidades estudantis.","Criar e fortalecer fundos públicos para fomentar a produção pública, independente, comunitária e de conteúdo jornalístico profissional independente","Implantar, nas periferias, centros esportivos, quadras, campos, pistas, rampas e outros espaços para a prática de atividade física, de modalidades esportivas tradicionais e também dos chamados esportes urbanos (skate, patins, ciclismo, slackline)",Garantir acesso das mulheres à titularidade de lotes e casas com criação de programas voltados para mulheres de baixa renda.
Cuiabá,IONE MARIA MOREIRA DIAS BARBOSA,REPUBLICANOS,2020,"Criar o Projeto “Escola Segura”, através dos pressupostos e fundamentos de Polícia Comunitária, fomentando uma maior e necessária integração e interação entre a Guarda Municipal e Escolas Municipais, Estaduais e Particulares.","Aperfeiçoar a Escola de tempo integral, elevando a oferta de vagas e aprimorando o atendimento desta modalidade de ensino.","assegurar edições sucessivas da LEI MURILO MENDES de incentivo à cultura, procurando aumentar a cada exercício o valor destinado ao fundo municipal. Fazer cumprir dentro do mesmo ano todo o seu calendário desde o lançamento do edital até a liberação do recurso incentivado.",Reformar e melhorar infraestrutura da feira livre em parceria com a Associação dos Feirantes,"Proteger integralmente os Mananciais Hídricos de Juiz de Fora é tarefa impostergável, o que imporá, desde logo, a formação de uma Comissão Técnica para analisar a situação destes reservatórios, com especial ênfase para a Barragem de Chapéu D’uvas, hoje responsável pelo abastecimento de cerca de 40 (quarenta) por cento da Cidade de Juiz de Fora."
Cuiabá,LORENE FIGUEIREDO DE OLIVEIRA,PSOL,2020,"Articular para criação de projeto de lei que preveja incentivos para contratação de pessoas egressas do sistema prisional, bem como percentual de contratação de pessoas egressas em editais de licitação da prefeitura municipal e outros órgãos públicos, bem como outras políticas afirmativas pautadas nos marcadores de identidade","Convênio da PJF com as universidades públicas, MST e demais movimentos sociais para a execução de programas que visem o fomento da agroecologia e da reciclagem, com o objetivo de criação de possibilidades de renda e emprego para as pessoas desempregadas, bem como, a defesa de uma alimentação mais saudável que priorize os alimentos orgânicos e de uma cidade menos poluente.",Reduzir cargos comissionados e priorizar a realização de concursos públicos para contratação de pessoal,"Investir em equipamentos (salas e quartos) que facilitem o parto humanizado, com perspectiva de retomar a Casa do Parto na cidade","Ampliação das casas abrigo e criação de uma rede entre elas como meio de garantir atendimento às mulheres e crianças. Defesa das casas abrigo como medida imediata de intervenção nos casos de violência contra a mulher, vinculado ao devido procedimento em relação aos agressores (punição, afastamento, prisão);"
Cuiabá,MARCO ANTONIO FELICIO DA SILVA,PRTB,2020,"Adotar a estratégia de Gestão da Saúde através de Consórcios Públicos com os municípios vizinhos, otimizando recursos da Saúde na região e oferecendo melhores condições aos cidadãos de cidades vizinhas que precisam usar o sistema de saúde de Juiz de Fora, tornando o município em um polo regional da Saúde.","Implementar novos programas focados na terceira idade, como a capacitação de profissionais cuidadores, programas de exercício utilizando espaços públicos a fim de ampliar a rede de cuidado ao idoso.","Instituir a escola Cívico-Militares, inspiradas pelo modelo adotado pelo Governo Federal com ênfase nos valores da disciplina, respeito e estímulo à educação, cultura e esportes.","Realizar a conexão entre diferentes modais, colocando o transporte particular em conexão com o transporte público. Ciclovias deverão ligar as estações aos centros produtivos, ônibus circulares de pequeno porte farão a complementação do transporte público.","Será fomentada a instalação e o desenvolvimento de startups de tecnologia através de parcerias com universidades/faculdades, já que a cidade possui um potencial nato para a criação de empresas de base tecnológica, contando com universidades e faculdades públicas e privadas."
Cuiabá,MARCOS ANTONIO ALBANO RIBEIRO,REDE,2020,"Ampliar a lista de medicamentos e informatizar o processo de gestão do estoque (o cidadão poderá consultar por aplicativo, qual medicamento está disponível e em qual Unidade de Saúde e/ou Farmácia do Sistema Municipal de Saúde",Atuar proativamente para incluir Juiz de Fora nos primeiros lotes da vacina contra a COVID-19,"Criar um programa de acesso universal aos conteúdos e plataformas de educação on line, de modo a colocar os alunos da rede municipal de ensino inseridos nessa nova plataforma de estudos","Elaborar, em parceria com a Câmara Municipal, lei de incentivo ao uso do Gás Natural Canalizado, em regiões atendidas pelas redes da Gasmig, de forma a reduzir a circulação de caminhões nesses locais, e, consequentemente reduzir as emissões de gases nocivos e riscos de acidentes;","Atuar junto às operadoras para a cobertura de sinal de internet em 100% do município, inclusive nos distritos, Zona Rural e em bairros mais afastados"
Cuiabá,MARIA MARGARIDA MARTINS SALOMÃO,PT,2020,"Direito ao deslocamento seguro, com o sistema viário priorizado para as viagens por transporte coletivo, a pé ou de bicicleta.","Direito a equipamentos públicos de cultura, lazer, educação, saúde nas cercanias da moradia. Acesso à equipamentos públicos em qualquer lugar da cidade, sem discriminação ou constrangimento.","Nossas políticas e nossos projetos de sociedade estão voltados à justiça social e a garantia de liberdade para todos. Por isso somos um partido que defende o socialismo democrático. A nossa coligação entende que a garantia de direitos, por meio da realização de políticas sociais, é essencial para diminuir os efeitos das desigualdades estruturais produzidas pelo capitalismo e melhorar a vida das pessoas.","A nossa coligação irá assegurar, em sua experiência de governo, a primazia do Estado na condução das políticas públicas, para isso será necessário investir em tornar a Prefeitura capaz para realizar o planejamento e a gestão das políticas públicas, criando canais de participação na sua formulação, monitoramento e controle social.","Direito à moradia digna dotada de saneamento básico – água encanada, rede de esgoto, coleta de lixo, drenagem das águas pluviais."
Cuiabá,SHEILA APARECIDA PEDROSA DE MELLO OLIVEIRA,PSL,2020,"Realização de estudo, com ampla participação da sociedade civil e de órgãos de proteção animal para ampliação do canil municipal e construção de hospital veterinário e cemitério municipal para animais de pequeno porte",Realização de parcerias para viabilizar a implantação do Botão do Pânico em Juiz de Fora,"Incentivo à criação, por empresas de software, de aplicativos para celulares que facilitem a vida do cidadão em Juiz de Fora, ao mesmo tempo em que incentiva o surgimento de um ambiente criativo, inovador e empreendedor na região","Busca por parcerias privadas e financiamento para a construção de um shopping popular, para desenvolvimento econômico e trazer dignidade aos vendedores ambulantes e consumidores","Implantação do Projeto Mais Genética no município, melhorando a qualidade do gado leiteiro dos pequenos produtores rurais, gerando mais produtividade e renda"
Cuiabá,VICTÓRIA DE FÁTIMA DE MELLO,PSTU,2020,Salário dos vereadores deve ser no valor do salário de uma professora ou um operário especializado. Isso evitaria que pessoas continuassem entrando para a vida política com o objetivo de se enriquecer,Reativação do trem urbano,"Concurso público para o ensino infantil, anos iniciais do ensino fundamental, todas as disciplinas dos anos finais, pedagogas e secretários escolares, com imediata nomeação descriminalização do consumo das drogas, que é a melhor maneira de acabar com o submundo do tráfico",Dissolução dos batalhões de choque e da cavalaria que visam reprimir manifestações públicas,"gestão pública das UPAS, sob controle dos trabalhadores"
Cuiabá,WILSON REZENDE FRANCO,PSB,2020,"Promover e valorizar o carnaval, com desfiles no calendário normal, em local previamente definido, tendo um projeto de visão ampla do assunto, e que no futuro ele seja autossustentável","Estabelecer parcerias com o Sistema Prisional, para que os internos possam produzir bens para a municipalidade, como carteiras escolares, merenda e etc","Criar um sistema de autodeclaração (cadastro voluntário), para que os proprietários reconheçam e informem o atual e real valor dos imóveis","Desenvolver adequado projeto para a avenida Getúlio Vargas, viabilizando a circulação exclusiva de ônibus e a utilização do espaço para o Carnaval no calendário normal, e como área de lazer em alguns domingos ou feriados.","Fazer uma ciclovia na margem do Paraibuna, de Benfica ao Poço Rico. Promover programas contínuos de educação específicos para proteção e bem estar animal no Município."
Curitiba,ANTONIO CIRILO FERNANDES BORGES,PRTB,2020,"Modernizar o sistema e compras e contratos com a criação da Agenda de Compras Anuais, atendendo todas as demandas da gestão municipal. Esta ação tem como finalidade identificar sempre em meados do ano anterior todas as necessidades de compras para os serviços públicos oferecidos no ano seguinte, com a padronização dos procedimentos técnico-jurídicos de instrução de processos, a maior segurança aos servidores e licitantes e o fomento da transparência pública em todos os processos de compras, aquisições e contratações da Prefeitura de Macapá",Elaboração e implementação de um projeto de utilização racial dos caroços de açaí para outras finalidades econômicas reduzindo os impactos ambientais e gerando renda aos beneficiadores,"Busca a criação de um panorama que aproxime a juventude da administração pública. O projeto visa oportunizar que estudantes do ensino fundamental, médio e superior tenham experiências no que tange a gestão pública, além de promover e incentivar ações sociais no entorno das escolas e instituições de ensino. Através do projeto, será possível a troca de informações, visto que a prefeitura dialogará com a sociedade civil, que trará suas necessidades a administração pública.","Elaborar um projeto de acompanhamento do processo de alfabetização das crianças campo, de assentamentos, extrativistas, indígenas, negras, quilombolas e ribeirinha","Criar o fundo municipal de amparo à comunidade LGBT+, que será gerido pela coordenadoria municipal dos direitos LGBT+, de acordo com a demanda e necessidade definidos através de diálogo com a sociedade civil e conselho representativo."
Curitiba,ANTONIO PAULO DE OLIVEIRA FURLAN,CIDADANIA,2020,Criar o agendamento on line para atendimentos dos serviços eletivos nas unidades de saúde,Criar a linha itinerária que interligue os atrativos da cidade do Curiaú à Fazendinha em ônibus de 2 andares.,Criar o polo permanente de desenvolvimento da Economia criativa e o festival de economia criativa de Macapá:,Implantar e aperfeiçoar o sistema de eleição diretas para equipe gestoras das Escolas de ensino fundamental,Criar o Museu do Índio
Curitiba,GIANFRANCO GUSMÃO DE AZEVEDO,PSTU,2020,não haverá altos salários e despesas superficiais com áreas não essenciais como propaganda etc. Os gastos serão enxugados e todos divulgados no portal da transparência.,Fim da saúde privada: A defesa do SUS é prioridade. Nos limites da prefeitura será promovido o necessário para o funcionamento de acordo com as normas e anseios do povo pobre,"Creche em tempo integral, com ensino de qualidade e segurança para as famílias","Amplo plano de obras públicas voltado para saneamento básico, segurança e infraestrutura. Focado nos bairros periféricos onde vive a maioria da classe trabalhadora em Macapá","para organizar o transporte público na cidade é preciso municipalizar, sob controle de estudantes e trabalhadores. Toda a organização estará sob controle da Prefeitura (linhas, rotas, bilhetagem) e estudantes participarão das decisões junto com os trabalhadores rodoviários. A execução do serviço será diretamente pelo município."
Curitiba,GUARACY BATISTA DA SILVEIRA JÚNIOR,PSL,2020,Instalar um porto hidroviário digno para a Cidade de Macapá,"Criar selo orgânico para hortifrúti produzidos em Macapá e seus Distritos, como estratégia para agregar valor aos seus produtos e contribuir com a saúde da população",Fortalecer o Programa Mais Médicos,"Estabelecer parcerias com entidades públicas e privadas, nacionais e internacionais, neste último caso, buscando parcerias junto à União Europeia em face da fronteira de nosso Estado com a Guiana Francesa e com os bancos mundiais e nacionais públicos e privados;",Premiar as escolas que ultrapassarem as metas IDEB
Curitiba,HAROLDO IRAM GOMES DA SILVA,PTC,2020,"UBS INFORMATIZADAS, essa ferramenta estará disponível para todo o municípe macapaense, basta baixar o aplicativo, será uma plataforma móvel e digital para dar maior comodidade e autonomia aos usuários da saúde pública municipal e agilidade aos serviços oferecidos pela UBS.","Vamos recorrer aos programas do governo federal de assistência financeira como o ProInfância para construção, reforma e aquisição de equipamentos e mobiliário para creches e pré-escolas públicas da educação infantil","Daremos prioridade para iniciativa privada através de licitações públicas para as novas obras de revitalização, pavimentação e urbanização das vias públicas de Macapá, ficando a prefeitura responsável a priori pela conservação e manutenção das mesmas","Vamos treinar, capacitar e habilitar a Guarda Municipal em uso de armas de fogo, direção policial, abordagem policial, usando a mesma doutrina e o protocolo que a PRF usa. Quem não seguir o protocolo ou que reza a doutrina no uso de arma letal, direção policial e seguir o protocolo das abordagens policial irá responder, será responsabilizado e penalizado conforme os ditames das leis em vigor.","Iremos acompanhar a LEI DA LIBERDADE ECONÔMICA do Governo Federal, e tudo que for necessário para diminuir a burocracia e a concessão de Benefícios especiais, iremos executar"
Curitiba,JOAO ALBERTO RODRIGUES CAPIBERIBE,PSB,2020,"Desenvolver plano municipal de apoio a formação, aperfeiçoamento e capacitação do servidor público, com foco na construção do conhecimento, criação de soluções inovadoras, disseminação do conhecimento e das boas práticas. Realizar cooperação técnico-operacional, mediante a colaboração com as instituições públicas (municipal, estadual e federal) e as Instituições de Educação Superior. Oferecer cursos de formação, presencial e a distância.","Garantir a participação popular na formulação, execução e acompanhamento dos instrumentos de planejamento do município, e implantar uma sistemática municipal integrada de avaliação das políticas públicas, com vistas ao fortalecimento institucional e administrativo do município. Planejar a cidade de Macapá nos horizontes de médio e longo prazo de forma integrada, descentralizada e participativa por meio de diálogo efetivo com a população","Criar o programa “Aprendizagem Compartilhada: família e escolas unidas pelo mesmo ideal”, para atuar diretamente no enfretamento dos baixos índices de aprendizagem como verificado no IDEB;","será criado o Centro de Apoio Diagnóstico de Imagem e Análises Clínicas, tornando fácil acesso a estes serviços, que emitirão resultados por meio digital para o cidadão e para as unidades de saúde","Criar o Banco do Povo Municipal para executar um programa de microcrédito produtivo orientado e solidário aos empreendedores populares, ao microempreendedor individual (MEI), as micro e pequenas empresas. Também irá implantar o SINE Municipal, que fará a intermediação digital entre os compradores e os prestadores de serviços, gerando oportunidades de trabalho e renda para trabalhadores autônomos."
Curitiba,JOSE SAMUEL ALCOLUMBRE TOBELEM,DEM,2020,"Promover a modernização do sistema municipal de saúde com territorialização do atendimento da estratégia de Saúde da Família, cadastramentos e estratificação de riscos familiares, e geração de ferramentas de gestão, por meio da utilização de instrumentos tecnológicos de gestão (softwares) e aplicativos","Implementar o programa escola mais bonita, visando a estruturação da rede de ensino municipal, com vistas a ampliação e modernização dos equipamentos educacionais de ensino infantil e fundamental, por meio da construção de salas de aula, laboratórios e espaços para práticas esportivas em áreas de escolas já existentes","Criação do Fundo Municipal de Segurança pública para financiar ações, programas e projetos que visem à adequação, à modernização e à aquisição e manutenção de equipamentos e viaturas para a segurança pública","Implantar novos espaços de produção e difusão cultural no município de Macapá, por meio de equipamento como a Escola de Arte Municipal e CEU das Artes Zona Oeste, com instalações inovadoras e acessíveis","Criar o projeto Maria da Penha Vai à Escola, a ser idealizado e executado em parceria com órgãos e entidades que trabalhem com ações de prevenção e combate à violência contra a mulher"
Curitiba,MARCOS ROBERTO MARQUES DA SILVA,PT,2020,Aprofundar o processo de controle social do SUS na gestão do serviço e instituição de processo de gestão participativa,"Fortalecer no município de Macapá o ProJovem, programa Federal destinado a jovens de 18 a 24 anos que estejam fora do mercado formal de trabalho e que não concluíram a 8ª série do Ensino Fundamental;","Criar o programa Municipal de Estímulo à Inovação, alimentado por um fundo municipal de fomento à inovação, desenvolvido em parceria com SEBRAE, CNPq, Financiadora de Estudos e Projetos-FINEP e entidades de representação comercial e industrial, com objetivo de promover inovação, produtividade e sustentabilidade na cidade de Macapá",implantação de um Terminal Pesqueiro,Melhorar as atividades de escoamento da produção agrícola com aquisição de caminhões e embarcações.
Curitiba,PATRICIA LIMA FERRAZ,PODE,2020,"Criar o projeto piloto da primeira escola militar municipal, com a gerência da Guarda Municipal e de militares através de convênio.","Criação do programa Vidas Importam, fornecendo atendimento e acompanhamento psicológico continuo nas Unidades Básicas de Saúde a todo paciente que realizou tentativa de suicídio ou buscou atendimento psicológico.","Aplicar a política de meritocracia, efetivando a promoção e progressão como forma de valorizar os servidores da guarda municipal e aumentar a eficiência, realizando, se for o caso, o aperfeiçoamento da legislação vigente. Bem como fomentar o aperfeiçoamento técnico profissional com incentivos a serem graduados em conformidade com nível acadêmico conquistado (graduação, especialização, mestrado e doutorado).","Criação do projeto Cinturão Verde, que irá dar assistência técnica, fornecimento de insumos, sementes e defensivos agrícolas e transporte para escoamento da produção de todo agricultor que estiver produzindo gêneros alimentícios nos distritos e zona rural de Macapá.","Publicar no portal da transparência do município de Macapá todas as receitas, despesas, convênios repasses e gastos públicos. De forma detalhada e atualizada, tornando o cidadão o principal fiscal da eficiência e agente de combate a corrupção."
Curitiba,PAULO CESAR LEMOS DE OLIVEIRA,PSOL,2020,Expandir o processo de consulta à população com vista a priorização de políticas públicas ante a necessidade local (Orçamento Popular).,"Criação de rotas cicloviárias e zonas calmas, inserção segura da bicicleta no trânsito da cidade, inclusive com campanhas de respeito às leis de trânsito por parte do ciclista e condutores.","Fortalecer a Policlínica da Unifap, por meio do seu programa curricular dos cursos da área de saúde (medicina, enfermagem, Farmácia, biologia, etc) em estágios na zona rural, de ofertar atendimento de saúde itinerante aos Distritos e comunidades da Pedreira, Bailique, Carapanatuba, Fazendinha e São Joaquim, garantindo ações e serviços oferecidos com atendimentos semanais, às comunidades rurais e ribeirinhas.","Superação das desigualdades educacionais, com ênfase na promoção da cidadania e na erradicação de todas as formas de discriminação. Para isso se ofertará formação centrada na escola, fornecendo e apoiando o uso de material pedagógico para combater a violência instalada na sociedade, dentre elas, o machismo, a homo/ les/ bi/ transfobia e a discriminação racial. Objetiva-se que as escolas municipais possam desenvolver um projeto pedagógico que trabalhe o respeito e a valorização da diversidade cultural existente em nossa sociedade, com programas de formação que visam a ruptura, a exclusão de todas as formas de preconceito e discriminação. A linha deverá ser o respeito às diferenças e às múltiplas formas de aprender, com garantia de atendimento às dificuldades de aprendizagem;","Elaborar Plano diretor de acessibilidade urbanística para cidade de Macapá com eixos a serem diagnosticados nos seguintes eixos: vias públicas, equipamentos municipais, transporte, fiscalização e desafios transversais."
Curitiba,BANDEIRA DE MELLO,REDE,2020,Desenvolver a marca RIO para posicionar a cidade como referência em empreendedorismo e inovação.,"Adotar o ônibus-turismo para facilitar a visita aos pontos turísticos da cidade, promover pacotes de preços com descontos para entrada em museus e outros eventos patrocinados pelo poder público, bem como produzir em parceria com o setor privado um calendário de eventos artísticos e culturais ao longo de todo o ano.","Executar o programa “Auxílio Transporte para o Emprego”, pois o Rio é uma das cidades com maior concentração espacial de empregos e com maior tempo de deslocamento casa-trabalho do Brasil.",Garantir o ensino de História e Cultura Afro-Brasileira e Indígena.,"Oferecer educação financeira para melhoria do padrão de endividamento das famílias, reduzindo a inadimplência."
Curitiba,BENEDITA DA SILVA,PT,2020,Criar o Calendário das comemorações das personalidades negras responsáveis pelas lutas e pela cultura.,"Implantar a Clínica Escola do Autismo, como complementar a educação regular, para os casos mais severos do Transtorno do Espectro Autista (TEA). Criado pela prefeitura de Itaboraí (RJ) em 2014, é uma importante experiência no atendimento de autistas, e já foi replicado em diversas outras cidades do Brasil.","Propor a Lei Cultura Viva (já existente em âmbito federal e estadual), com regulamentação específica, a fim de garantir, através de Editais, o apoio às iniciativas – novas ou já existentes, – desenvolvidas pelos Pontos de Cultura.",Implantar a integração plena BRT – ÔNIBUS – METRÔ – TRENS.,"Realizar a conexão em banda larga na última milha por redes sem fio, com tecnologia 5G, de alta velocidade e já disponível, através de frequências licenciadas pela ANATEL ou por fibra ótica."
Curitiba,CLARISSA GAROTINHO,PROS,2020,Reconstrução da pista do BRT Transoeste.,Ampliar para 3h (três horas) o período em que o passageiro pode utilizar o Bilhete Único Carioca para se deslocar em mais de um ônibus.,Reestruturar e incentivar o circuito de feiras orgânicas da cidade do Rio,Criação de novos pontos turísticos fora do eixo Centro-Zona Sul,Reabrir por completo o Museu Histórico da Cidade do Rio de Janeiro
Curitiba,CRIVELLA,REPUBLICANOS,2020,"Reestruturar o sistema BRT (Bus Rapid Transit) por meio da concessão das estações para a iniciativa privada, reinvestindo todo o capital na segurança e prevenção a vandalismos que afetam sua capacidade de operação.","Implantar política pública de estímulo ao uso de táxis, mediante projeto de lei específico, por meio da geração de créditos ao usuário do aplicativo taxi.rio que poderá ser utilizado em outros serviços municipais, como estacionamentos rotativos e abatimento nas tarifas de remoção de veículos.","Implementar novas linhas do Programa Ônibus da Liberdade especialmente na região de Vargens, Jacarepaguá, Guaratiba e Santa Cruz ( 7ª CRE e 10ªCRE) , ampliando o atendimento às crianças.",Instituir o Memorial e o Museu às vítimas do Holocausto em 2021.,Implantar Programa Vale-Cultura até 2022.
Curitiba,CYRO GARCIA,PSTU,2020,NÃO PUBLICADO,NÃO PUBLICADO,NÃO PUBLICADO,NÃO PUBLICADO,NÃO PUBLICADO
Curitiba,DELEGADA MARTHA ROCHA,PDT,2020,Projeto Merenda Saudável: projeto de substituição progressiva dos alimentos e produtos oferecidos nas escolas por produtos livres de agrotóxico.,"Iniciar a transição para o modelo de ônibus elétricos, substituindo os atuais veículos a Diesel;","Incentivar e investir em desfiles das escolas de samba mirins, reforçando seu caráter pedagógico e sua função social.","Melhorar a drenagem do município visando a diminuição de alagamentos e o lançamento de lixo e esgoto não tratado nos Rios, lagoas e na Baía de Guanabara","Integrar as florestas da tijuca e da pedra branca criando a maior área de preservação, dentro do perímetro de uma cidade, do planeta."
Florianópolis,EDUARDO PAES,DEM,2020,Reduzir os alarmantes níveis de pobreza e indigência na nossa cidade por meio da ampliação dos recursos do programa Cartão Família Carioca e da implantação de novos restaurantes e farmácias populares;,"Recuperar a situação financeira do município e reestabelecer a gestão eficiente da máquina da Prefeitura, voltando a garantir a valorização dos profissionais do serviço público, o pagamento dos salários em dia e a retomada dos sistemas de meritocracia – como por exemplo, por meio do programa Acordo de Resultados.","Melhorar a qualificação dos guardas municipais e reestruturar as atividades de supervisão da rotina diária desses profissionais a fim de que eles atuem de forma mais efetiva na defesa da integridade física e patrimonial dos cidadãos, sobretudo em áreas onde há forte atividade comercial ou um fluxo elevado de pessoas.",Reduzir a enorme diferença de qualidade entre a educação pública e a educação privada na nossa cidade a fim de garantir maior igualdade de oportunidades para todos os jovens e crianças cariocas – independentemente da renda de suas famílias ou se vivem em áreas urbanas ou em comunidades.,"Voltar a dar prioridade aos investimentos sociais da Prefeitura, sobretudo nos bairros da zona norte, da zona oeste e nas comunidades e favelas da nossa cidade – sempre com foco em melhorar a qualidade dos serviços públicos, em recuperar a infraestrutura já existente, e em criar frentes de trabalho para gerar emprego e renda para a nossa população mais necessitada."
Florianópolis,FRED LUZ,NOVO,2020,Avaliações de dois em dois meses para identificar a necessidade de reforço escolar e aplicar este reforço imediatamente. Esta prática permite também identificar necessidades de apoio e capacitação para professores e diretores das escolas.,"Aplicar a tecnologia para reduzir o tempo de espera nos pontos, a ocupação dos assentos, a segurança no trânsito dos ônibus.","Trazer, sem privatizar, a eficiência dos hospitais privados, com gestão e planejamento, para os hospitais públicos. Dá para multiplicar o atendimento por até quatro vezes sem obras e sem gastos, só com planejamento e gestão.",Terminar as obras do BRT Transbrasil e melhorar as condições dos BRTs em funcionamento.,Estabelecer rotina de relacionamento com os pais e responsáveis pelos alunos para reduzir a evasão escolar e criar colaboração para o aprendizado de seus filhos.
Florianópolis,GLORIA HELOIZA,PSC,2020,"Promover seminários e cursos para capacitação dos cariocas ao empreendedorismo e geração de empregos, especialmente em parceria com o SEBRAE e outras instituições correlatas.","Criação de calendário permanente de turismo gastronômico, cultural e de negócios","Transformação da atual Academia da Guarda Municipal em Escola de Governo, com formação dos atuais e futuros Guardas Municipais em tecnólogos em ordem e segurança pública, curso equiparado a nível superior.","Paulatina legalização do transporte alternativo, com combate a qualquer tentativa de cartelização por milícias, reordenando-o e integrando-o ao sistema de transporte primário;","garantia de apoio logístico à Parada LGBT como um espaço democrático e de importância turística, sempre com ordem, para promover a cidade e trazer recursos, assim como as Marchas para Jesus terão o mesmo apoio;"
Florianópolis,HENRIQUE SIMONARD,PCO,2020,Atendimento dos casos de “aborto legal” pela rede pública de saúde.,"Pela estatização do sistema de saúde, com atendimento gratuito a toda a população.",Pela total gratuidade de todos os serviços e produtos que se relacionem com a maternidade.,Assistência económica e social do Estado para as mulheres obrigadas a dar continuidade à gestação indesejada;,"Por um maior investimento nas casas de proteção às mulheres vítimas de agressão doméstica, para que as vítimas possam sair da convivência de seu agressor"
Florianópolis,LUIZ LIMA,PSL,2020,"Dar a destinação prometida aos terrenos públicos hoje ociosos e abandonados, especialmente na Zona Oeste, onde a construção de clínicas da família está prevista em contratos do programa Minha Casa Minha Vida, não executados nas duas últimas gestões municipais.","Mirar também em outras fontes renováveis de energia, como a solar, que tem potencial de exploração sobretudo na Zona Oeste.",Privatizar a Cidade do Samba e o Sambódromo.,"Despoluir a Lagoa da Barra da Tijuca e Canal das Tachas, em parceria com os governos do estado e federal, com a concessão do saneamento da Barra e Jacarepaguá à iniciativa privada, o que permitirá que seja criada ali a nossa Cancún carioca, um novo ponto turístico de beleza sem igual e imenso potencial.","Urbanizar a Favela da Maré e sua margem, na Avenida Brasil."
Florianópolis,PAULO MESSINA,MDB,2020,NÃO PUBLICADO,NÃO PUBLICADO,NÃO PUBLICADO,NÃO PUBLICADO,NÃO PUBLICADO
Florianópolis,RENATA SOUZA,PSOL,2020,"Criar o programa Renda Básica Carioca para garantir um auxílio financeiro permanente às famílias mais pobres da cidade, tendo como objetivo consolidar uma política estrutural de transferência de renda voltada para a erradicação da extrema pobreza e a superação das desigualdades urbanas.","Criar o programa BRT DE GRAÇA, para garantir, até o final do último ano de mandato, a gratuidade nos serviços BRT Transoeste, Transolímpica e Transcarioca, com o objetivo de reduzir o custo de vida das famílias mais pobres da cidade (em especial na Zona Oeste) e dinamizar a economia no entorno dos corredores. Hoje o custo anual do sistema BRT é da ordem de R$350 milhões.","Criar o programa VLT DE GRAÇA, para garantir, até o final de 2022, a gratuidade do serviço, com o objetivo de reduzir o custo de vida de quem trabalha no Centro e na Zona Portuária e dinamizar a economia nestas regiões. Hoje o custo operacional do sistema de VLT é da ordem de R$80 milhões por ano. Este valor será cobrado dos imóveis localizados nas regiões beneficiadas pelo sistema.","Implementar o Programa Rio sem Plástico, com o objetivo de eliminar, gradualmente, a produção, consumo e descarte de plástico e isopor na cidade, estabelecendo metas de curto, médio e longo prazo. Vamos banir, de forma gradual, a produção, comercialização e uso de embalagens e produtos descartáveis feitos de plástico e isopor.","Desenvolver um programa de apoio temporário ao trabalhador desempregado, até que consiga um emprego, oferecendo a ele um valor mensal para trabalhos em prol da comunidade;"
Florianópolis,SUED,PMB,2020,Ampliação da parceria público-privada com a criação da Zona de Atividades Concentradas (ZAC) na Zona Norte e na Zona Oeste do Rio de Janeiro.,Replanejamento dos horários da creche de 06:45 às 19h;,Revitalização dos museus antigos.,Facilitação da criação de creches em bairros para otimizar a cobertura das demandas.,Programa habitacional Uma Mulher um Teto
Florianópolis,BACELAR,PODE,2020,"Promover ações de tolerância religiosa a partir da Cultura do Encontro, da paz e convivência entre religiões, seja em programações específicas, seja em ações permanentes em espaços culturais e educacionais.","Apoiar a circulação de obras de autores baianos, tanto em escolas públicas, como bibliotecas, sebos e livrarias;",Implantação de uma escola técnica municipal para a promoção da formação profissional voltada para a inserção do jovem no mercado e reinserção dos desempregados.,Promover programas de inserção no mercado de trabalho para egressos do sistema prisional como parte de estratégia de prevenção terciária das violências.,Implementação das Patrulhas Maria da Penha da Guarda Municipal de Salvador para o acompanhamento das medidas protetivas previstas na Lei Maria da Penha (Lei nº 11;340/06);
Florianópolis,BRUNO REIS,DEM,2020,"A próxima administração vai ampliar a ação coletiva de escovação dental supervisionada e vai elevar a cobertura de saúde bucal de 35,8% para 50%. Diversas ações continuadas ou empreendidas, como a distribuição gratuita de escova e creme dental em ações coletivas de promoção e prevenção;","Tendo em conta a importância local, nacional e mundial do nosso Centro Histórico, será formatado o Hub de Restauração, objetivando capacitar pessoas para o ofício de restaurador, com vistas à conservação, manutenção e restauração do patrimônio histórico e cultural da cidade.","Criar o Planetário de Salvador, como equipamento complementar educacional, a ser implantado em um parque público localizado na área do “miolo” de Salvador. O Planetário visa incentivar o estudo das ciências e tecnologia, não apenas da astronomia, tornando-se um complexo cultural, eventualmente turístico, com espaço para visitações e eventos de fomento à pesquisa.","Implantar um programa de permanência do docente na escola, visando à qualidade de vida do professor e a melhoria do ensino.","Ampliar a difusão da história e cultura afro-brasileira e africana, mostrando-a como formadora da cultura e tradições baianas, promovendo o seu reconhecimento e valorização."
Fortaleza,CELSINHO COTRIM,PROS,2020,Todos os ônibus serão novos com ar-condicionado e câmeras de vídeo monitoramento,Reduziremos a quantidade de radares e uniformizaremos o limite máximo de velocidade,Daremos descontos no IPTU para quem adquirir veículos híbridos,Construiremos a CASA DA MÚSICA,Construiremos a primeira maternidade municipal
Fortaleza,CEZAR LEITE,PRTB,2020,"Criação dos Jogos Escolares de Salvador, buscando integrar as escolas da cidade por meio da prática esportiva e promovendo os bons valores que o esporte promove na sociedade;","Promoção de desfile cívico no dia do aniversário da cidade, em parceria com as Forças Armadas e as escolas do município.","Criação de um distrito de arte, como em Miami e Berlim, por meio de parcerias com o setor privado e com artistas locais, promovendo incentivos ao setor por meio de legislação urbanística","Instalação de pontos de cobrança automática de estacionamento de veículos, em conjunto com empresas de tecnologia, reduzindo a presença dos chamados “flanelinhas.","Construção de um restaurante popular na cidade, visando garantir a segurança alimentar da população soteropolitana"
Fortaleza,HILTON COELHO,PSOL,2020,"Desprivatizar e reorganizar o carnaval de Salvador, valorizando o Conselho Municipal do Carnaval, deixando de ser um evento destinado a grandes negócios e as cervejarias e proporcionando acesso a festa para todos os soteropolitanos com segurança.",Estabelecer um calendário municipal de competições esportivas nas diversas modalidades para fortalecer os esportes amadores e de alto rendimento;,"Criação do Centro de Referência de Saúde da População Negra e a pessoa idosa, estruturando centros de referência e atenção à saúde em todas as regiões da cidade.","Duplicar o número de travessias e ampliação dos tempos semafóricos para pedestres, principalmente as avenidas de vale, considerando pessoas com mobilidade reduzida (crianças, idosos e deficientes físicos).","Projeto Educação com Diversidade, organizando semanas de debates sobre a temática LGBT em escolas e outros espaços públicos, promovendo a educação para os direitos humanos"
Fortaleza,MAJOR DENICE,PT,2020,Implantar nas 434 escolas municipais INTERNET BANDA LARGA com capacidade e alcance com vistas a constituir na escola um polo tecnológico que facilite o acesso.,Adquirir produtos oriundos da agricultura familiar para composição do cardápio da merenda escolar;,"Elaborar o Atlas Cultural de Salvador; reforçar Salvador como referência, nacional e internacional, da história do Brasil através do seu patrimônio cultural e do Arquivo Público Municipal.","Transformar Salvador em cidade de referência em estudos de cultura, com formação de profissionais em gestão de memória e festas populares, a exemplo do carnaval, inclusive a festa cívica do 2 de Julho;","Estimular as práticas esportivas aquáticas, realizando um grande evento esportivo anual na Baía de Todos os Santos, com diversas modalidades."
Fortaleza,OLIVIA,PCDOB,2020,"Criar nas ações de qualificação profissional e tecnológica medidas voltadas para a superação das desigualdades de gênero, classe, raça, etnia, geracional e orientação sexual no acesso ao emprego e na melhoria das condições de trabalho.","Criar legislação própria da cidade quanto ao seu patrimônio tradicional, assim como de manifestações contemporâneas, de inquestionável valor.","Criar a “Rádio e TV Cidadania” como canal possível e disponível para a Prefeitura, à semelhança da Câmara Municipal, com forte programação cultural e informacional sobre a cidade","Estabelecer o Programa Morar Melhor Subúrbio, por meio da construção de novas unidades habitacionais no âmbito do Programa de Arrendamento Residencial, aproveitando vazios construídos, terrenos inutilizados ou demais imóveis que não se enquadrem no uso social da propriedade privada estabelecido por lei.","Redesenhar as linhas de ônibus, reforçando o atendimento às localidades com deslocamentos transversais alimentadores das estações de transbordo e aos corredores troncais (metro, monotrilho, BRT) com o objetivo de otimizar os tempos de viagem e a integração."
Fortaleza,PASTOR SARGENTO ISIDORIO,AVANTE,2020,Com a construção da NOVA RODOVIÁRIA em Águas Claras vamos desenvolver um Centro Comercial e de Serviços que vai atingir o Parque Metropolitano de Pirajá e toda região de Cajazeiras. Além de implantar definitivamente o Polo Logístico de Valéria;,Vamos aproveitar o potencial da nossa Baía de Todos os Santos e Incentivar a construção de novas marinas ao longo da Cidade Baixa e Subúrbio;,"O Conecta Bairros prevê a reordenação e ampliação de linhas entre bairros de uma mesma região, com veículos de menor porte, encurtar o número e o tempo de viagens, reduzir custos e congestionamentos, e fortalecer as centralidades locais nas diversas regiões.","O Salvador Digital para o fornecimento de internet gratuita e de qualidade em parques municipais e praças, coma a criação de pontos de energia para carregamento de celulares, tablets e notebooks.","Ampliação do número de lixeiras em toda a cidade, em especial nos parques, praças e eventos."
Fortaleza,RODRIGO PEREIRA,PCO,2020,NÃO PUBLICADO,NÃO PUBLICADO,NÃO PUBLICADO,NÃO PUBLICADO,NÃO PUBLICADO
Fortaleza,ADRIANO SARNEY,PV,2020,"Padronizar as escolas do município para que todos os alunos tenham direito às estruturas com espaços amplos, refeitório confortável, biblioteca, banheiro separado por sexo e faixa etária e quadra poliesportiva oficial.",Planejamento para a instalação de postos de vacinação em escolas municípais.,"Criar hospital veterinário público para prestar assistência veterinária a animal doente, ferido, extenuado ou mutilado de modo gratuito e universal.","Revisar o contrato da prefeitura com a Caema para exigir serviço de melhor qualidade, garantir estabilidade no fornecimento e controlar a implementação dos serviços pactuados.",Estabelecer acesso gratuito ou a preços simbólicos nos equipamentos e espaços culturais públicos.
Fortaleza,BIRA,PSB,2020,"Criar o Projeto Chega de Violência, nas UBS, para diagnóstico precoce da violência doméstica e familiar e assistência, articulada às Redes de Enfrentamento à Violência.","Implantar Bilhete Único Integral ilimitado, com opções por hora, dia, semana e mês.",Implantar o projeto Renda Mínima Municipal,"Organizar e regulamentar a atividades dos vendedores ambulantes, principalmente no ramo de alimentação, oferencendo apoio e foment","Implantar Ceasa da Zona Rural como centro de produção e comercialização, com prioridade para as mulheres produtoras"
Fortaleza,DUARTE,REPUBLICANOS,2020,Escola Municipal em tempo integral na estrutura do Estádio Castelão.,"Investir na construção de ciclovias e ciclo faixas que interliguem todas as regiões da cidade, com projeto “Pedala São Luís”.","Conecta São Luís – ofertar de Internet Wi-Fi gratuito à população em bairros vulneráveis, implantando roteadores, repetidores de sinal, APs e Softwares HotSpot. Com o objetivo de elevar o número de cidadãos conectados à internet.",Transformação do Mercado Central em um polo de lazer e turismo.,Implementar programa para a oferta de doações de Cestas básicas; Cadeiras de rodas; Enxoval de bebês; e Materiais de construção
Fortaleza,EDUARDO BRAIDE,PODE,2020,PATRULHA NOS TERMINAIS. Garantir a presença da guarda municipal nos terminais da integração para patrulhamento preventivo;,"Criar ESPAÇOS DE CONVIVÊNCIA DA PESSOA IDOSA, visando estimular sua autonomia, independência e inclusão social;",Melhorar o acesso ao transporte escolar na Zona Rura.,"Programa CAMINHO PARA O EMPREGO – A prefeitura vai oferecer estágio remunerado, a fim de que os jovens adquiram mais conhecimento e a experiência qualificada para o mercado de trabalho, garantindo um percentual mínimo às pessoas com deficiência;","Construir três novos terminais de integração: Área ItaquiBacanga, Cidade Olímpica/Cidade Operária e na Região do Sol e Mar, Divinéia e Luizão;"
Goiânia,HERTZ DIAS,PSTU,2020,Fim da terceirização/privatização dos serviços municipais desaúde.,"Inclusão no currículo do ensino municipal da disciplina “educação ambiental”, com capacitação deprofessores.","Implantar uma empresa de obras públicas que, como parte de um plano municipal de obras públicas, construa casas populares utilizando para isso o sistema de mutirões. Isso retiraria as empreiteiras como intermediárias reduzindo drasticamente o custo das obras.",Reduzir o preço da passagem de ônibus.,"Municipalizar o transporte público, com a criação da Empresa Municipal de Transportes, que vai absorver os atuais empregados do transporte, garantindo salários e direitos, o emprego dos cobradores e prestar um bom atendimento à população, com transporte de qualidade, ágil, eficiente e, principalmente, barato."
Goiânia,JEISAEL,REDE,2020,Incentivar jogos digitais na escola como prática educativa;,Renovação de frota de ônibus da Zona Rural;,"Educação ambiental nas escolas desde a educação infantil, contextualizada com a realidade de cada bairro e da cidade;",Desenvolver um turismo sustentável de baixo impacto ambiental e de referência mundial;,Implantação do Shopping Popular no Centro da Cidade.
Goiânia,MADEIRA,SOLIDARIEDADE,2020,"Transformação dos hospitais municipais em hospitais universitários, numa parceria com as universidades privadas, para uso de mão de obra (professores e estudantes).",Reativar o Teatro da Cidade,Recuperação dos rios da bacia do Rio Anil e Rio Bacanga,Criação do corredor de transporte metropolitano,"Instituir as “ruas de lazer” e atividades de recreação, prioritariamente para as populações periféricas e populações rurais;"
Goiânia,NETO EVANGELISTA,DEM,2020,"Juventude COMPAZ: a juventude precisa de atenção e políticas que se articulem para que haja oportunidades de desenvolvimento pessoal, capacitação profissional e possibilidades de crescimento com base em uma cultura de cooperação, colaboração e propósito. Esporte, escolar e de rendimento, cultura e lazer irão encontrar lugar nos 5 Centros de Esporte e Paz, que serão criados pela Prefeitura de São Luís, baseados em experiências bem-sucedidas no Brasil e no exterior. Além disso, buscaremos garantir formas de financiamento mais amplas para as atividades esportivas.","Política de regularização fundiária e habitação de interesse social: legalizar conjuntos habitacionais e assentamentos informais já estabelecidos, registrando e regularizando imóveis, em parceria com entidades e movimentos sociais que atuem na área de habitação.","Melhoria no transporte público e Modernização dos terminais de integração – São Luís para quem mais precisa: racionalizar a rede de transporte para trazer maior eficiência para todos atores no sistema de transporte coletivo, retirando o excesso de sobreposição de itinerários, concentrando uma frota maior para linhas mais amplas e importantes. Desse modo, com um número maior de veículos para um determinado itinerário, teremos uma frequência mais alta, reduzindo tempo de espera dos passageiros.","Zona Rural Produtiva: criar uma política de incentivo à produção na zona rural de São Luís é um compromisso importante de nossa futura administração. Trata-se de uma oportunidade de geração de emprego e renda, melhoria de infraestrutura e qualidade de vida. Inovar nessa produção, incentivando produtos orgânicos, de maior valor agregado, que estão próximos do mercado consumidor, será o caminho para nosso ambiente rural.","Inovação econômica: conectividade, energia solar, tecnologia e meio ambiente – São Luís, lugar de oportunidades: implantar, no centro histórico de São Luís, a “Ilha Criativa”, parque tecnológico e de inovação que agrupará, em um ambiente atrativo e moderno, startups inovadoras e produtivas, empresas de tecnologia, organizações de fomento, institutos e laboratórios de pesquisa e desenvolvimento."
Goiânia,PROFESSOR FRANKLIN,PSOL,2020,"Desenvolver a educação laica, plural, crítica e socialmente referenciada.",Por fim a gestão via OS´s na área da saúde,"Retomar a domingueira, com o transporte gratuito aos domingos e garantir o funcionamento do ônibus noturnos, os “corujões”.","Apoiar as Escolas e Blocos carnavalescos, os grupos da via sacra e bumba meu boi.",Estimular o chamado Turismo rural e o Turismo ecológico na cidade.
Goiânia,RUBENS JUNIOR,PCDOB,2020,"Criação do Fundo Municipal de Empregos para apoiar com R$ 500,00 por seis meses cada criação de novos postos de trabalho com priorização da contratação de jovens e mulheres, promovendo a geração de 10 mil empregos no primeiro ano de governo.","Criar o Programa São Luís Juros Zero, a Prefeitura vai pagar os juros de operações de crédito para micro e pequenos empreendedores a fim de gerar mais trabalho e renda e promover a formalização.","Instituir o Programa Sorrir São Luís, através de consultórios odontológicos móveis e a implantação de cinco unidades, sendo uma especializada em atendimento infantil.",Instituir o Aplicativo Carrinho com desenvolvimento ou contratação de App que promova o uso de transporte alternativo para complementar viagens da rede pública.,"Promover o Programa Mais Calçadas com reforma, ampliação e qualificação de calçadas nos centros comerciais dos bairros, no entorno de feiras e mercados populares, além de criar novos calçadões comerciais garantindo acessibilidade para pessoas com mobilidade reduzida."
Goiânia,SILVIO ANTONIO,PRTB,2020,"Criar creches no turno da noite, para crianças da educação infantil, que funcionará das 18h às 22 horas, a fim de possibilitar disponibilidade para que as mães estudem durante a noite.","Construção de um moderno Centro de Abastecimento para os pequenos agricultores do município de São Luís, a fim de garantir qualidade e higiene nos produtos oferecidos aos consumidores.","Criar a Escola da Cultura para desenvolver a música, a dança e o teatro.","Criar a primeira rota turística de trilha para bicicletas tipo “mountain bike”, dentro do Parque Estadual do Bacanga, com destino à reserva do Batatã e Sítio do Físico.",Estabelecer um plano municipal de arborização e de projetos de paisagismo nas praças e logradouros públicos do município.
Goiânia,YGLESIO MOYSES,PROS,2020,"Garantir processos participativos com a presença feminina e seu espaço de fala, através de reuniões descentralizadas, em diferentes horários e com espaços de acolhimentos de crianças.","Promover políticas públicas que favoreçam a recuperação e o uso de edifícios históricos significativos, de forma a respeitar e valorizar o seu papel enquanto documento de memória e, ao mesmo tempo, promover sua inserção na dinâmica da cidade.",Promover a mobilidade urbana não motorizada e a qualificação dos espaços públicos.,Implantar projetos que tenham como ênfase o protagonismo comunitário.,Fortalecer territórios de povos tradicionais e de interesse cultural.
Goiânia,ANDREA MATARAZZO,PSD,2020,Realizar a concessão do Anhembi,Estudar a reativação da estrutura do Hospital Sorocabano como Hospital Municipal.,"Oferecer aos alunos do 9º ano do Ensino Fundamental um elenco de atividades complementares como xadrez, sudoku ou clubes de: leitura, debates, música, teatro e cinema, entre outros a serem observados e desenvolvidos.",Retomar o projeto de uso de veículos elétricos compartilhados na cidade e incentivar a iniciativa privada.,Rastreamento de veículos pela Prefeitura para cidadãos de baixa renda.
Goiânia,ANTONIO CARLOS,PCO,2020,TRATA-SE DE UM PROGRMA NACIONAL COMPARTILHADO POR TODOS OS CANDIDATOS DO PCO.,TRATA-SE DE UM PROGRMA NACIONAL COMPARTILHADO POR TODOS OS CANDIDATOS DO PCO.,TRATA-SE DE UM PROGRMA NACIONAL COMPARTILHADO POR TODOS OS CANDIDATOS DO PCO.,TRATA-SE DE UM PROGRMA NACIONAL COMPARTILHADO POR TODOS OS CANDIDATOS DO PCO.,TRATA-SE DE UM PROGRMA NACIONAL COMPARTILHADO POR TODOS OS CANDIDATOS DO PCO.
Goiânia,ARTHUR DO VAL,PATRIOTA,2020,"O meu objetivo é reduzir os limites de gabarito (altura dos prédios) e aumentar o coeficiente de aproveitamento dos terrenos de modo que as pessoas possam se adensar e morar cada vez mais perto dos seus trabalhos, sem empurrar a população mais pobre para áreas cada vez mais distantes um verdadeiro crime cometido pelos planos diretores anteriores.","Serão oferecidos cursos profissionalizantes nas escolas em parceria com a iniciativa privada, trazendo a fronteira do conhecimento para aqueles que mais precisam.","Desenvolver parcerias com laboratórios privados para dar acesso a toda população a exames de qualidade, complementando a estrutura pública com PPP.",Canis para que moradores de rua possam ter seus pets em centros de acolhimento deverão ser ampliados.,"Tirar pessoas das periferias de São Paulo e trazê-las para o centro (promovendo o adensamento da cidade) é a melhor forma não só de revitalizar o centro, mas de desenvolver socialmente pessoas que estão absolutamente isoladas de qualquer opção cultural e de lazer da cidade."
Goiânia,BRUNO COVAS,PSDB,2020,"Vamos transformar todas as salas de aula da rede em ambientes digitais, para tornar a aprendizagem mais atraente a nossas crianças e jovens, além de adquirir 465 mil tablets com internet para os alunos do ensino fundamental.","As novas formas de incentivo e financiamento para produção ou aquisição de moradias, sobretudo para população de baixa renda, criadas pela nossa gestão irão multiplicar seus resultados nos próximos quatro anos, com a entrega gradual das 70 mil moradias já viabilizadas, parte delas com investimento privado.","Vamos entregar o primeiro corredor de ônibus exclusivo para a Zona Leste, o corredor Itaquera, beneficiando mais de 620 mil pessoas","Vamos inovar criando o Aquático, sistema de transporte público por barcos nas represas da cidade, integrado ao Bilhete Único.","A cidade vai ganhar novos parques, como o Augusta e o Paraisópolis, há anos aguardados pela população, e terá manutenção cuidadosa e permanente das unidades já existentes."
Goiânia,CELSO RUSSOMANNO,REPUBLICANOS,2020,"Aos imóveis tombados será isenta a cobrança de IPTU e haverá possibilidades de utilização do espaço para veiculação de mídia publicitária, desde que não haja descaraterização visual do imóvel.",Criar Centros Esportivos Olímpicos Regionais a fim de formar e desenvolver aptidões esportivas nas crianças da rede pública municipal.,"Garantir o término de obras paradas, entre elas a urbanização de assentamentos precários e construção de conjuntos habitacionais.","Ampliar a instalação de Ecopontos, para oferecer à população novos locais para depósito de entulho e materiais inservíveis, com o objetivo de facilitar o seu reaproveitamento e a reciclagem de materiais.","Criar roteiros turísticos de compras na cidade, incluindo novos polos e os já estabelecidos, com incentivo a reurbanização local, capacitando profissionais em receptivo locaL."
Goiânia,GUILHERME BOULOS,PSOL,2020,"Criar o cartão de cidadania para identificação de migrantes residentes na cidade, reduzindo vulnerabilidades advindas da ausência de documentação nacional e facilitando o acesso a serviços públicos","Reverter, gradativamente, o processo de privatização, terceirização e conveniamento da educação;",Compromisso com os processos de demarcação de terras indígenas no município;,Instituir nos processos de licitação e contratação de empresas por parte da prefeitura a exigência de um percentual de trabalhadores negras e negros,Retomar as Casas de Cultura em São Paulo.
Goiânia,JILMAR TATTO,PT,2020,"Criar uma Empresa Pública Municipal de Transporte Coletivo para operar o sistema de transporte da cidade. Uma empresa de energia limpa e renovável, ambientalmente sustentável.","Implementar a Tarifa Zero nos ônibus da cidade até o fim do mandato. Famílias pauperizadas e sem renda não podem ter de escolher entre pagar pelo transporte ou pela própria alimentação. A Tarifa Zero possibilita a pessoas sem emprego a busca por um novo trabalho, garante aos estudantes de baixa renda o acesso à escola/universidade, permite um melhor acesso aos serviços de saúde, cultura, esporte, lazer e assistência e facilita o consumo e a circulação de bens, promovendo direitos, a descentralização e a integração entre regiões da cidade e o crescimento econômico.",Instituir a Bolsa Esportiva para adolescentes e jovens.,"Criar 5 Centros de Formação Cultural e 16 novas Casas de Cultura multilinguagens na cidade, considerando as necessidades culturais das comunidades e dos distritos, especialmente nas regiões periféricas, com espaço de centro de memória cultural local, espaços para produção audiovisual, apresentações, teatro, artesanato, instrumentos etc. (em bairros como São Miguel Paulista, Casa Verde, São Mateus e Vila Formosa), além da reforma e melhoria dos existentes e a criação de Centros de Memórias e espaços para oficinas e incentivos à produção artística local.","Retomar a gestão do Theatro Municipal, hoje gerido pela Organização Social Odeon."
João Pessoa,JOICE HASSELMANN,PSL,2020,"Estimular a elite paulistana, consumidora de bens culturais, a participarem como mentoraes na difusão desse interesse também nas camadas mais carentes, abrindo-lhes novas oportunidades de apreciação cultural;","Maior vigilância comunitária, e, principalmente, com o envolvimento de moradores e comerciantes pode-se evitar o surgimento de lideranças ligadas a facções criminosas, proporcionando maior índice de segurança, desenvolvimento e convivência pacífica nas áreas da cidade","Com a mesma intenção pretendo moderar a cobrança de multas e juros de mora, fixados hoje em patamares abusivos frente à inflação corrente e às baixas taxas de juros.",Integrar permanentemente a rede de transporte municipal com a rede metropolitana (inclusive as geridas pelo Estado) e oferecer valor e cidadania para os cidadãos usuários entre municípios,"Construir pontes e viadutos sobre os rios Tietê e Pinheiros ao longo das marginais para melhorar a acessibilidade e desafogar esses importantes nódulos de grandes congestionamentos que são as atuais transposições nas vias marginais, e que se espraiam pelo tecido viário circunvizinho;"
João Pessoa,LEVY FIDELIX,PRTB,2020,Proporcionar bolsas residência-hospitalar para estudantes de medicina da periferia de São Paulo.,"Construir novas linhas de aerotrem/monotrilho, além das linhas Vila Prudente – São Mateus e Congonhas-Morumbi, concluindo 100km de aerotrem viário em torno da capital e interligando as estações de metros e ônibus.",Acabar com a industria da multa: cabe à prefeitura a gestão do trânsito e o transporte de qualidade em prol do minícipe.,Aumento da velocidade máxima nas principais avenidas do município de São Paulo: a velocidade nas principais vias de trânsito do município passará de 50km/h para 60km/h.,O Hino Nacional será reintroduzido obrigatoriamente em todas as escolas municipais para ser cantado por todos os alunos.
João Pessoa,MARCIO FRANÇA,PSB,2020,"Vamos abrir até 250 mil microempresas de graça e vamos emprestar até 3 mil reais, com juro zero, para que possamos voltar a crescer e gerar empregos! Sem fiador, só sua assinatura, só a sua PALAVRA!","Obrigação para que Diretores tenham formação em educação e o mínimo de 5 anos de experiência para que sejam aptos a participar do concurso acesso para a direção das escolas, junto à contínua formação em serviço para todos os professores da rede pública de ensino municipal, de forma permanente como prioridade do município, assim como apoio na garantia de recursos como laptop e programas de organização e suporte às aulas em integração a Universidade Digital que contará com uma série de cursos digitais e presenciais para servidores e cidadãos afiliados da cidade.","Banheiro para todos: Programa deverá atender toda população residente da cidade de São Paulo tanto quanto seus excursionistas. Edificações públicas deverão, separadas ou não da construção, ser abertas ao público para a utilização dos banheiros, com segurança e limpeza no local.",Criação de mais vagas para estacionamento de motos: O incremento dos serviços de moto frete vem exigindo uma ampliação das vagas dos estacionamentos para motociclistas. O estimulo a esses serviços ajudará a dissolver e reduzir os índices de congestionamento na cidade;,"Com os seus recursos e força de comunicação, somadas a articulação entre todas as secretarias, e apoio econômico construiremos um calendário de ações, como por exemplo, a maior black friday do Brasil, mobilizando o comércio e setor de serviços para, em determinadas datas, ter promoção de produtos, serviços e atividades culturais que venham atrair turistas de todas as localidades gerando grande consumo de bens e serviços em nossa cidade."
João Pessoa,MARINA HELOU,REDE,2020,"Estimular o empreendedorismo com recorte de gênero, em especial para mulheres negras;",Garantir a participação ativa de mulheres na formulação das políticas públicas do município. Metade das Secretarias Municipais e metade das Coprefeituras serão lideradas por mulheres,"Criação da Bolsa-Neném, que consiste em uma renda mínima mensal para mulheres com filhos de até 4 meses, que não possuem direito à licença maternidade remunerada pelo INSS, priorizando as mães solo.",Apoiar os estudos e fazer gestão junto com os órgãos competentes para a demarcação das Terras Indígenas.,"Promover Passeio Ciclístico no primeiro domingo após o Dia Mundial do Meio Ambiente, com estações ao longo do caminho para hidratação e atendimento de saúde, onde as(os) cliclistas terão contato com temas relacionados à educação ambiental e sustentabilidade."
João Pessoa,ORLANDO SILVA,PCDOB,2020,Melhoria da mobilidade de forma a permitir o acesso da periferia aos principais bens produzidos na cidade.,"Será valorizada a história dos negros e dos índios em São Paulo, sua memória recuperada e ensinada para as gerações atuais e futuras.","A Prefeitura de São Paulo atuará para regulamentar de modo eficiente os aplicativos utilizados na cidade, de modo a diminuir a exploração dos trabalhadores informais que atuam e sobrevivem desse modelo de trabalho.",As subprefeituras de regiões mais carentes terão o seu orçamento dobrado. Não faz sentido que subprefeitura tenham uma distribuição do recurso per capita tão desigual,"Estabelecimentos racistas não oferecem segurança ao cidadão para frequentá-los e devem ser fechados. Ao mesmo tempo, a Prefeitura trabalhará em parceria com as empresas para oferecer capacitação gratuita para seus empregados, com especial destaque para o ramo de segurança privada."
João Pessoa,SABARA,NOVO,2020,Professores e gestores serão premiados de acordo com a frequência nas salas de aula e o cumprimento de metas de aprendizagem.,"Criaremos um programa de capacitação e ocupação técnica remunerada para os alunos a partir de 14 anos, matriculados no Ensino Médio em Escolas administradas pela Prefeitura com a participação de entidades privadas com o objetivo de diminuir a evasão e a reprovação, e melhorar a autoestima do aluno e sua qualificação para geração de renda.","Aumentaremos a oferta de moradias e adensaremos a região central para aproximar as pessoas dos seus trabalhos, diminuindo deslocamentos e custos desnecessários. Nesse sentido, a recuperação e o desenvolvimento do centro histórico da cidade, em parceria com o setor privado, serão prioridade","Identificaremos os problemas de limpeza, iluminação, calçadas, pavimentação, entre outros, pela população e pela própria Guarda Municipal, via aplicativo da Prefeitura com geolocalização. Promoveremos a rápida correção dos problemas. Uma cidade limpa, bem iluminada, bem cuidada, em que as pessoas circulem de dia e à noite, ajudará a coibir a atuação criminal.","O mundo mudou. Por isso, vamos investir em disciplinas mais adequadas ao mercado de trabalho moderno, como empreendedorismo, finanças e programação digital. Além disso, focaremos em preparar o estudante para o protagonismo profissional e para o desenvolvimento de suas aptidões individuais."
João Pessoa,VERA,PSTU,2020,Redução da jornada de trabalho para 30 horas semanais sem redução de salários.,Suspensão de despejos e reintegrações de posse.,Estatização dos transportes públicos.,"Não à xenofobia! Nenhum ser humano é ilegal! Ampliação do Centro de Referência do Imigrante (CRAI)! Aulas de português gratuitas e validação de diplomas! Apoio às associações de imigrantes e às lutas por liberdade e justiça social nos países de origem (Venezuela, Haiti, Bolívia, Paraguai, Síria, Palestina, Angola, Congo, Nigéria e outros)!",Ampliação da rede municipal de Bibliotecas.
João Pessoa,DR PESSOA,MDB,2020,"Reorganizar a configuração espacial da rede de linhas de ônibus coletivos de Teresina, incluindo novas ligações, rotas, terminais e estações. Esta proposta inclui o uso de tecnologia para proporcionar mais segurança e conforto aos passageiros, permitindo, por exemplo, que ele monitore a chegada dos veículos na parada ou no terminal de ônibus por meio de aplicativo.","Construir novos viadutos e (se necessário) pontes de modo a reduzir o congestionamento nas vias de maior circulação de veículos no município, facilitando o tráfego e evitando acidentes.","Ampliar o número de construções de pisos táteis e rampas de Teresina, melhorando o padrão construtivo e as condições físicas das calçadas na cidade.","Criar o projeto “Anjos da moradia”, que possibilitará a reforma em moradias vulneráveis e construção de moradias novas, em regime de mutirão, em terreno de propriedade da família, a custo zero para as famílias. A proposta contemplará também a possibilidade de construir com uso de tecnologia 3D, casas para familias que estejam morando em áreas ameaçadas e que ofereçam perigo a vida.","mpliar a quantidade de Centros de Convivência da Terceira Idade na zona urbana e rural de Teresina, e disponibilizar profissionais (educadores físicos, nutricionistas entre outros) para aumentar a oferta de serviços para os usuários (idosos) na capital."
João Pessoa,FABIO ABREU,PL,2020,"Criação do Projeto Patrulha Rural que atuará de maneira educativa e preventiva, muito próximo da comunidade. O objetivo do programa é garantir a segurança e o bem-estar dos moradores da zona rural, construindo uma rede de relacionamentos com os moradores das áreas rurais de Teresina, em uma relação de confiança, colaboração e respeito. O projeto terá como uma das suas principais características a flexibilidade e, sendo assim, possibilitará a realização de vários tipos de parceria. Sendo sempre guiado pela necessidade da localidade.","Realização do projeto habitacional para a Urbanização da Vila da Paz, com a construção de cerca de 650 apartamentos. Desenvolvendo projeto de habitação vertical para famílias de baixa renda, com remanejamento para áreas próximas à intervenção que está sendo realizada atualmente. Ao tempo que a negociação para remanejamento é retomada.","Criação do Projeto Nossa Feirinha que possibilite a venda direta dos produtos de hortifruti, artesanato dos produtores e gastronômico.",") Construção do Hospital Municipal Veterinário com o oferecimento de serviços gratuitos de consultas, cirurgias, exames laboratoriais e medicação.",Implantação de sistema de transporte turístico fluvial e de terminais flutuantes em pontos estratégicos ao longo dos Rios Parnaíba e Poty.
João Pessoa,FABIO NOVO,PT,2020,"Criar o PROGRAMA ESTUDANTE INTERCAMBIO como forma de incentivar e reconhecer o desenvolvimento dos alunos nas atividades escolares, artísticas e esportivas, premiando-os com viagens no território nacional para estudar e desenvolver mais seu conhecimento cultural e educacional;","Reformar e revitalizar os mercados públicos existentes e construir Mercados do Cidadão em regiões estratégicas da cidade, voltados para o abastecimento e comercialização de produtos regionais produzidos na região de abrangência;",Ampliar o número de Conselhos Tutelares,Criação das escolas de artes e música pela periferia de Teresina,Construção e manutenção de um abrigo municipal para cães e gatos.
João Pessoa,FABIO SERVIO,PROS,2020,Criação do Programa de Nutrição para Idosos de baixa renda que garante acesso a suplementação alimentar.,Criação do Hospital Municipal do Coração,Criar a biblioteca municipal digital,Execução das principais obras de drenagem em todas as zonas da capital.,Criar a Escola Municipal de Natação.
João Pessoa,GERVASIO SANTOS,PSTU,2020,"Construção de restaurantes populares em diversas regiões de Teresina que cobre as refeições a R$ 1, utilizando a agricultura familiar, cujas famílias serão cadastradas e organizadas em cooperativas, num amplo plano municipal de reforma agrária e urbana.","Anular todas as privatizações que foram feitas sobre as empresas e estatais no âmbito municipal como a rede de transporte coletivo, a limpeza de lixo e urbanização, a do saneamento básico (água e esgoto de Teresina).","Para garantir investimentos e a ampliação do serviço de saúde pública, propomos a estatização de toda a rede privada, a encampação de todos os hospitais e equipamentos, com a contratação de todos os profissionais da área pelo Estado e o governo municipal de Teresina.","Obras e serviços que empreguem milhares de trabalhadores em Teresina, sendo reservadas 70% das vagas para mulheres e negros.","Contra toda forma de violência e assédio (físico, moral, psicológico); criminalização da lgbtfobia: campanhas que combatam o preconceito e a discriminação; amplo atendimento às vítimas de violência com atendimento à saúde física e psicológica, construção de casas abrigo, investigação e punição aos agressores."
João Pessoa,GESSY FONSECA,PSC,2020,"Criar o projeto “Canta Teresina” com objetivo de revelar novos talentos (instrumentista, intérprete e compositor) entre crianças, adolescentes e jovens, na diferentes zonas da cidade;","Criar o Sistema de Transporte Público Rural do município de Teresina garantindo aos usuários veículos novos, qualidade e conforto no serviço oferecido , possibilitando que as linhas da zona rural façam parte do INTHEGRA.","Criação de um balnéario as margens do encontro dos rios, como alternativa para recreatividade, prática de esportes e turismo em nossa cidade;","Viabilizar a implantação de VLT (Veículo Leve sobre Trilhos), com recursos oriundos de Parceria Público-Privada (PPP) com participação do município, Estado e Governo Federal, fomentando uma nova rede de transporte em Teresina com conexão a outros modais de transporte já existentes e com capacidade de transportar um maior número de passageiros com conforto e qualidade, reduzindo o número de veículos no trânsito e contribuindo para a melhoria da qualidade de vida das pessoas.",Criar um programa de reforma de casas para famílias que possuem até 03 salários mínimos;
João Pessoa,KLEBER MONTEZUMA,PSDB,2020,A inserção de Teresina no circuito de eventos nacionais: Festival Nacional da Vanguarda Brasileira de Teresina;,"Concepção, desenvolvimento, implantação e promoção de uma programação mensal em todos os espaços culturais da cidade, de responsabilidade da Prefeitura.","Instalação de sistemas de geração de energia de base fotovoltaica para abastecer, de forma contínua a agricultura familiar.","Estímulos à implantação de abatedouros para pequenos, médios e grandes animais na zona rural pela iniciativa privada.","nstalação e funcionamento do Museu das Artes, Imagem e Som – Casa Torquato;"
Juiz de Fora,LOURDES MELO,PCO,2020,NÃO PUBLICADO,NÃO PUBLICADO,NÃO PUBLICADO,NÃO PUBLICADO,NÃO PUBLICADO
Juiz de Fora,LUCINEIDE BARROS,PSOL,2020,"Criação do programa “Residência Artística” e do “Bolsa-Artista”, como instrumentos de formação e garantia do custeio de artistas independentes;","Criação do Vale-Cultura como garantia de acesso da população mais carente a espetáculos, livros, cinemas e shows;",Criação do Museu de Trabalhadoras e Trabalhadores de Teresina,"Criar rotas de interligação entre os bairros e o Centro da cidade, em especial, garantindo a mobilidade de quem mora nas periferias por meio da bicicleta.","nstituir a velocidade máxima de 60 km/h onde não houver velocidade mínima, manter 50 km/h onde já conta com essa velocidade mínima e 30 km/h em frente a escolas, hospitais, outros serviços públicos, noutros lugares onde se fizer necessário e nas regiões onde ocorrem mais acidentes como forma de criar Zonas de Proteção viária, em especial, cruzamentos e rotatórias;"
Juiz de Fora,MAJOR DIEGO MELO,PATRIOTA,2020,Implantar o Projeto Vizinhança Segura com objetivo de que moradores dos bairros criem grupos de WhatsApp para vigiarem as casas vizinhas e avisarem a polícia sobre movimentações suspeitas ou crimes nas ruas onde moram.,"Criar outras escolas militares, por iniciativa do município, quando houver a demanda da comunidade escolar, a fim de promover um salto na qualidade educacional de Teresina;","Criar contextos de ensino-aprendizagem do idioma inglês que permitam as crianças aprenderem brincando, a partir da pré-escola, pelo uso de ferramentas lúdicas e motivadoras, tais como: a música, filmes (e séries) em inglês, jogos eletrônicos, esportes e competições;","Implantar o programa “Energia Solar nas Escolas” – ESE, capaz de produzir 100% de toda a energia necessária ao consumo da unidade, readequando a produção de energia elétrica solar no município e tornando as escolas autossuficientes;","Implantar as faixas exclusivas para motocicletas (motobox) nos sinais de trânsito da capital, com objetivo de reduzir o índice de acidentes;"
Juiz de Fora,MARIO ROGERIO,CIDADANIA,2020,"Levar cinema e teatro às escolas e aos bairros, em espaços públicos.","Revitalizar corredores gastronômicos, como os das avenidas Santos Dumont (Norte) e Professor Valter Alencar (Sul).","Promover clínicas para a descoberta de talentos esportivos, individuais e coletivos.",Implantar o Parque Ambiental do Babaçu.,Construir um terminal de cargas no Polo Empresarial Sul.
Juiz de Fora,PEDRO LAURENTINO,UP,2020,Isenção de pagamento do IPTU para as famílias com renda per capita de 1 salário mínimo. Objetivo: desonerar as famílias de baixa renda;,Proposta Central do Tema: Redução da tarifa de transporte público garantindo que o gasto com transporte não ultrapasse 5% do salário mínimo. Realizar ações que garanta esse valor do transporte;,"Criação de uma empresa pública municipal de transporte. Objetivo: Oferecer um serviço de qualidade e com preço módico a toda população, a garantia do direito de ir e vir está acima do lucro, reduzindo a necessidade do uso de carros particulares diminuindo a emissão de gás carbônico e a poluição na cidade, além da geração de empregos a partir de concursos públicos;","Proposta central do tema. Criação de uma TV municipal e modernizar e Rádio FM Cultura. Objetivo: Garantir a democratização dos meios de comunicação, facilitando a comunicação da prefeitura com a população e enfrentando as oligarquias que controlam a imprensa na cidade;",Criar Empresa Municipal de Limpeza Urbana. Objetivo: Oferecer um serviço de qualidade à população e economizar milhões de reais que hoje são gastos com empresas privadas;
Juiz de Fora,SIMONE PEREIRA,PSD,2020,Programa corujão hospitalar: Convênio com rede privada para atendimentos e realização de exames em horários noturnos.,Centro Municipal de Línguas estrangeiras. A implementação desse Centro de Línguas terá como objetivo oferecer cursos de línguas estrangeiras gratuitos para a população.,"Projeto Bom de Bola, Bom de Estacola: destinado aos alunos de 6 a 15 anos que tiveram média 6 em todas as disciplinas.","Esporte para a terceira idade: criaremos campeonatos municipais para a terceira idade, de forma inclusiva, inserindo nos bairros momentos de lazer diário, dentro dos espaços do Projeto Meu espaço Meu esporte.",Realizar um Festival Nacional de Música Clássica e um Festival Internacional de Música Clássica com periodicidade anual.
Juiz de Fora,CAPITAO ASSUMÇÃO,PATRIOTA,2020,"Reincluir a cidade de Vitória nos circuitos esportivos nacionais de vôlei de praia, futebol de áreia, futebol de salão, dentre outros esportes","Promover a participação do profissional dentista no ambiente escolar, que passará a ser figura permanente do corpo docente, realizando o tratamento dentário ou o encaminhamento de outros casos para o Posto de Saúde.","Aquisição do CAMINHÃO TEMPESTADE, que usa jatos d’água para dispersar multidões. Podendo ser utilizado também em parceria com a PM, para coibir eventos ilegais, como os que ocorrem na Rua da Lama e na Praia do Canto, bem como bailes Mandela.",Orientação sexual e identidade de gênero serão temas terminantemente proibidos na educação infantil de Vitória,"Possibilitar estudos visando a diminuição do excessivo número de semáforos na Capital, o que impacta sobremaneira a fluidez no trânsito"
Juiz de Fora,CORONEL NYLTON,NOVO,2020,"Implantar Escolas Bilíngues, seguindo as melhores práticas de ensino (Português e Inglês);","Modernizar as regras de zoneamento, flexibilizando o uso do solo de modo a remover barreiras ao desenvolvimento de atividades econômicas por todo o território;","Aprimorar os serviços de zeladoria da cidade, como limpeza pública, jardinagem, manutenção de vias públicas, drenagem e outros, com atendimento centralizado, ágil e efetivo.","Ampliar o diálogo e a interação com as instituições ligadas aos esportes náuticos, impulsionando o desenvolvimento das modalidades na cidade e promovendo mais esporte, lazer, saúde, turismo e negócios.","Ampliar a arborização da cidade, melhorando o microclima, combinada com uma melhor iluminação;"
Juiz de Fora,DELEGADO PAZOLINI,REPUBLICANOS,2020,"Promover cursos preparatórios nas unidades de ensino municipal no horário noturno, voltados para a preparação de jovens para ingresso no IFES e nas provas do ENEM.",Criar o centro de referência da saúde da mulher,Criar e implementar o programa de renda mínima municipal;,Unificar da orla de Camburi,Extinguir a Linha Verde
Juiz de Fora,ERON DOMINGOS,PRTB,2020,Propor a implantação da Escola Cívico Militar,Cadastrar os moradores de rua e tratar de sua dependência e dando uma profissão para eles retornarem ao convívio social,Incentivar o Turismo náutico e de observação as baleias,"Fortalecer a pesca submarina, temos a maior biodiversidade marinha do Brasil",Incentivar a juventude na criação de Startups (modelo de negócio na área tecnológica)
Juiz de Fora,FABIO LOUZADA,MDB,2020,NÃO PUBLICADO,NÃO PUBLICADO,NÃO PUBLICADO,NÃO PUBLICADO,NÃO PUBLICADO
Macapá,GANDINI,CIDADANIA,2020,Criar mais três polos gastronômicos no formato da rua viva da Praia do Canto.,"Execução do projeto Orla Noroeste, projeto de 500 milhões captados pela prefeitura junto ao BID, com o objetivo de melhorar intensamente a infraestrutura e os serviços públicos das regiões de Grande São Pedro, Grande Santo Antônio e Grande Maruípe.","Fazer concessão da Praça do Papa para a criação de espaço público de lazer, gastronomia e eventos no modelo do Pontão do Lago Sul.",Criação do Centro de Línguas de Vitória para aprendizagem das línguas estrangeiras e intercâmbio de estudantes e professores a outros países.,"Despoluir totalmente a Praia de Camburi, Curva da Jurema e as praias das praças dos Desejos e Namorados."
Macapá,GILBERTINHO CAMPOS,PSOL,2020,"Garantir a oferta de educação sexual não discriminatória nas escolas, que leve em consideração diferenças de gênero e orientação sexual;",Transporte público 24h;,"Implementar um sistema de alarme dentro dos coletivos , possibilitando a comunicação das passageiras à segurança interna; Reordenar as paradas de transporte para que estejam localizados em locais iluminados e de fácil acesso;","Criar um programa de saúde voltado para as minorias, especialmente a população negra e LGBT, reconhecendo as especificidades do adoecimento desses grupos populacionais","Implementação e regulamentação do trabalho das doulas e obstetrizes nos serviços obstétricos , de pré natal e durante o trabalho de parto como opcionais às gestantes"
Macapá,HALPHER LUIGGI,PL,2020,NÃO PUBLICADO,NÃO PUBLICADO,NÃO PUBLICADO,NÃO PUBLICADO,NÃO PUBLICADO
Macapá,JOAO COSER,PT,2020,Realizar oficinas de produção de brinquedos e festivais de jogos e brincadeiras populares nos bairros.,"Projetos escolares com professores, estudantes e comunidade escolar voltados para o combate a toda forma de preconceito e discriminação na escola.","O estoque de imóveis vazios ou subutilizados no Centro Histórico de Vitória é grande. A reabilitação destes imóveis para fins de moradia é uma forma de aproveitar toda infraestrutura, oferta de transporte e serviços públicos na região e faz parte de uma estratégia de reocupação da área central da cidade",Também buscaremos desenvolver o plano de recuperação e de valorização das nascentes e fontes de água,A retomada do trabalho de educação urbanística e ambiental visando bloquear novas ocupações em áreas ambientalmente frágeis.
Macapá,MAZINHO,PSD,2020,Executar a obra da Orla Noroeste.,Implementar a Marina Pública na Enseada do Suá.,"Realizar manutenção física da Praça dos Namorados e da Praça dos Desejos. Buscar aproximação com a gestão da feira de artesanato. Construir mais sanitários, fixar a presença da Guarda Municipal em horários estratégicos e inserir o local como rota da Secretaria de Ação Social para agir junto aos moradores de rua que ali permanecem.",Disponibilizar o Mercado São Sebastião e o Mercado Capixaba para a concessão público-privada.,Revitalizar o Sambão do Povo para transformá-lo em uma área para grandes eventos.
Macapá,NAMY CHEQUER,PCDOB,2020,Elaboração de procedimentos em toda rede de atendimento visando reduzir os índices de suicídio na adolescência.,"Criação de um programa para distribuição de fraldas descartáveis à população idosa, pois a única forma de acesso gratuito atualmente é através de processo judicial, o que burocratiza e dificulta a obtenção do insumo;","Promover a realização de campanhas com foco na autoestima de meninas e mulheres com deficiência, bem como no enfrentamento a estereótipos, discriminação e preconceitos;","Promover políticas públicas que favoreçam a renovação de edifícios históricos significativos e suas áreas envoltórias, de forma a respeitar e valorizar o seu papel enquanto documento de memória e, ao mesmo tempo, possibilitar sua inserção na dinâmica da cidade.","Identificar e mapear terras das culturas tradicionais promovendo políticas que visem salvaguardar e perpetuar o patrimônio cultural, sobretudo de povos historicamente marginalizados."
Macapá,NEUZINHA,PSDB,2020,"Criar o Centro Municipal de línguas (Inglês, espanhol e linguagem brasileira, de sinais – libras)","Buscar parcerias para a efetivação do projeto “Colônia de Férias”, para alunos da rede municipal;","Promover a conexão dos pontos de ciclovias ou ciclofaixas já existentes, implantando, assim, uma Rede Cicloviária do município.",Promover a revisão dos contratos da Prefeitura com a concessionária de energia elétrica,"Transformar a Fábrica 747 no Espaço do Empreendedorismo: com salas de aula para cursos, área de exposição de produtos e ateliês, onde estarão disponíveis serviços para abertura de novos negócios e recursos de apoio às micro e pequenas empresas."
Macapá,RAPHAEL FURTADO,PSTU,2020,"Educar contra a cultura do estupro, contra a naturalização da violência contra meninas, mulheres e LGBTs.","A prefeitura irá defender a legalização gratuito, de qualidade, e garantido pelo SUS. Irá garantir a estrutura para a realização do aborto legal no município de Vitória. Violência obstétrica zero.","A prefeitura irá lutar pela desmilitarização das polícias, com uma formação humanizada, anti-racista, anti-machista, anti-LGBTfóbica e controlada pela população.",Política de cotas para travestis e transexuais em concursos públicos para tirálas grande parte delas que está em situação de prostituição.,"A prefeitura irá lutar pelo retorno do transporte aquaviário entre Vitória e Vila Velha e Cariacica, integrado ao sistema rodoviário."
Macapá,SERGIO SÁ,PSB,2020,"Trabalharemos de forma efetiva a identidade cultural de Vitória, sua vocação náutica e insular, projetando a cidade no cenário nacional e internacional.","Implantaremos escritórios nas comunidades carentes, com engenheiros, arquitetos e técnicos de edificações, para assegurar assistência técnica às famílias na construção e reforma das suas casas. Essa medida tem como objetivo reduzir os transtornos causados por obras irregulares e oferecer à comunidade uma moradia digna e segura.",Renovar gradativamente a frota de veículos à combustão da Prefeitura por veículos elétricos.,"Vamos promover a criação da Liga Municipal de Esportes, referenciando a participação do Município nos esportes de alto rendimento e paradesporto.",Vamos implementar a valorização das identidades e das culturas de tradição negra. Implementar o observatório da igualdade racial. Ampliaremos as atividades no Museu Capixaba do Negro (MUCANE) no Centro.
Macapá,ALEXIS PEDRÃO,PSOL,2020,Criação da Renda Emergencial Popular Municipal e Linhas de crédito especiais para microempreendedores e pequenos empresários,"Realizar pesquisas junto às universidades e comunidades pesqueiras para construir um relatório do panorama socioeconômico dos homens e mulheres que se vinculam ao trabalho da pesca, identificando suas necessidades e construindo soluções; Fortalecer e apoiar os povos indígenas, quilombolas e tradicionais do município;","Recuperação e aparelhamento das Unidades Básicas de Saúde (UBS), com possibilidade de atendimento noturno e aos finais de semana.","Taxação progressiva do IPTU; Manutenção de cadastro atualizado de terras e imóveis ociosos, garantindo acesso democrático às informações;",
Maceió,ALMEIDA LIMA,PRTB,2020,"Elaborar e executar um Amplo Projeto de Revitalização do Centro de Aracaju e Adjacências, contemplando a melhoria da segurança pública, da mobilidade, a organização do transporte público coletivo, melhoria dos terminais de transporte, o acesso ao centro da cidade por transporte coletivo alternativo, a criação de dez mil vagas de estacionamento público, criação de espaços e promoção de atividades culturais, esportivas e de lazer.","Construir ciclovias em áreas da cidade por onde trafegam muitos trabalhadores, a exemplo do Bairro Santa Maria para outros pontos da cidade, por toda a Avenida Euclides Figueiredo, Maranhão, Visconde de Maracaju, Desembargador Maynard e outras;","Realizar Concurso Público para todas as categorias profissionais da área de saúde, cujos aprovados devem ser contratados imediatamente, a fim de suprir as necessidades existentes na rede municipal;","Dotar as escolas de sinal de internet de boa qualidade, via Wi-Fi, aparelhando as escolas, alunos e professores com computadores, permitindo ao professor fazer uso de outras ferramentas de educação como aulas e cursos online;",
Maceió,DELEGADA DANIELLE,CIDADANIA,2020,"Elaboração do projeto urbanístico “Centro Vivo”: com ações para fortalecimento do comércio e serviços, atraindo novos investimentos e promovendo a diversidade de usos e usuários, bem como a reforma de calçadões, praças e mercados centrais, organização do comércio informal em locais adequados, reforma do Terminal Luiz Garcia, melhoria do estacionamento rotativo, dentre outros.",Implantação da Secretaria Especial de Defesa Animal Fortalecimento e ampliação das ações de combate aos maus-tratos aos animais.,Implantação de pontos de wi-fi livre pela cidade.,"Elaborar o Guia do Investidor, com indicadores sócio econômicos e destacando oportunidade de investimentos na cidade.",
Maceió,DELEGADO PAULO MARCIO,DC,2020,"É necessário que os recursos disponíveis sejam utilizados com responsabilidade e transparência, atingindo a maior parte da população, atendendo suas necessidades. É hora de gastar mais com as pessoas e menos com a máquina pública.",IMPLEMENTAR ações de segurança pública que tragam à população tranquilidade e garantam melhor qualidade de vida;,"EXPANDIR a rede de coleta de esgoto do município, garantindo saneamento básico à população e respeitando o meio ambiente","GARANTIR saúde pública de qualidade, com foco na atenção básica, nas estratégias de saúde da família e na medicina preventiva;",
Maceió,EDVALDO,PDT,2020,"Renovar, ampliar e qualificar a iluminação pública de Aracaju com substituição total das lâmpadas atuais por lâmpadas de led, que possibilitem mais luminosidade com maior eficiência energética, segurança e proteção, valorização dos espaços públicos de grande circulação e convivência nos bairros como as praças e avenidas e os marcos urbanos e históricos da cidade e a integração do sistema com a rede de lógica e câmeras de vídeomonitoramento.","Finalizar a construção, equipar e efetivar a Maternidade Pública de Aracaju.","Incentivar a Economia Digital 4.0, com atração de empresas de base tecnológica e tornar Aracaju um celeiro de profissionais da área.","Profissionalizar e fomentar o marketing de destino, a promoção e mídia compartilhada com o trade (redes sociais, operadoras, sinalização, ações promocionais, etc.)",
Maceió,GEORLIZE,DEM,2020,"Elaboração em conjunto com entidades que representem os empreendedores e da sociedade civil através de audiências públicas, do Plano Municipal de Desburocratização e Liberdade Econômica. O objetivo central desse plano é melhorar o ambiente de negócios em Aracaju, fazendo com que o município exerça perante o microempreendedor o papel que sempre deve efetivamente exercer: o de parceiro.",Construção de PCDT – Protocolo Clínico de Diretrizes Terapêuticas para a Rede de Atenção à Saúde em todos os níveis assistenciais;,"Instituir o Conselho Municipal de Segurança Pública com o modelo de gestão participativa, constituído por representantes da sociedade civil, secretarias municipais e órgãos vinculados à segurança pública, com o objetivo de buscar soluções baseadas em um planejamento estratégico e sistêmico, priorizando as comunidades rurais, monitorando o cumprimento das metas e diretrizes da Política Nacional de Segurança Pública e Defesa Social.","Propor a criação de um Programa de Aceleração de Aprendizagem, em parceria com a Secretaria de Educação, objetivando a redução das distorções idade-série de jovens egressos dos serviços de Medidas Sócioeducativas, de modo a contribuir para a inserção dos mesmos no mercado de trabalho, bem como na redução do número de deslocamento para o sistema prisional.",
Maceió,GILVANI SANTOS,PSTU,2020,,,,,
Maceió,JURACI NUNES,PMB,2020,"Criação de um polo de desenvolvimento tecnológico, voltado para a produção de produtos de alta tecnologia em parceria com as Universidades.",Criação de uma política de atendimento à saúde mental;,Distribuição de material escolar para crianças beneficiárias do Bolsa Família;,"Construção do Observatório Social da Violência, que irá ajudar a montar os indicadores da violência, permitindoassim a construção de políticas de prevenção em cada localidade;",
Maceió,LÚCIO FLÁVIO,AVANTE,2020,"Utilização de postos moveis de atendimento, com agenda disponibilizada previamente, para evitar grandes locomoções que, que, por vezes, inibem a busca por tratamento adequado.","Temos profunda afinidade com o ideário do EMPREENDEDORISMO, que precisa ser ensinados na família, com a integração escola-família, empresa-família, o que pode ser motivado através de parcerias com os diversos segmentos empresariais, de modo a mostrar às crianças como as coisas são feitas, a importância do trabalho, a conjugação de fatores necessários para produzir algo aparentemente simples, incentivando-lhes a criatividade, a capacidade de percepção, o respeito ao trabalho.","A SEGURANÇA dos espaços e serviços do município deve, por sua vez, ser proporcionado pela nossa valorosa Guarda Municipal, que será inteiramente reequipada, com a aquisição de armamento adequado, como a substituição dos velhos revólveres por Pistolas cal. 9 mm de maior capacidade, de coletes balísticos e outros equipamentos necessários à proteção do Guarda e da nossa população.","O estímulo de parcerias entre o Município e os empresários, dentre eles os donos de food trucks, pode revigorar os espaços públicos e tornar-se um atrativo turístico importante.",
Maceió,MÁRCIO MACEDO,PT,2020,Implantar a integração temporal que permitirá ao usuário do transporte coletivo trocar de linha em qualquer ponto de ônibus e não apenas nos terminais de integração.,"Implantar o programa Espaço Social Comunitário (ESC) que consiste na adequação de espaços urbanos para o uso dinâmico em ações de fomento ao empreendedorismo, ao uso de tecnologias de informação e ao fomento às novas tecnologias sociais e culturais, de forma a privilegiar o protagonismo comunitário.","Criar o Jardim Botânico de Aracaju no Parque da Sementeira, integrado a um herbário, como um ambiente de visitação, envolto de conteúdo científico, para que os jovens aracajuanos conheçam o seu ambiente natural e o processo de modificação através dos tempos.","Firmar parcerias com os principais destinos do Estado (Litoral Sul, Foz do Rio São Francisco e Xingó) para a execução de um plano de cooperação regional que potencialize a permanência do turista em Sergipe.",
Maceió,RODRIGO,PTB,2020,"Renegociação de dívidas de Pessoas Físicas e Jurídicas com a cidade de Aracaju, permitindo a facilitação dos pagamentos. Em caso de insucesso, a adoção de venda da dívida via securitização.","Incentivos para o aumento da produção pesqueira em Aracaju, por meio de parcerias com o Ministério da Agricultura, Pecuária e Abastecimento, assim como negociações para o aumento da oferta de crédito e melhorias para o escoamento e venda da produção.","Transformação do Kartódromo Emerson Fittipaldi em Autódromo Internacional por meio de Parceria Público-Privada, visando a atração de investimentos e da vinda de categorias automobilísticas para Aracaju.","Ensino da história aracajuana nas escolas municipais, criando o sentimento de pertencimento e fortalecendo o orgulho de ser morador de Aracaju.",
RIO DE JANEIRO,CASSIO ANDRADE,PSB,2020,"Inserir a temática do envelhecimento, empreendedorismo e educação financeira nas escolas municipais de BELÉM como tema transversal.","Centro de Referência da Saúde do Homem, sendo um espaço que disponibilizará consultas, exames e demais meios para diagnósticos, cuidado, conscientização e incentivo à saúde do público masculino, nos mesmos moldes da Saúde da Mulher, de forma a dar a efetiva execução ao “Programa de Saúde do Homem”.","Criação do parque gastronômico popular, aproveitando a condição de BELÉM como Cidade Criativa da Gastronomia da UNESCO, e como extensão, aos bairros e distritos, com a criação de cozinha e delivery a partir do parque gastronômico.","Criação do selo “Empresário Solidário do Esporte” – Com o intuito de incentivar a responsabilidade social das empresas, conceder o referido selo às empresas que “apadrinharem” um atleta, com apoio financeiro para aquisição de material de treino, roupas, cursos técnicos, transporte e alimentação.",
RIO DE JANEIRO,CLEBER RABELO,PSTU,2020,"Um plano que em primeiro lugar levante os equipamentos e equipes médicas que faltam nos hospitais, UPAS e UBSs e a retirada das OSs- Organizações Sociais do gerenciamento e administração das verbas públicas da saúde com absorção de todos os funcionários dessas organizações pelo Município. Junto a isso um plano de reformas e construção de mais Hospitais e UBSs, e implementação da jornada de 30 horas semanais para os trabalhadores da saúde.",Criação de uma Empresa Publica Municipal de transporte que garanta ar condicionado no transporte e passe livre para estudantes e desempregados.,IMPULSIONAR A AGRICULTURA FAMILIAR EM PARCERIA COM OS ASSENTAMENTOS,"Pelo direito ao reconhecimento jurídico com visto definitivo aos imigrantes e fim do preconceito contra haitianos, bolivianos, cubanos e demais estrangeiros.",
RIO DE JANEIRO,DELEGADO FEDERAL EGUCHI,PATRIOTA,2020,"Elaborar o Programa “Vale do Silício Amazônico”, em parceria com o Governo Federal, visando ao incentivo fiscal para instalação de empresas startups e de Parque Industrial em Belém, nas áreas de Outeiro e Icoaraci.","Criar o “Prêmio Meu Bairro é Pai D’égua”, para os bairros mais limpos da cidade; conscientizar a população sobre a importância de reduzir, reaproveitar e reciclar os resíduos sólidos;","Criar o Programa “Açaí Renovável”, firmando convênios e parcerias com universidades e empresas privadas para o desenvolvimento de projetos utilizando o caroço do açaí como novas alternativas de produção de energia (etanol de 2a. Geração), produtos farmacêuticos (antitumorais) e medicinais, adubos e biojóias;","Implementar o Programa “Belém Não Dorme”, com Central de Monitoramento 24h da Guarda Municipal e Central de Comando e Controle (CCC), em parceria com a polícia militar e polícia civil, a fim de coibir ações de vandalismos, descarte irregular de resíduos sólidos e outros crimes;",
RIO DE JANEIRO,DR JERONIMO,PMB,2020,Implantar o Programa lixo é luxo para garantir a coleta regular de resíduos sólidos e gerar renda.,"Estimular o uso de energia solar, eólica, e a implantação de agricultura orgânica nas ilhas de Belém e nas áreas mediterrâneas com produção agrícola","Acabar com a indústria de multa na cidade, inclusive com a desativação de “araras” em locais totalmente desnecessários, a exemplo da Av. Nazaré com Benjamin Constant.",Realizar parcerias com a UFPA para criação de um efetivo Sistema de Drenagem Urbana Sustentável de Belém.,
RIO DE JANEIRO,EDMILSON RODRIGUES,PSOL,2020,"As Equipes de Saúde da Família e Bucal serão um pilar da Atenção Básica, bem como a ampliação do atendimento nas unidades de saúde, com previsão até de um terceiro turno nessas unidades, desde que devidamente debatido e acordado com as comunidades de maneira organizada pelas Subprefeituras.",Será criado o Selo Nascer Bem para certificar as boas práticas de humanização e de proteção à mãe e ao bebê.,"A Educação do Campo, das Águas e da Floresta, terá a escola presente nas comunidades e territórios de diversos grupos sociais, sujeitos do Campo, das Águas e da Floresta, com a especificidade da temática “História e Cultura Afro-Brasileira e Indígena”.","Será feita uma Agenda de negócios locais e organização do sistema de produção e comercialização de alimentos, mercadorias e serviços via Sistema de Organização das Feiras e Mercados de Belém.",
RIO DE JANEIRO,GUILHERME LESSA,PTC,2020,Discutir com empresariado um consórcio para reduzir o valor da tarifa de ônibus e criação de um Pró-bônus dado pelo município.,Criar a incubadora de ONGs (Ressaltar projetos existentes na comunidade há mais de 10 anos).,"Projeto CONECTA Belém , energia elétrica e internet à todas as ilhas ao redor de Belém e praças públicas.",Construir o maior trapiche pesqueiro da América La na com frigorífico e criar uma Cooperativa municipal.,
RIO DE JANEIRO,GUSTAVO SEFER,PSD,2020,"E para que esse objetivo, de zerar as filas de procedimentos, exames e cirurgias, seja alcançado, serão propostos convênios com a rede particular de saúde para atendimento dessa demanda reprimida e o pagamento será realizado por produtividade.","Nosso plano é ampliar o sistema de transporte público para além das ruas, estendendo para os rios, com linhas regulares que transportarão passageiros entre o centro da cidade e as ilhas, atendendo principalmente Icoaraci, Mosqueiro, Outeiro, Cotijuba e Combu.","A corrida de rua está sendo cada vez mais difundida e praticada no município de Belém, por isso, no nosso governo, planejamos criar e/ou adaptar espaços que sirvam de circuitos de corrida, oferecendo um local adequado para a prática e com segurança para os corredores. Estes locais serão totalmente estruturados, com paisagismo e arborização e vão contemplar também áreas para ciclismo e atletismo, como forma de incentivar a população a ter hábitos de vida mais saudáveis.",Criaremos uma coordenadoria específica para cuidar dos direitos dos animais e cuidar das causas relacionadas,
RIO DE JANEIRO,JAIR LOPES,PCO,2020,Partido tem um programa de governo único para todos os candidatos,,,,
RIO DE JANEIRO,MARIO COUTO,PRTB,2020,"Consolidar Conselhos de Escolas em todas as unidades escolares da rede, de modo a democratizar a relação entre a comunidade escolar;",Será implantado o programa: Médico Em Sua Casa,"Celebrar convênios com a UFPA e a UEPA nas áreas de Ciências Sociais, Arquitetura, Direito, História, Administração Pública e Antropologia para o desenvolvimento de pesquisas e ações de extensão na área de políticas urbanas municipais de segurança, contribuindo a Prefeitura com bolsas e infraestrutura;","Programa “Esse Rio É Minha Rua”, reativar o Transporte fluvial nas ilhas;","Programa “Esse Rio É Minha Rua”, reativar o Transporte fluvial nas ilhas;"
RIO DE JANEIRO,PRIANTE,MDB,2020,"Estabelecer parcerias com o sistema S para capacitação de empreendedores, tendo a premissa da inovação como norte das políticas de geração de emprego e renda;",Instituir atendimento de urgência 24 horas em todos os distritos administrativos da cidade,"Fechar para o lazer da população, aos domingos e feriados, espaços de grandes e largas avenidas (por exemplo, pistas centrais da Avenida Pedro Miranda).","Promover a Virada Cultural de Belém, tornando-a atividade periódica e estendendo-a aos distritos, procurando valorizar diversas regiões da cidade e suas manifestações culturais;","Promover a Virada Cultural de Belém, tornando-a atividade periódica e estendendo-a aos distritos, procurando valorizar diversas regiões da cidade e suas manifestações culturais;"
RIO DE JANEIRO,THIAGO ARAUJO,CIDADANIA,2020,"Ampliação e fortalecimento da estratégia de compras públicas locais, estimulando a participação dos microempreendedores individuais (MEI) e das micro e pequenas empresas (MPE) nos processos licitatórios do governo municipal, visando ao fortalecimento da economia e geração de emprego e renda local.","Criação da Incubadora Municipal, espaço físico e virtual para apoiar e estimular os empreendimentos inovadores, criativos e colaborativos.","Reconfiguração urbanística da Avenida Almirante Tamandaré, que liga a área central de Belém ao seu centro histórico, como forma de propiciar uma paisagem histórico-cultural de resgate da Belle Époque, dotando o município de mais um ativo turístico e urbanístico relativo ao circuito histórico, cultural e criativo no centro histórico de Belém, a fim de fortalecer o Projeto Circular.","Desenvolvimento de “Projeto Abraço”, para atendimento de pessoas em estado de vulnerabilidade socioemocional, objetivando o enfrentamento das questões correlatas aos transtornos de ansiedade, estresse, depressão, suicídio e suas nuances;","Desenvolvimento de “Projeto Abraço”, para atendimento de pessoas em estado de vulnerabilidade socioemocional, objetivando o enfrentamento das questões correlatas aos transtornos de ansiedade, estresse, depressão, suicídio e suas nuances;"
RIO DE JANEIRO,VAVÁ MARTINS,REPUBLICANOS,2020,"Leilão de crédito de carbono que funcionam como certificados de comprovação de que uma empresa ou nação reduziu a emissão de gases. Dessa forma, tais investimentos gerados serão destinados a projetos ambientais e de urbanização para a cidade de Belém.","Criar o primeiro pátio de compostagem na região Norte do país, onde os resíduos orgânicos virarão fonte de emprego e renda e todo o material compostado ao ser transformado em adubo será utilizado na ornamentação e cuidado com o verde da cidade;",Criar o Programa “Saúde na palma da mão”. Um aplicativo interativo e que facilite a marcação de consultas e exames.,"Programa “Papel Zero”. Sistema de gestão em nuvem, agilizando a tramitação de processos e desburocratização.","Programa “Papel Zero”. Sistema de gestão em nuvem, agilizando a tramitação de processos e desburocratização."
RIO DE JANEIRO,ÁUREA CAROLINA,PSOL,2020,Desenvolver políticas de emprego e renda voltadas para a população trans e travesti.,"Fomentar o Centro Público de Economia Solidária (Cepes) da PBH, ampliando sua estrutura e orçamento.","Atuar em favor da progressividade dos tributos municipais, para maior tributação do patrimônio e menor tributação do consumo.","Promover a educação dos profissionais de saúde sobre as temáticas de gênero, sexualidade e raça","Promover a educação dos profissionais de saúde sobre as temáticas de gênero, sexualidade e raça"
RIO DE JANEIRO,BRUNO ENGLER,PRTB,2020,NÃO ESTÁ NO SITE DO TSE,,,,
SALVADOR,CABO XAVIER,PMB,2020,NÃO ESTÁ NO SITE DO TSE,,,,
SALVADOR,FABIANO CAZECA,PROS,2020,"O PROGRAMA NÃO POSSUI NENHUMA PROPOSTA. APENAS APRESENTA O CANDIDATO E SUA VIDA, CONTANDO A TRAJETÓRIA DE AMBOS.",,,,
SALVADOR,JOÃO VITOR XAVIER,CIDADANIA,2020,"Garantir a multidisciplinaridade dos atendimentos, possibilitando um olhar multiprofissional, inclusive com a inserção de fisioterapeutas, terapeutas ocupacionais e outros profissionais na equipes principais da Estratégia Saúde da Família (ESF);",Potencializar o desenvolvimento de Propostas de Educação “Maker” (“mão na massa”) e Robótica Educacional.,"Criar o Comitê Interinstitucional de Prevenção e Enfrentamento à Violência contra as Mulheres, por meio da integração de órgãos públicos municipais, Ministério Público, Defensoria Pública, Polícia Militar, Polícia Civil, Tribunal de Justiça e entidades da sociedade civil, para definir ações integradas e garantir mais eficácia nas ações de prevenção e combate à violência doméstica;","Implantar a tecnologia conhecida como “Botão do Pânico”, para proteger a vida das mulheres que têm medida protetiva de afastamento do agressor;",
SALVADOR,KALIL,PSD,2020,"Implantação do Centro de Atenção à Saúde da Mulher e do Centro de Parto Normal no Hospital Municipal Odilon Behrens, que terão por objetivo ampliar a atenção à mulher na rede municipal.","Inclusão, no Cadastro Anual para a Rede Escolar, da opção pelo tempo integral, com lista pública de espera que leve em conta critérios de vulnerabilidade social.",Ampliação e qualificação dos restaurantes populares.,"Ampliação do efetivo da guarda, com a nomeação dos novos guardas civis aprovados no concurso da Guarda Civil Municipal de Belo Horizonte realizado em 2020, mas não efetivado em função da covid-19.",
SALVADOR,LAFAYETTE ANDRADA,REPUBLICANOS,2020,"Desenvolver e implantar sistema de inteligência artificial integrado com informações da Saúde e Assistência Social, capaz de receber todas as informações dos alunos e transmiti-las aos pais, para melhoria do controle de frequência e notas, aumentando a relação da família com a escola.","Incrementar a utilização do Prontuário Eletrônico do Cidadão (PEC), tornando sua utilização obrigatória, e utilizando suas funcionalidades para auxiliar na ampliação dos indicadores de vacinação infantil, pré natal, exames de rotina, marcação de consultas e na Estratégia de Saúde da Família;","Analisar a viabilidade de criar estacionamentos subterrâneos e verticais de baixo custo nas imediações das estações de metrô e MOVE, com o intuito de liberar as vias e dar maior fluidez ao trânsito.","Efetivar a Certificação em Sustentabilidade Ambiental – Selo BH Sustentável para entes públicos e privados que tenham consolidadas práticas ambientalmente responsáveis para a obtenção de resultados que contribuam para a redução do consumo de energia, de água, de poluição, do efeito estufa e para a redução/reciclagem de resíduos sólidos, incluindo a viabilidade de incentivos fiscais.",
SALVADOR,LUISA BARRETO,PSDB,2020,"Criação de parques lineares, que acompanham o leito dos rios, e ajudam a conter cheias e enchentes","Criação de ecopontos de fácil acesso em todas as regionais que, com parceria com associações de catadores de lixo e incentivos à participação da população, irão ser polos de reciclagem da cidade.","Teremos um programa focado na regularização fundiária urbana, em especial nas vilas e favelas, para conceder a titularidade dos imóveis àqueles que os ocupam há anos, permitindo aos cidadãos uma maior segurança.","Criação de serviço de transporte coletivo on-demand como por exemplo o transporte compartilhado sobre demanda por meio de aplicativos em parceria com empresas de ônibus ou parcerias com serviços como Uber, Cabify e 99 para oferecer um serviço de melhor qualidade.",
SALVADOR,MARCELO SOUZA E SILVA,PATRIOTA,2020,"Revisão e implantação de uma política de incentivos fiscais à atração de investimentos para a cidade, alinhada aos setores estratégicos que queremos atrair para BH, reduzindo o ISS sobre estes serviços e, gradativamente, para os demais setores;",Transformar BH na capital latina da Segurança Cibernética e da Proteção de Dados criando uma agenda de eventos de classe mundial em parceria com o setor privado;,Realizar o carnaval de 2021 e consolidar Belo Horizonte como um dos principais destinos no Brasil;,"Criar o Programa Digital Fácil para isentar os espaços residenciais de qualquer ônus para transformação em empresas comerciais para atividades de programação, incentivando o home office de empreendedores digitais em articulação com demais esperas regulatórias",
SALVADOR,MARILIA DOMINGUES,PCO,2020,PROGRAMA ÚNICO PARA TODOS OS CANDIDATOS DO PARTIDO,,,,
SALVADOR,NILMÁRIO MIRANDA,PT,2020,Criar a Secretaria de Políticas para as Mulheres com dotação orçamentária própria; garantir paridade na designação de cargos comissionados na administração municipal.,"Buscar a integração metropolitana de forma a obter melhor atendimento à população, evitar a sobreposição de linhas, racionalizar custos e praticar tarifa única e integrada – Bilhete Único Metropolitano;","Estabelecer incentivos fiscais, como o IPTU ecológico, para ações exercidas por particulares que contribuam para a redução de gastos da Administração Pública com a redução de riscos, preservação e recuperação ambientais",Criar o Fundo Municipal de Incentivo à Reciclagem e Inserção Produtiva de Catadores,
SÃO LUÍS,PROFESSOR WENDEL MESQUITA,SOLIDARIEDADE,2020,"Criação da POUPANÇA JOVEM: valor que o jovem vai receber ao concluir o ensino fundamental mantendo o mínimo de 70% das notas em todas as disciplinas do 1o ao 9o Ano. No fim de cada série, ao alcançar o objetivo, ele recebe um valor que ficará guardado em uma poupança com recebimento na conclusão do ensino fundamental.","TALENTO JOVEM: desenvolver parceiras com os clubes de belo horizonte (Cruzeiro, Atlético e América) com o objetivo implementar escolinhas de futebol nas regionais de belo Horizonte. incentivar e apoiar as demais modalidades esportivas. Apoiar e incentivar modalidades paralímpicos. Ampliar o bolsa atleta.","Oferecer cursos e palestras em centros comunitários e escolas sobre Educação Financeira Familiar, com objetivo de orientar as famílias como realizar uma gestão eficiente de suas finanças com participação de todos os membros.","Criação de Turmas Referência: pessoas com doenças raras, deficiências e outras síndromes merecem escolas preparadas, com profissionais capacitados para um correto desenvolvimento dos estudantes. Cada regional deverá ter uma equipe capacitada para receber, cuidar e preparar as crianças para as etapas escolares.",
SÃO LUÍS,RODRIGO PAIVA,NOVO,2020,"Criação de marcos nos quatro pontos cardeais da cidade, com um passaporte virtual de visitação;",Criação do BH App Cidadão e BH App Empresas para que o cidadão e as empresas tenham acesso aos serviços na palma da mão.,"Estruturação de banco de dados, sistemas e equipamentos tecnológicos para melhoria da gestão de informação, inteligência e monitoramento em Segurança Pública.","Estabelecimento de programas de teleconsultas (atendimento à distância), quando o atendimento presencial não for possível e de acordo com as normas dos respectivos conselhos profissionais; programas de telemonitoramento e teleconsultorias entre especialistas e médicos da atenção básica nos casos de agendamentos de consultas especializadas muito tardios e em casos não urgentes; uso de teleconferência para médicos, enfermeiros e outros profissionais da saúde das UBS (Unidades Básicas de Saúde) com profissionais de notório saber, em questões específicas, como nos protocolos para atendimentos de epidemias e outras situações de interesse da coletividade ou da Secretaria da Saúde.",
SÃO LUÍS,WADSON RIBEIRO,PC DO B,2020,Fomento à contratação de trabalhadores idosos para os postos de trabalho que melhor se encaixam no perfil desse trabalhador.,"Será criado o conselho municipal de ciência, tecnologia e inovação. Esse será um fórum prioritário de coordenação entre poder público, participação popular, centros de pesquisa e iniciativa privada da estratégia municipal de desenvolvimento nesse âmbito. Serão definidos planos plurianuais com metas de curto e médio prazo e com controle de execução exercido pelo conselho.","Regulamentar a destinação urbanística de imóvel proveniente de desapropriação, com pagamento em títulos da dívida pública, para Política de Habitação de Interessa Social.","Cada trabalhador com carteira assinada que antes recebia o vale-transporte, receberá um cartão de gratuidade no transporte público e não terá o valor descontado de seu salário.",
SÃO LUÍS,WANDERSON ROCHA,PSTU,2020,"Proibição de demissões em toda a cidade por, pelo menos, dois anos. Garantia de salário social com extensão do auxílio emergencial até a cura da pandemia.","Isenção de pagamento de luz, água, IPTU e passe-livre em todo transporte público para os desempregados;",Oficialização da Língua Brasileira de Sinais Libras e levantamento das escolas com estudantes surdos para torná-las bilíngues.,"Dar a função de ser moradias populares a prédios, casarões e edificações que se encontram inutilizadas por um período maior que 2 anos. As prefeituras possuem um cadastro de acompanhamento destes imóveis e alguns deles foram alvos de ocupações. Estes imóveis devem ser tomados pelas administrações municipais e reformados para servirem como moradias ou espaços públicos, de cultura, educação e lazer. Estes imóveis devem ser de propriedade pública, dos municípios ou estados, e serem destinados ao aluguel social, por um preço justo, nunca superior a 1/4 da renda dos que necessitam; e sem nenhum custo para os que não tem renda.",
SÃO LUÍS,ARTHUR HENRIQUE,MDB,2020,Implantar um Centro de Formação dos Profissionais da Educação.,"Ampliação da rede wi-fi em equipamentos públicos, priorizando as unidades escolares.","Implementação da Zona de Processamento de Exportação ZPE, quando houver reação do comércio exterior ,momento que então se viabilizará essa implantação através de licitção pública.",Criação do programa integrado de monitoramento de APPs.,
SÃO LUÍS,FABIO ALMEIDA,PSOL,2020,"Fortalecer a marca de cidade universitária priorizando o desenvolvimento de nossas instituições de ensino, criando condições para a implantação de centros de pesquisa em Boa vista;",Criar o Conselho Municipal da Juventude participativo capaz de ser um elemento deformulação das políticas para a juventude atendendo a diversidade cultural existente;,Criar o programa de Atenção à Saúde Rural no âmbito de Boa Vista,Implantação do Selo de Inspeção Municipal para facilitar a comercialização de produtosorgânicos feitas pelos pequenos produtores de Boa Vista;,
SÃO LUÍS,GERLANE,PP,2020,NÃO APRESENTA PROGRAMA DE GOVERNO. APRESENTA A ATA DA CONVENÇÃO MUNICIPAL DO PARTIDO PROGRESSISTAS – PP – DO MUNICIPIO DE BOA VISTA/RORAIMA.,,,,
SÃO LUÍS,LINOBERG,REDE,2020,NÃO ESTÁ NO SITE DO TSE,,,,
SÃO LUÍS,LUCIANO CASTRO,PL,2020,NÃO ESTÁ NO SITE DO TSE,,,,
SÃO LUÍS,NICOLETTI,PSL,2020,"Implantação da Casa do Empreendedor, estrutura física que centralizará todo atendimento aos empreendedores, compreendendo ações de formalização,capacitação, acesso a crédito e assistência técnica, a cargo dos agentes de desenvolvimento.","Implantação de Centro de Atendimento Médico voltado para portadores de necessidades especiais, incluindo serviços de fisioterapia, psicoterapia e reabilitação física.","Instituir o Calendário Anual da Cultura, por meio do qual será possível planejar todos os eventos culturais, mobilizando e capacitando previamente todos os prestadores de serviços envolvidos, incluindo a criação do Festival de Música de Boa Vista.",,
SÃO LUÍS,OTTACI,SOLIDARIEDADE,2020,"Criar o Departamento de Proteção e Cuidado de Animais com o objetivo de controle populacional, através da identificação eletrônica, da castração cirúrgica e, com o fortalecimento e parceria com o terceiro setor, clínicas e profissionais veterinários;","Comprar fardamento escolar em estabelecimentos comerciais de Boa Vista, fomentando a economia e incentivando cooperativas de costureiras;","Criar Programa de Inclusão Social e Produtiva de Jovens, inicialmente, por meio de bolsa estágio para incentivar a permanência na escola/universidade, bem como as primeiras experiências profissionais;",,
SÃO LUÍS,PR ISAMAR,PODE,2020,"Incentivar a presença de especialistas nas Unidades de Pronto Atendimento (UPA) e nos postos de saúde, que funcionarão 24 horas.",Contratação de psicólogos para atuar nas escolas junto ao corpo docente e discente.,"Valorização do ambulante, nos eventos culturais realizados pela prefeitura, como forma de fomentar a economia do autônomo.",,
SÃO PAULO,SHAOLYN GOMES,PMN,2020,Criar Programa Bolsa Universitária Municipal; (10 mil bolsas).,"Implantar o projeto Tenho Nome e Sobrenome, que busca criar parcerias com cartórios, tribunais de justiça e bancos para todas famílias possam ter seus documentos.",Construção do centro empresarial e econômico para camelos e ambulantes na zona oeste.,,
SÃO PAULO,SHÉRIDAN,PSDB,2020,"Implantar o Programa Fila Zero, com a criação de aplicativo Conecte SUS Boa Vista, para agendamento de consultas, realizações de exames e recebimento de medicamentos.",Implementar o CENTRO DE REFERÊNCIA EM SAÚDE DO TRABALHADOR DE BOA VISTA;,"Implantar o SISTEMA PÚBLICO DE EMPREGO, TRABALHO E RENDA em Boa Vista, integrando-o com o Aplicativo Boa Vista na Palma da Mão.",,
SÃO PAULO,WILSON PRÉCOMA,PCO,2020,NÃO ESTÁ NO SITE DO TSE,,,,
SÃO PAULO,CRIS DUARTE,PSOL,2020,"Desenvolver um Programa Municipal de Orçamento Participativo, cujo objetivo será realizar consultas públicas através de plataforma digital e organizar o debate orçamentário do município dentro dos conselhos regionais e dos conselhos municipais de políticas públicas.","Criar o Banco Municipal de Desenvolvimento Social e Econômico de Campo Grande/MS, com a função de articular os processos de captação e alocação de recursos em projetos que promovam a distribuição de renda (RENDA BÁSICA MUNICIPAL), implemente um programa de crédito popular para trabalhadores autônomos, cooperativas, pequenos e médios comerciantes que queiram e empreender na cidade e incentivem economias de baixo impacto ambiental, dando o suporte (incentivos fiscais, suporte técnico, formação e qualificação profissional).","Investir no potencial de ecoturismo da cidade, monitorando o impacto socioambiental sobre os roteiros existentes e mapeando novos circuitos que estão fora dos circuitos tradicionais do turismo na cidade;","Estabelecer metas para a progressiva implementação de um plano que garanta que toda a comida servida nos postos de saúde, hospitais, abrigos do CRASS, escolas da rede municipal seja produzida a partir dos princípios da agroecologia (livre de agrotóxicos, adubos químicos e transgênicos), preferencialmente no município.",
SÃO PAULO,DAGOBERTO,PDT,2020,Implementação do ensino de língua espanhola a partir da alfabetização,Proposta de atendimento familiar com uma equipe multiprofissional que iria atender de casa em casa a cada dois meses,"Casa de acolhimento do artista: é comum artistas que contribuíram para a cultura seja local, estadual ou nacional, passar por necessidades já com idade avançada por conseguir trabalhar ou por falta de saúde. Tem sido quase que rotineiros amigos e fãs fazerem a chamada “vaquinha” para pagar despesas de artistas, neste sentido, pensamos em casa de acolhimento para artistas.",Limites de passageiros por ônibus,
SÃO PAULO,DELEGADA SIDNÉIA TOBIAS,PODE,2020,"Criar comitê integrado antidrogas inter setorial vinculado à saúde, fortalecendo a gestão democrática e participativa, articulando com a sociedade civil, os conselhos de saúde.",Interagir e apoiar a Polícia Militar Ambiental na prevenção e combate aos crimes ambientais.,"Incentivar às indústrias de produtos de origem animal, cadastradas no Serviço de Inspeção Municipal (SIM) para adesão ao Sistema Brasileiro de Inspeção de Produto de Origem Animal (SISBI).","Mapear as mulheres com deficiência, cadastrando-as num sistema único de acesso rápido a serviços de acolhimento (denúncias por mulheres surdas/mudas e cegas).",
SÃO PAULO,ESACHEU NASCIMENTO,PP,2020,"Incentivar a criação do CODECOM – Conselho Municipal de Desenvolvimento Econômico Sustentável e Estratégico, exclusivo do empresariado privado e estabelecer Parceria com a Sociedade Civil Empresarial da dinamização do CODECON – Conselho de Desenvolvimento e do PRODES – Programa de Desenvolvimento Econômico e Social de Campo Grande, tendo como objetivo possibilitar ao Setor Econômico a discussão dos rumos do desenvolvimento para Campo Grande, abrangendo todos segmentos do empresariado urbano e rural: indústria, comércio, serviços, agroindústria, setor primário agropecuário e agricultura familiar.","Implantar o cinturão verde com hortas em espaços urbanos pertencentes ao município, para atendimento às necessidades de famílias em risco de segurança alimentar;",Criação das Creches noturnas para atender as famílias que trabalham no período noturno;,Implementar a atenção à saúde da gestante e do bebê em conformidade com a Rede Cegonha (Programa Mãe Campo-grandense);,
SÃO PAULO,GUTO SCARPANTI,NOVO,2020,"Promover estudo sobre a viabilidade da venda de imóveis, automóveis e máquinas, e possível migração para um modelo de locação onde o município não é responsável pela sua manutenção.","Desenvolver estudos para a implementação de projeto piloto de Cupons Escolares ( vouchers ) para matrícula em escolas par culares, pagos pelo Município, mediante critérios a serem estudados e estabelecidos, como uma opção complementar para o déficit de vagas em ins tuições públicas relacionadas à educação de base.","Criar e manter um curso de gestantes permanente para a orientação de casais, no formato de palestras e demonstrações prá cas, abordando temas como Anestesia em Partos, Tipos de Partos, Nutrição no Período de Gestação e Pós-parto, Cuidados Corporais na Gestação e Pós-parto, Testes de Triagem em Recém-nascido, Vacinação na Infância, Amamentação, Cuidados com o Bebê, Maternidade e Rede de apoio.",Ter um plano de contingenciamento através da identificação e mapeamento das áreas de risco por enchentes.,
SÃO PAULO,JOÃO HENRIQUE,PL,2020,"Implantação de educação no trânsito, com o objetivo da diminuição do número de acidentes.","Ampliação e efetivação do atendimento às pessoas com autismo, síndrome de Down e doenças raras;","Promoção de programas de esportes para idosos, garantindo a acessibilidade nos equipamentos esportivos direcionados a esse público;","Recomposição do IPTU com a revisão e atualização correta dos cadastros desatualizados, eliminando cobranças excessivas ou incorretas.",
SÃO PAULO,MARCELO BLUMA,PV,2020,"Consultar as entidades da sociedade civil para o preenchimento dos cargos de primeiro e segundo escalão da administração no governo municipal, juntamente com a utilização de servidores de carreira;","Inserir a web cidadania no processo de construção da democracia participativa, onde os cidadãos além de participarem dos conselhos tradicionais, possam também participar diretamente da administração por intermédio da internet e das mídias sociais.","Ampliar o atendimento técnico-financeiro para as organizações que prestam serviço de assistência social básica, por intermédio da ampliação dos recursos destinados ao Fundo Municipal de Investimento Sociais – FMIS;",Fortalecer as ações do Conselho Municipal de Apoio aos Direitos da Pessoa com Deficiência – COMPD;,
SÃO PAULO,MARCELO MIGLIOLI,SOLIDARIEDADE,2020,"Atrair alunos para cursarem o ensino superior em Campo Grande por meio de vantagens oferecidas pela Cidade aos jovens, melhorando a aderência do ensino superior ao mercado e aos desafios tecnológicos;","Desenvolvimento do projeto do Orçamento da Cidade, no qual serão considerados todos os valores aplicados no interesse público de qualquer fonte estatal ou privada","Integração dos sistemas de informações indispensáveis ao planejamento da Cidade, com vistas à criação de uma matriz de indicadores de efetividade a ser utilizada na elaboração do Planejamento de Médio Prazo (PPA).","Elaboração de um plano de manutenção de espaços e prédios estatais, tais como a reforma de escolas e prédios municipais, visando a ação preventiva de desgastes evitáveis e a economia de recursos, em parceria com as comunidades no controle e prevenção de vandalismo;",
SÃO PAULO,MARCIO FERNANDES,MDB,2020,"Instituição do Prêmio de Inovação Tecnológica, Pesquisa e Desenvolvimento, com premiação financeira e incentivos fiscais e estruturais, para projetos dirigidos a área social;","Abertura de processo seletivo para contratação e concessão de bolsas de pós-graduação para médicos e todos os demais profissionais das equipes de saúde, mediante assinatura de convênio com Instituição de Ensino Superior. Poderão participar do processo tanto os servidores efetivos como demais candidatos interessados;",Criação do Departamento de Proteção e Bem-Estar Animal;,Atendimento Pediátrico e Odontológico nas escolas 1 vez por semana;,
SÃO PAULO,MARQUINHOS TRAD,PSD,2020,"Instituir mecanismos de monitoramento, controle e prevenção de inundações",Implementar corredores exclusivos para o transporte coletivo,"Implementar medidas de prevenção, acompanhamento e reabilitação da saúde dos servidores públicos municipais","Ampliar ações afirmativas, como forma de eliminar práticas intolerantes e garantir a inclusão de grupos étnico-raciais",
SÃO PAULO,PAULO MATOS,PSC,2020,Valorização do funcionário de carreira oferecendo Educação Permanente para que possa trabalhar satisfeito e através da meritocracia ocupar os espaços de crescimento no setor público;,Criação da Biblioteca Municipal Digital;,Criação de Centro de Recuperação de jovens infratores e viciados em drogas;,Projeto PEDALAÇÃO (Passeios Ciclísticos em Grupos);,
TERESINA,PEDRO KEMP,PT,2020,"Promover a descentralização administrativa por meio da implantação dos Centros Regionais de Atendimento ao Cidadão, em cada Região Urbana da capital, visando a facilidade do acesso e a melhoria da qualidade de atendimento aos munícipes.","Incentivar a realização de eventos científico-culturais, artísticos e de negócios, com vistas a dinamizar o turismo na cidade e a economia local;","Implantar a Feiras da Agricultura Familiar e dos Produtos Agroecológicos, do Artesanato e da Cultura Regional, com duas edições anuais cada uma;","Estabelecer um ordenamento ambiental municipal no uso de agrotóxicos, privilegiando a conversão e adoção de processos menos intensivos no uso desses, através do princípio que permite estabelecer maior rigor à norma de proteção ao meio ambiente e à saúde da população.",
TERESINA,PROMOTOR HARFOUCHE,AVANTE,2020,"Com a implementação dos “Centros de Bairros”, além de desafogar a região central, haverá emprego para a população em regiões mais próximas de suas residências, o que favorecerá o comércio e desenvolvimento nos bairros.","Designar um gestor de fato para o acompanhamento, avaliação e constante revisão dos contratos de concessão do transporte coletivo.","Respeito pelos símbolos e personagens nacionais: gradualmente serão desenvolvidas cerimônias de abertura do dia escolar em todas as escolas da rede municipal de Campo Grande, onde será hasteada a bandeira nacional e cantado o hino nacional.","Revitalização da orquestra sinfônica municipal: estabelecimento da temporada anual, com concertos na capital e interior, por meio de parceria com a UFMS, UFGD e UEMS.",
TERESINA,TRUTIS,PSL,2020,Fim da verba de publicidade dos gabinetes do prefeito e da vice-prefeita.,"Introduzir o ensino do xadrez em 100% da rede curricular, com capacitação de professores e material novo.","Criação do Programa Adote um Universitário – Incentivos fiscais para empresas que arquem com os custos de mensalidades universitárias de estudantes oriundos da rede pública de ensino na área da saúde que, em contrapartida, prestarão serviços na rede pública de saúde.","Criação do Programa de Saúde Ocular Estudantil, garantindo exames e entrega de óculos de grau gratuitos à alunos da rede municipal de ensino.",
TERESINA,ABILIO,PODE,2020,Criar a residência médica em Saúde da Família com o MEC e Ministério da Saúde,"Criar um Órgão de Atenção à Saúde da Pessoa com Deficiência na Secretaria de Saúde: planejando, coordenando, e executando as políticas de atenção à Saúde, habilitação e reabilitação da Pessoa com Deficiência no Município","Calendário anual de competições interescolares, com contagem de pontos nos mais variados esportes","Portal de compras municipais na plataforma de marketplace, automatizando o processo de licitação e compras governamentais com 100% de transparência em tempo real",
TERESINA,AÉCIO RODRIGUES,PSL,2020,"Implementar o projeto “Prefeitura no Celular”, assim modernizando a máquina pública, com ampla utilização da Tecnologia da Informatização visando digitalizar todos os processos administrativos;",Permissão para que as áreas comuns das escolas sejam utilizadas pela comunidade aos finais de semana,Utilização de drones para captação de imagens e identificação de criminosos em zonas de alta periculosidade.,Conceder isenção nos alvarás de abertura de novos empreendedores autônomos;,
TERESINA,EMANUEL PINHEIRO,MDB,2020,"Serão instituídas ações de capacitação permanente que serão coordenadas e aplicadas pela Escola do Servidor Público Municipal que consiste em um Centro de Capacitação e Treinamento destinado aos servidores da Prefeitura e da Câmara Municipal, sendo que o projeto de lei que cria a escola já está em tramitação na Câmara Municipal.","Um Canal Direto de Comunicação para os sindicatos e associações, a fim de que suas reivindicações e sugestões sejam conhecidas pelos gestores municipais e sirvam como norte para a construção das políticas públicas destinadas aos servidores.","A ampliação e reforma do Mercado do Porto, que gerará novos comércios e consequente novos empregos, somado a revitalização do Mercado Municipal que em conjunto a revitalização do Centro Histórico, trará vida noturna ao centro de Cuiabá.","A implantação do Alvará Automático garantirá maior celeridade a concessão dos alvarás, uma vez que serão expedidos automaticamente pelo sistema, em até 24 horas após o pagamento da taxa de Alvará. A garantia de um salário mínimo de benefício mensal à pessoa portadora de deficiência e ao idoso, desde que comprovada a impossibilidade de prover a própria manutenção ou de tê-la provida por sua família, conforme assegurado em lei.",
TERESINA,GILBERTO LOPES FILHO,PSOL,2020,"Mecanismos de democracia direta que valorizem a participação popular, como plebiscitos, referendos e consultas públicas, bem como fortaleceremos as conferências e os conselhos municipais.",Passe livre irrestrito para estudantes e pessoas desempregadas,"O Conselho Gestor de Saúde nos bairros, como um lugar mais próximo do cidadão para a tomada de decisão sobre a política de saúde",Novos conjuntos habitacionais nos vazios inseridos nas áreas urbanas consolidadas,
TERESINA,GISELA SIMONA,PROS,2020,"Implantar programa de contratação de servidores exclusivamente comissionados, com as devidas qualificações para o desempenho das funções.","Diminuir em 50% (cinquenta por cento) o número de imóveis locados pela prefeitura, reutilizando prédios de outros entes e/ou construindo novos prédios.","Criar o IPTU SOCIAL, aumentando a faixa de isenção a aposentados, pensionistas, inválidos e viúvos que recebem até cinco salários mínimos, proprietários de único imóvel.",Criação do cemitério de animais,
TERESINA,JULIER,PT,2020,NÃO ESTÁ NO SITE DO TSE,,,,
TERESINA,PAULO HENRIQUE GRANDO,NOVO,2020,"Premiar professores por desempenho com impacto decisivo da avaliação dos pais, não apenas financeiramente, mas em termos de reconhecimento e progressão na carreira.",Implementar um programa teste de vale saúde (vouchers) para contratação de planos de saúde privados pela população de baixa renda,Liberar as opções de transporte coletivo alternativo (micro-ônibus e vans),Desenvolver parcerias público-privadas para transferir a gestão dos principais parques e ambientes de lazer da cidade,
TERESINA,ROBERTO FRANÇA,PATRIOTA,2020,Celebrar convênios e parcerias com o chamado Sistema S e outras organizações para ofertar cursos de formação de jovens aprendizes.,Informatizar todas as unidades escolares,"Recuperar e recompor as matas ciliares, revitalizando as nascentes dos pequenos mananciais do município.",Criar e implantar o projeto “Horta para todos” em todas as regionais da cidade.,
TERESINA,CAMILA LANES,PC DO B,2020,"Criar o Programa Curitiba perto de você, com equipes interdisciplinares dos setores de infraestrutura urbana, social, educação e saúde para percorrer os bairros levantando as demandas e promovendo o acesso da população às Políticas Públicas.","Política Municipal de Combate ao Racismo e a valorização do patrimônio cultural da cultura Afro Brasileira de PG. O resgate do Clube Social Negro, a proteção das Comunidades Quilombolas e das manifestações Religiosas e outras ações culturais como o carnaval.","Criação do Programa Municipal de Agricultura Urbana (Coberturas Verdes, Paredes verdes, Agricultura Vertical, Parque das Hortaliças, Apicultura Urbana, incentivo a Agricultura Orgânica)","Programa de Hortas Comunitárias em espaços públicos e privados para a geração de alimentação, trabalho e renda.",
TERESINA,CAROL ARNS,PODE,2020,"Será implantada uma nova política tarifária que, entre outras diretrizes, contemplará, ao longo do tempo, a adoção da tarifa livre (sem custo para os usuários).","Renovar os acervos das bibliotecas escolares, expandindo seu atendimento para a comunidade e não apenas para os alunos da escola;",Ofertar a modalidade de educação para os jovens de 14 a 25 anos que por diferentes razões evadiram ou estão com significativa distorção idade-série e ortunizar que façam concomitantemente uma formação ou capacitação profissional e dar um direcionamento para vagas de emprego.,"Criar a Curitiba Film Comission, um órgão para apoiar a produção audiovisual em locais públicos.",
VITÓRIA,CHRISTIANE YARED,PL,2020,"Promover estudos de viabilidade para criação de uma companhia municipal de balé com parcerias entre a Prefeitura, empresas e escolas tradicionais de balé;","Incentivar os micros e pequenos negócios como bares, restaurantes, lojas, salões e academias terão apoio fiscal, diminuindo a carga tributária municipal. O município fará, uma revisão tributária, para que possamos ajustar, quem ganha mais pague mais e quem ganhe menos pague menos.",Programa desperdício zero com metas ambiciosas para reaproveitar tudo no lixo que é reciclável capacitando e mobilizando todas as partes interessadas e envolvendo os cidadãos;,"O desenvolvimento de uma plataforma que permita ao produtor entrar em contato direto com o comprador, facilitando assim aquisição de produtos de qualidade com uma relação ganha-ganha;",
VITÓRIA,DIOGO FURTADO,PCO,2020,PARTIDO POSSUI PROGRAMA ÚNICO PARA TODOS SEUS CANDIDATOS,,,,
VITÓRIA,DR JOÃO GUILHERME DO NOVO,NOVO,2020,"Escola de Aperfeiçoamento para professores, diretores e gestores para que haja uma equidade de preparação na Rede Educacional do Município.",Criação de um programa de Telemedicina municipal permanente para atendimento de consultas ambulatoriais e de especialidades.,Patrulha Maria da Penha: Plantão no final de semana e noturno para atendimento de mulheres com medidas protetivas. Aproveitar o aplicativo para situações de assédio no transporte coletivo.,"Proposição de uma lei de aluguel social para famílias em pré-situação de rua, ou reinserção.",
VITÓRIA,ELOY CASAGRANDE,REDE,2020,"Construir um calendário anual de todas as atividades artísticas e culturais da cidade de Aracaju em diálogo com o Conselho Municipal, grupos e fóruns;","Incentivar as HORTAS URBANAS DE BAIRRO nestas áreas, a fim de criar um Programa de Segurança Alimentar que inicie nos bairros e ao qual todos tenham acesso;","Incentivar o consumo de combustíveis menos poluentes, principalmente por veículos do transporte público;","Criar e implantar o Programa “Resíduo Orgânico não é Lixo” para separação do resíduo orgânico doméstico, das empresas, pontos comerciais, bares e restaurantes. Este será compostado e transformado em insumo as plantas e flores dos parques e para as hortas urbanas;","Criar o PROGRAMA IDOSO ATIVO alavancando atividades em que o idoso possa representar um ATIVO para a cidade, através de participação em empresas, ou criando novas incubando empresas nas Incubadoras existentes na cidade ou mesmo realizando tarefas de interesse no seu bairro, tais como cuidado de hortas urbanas, atividades de capacitação, etc.;"
VITÓRIA,FERNANDO FRANCISCHINI,PSL,2020,"Destinar, nos eventos festivos tradicionais de Aracaju, a exemplo de réveillon, carnaval, São João e São Pedro outros, aos artistas e grupos musicais locais, o mínimo de setenta e cinco por cento do orçamento destinado para a sua contratação, com cronograma antecipado e pagamento imediato, tão logo se conclua o evento.","Seguindo critérios de respeito às estruturas familiares, de resgate aos valores e à ética, objetivando uma formação sólida e crítica, será ofertada às comunidades a possibilidade de implantar Colégios Cívico Militares a partir das sextas séries do ensino fundamental.","A Saúde 24h será um programa destinado à ampliação da oferta de consultas e exames eletivos, em horários alternativos (noturnos e finais de semanas), principalmente para crianças, mulheres, idosos, portadores de necessidades especiais, e cidadãos que necessitem de horários alternativos de atendimentos.","Criação de espaços organizados para que que os artistas grafiteiros possam manifestar a sua arte. Esses espaços devem receber iniciativas de artistas profissionais, mas também em especial de amadores, jovens que veem na grafitagem uma forma de manifestação e desabafo, masque não possuem um espaço dedicado para o exercício de sua manifestação.","De maneira revolucionária integraremos todas as informações disponíveis em banco de dados públicos. O cidadão Curitibano passará a ter uma única referência de identificação, independente de RG, CPF, Carteira de Trabalho, Cartão Transporte, Carteira de vacina, todas as informações estarão vinculadas ao Cartão Cidadão. A partir desse cartão que estará disponível sob a forma de tarjeta magnética, smartfone, reconhecimento facial ou biometria, será possível minimizar as vulnerabilidades e ampliar os atendimentos de cunho social, de saúde, de educação, enfim de todas as áreas que impactam a segurança."
VITÓRIA,GOURA,PDT,2020,"Criação de um calendário de festas para a cidade com viabilização através de Parcerias Público Privadas (Ex: Fest Verão, Pré-Caju e Forró Caju). Transformação de Aracaju na Capital do Forró.",Implementar a Cidade Por E Para Mulheres: garantia de quadro mínimo de gestoras nos cargos de chefia.,Criação de “Banco de Materiais de Construção” para receber materiais que são substituídos e/ou sobram ao final de obras com condições de serem reaproveitados,"Promover a implementação de Jardins de Chuva e Pavimentação Drenante sobretudo em grandes áreas impermeabilizadas, como estacionamentos permitem a coleta da água da chuva e são responsáveis pela sua infiltração no solo, alimentando o lençol freático.","Ampliar o programa “Ecocidadão”, fazendo a troca de resíduos por verduras e bônus culturais para eventos promovidos com auxílio e apoio da prefeitura."
VITÓRIA,JOÃO ARRUDA,MDB,2020,"EMPREENDEDORISMO e RENOVAÇÃO: garantindo que ações inovadoras, que fomentem a geração de emprego e renda, sejam estimuladas e implementadas, valorizando arranjos produtivos locais e atraindo investimentos;","Criar a Secretaria Municipal de Inclusão Social, para ampliar e melhorar as políticas públicas direcionadas ao reconhecimento e à garantia dos direitos de pessoas e grupos sociais de maior vulnerabilidade, e que tradicionalmente têm sido discriminados.","Instituir Assessoria Especial para a Igualdade Racial, como instrumento de fortalecimento da institucionalidade das politicas públicas;","Disponibilizar aos jovens, nas unidades escolares, aulas de educação financeira e vida prática – como cozinha, costura, limpeza, estruturação do tempo e carreira;",Criar cadastro único de profissionais da saúde para serem contratados em situações de emergências epidemiológicas.
VITÓRIA,LETÍCIA LANZ,PSOL,2020,"Implementar o programa “ADOTE UMA PRAÇA”, visando despertar a cultura de colaboração da comunidade junto a gestão pública atual para que se mantenha a vitalidade das áreas verdes, em especial, as praças, integrando empresas, cidadãos e as comunidades. Em uma segunda etapa, agregar o projeto horta comunitária nesses espaços.","Criar área livre de agrotóxico nos limites do município, com fiscalização efetiva e criar um fórum com os demais municípios da região metropolitana de Curitiba para criar a área livre de agrotóxicos na RMC até 2030, fortalecendo a agroecologia e favorecendo nossa saúde.","Criar regulamentação para que as empresas que desejarem atuar na cidade com carros elétricos, bicicletas e patinetes compartilhados tenham compromissos e possam facilitar a mobilidade das pessoas através de um serviço responsável, de qualidade e acessível à população. Colocar, também, a possibilidade de criar aplicativos da prefeitura para estes serviços de mobilidade.","É justo que pessoas de renda menor paguem proporcionalmente menos pelo tratamento de esgoto, para que não sejam obrigadas a sair da rede por falta de condições de pagá-lo.","Programa de troca de recicláveis nas comunidades por moeda social, que pode ser revertida em produtos ou serviços da comunidade, incentivando, assim, a economia solidária."
VITÓRIA,MARISA LOBO,AVANTE,2020,"Criar o Apoio Atleta Rede municipal 08 aos 14 anos – Com vale de R$100,00 para que tenha uma condição mínima de deslocamento para treinos e competições municipais.","Desenvolver plataforma (app) que permita a participação popular, possibilitando desta forma o envolvimento dos cidadãos no planejamento e definição das prioridades da gestão. A plataforma de participação popular será chamada de “Participa Curitiba” e o cidadão poderá participar de consultas públicas para a criação de novas legislações, votar em propostas do Orçamento Participativo, conferências temáticas que debatam políticas públicas, acompanhar o Plano Diretor Municipal e até mesmo aprimorar os movimentos sociais com a criação ou participação dos conselhos setoriais.",Promover a regulamentação do “IPTU Ecológico”. Trata-se de desconto no IPTU estimulando empresas e cidadãos a práticas sustentáveis.,"Aperfeiçoamento dos canais de TV via internet, exclusivos para as atividades educacionais e voltadas aos professores, alunos e comunidade escolar.","Criar a Guarda dos Bairros, mediante a ampliação dos módulos da guarda municipal nos bairros de Curitiba. Promovendo desta forma a Guarda Comunitária e cidadã."
VITÓRIA,PAULO OPUSZKA,PT,2020,"Elaborar o Plano Municipal de Gestão Integrada de Resíduos Sólidos (PMGIRS), com o máximo de envolvimento das comunidades, de catadoras/es e demais agentes envolvidas/os na produção de resíduos.","Articular a criação de um aplicativo metropolitano, cooperativo, de transporte de passageiros e produtos, que garanta direitos trabalhistas e previdenciários e uma melhor remuneração dos trabalhadores.",Adotar o reuso de água nas atividades e edificações da prefeitura e incentivar as empresas e a população a fazerem o mesmo.,"Cooperativa municipal de micro-crédito. (Experiência Yunes), com o fornecimento de capital básico para desenvolvimento de atividades de MEIs e microempresárias/os, que não disponham de crédito bancário ou garantias, para o incentivo de empreendimentos, de criação de empregos e renda.",
VITÓRIA,PROFESSORA SAMARA,PSTU,2020,Criação de festival cultural na semana do aniversário do Município,Abrir novos concursos para contratar novos servidores do transporte,Ampliar o horário de atendimento de médicos nas unidades básicas de saúde e principalmente ampliar a Estratégia Saúde da Família (ESF) para atender 100% da população.,"Salas de aula com menos alunos, possibilitando assim uma atenção ao desenvolvimento da aprendizagem dos educandos","Construção de abrigos para animais, hospitais veterinários públicos com capacidade de realizar exames e cirurgias quando necessários"
VITÓRIA,PROFESSOR MOCELLIN,PV,2020,"Coleta de lixo urbano e transporte intermunicipal serão objeto de PROCEDIMENTOS LICITATÓRIOS já no primeiro ano de gestão, publicados nacionalmente, prevendo contratos equilibrados, capazes de garantir o retorno aos empresários e qualidade aos cidadãos.","Ampliação do transporte escolar gratuito para todos os alunos do ensino fundamental, inclusive, para aqueles que usam o transporte público coletivo;","Desenvolver um projeto de Mediação de Conflitos, que pretende capacitar e profissionalizar agentes para criar nas comunidades equipes de Mediação de Conflitos por setor, que façam diagnósticos e atuem na prevenção, facilitando o diálogo entre possíveis protagonistas de conflitos, sob a técnica da Comunicação Não Violenta e das ações da Cultura de Paz;","A instituição da inspeção veicular periódica, retirando-se de circulação os irrecuperavelmente deteriorados e poluentes, obrigando os demais a cumprirem os padrões de emissões gasosas em vigor;","Implantar programa de arborização nas escolas públicas municipais, e de estímulo aos alunos para fazê-lo fora da escola;"
VITÓRIA,RAFAEL GRECA,DEM,2020,"Constituir a Rede de Saúde Bucal do Município de Aracaju de forma a integrar os serviços odontológicos dentro dos três níveis de atenção (Primária, Especializada e Hospitalar) às demais Redes de Saúde.","Criar o Projeto Luz de Curitiba – assistente virtual, baseada em inteligência artificial por meio de voz, com atendimento direcionado aos deficientes visuais, que possibilita uma interação entre os cidadãos e a PMC, disponibilizada para uso em celulares e tablets","Plataforma MaaS (Mobilidade como Serviço) – disponível em portal de internet e via aplicativo, dará ao cidadão opções de escolha do tipo de modal de transporte, a definição do percurso, a composição de tarifas, entre outras facilidades. O MaaS estará disponível para acesso por meio de aplicativos nas versões iOS e android (para celulares e tablets) e portais de internet.",Estabelecer o ZOO de Curitiba como Centro de Conservação da Vida Selvagem,Implantar um Centro de Atendimento Educacional Especializado para Síndrome de Down
VITÓRIA,ZÉ BONI,PTC,2020,"Criação de planos de pagamento do passe escolar, desenvolvendo um sistema de pagamento mensal, trimestral ou semestral com descontos progressivos.","Implantar o “Programa Escola Acessível” com o objetivo de adequar todas escolas municipais para cadeirantes, com rampas e banheiros amplos;",Iniciar “O programa de Intervenção Estratégica e Proteção Social” com o objetivo de prevenir o contato do jovem com as drogas;,"“Programa Reforma Legal” tem por objetivo melhorar as habitações nas vilas por meio do trabalho cooperativo, onde a comunidade, pelo sistema de mutirão, provê a mão de obra e a Prefeitura de Curitiba entra com o suporte técnico e parcerias para fornecimento de materiais de construção, sistemas de reaproveitamento de água da chuva, entre outros.","Instituir o evento “Força Curitibana” no calendário de eventos da Prefeitura Municipal de Curitiba, com participações de esportes inovadores como: Fisiculturismo, Powerlifting, CrossFit e levantamento de pesos (Strong Man);"
