municipio,candidato,cargo,partido,condicao,paginas_proposta,ano,num_arquivos,url
Angra dos Reis,ALEXANDRE SILVA ESTEVÃO,PREFEITO,PSL,NÃO ELEITO,14,2020,1,https://divulgacandcontas.tse.jus.br/candidaturas/oficial/2020/RJ/58017/426/candidatos/499468/5_1600643215060.pdf
Angra dos Reis,LUIS CLAUDIO PEREIRA DAS DORES,PREFEITO,PDT,NÃO ELEITO,12,2020,1,https://divulgacandcontas.tse.jus.br/candidaturas/oficial/2020/RJ/58017/426/candidatos/352848/5_1600827523776.pdf
Angra dos Reis,FERNANDO JORDÃO,PREFEITO,MDB,ELEITO,10,2020,1,https://divulgacandcontas.tse.jus.br/candidaturas/oficial/2020/RJ/58017/426/candidatos/420783/5_1600455228183.pdf
Angra dos Reis,JANE MOTÉ,PREFEITO,PC DO B,NÃO ELEITO,16,2020,1,https://divulgacandcontas.tse.jus.br/candidaturas/oficial/2020/RJ/58017/426/candidatos/423960/5_1600453222608.pdf
Angra dos Reis,MARIO DESCHAMPS,PREFEITO,PV,NÃO ELEITO,45,2020,1,https://divulgacandcontas.tse.jus.br/candidaturas/oficial/2020/RJ/58017/426/candidatos/747711/5_1600990980676.pdf
Angra dos Reis,RAFAELLE FIRMINO DOS SANTOS,PREFEITO,PRTB,NÃO ELEITO,13,2020,1,https://divulgacandcontas.tse.jus.br/candidaturas/oficial/2020/RJ/58017/426/candidatos/562373/5_1600963959967.pdf
Angra dos Reis,VAGNER ROBELES DE OLIVEIRA RAMOS,PREFEITO,DC,NÃO ELEITO,26,2020,1,https://divulgacandcontas.tse.jus.br/candidaturas/oficial/2020/RJ/58017/426/candidatos/712807/5_1601109076643.pdf
Angra dos Reis,JOSÉ AUGUSTO DE ARAUJO VIEIRA,PREFEITO,PP,NÃO ELEITO,20,2020,1,https://divulgacandcontas.tse.jus.br/candidaturas/oficial/2020/RJ/58017/426/candidatos/479102/5_1600800494859.pdf
Angra dos Reis,JOSE MIGUEL FILHO,PREFEITO,PT,NÃO ELEITO,47,2020,1,https://divulgacandcontas.tse.jus.br/candidaturas/oficial/2020/RJ/58017/426/candidatos/500638/5_1600706288645.pdf
Aperibé,MAGNO CUSTODIO DE CASTRO,PREFEITO,DEM,NÃO ELEITO,16,2020,1,https://divulgacandcontas.tse.jus.br/candidaturas/oficial/2020/RJ/58181/426/candidatos/632028/5_1600949272276.pdf
Aperibé,RONALD DE CÁSSIO DAIBES MOREIRA,PREFEITO,PSD,ELEITO,40,2020,1,https://divulgacandcontas.tse.jus.br/candidaturas/oficial/2020/RJ/58181/426/candidatos/549510/5_1601039561895.pdf
Aperibé,VANDELAR DIAS DA SILVA,PREFEITO,PSDB,NÃO ELEITO,9,2020,1,https://divulgacandcontas.tse.jus.br/candidaturas/oficial/2020/RJ/58181/426/candidatos/531583/5_1601052906710.pdf
Araruama,ANDRÉ LUIZ MÔNICA E SILVA,PREFEITO,PL,NÃO ELEITO,28 – 12,2020,2,https://divulgacandcontas.tse.jus.br/candidaturas/oficial/2020/RJ/58033/2030402020/190000668905/pje-3c82aa20-Proposta%20de%20governo.pdf | https://divulgacandcontas.tse.jus.br/candidaturas/oficial/2020/RJ/58033/426/candidatos/315576/5_1600369030429.pdf
Araruama,HERIKA SIQUEIRA MENEZES PASSOS,PREFEITO,PSL,NÃO ELEITO,15,2020,1,https://divulgacandcontas.tse.jus.br/candidaturas/oficial/2020/RJ/58033/426/candidatos/411018/5_1600981094773.pdf
Araruama,JORGE LUIZ DE RESENDE PEREIRA,PREFEITO,PDT,NÃO ELEITO,12,2020,1,https://divulgacandcontas.tse.jus.br/candidaturas/oficial/2020/RJ/58033/426/candidatos/346427/5_1600291473521.pdf
Araruama,LIVIA SOARES BELLO DA SILVA,PREFEITO,PP,ELEITO,23,2020,1,https://divulgacandcontas.tse.jus.br/candidaturas/oficial/2020/RJ/58033/426/candidatos/48510/5_1599146119896.pdf
Araruama,OSVALDO NORBERTO GONÇALVES FILHO,PREFEITO,PV,NÃO ELEITO,3,2020,1,https://divulgacandcontas.tse.jus.br/candidaturas/oficial/2020/RJ/58033/426/candidatos/190000824330/pje-d7bcbc16-Proposta%20de%20governo.pdf
Araruama,RODRIGO PINHEIRO DE OLIVEIRA,PREFEITO,SOLIDARIEDADE,NÃO ELEITO,38,2020,1,https://divulgacandcontas.tse.jus.br/candidaturas/oficial/2020/RJ/58033/2030402020/190000654818/pje-f3d8c8d6-Proposta%20de%20governo.pdf
Areal,CELSO SILVESTRE DE ABREU,PREFEITO,SOLIDARIEDADE,NÃO ELEITO,17,2020,1,https://divulgacandcontas.tse.jus.br/candidaturas/oficial/2020/RJ/58220/426/candidatos/190000795785/pje-c5119535-Proposta%20de%20governo.pdf
Areal,JOSÉ AUGUSTO BERNARDES LIMA,PREFEITO,REDE,ELEITO,39,2020,1,https://divulgacandcontas.tse.jus.br/candidaturas/oficial/2020/RJ/58220/426/candidatos/634085/5_1600916895331.pdf
Areal,JULIO CESAR ESTEVES,PREFEITO,PROS,NÃO ELEITO,3,2020,1,https://divulgacandcontas.tse.jus.br/candidaturas/oficial/2020/RJ/58220/426/candidatos/583042/5_1600794343854.pdf
Armação dos Búzios,ALEXANDRE DE OLIVEIRA MARTINS,PREFEITO,REPUBLICANOS,ELEITO,4,2020,1,https://divulgacandcontas.tse.jus.br/candidaturas/oficial/2020/RJ/58408/2030402020/190000750898/pje-c2026321-Proposta%20de%20governo.pdf
Armação dos Búzios,JOSE LUIZ ALVES SERAFIM,PREFEITO,PSD,NÃO ELEITO,8,2020,1,https://divulgacandcontas.tse.jus.br/candidaturas/oficial/2020/RJ/58408/2030402020/190000687721/pje-9a8df51b-Proposta%20de%20governo.pdf
Armação dos Búzios,CARLOS HENRIQUES PINTO GOMES,PREFEITO,PATRIOTA,NÃO ELEITO,2,2020,1,https://divulgacandcontas.tse.jus.br/candidaturas/oficial/2020/RJ/58408/426/candidatos/528096/5_1600965945733.pdf
Armação dos Búzios,JOÃO DE MELO CARRILHO,PREFEITO,PRTB,NÃO ELEITO,29,2020,1,https://divulgacandcontas.tse.jus.br/candidaturas/oficial/2020/RJ/58408/426/candidatos/277595/5_1600893121645.pdf
Armação dos Búzios,JOICE LÚCIA COSTA DOS SANTOS SALME,PREFEITO,PP,NÃO ELEITO,9,2020,9,https://divulgacandcontas.tse.jus.br/candidaturas/oficial/2020/RJ/58408/426/candidatos/745868/5_1601049179855.jpg | https://divulgacandcontas.tse.jus.br/candidaturas/oficial/2020/RJ/58408/426/candidatos/745868/5_1601049171684.jpg | https://divulgacandcontas.tse.jus.br/candidaturas/oficial/2020/RJ/58408/426/candidatos/745868/5_1601049165551.jpg | https://divulgacandcontas.tse.jus.br/candidaturas/oficial/2020/RJ/58408/426/candidatos/745868/5_1601049169679.jpg | https://divulgacandcontas.tse.jus.br/candidaturas/oficial/2020/RJ/58408/426/candidatos/745868/5_1601049166714.jpg | https://divulgacandcontas.tse.jus.br/candidaturas/oficial/2020/RJ/58408/426/candidatos/745868/5_1601049182127.jpg | https://divulgacandcontas.tse.jus.br/candidaturas/oficial/2020/RJ/58408/426/candidatos/745868/5_1601049173042.jpg | https://divulgacandcontas.tse.jus.br/candidaturas/oficial/2020/RJ/58408/426/candidatos/745868/5_1601049181076.jpg | https://divulgacandcontas.tse.jus.br/candidaturas/oficial/2020/RJ/58408/426/candidatos/745868/5_1601049167954.jpg
Armação dos Búzios,LEANDRO ALEX DE SOUZA DA SILVA,PREFEITO,PDT,NÃO ELEITO,22 – 26,2020,2,https://divulgacandcontas.tse.jus.br/candidaturas/oficial/2020/RJ/58408/426/candidatos/190001111278/pje-249a60a1-Proposta%20de%20governo.pdf | https://divulgacandcontas.tse.jus.br/candidaturas/oficial/2020/RJ/58408/426/candidatos/532189/5_1601060056530.pdf
Armação dos Búzios,PAULO ROBERTO LOPES DE OLIVEIRA CARVALHO,PREFEITO,DC,NÃO ELEITO,NÃO TEM,2020,0,
Armação dos Búzios,MARCELO MOREL,PREFEITO,PMB,NÃO ELEITO,1,2020,1,https://divulgacandcontas.tse.jus.br/candidaturas/oficial/2020/RJ/58408/426/candidatos/366117/5_1600360661618.pdf
Armação dos Búzios,RUBENS DA COSTA LOPES FILHO,PREFEITO,REDE,NÃO ELEITO,13,2020,1,https://divulgacandcontas.tse.jus.br/candidaturas/oficial/2020/RJ/58408/426/candidatos/632097/5_1600895962456.pdf
Armação dos Búzios,ANTONIO CARLOS REIS TOLENTINO,PREFEITO,PODE,NÃO ELEITO,19,2020,1,https://divulgacandcontas.tse.jus.br/candidaturas/oficial/2020/RJ/58408/426/candidatos/423152/5_1600887222119.pdf
Armação dos Búzios,CLERISTOM VIANA DA SILVA,PREFEITO,PSL,NÃO ELEITO,NÃO TEM,2020,0,
Armação dos Búzios,VALDIR VIRGENS PEREIRA,PREFEITO,AVANTE,NÃO ELEITO,3,2020,1,https://divulgacandcontas.tse.jus.br/candidaturas/oficial/2020/RJ/58408/2030402020/190000812628/pje-7c828026-Proposta%20de%20governo.pdf
Armação dos Búzios,VICENTE DE PAULA DOS SANTOS,PREFEITO,CIDADANIA,NÃO ELEITO,20,2020,1,https://divulgacandcontas.tse.jus.br/candidaturas/oficial/2020/RJ/58408/2030402020/190001258821/pje-2dc01cd4-Proposta%20de%20governo.pdf
Arraial do Cabo,HENRIQUE SÉRGIO MELMAN,PREFEITO,PDT,NÃO ELEITO,8,2020,1,https://divulgacandcontas.tse.jus.br/candidaturas/oficial/2020/RJ/59277/426/candidatos/704622/5_1601039728403.pdf
Arraial do Cabo,MARCELO MAGNO FELIX DOS SANTOS,PREFEITO,SOLIDARIEDADE,ELEITO,17,2020,1,https://divulgacandcontas.tse.jus.br/candidaturas/oficial/2020/RJ/59277/426/candidatos/463967/5_1600532350388.pdf
Arraial do Cabo,RENATO MARTINS VIANNA,PREFEITO,REPUBLICANOS,NÃO ELEITO,16,2020,1,https://divulgacandcontas.tse.jus.br/candidaturas/oficial/2020/RJ/59277/426/candidatos/513548/5_1600782331636.pdf
Arraial do Cabo,ELITON PORTO DOS SANTOS,PREFEITO,DEM,NÃO ELEITO,55,2020,1,https://divulgacandcontas.tse.jus.br/candidaturas/oficial/2020/RJ/59277/426/candidatos/758811/5_1600980845276.pdf
Arraial do Cabo,WILLIAN CESAR DA LUZ SILVA,PREFEITO,PT,NÃO ELEITO,25,2020,1,https://divulgacandcontas.tse.jus.br/candidaturas/oficial/2020/RJ/59277/2030402020/190001053167/pje-29c1eec1-Proposta%20de%20governo.pdf
Barra do Piraí,BRUNO DA SILVA MONTEIRO,PREFEITO,DC,NÃO ELEITO,12,2020,1,https://divulgacandcontas.tse.jus.br/candidaturas/oficial/2020/RJ/58050/426/candidatos/26434/Proposta%20Plano%20de%20%20Governo-Bruno%20Alvarenga-2020.pdf
Barra do Piraí,PAULO CESAR VIEIRA DE ALMEIDA FILHO,PREFEITO,PATRIOTA,NÃO ELEITO,NÃO TEM,2020,0,
Barra do Piraí,CRISTIANO GAMA DE ALMEIDA,PREFEITO,PP,NÃO ELEITO,25,2020,1,https://divulgacandcontas.tse.jus.br/candidaturas/oficial/2020/RJ/58050/426/candidatos/678634/5_1600898738476.pdf
Barra do Piraí,FLÁVIO HENRIQUE COSTA DE FREITAS,PREFEITO,PT,NÃO ELEITO,21,2020,1,https://divulgacandcontas.tse.jus.br/candidaturas/oficial/2020/RJ/58050/426/candidatos/429888/5_1600469155430.pdf
Barra do Piraí,MARIO REIS ESTEVES,PREFEITO,REPUBLICANOS,ELEITO,5,2020,1,https://divulgacandcontas.tse.jus.br/candidaturas/oficial/2020/RJ/58050/426/candidatos/370750/5_1600890863824.pdf
Barra do Piraí,MAURO ARÊDES THEODORO,PREFEITO,PC DO B,NÃO ELEITO,40,2020,1,https://divulgacandcontas.tse.jus.br/candidaturas/oficial/2020/RJ/58050/2030402020/190001259152/pje-4b7bb6cc-Proposta%20de%20governo.pdf
Barra Mansa,BRUNO MARINI,PREFEITO,PSD,NÃO ELEITO,15,2020,1,https://divulgacandcontas.tse.jus.br/candidaturas/oficial/2020/RJ/58076/2030402020/190000967394/pje-abaaa7b5-Proposta%20de%20governo.pdf
Barra Mansa,DANIEL GUIMARAES DE ABREU,PREFEITO,PATRIOTA,NÃO ELEITO,17,2020,1,https://divulgacandcontas.tse.jus.br/candidaturas/oficial/2020/RJ/58076/426/candidatos/368416/5_1600620918860.pdf
Barra Mansa,ALCIO PEREIRA,PREFEITO,PTC,NÃO ELEITO,18,2020,1,https://divulgacandcontas.tse.jus.br/candidaturas/oficial/2020/RJ/58076/426/candidatos/841731/5_1601153856329.pdf
Barra Mansa,JACKSON DE OLIVEIRA EMERICK,PREFEITO,SOLIDARIEDADE,NÃO ELEITO,NÃO TEM,2020,0,
Barra Mansa,PAULO CESAR ALVES DOS SANTOS,PREFEITO,PODE,NÃO ELEITO,36,2020,1,https://divulgacandcontas.tse.jus.br/candidaturas/oficial/2020/RJ/58076/2030402020/190001257330/pje-5bcc869a-Proposta%20de%20governo.pdf
Barra Mansa,PETTERSON MAGNO DA SILVA SANTOS,PREFEITO,PSOL,NÃO ELEITO,42,2020,1,https://divulgacandcontas.tse.jus.br/candidaturas/oficial/2020/RJ/58076/2030402020/190001236170/pje-72042e27-Proposta%20de%20governo.pdf
Barra Mansa,CLARICE DE FREITAS SILVA AVILA,PREFEITO,PT,NÃO ELEITO,35,2020,1,https://divulgacandcontas.tse.jus.br/candidaturas/oficial/2020/RJ/58076/2030402020/190001232315/pje-36fe71c0-Proposta%20de%20governo.pdf
Barra Mansa,RODRIGO DRABLE COSTA,PREFEITO,DEM,ELEITO,26,2020,1,https://divulgacandcontas.tse.jus.br/candidaturas/oficial/2020/RJ/58076/426/candidatos/805884/5_1601054889505.pdf
Barra Mansa,THIAGO VALÉRIO DA SILVA,PREFEITO,CIDADANIA,NÃO ELEITO,65,2020,1,https://divulgacandcontas.tse.jus.br/candidaturas/oficial/2020/RJ/58076/426/candidatos/430511/5_1600900078065.pdf
Barra Mansa,TUCA,PREFEITO,PDT,NÃO ELEITO,6,2020,6,https://divulgacandcontas.tse.jus.br/candidaturas/oficial/2020/RJ/58076/426/candidatos/835694/5_1601088348908.pdf | https://divulgacandcontas.tse.jus.br/candidaturas/oficial/2020/RJ/58076/426/candidatos/835694/5_1601088350136.pdf | https://divulgacandcontas.tse.jus.br/candidaturas/oficial/2020/RJ/58076/426/candidatos/835694/5_1601088343067.pdf | https://divulgacandcontas.tse.jus.br/candidaturas/oficial/2020/RJ/58076/426/candidatos/835694/5_1601088344081.pdf | https://divulgacandcontas.tse.jus.br/candidaturas/oficial/2020/RJ/58076/426/candidatos/835694/5_1601088345159.pdf | https://divulgacandcontas.tse.jus.br/candidaturas/oficial/2020/RJ/58076/426/candidatos/835694/5_1601088351074.pdf
Barra Mansa,VALDEMAR COSTA DE MORAIS,PREFEITO,PCO,NÃO ELEITO,37,2020,1,https://divulgacandcontas.tse.jus.br/candidaturas/oficial/2020/RJ/58076/426/candidatos/788553/5_1601036962710.pdf
Belford Roxo,FRANCISCO DE ASSIS FREITAS,PREFEITO,PC DO B,NÃO ELEITO,19,2020,1,https://divulgacandcontas.tse.jus.br/candidaturas/oficial/2020/RJ/58041/426/candidatos/684443/5_1600903297248.pdf
Belford Roxo,CRISTIANO SANTOS HERMÓGENES,PREFEITO,PL,NÃO ELEITO,16,2020,1,https://divulgacandcontas.tse.jus.br/candidaturas/oficial/2020/RJ/58041/426/candidatos/682070/5_1601055634469.pdf
Belford Roxo,FERNANDO ATHAIDE DA SILVA,PREFEITO,PSB,NÃO ELEITO,10,2020,1,https://divulgacandcontas.tse.jus.br/candidaturas/oficial/2020/RJ/58041/426/candidatos/796280/PLANO_GOVERNO.pdf
Belford Roxo,ANTÔNIO AUGUSTO CRUZ RIBEIRO JUNIOR,PREFEITO,PSD,NÃO ELEITO,19,2020,1,https://divulgacandcontas.tse.jus.br/candidaturas/oficial/2020/RJ/58041/426/candidatos/699782/5_1600917311938.pdf
Belford Roxo,NEUZA DA SILVA BOUMGRATZ,PREFEITO,PSOL,NÃO ELEITO,13,2020,1,https://divulgacandcontas.tse.jus.br/candidaturas/oficial/2020/RJ/58041/426/candidatos/765478/5_1600992966628.pdf
Belford Roxo,WAGNER DOS SANTOS CARNEIRO,PREFEITO,MDB,ELEITO,13,2020,1,https://divulgacandcontas.tse.jus.br/candidaturas/oficial/2020/RJ/58041/426/candidatos/242580/5_1600862543883.pdf
Bom Jardim,ANTONIO CLARET GONÇALVES FIGUEIRA,PREFEITO,SOLIDARIEDADE,NÃO ELEITO,6,2020,1,https://divulgacandcontas.tse.jus.br/candidaturas/oficial/2020/RJ/58092/2030402020/190001136788/pje-304ca4dd-Proposta%20de%20governo.pdf
Bom Jardim,JOÃO CARLOS DE SOUZA JUND,PREFEITO,PV,NÃO ELEITO,9,2020,1,https://divulgacandcontas.tse.jus.br/candidaturas/oficial/2020/RJ/58092/426/candidatos/190001137451/pje-fe2dadad-Proposta%20de%20governo.pdf
Bom Jardim,MACILIO NUNES DA SILVA,PREFEITO,PSC,NÃO ELEITO,7,2020,1,https://divulgacandcontas.tse.jus.br/candidaturas/oficial/2020/RJ/58092/2030402020/190001222818/pje-f061ec88-Proposta%20de%20governo.pdf
Bom Jardim,MARLON DE FREITAS JARDIM,PREFEITO,AVANTE,NÃO ELEITO,12,2020,1,https://divulgacandcontas.tse.jus.br/candidaturas/oficial/2020/RJ/58092/426/candidatos/684120/5_1600891616352.pdf
Bom Jardim,PAULO VIEIRA DE BARROS,PREFEITO,PL,ELEITO,4,2020,1,https://divulgacandcontas.tse.jus.br/candidaturas/oficial/2020/RJ/58092/426/candidatos/485075/5_1600730245377.pdf
Bom Jesus do Itabapoana,ANDREIA DE OLIVEIRA PADUA,PREFEITO,PTB,NÃO ELEITO,4,2020,1,https://divulgacandcontas.tse.jus.br/candidaturas/oficial/2020/RJ/58114/426/candidatos/491149/5_1601090885600.pdf
Bom Jesus do Itabapoana,MARIA DAS GRAÇAS FERREIRA MOTTA,PREFEITO,PSL,NÃO ELEITO,31,2020,1,https://divulgacandcontas.tse.jus.br/candidaturas/oficial/2020/RJ/58114/426/candidatos/612282/5_1600911046426.pdf
Bom Jesus do Itabapoana,FELIPE ROBERTO AMARAL FERREIRA DO VALLE,PREFEITO,PATRIOTA,NÃO ELEITO,6,2020,1,https://divulgacandcontas.tse.jus.br/candidaturas/oficial/2020/RJ/58114/2030402020/190000978170/pje-1a25fee5-Proposta%20de%20governo.pdf
Bom Jesus do Itabapoana,EVALDO VALERIO DA SILVA,PREFEITO,PC DO B,NÃO ELEITO,5,2020,1,https://divulgacandcontas.tse.jus.br/candidaturas/oficial/2020/RJ/58114/426/candidatos/190001261730/pje-4d3e5928-Proposta%20de%20governo.pdf
Bom Jesus do Itabapoana,JOSE MARIO LOUREIRO BORGES,PREFEITO,PODE,NÃO ELEITO,15,2020,1,https://divulgacandcontas.tse.jus.br/candidaturas/oficial/2020/RJ/58114/426/candidatos/440589/5_1600798495371.pdf
Bom Jesus do Itabapoana,PAULO SERGIO TRAVASSOS DO CARMO CYRILLO,PREFEITO,REPUBLICANOS,ELEITO,15,2020,1,https://divulgacandcontas.tse.jus.br/candidaturas/oficial/2020/RJ/58114/426/candidatos/875668/5_1605272545373.pdf
Bom Jesus do Itabapoana,ROBERTO MORAES DE OLIVEIRA,PREFEITO,PMB,NÃO ELEITO,15,2020,1,https://divulgacandcontas.tse.jus.br/candidaturas/oficial/2020/RJ/58114/426/candidatos/711206/Projeto.pdf
Bom Jesus do Itabapoana,ROBERTO ELIAS FIGUEIREDO SALIM FILHO,PREFEITO,SOLIDARIEDADE,NÃO ELEITO,16,2020,1,https://divulgacandcontas.tse.jus.br/candidaturas/oficial/2020/RJ/58114/426/candidatos/671131/5_1600977317066.pdf
Cabo Frio,ANDERSON MACLEYVES GONÇALVES MACIEL,PREFEITO,PMN,NÃO ELEITO,4,2020,1,https://divulgacandcontas.tse.jus.br/candidaturas/oficial/2020/RJ/58130/426/candidatos/190000684722/pje-5_159985-Proposta%20de%20governo.pdf
Cabo Frio,DIOGO SOUZA DA SILVEIRA,PREFEITO,PSDB,NÃO ELEITO,NÃO TEM,2020,0,
Cabo Frio,CRISTIANE DOS SANTOS BATISTA FERNANDES,PREFEITO,PSD,NÃO ELEITO,24,2020,1,https://divulgacandcontas.tse.jus.br/candidaturas/oficial/2020/RJ/58130/426/candidatos/417547/5_1600799860669.pdf
Cabo Frio,DIRLEI PEREIRA DA SILVA,PREFEITO,PTC,NÃO ELEITO,7,2020,1,https://divulgacandcontas.tse.jus.br/candidaturas/oficial/2020/RJ/58130/426/candidatos/848808/5_1601143406137.pdf
Cabo Frio,SERGIO LUIZ COSTA AZEVEDO FILHO,PREFEITO,REPUBLICANOS,NÃO ELEITO,36,2020,1,https://divulgacandcontas.tse.jus.br/candidaturas/oficial/2020/RJ/58130/426/candidatos/505568/5_1600626473462.pdf
Cabo Frio,ADRIANO GUILHERME DE TEVES MORENO,PREFEITO,DEM,NÃO ELEITO,6,2020,1,https://divulgacandcontas.tse.jus.br/candidaturas/oficial/2020/RJ/58130/426/candidatos/438336/5_1601068759322.pdf
Cabo Frio,JOSÉ BONIFÁCIO FERREIRA NOVELLINO,PREFEITO,PDT,ELEITO,16,2020,1,https://divulgacandcontas.tse.jus.br/candidaturas/oficial/2020/RJ/58130/2030402020/190001150041/pje-f7427f43-Proposta%20de%20governo.pdf
Cabo Frio,MARCOS DA ROCHA MENDES,PREFEITO,MDB,NÃO ELEITO,16,2020,1,https://divulgacandcontas.tse.jus.br/candidaturas/oficial/2020/RJ/58130/426/candidatos/834590/5_1601085692135.pdf
Cabo Frio,FERNANDO MORAES DE OLIVEIRA,PREFEITO,UP,NÃO ELEITO,32,2020,1,https://divulgacandcontas.tse.jus.br/candidaturas/oficial/2020/RJ/58130/426/candidatos/751189/5_1601039860455.pdf
Cabo Frio,ROBERTO VALENTIM DA COSTA POVOAS,PREFEITO,PSOL,NÃO ELEITO,17,2020,1,https://divulgacandcontas.tse.jus.br/candidaturas/oficial/2020/RJ/58130/426/candidatos/278521/Programa2020_revisado.pdf
Cabo Frio,RODRIGO GURGEL SOARES,PREFEITO,PSL,NÃO ELEITO,6,2020,1,https://divulgacandcontas.tse.jus.br/candidaturas/oficial/2020/RJ/58130/2030402020/190000684811/pje-955e6cce-Proposta%20de%20governo.pdf
Cachoeiras de Macacu,ANDERSON DE OLIVEIRA MATEUS,PREFEITO,MDB,NÃO ELEITO,15,2020,1,https://divulgacandcontas.tse.jus.br/candidaturas/oficial/2020/RJ/58157/426/candidatos/713461/5_1600921768957.pdf
Cachoeiras de Macacu,CRISTÓVÃO DOS SANTOS MOREIRA,PREFEITO,PSC,NÃO ELEITO,22 – 8,2020,2,https://divulgacandcontas.tse.jus.br/candidaturas/oficial/2020/RJ/58157/426/candidatos/357567/5_1600742764110.pdf | https://divulgacandcontas.tse.jus.br/candidaturas/oficial/2020/RJ/58157/426/candidatos/357567/5_1600477820972.pdf
Cachoeiras de Macacu,MARILENA DE FARIA SARMENTO,PREFEITO,SOLIDARIEDADE,NÃO ELEITO,14,2020,1,https://divulgacandcontas.tse.jus.br/candidaturas/oficial/2020/RJ/58157/426/candidatos/615206/5_1600802435647.pdf
Cachoeiras de Macacu,MARCELO ARAÚJO,PREFEITO,PT,NÃO ELEITO,7,2020,1,https://divulgacandcontas.tse.jus.br/candidaturas/oficial/2020/RJ/58157/426/candidatos/677099/5_1600977959392.pdf
Cachoeiras de Macacu,MARCIO DE CARVALHO MACHADO,PREFEITO,REPUBLICANOS,NÃO ELEITO,43,2020,1,https://divulgacandcontas.tse.jus.br/candidaturas/oficial/2020/RJ/58157/426/candidatos/229102/5_1600291106637.pdf
Cachoeiras de Macacu,MAURO CEZAR DE CASTRO SOARES,PREFEITO,PSB,NÃO ELEITO,40,2020,1,https://divulgacandcontas.tse.jus.br/candidaturas/oficial/2020/RJ/58157/426/candidatos/459936/proposta.pdf
Cachoeiras de Macacu,RAFAEL MUZZI DE MIRANDA,PREFEITO,PP,ELEITO,12,2020,1,https://divulgacandcontas.tse.jus.br/candidaturas/oficial/2020/RJ/58157/426/candidatos/594327/5_1601053943085.pdf
Cambuci,BRUNO FRAGOSO DA SILVA,PREFEITO,PSD,NÃO ELEITO,21,2020,1,https://divulgacandcontas.tse.jus.br/candidaturas/oficial/2020/RJ/58173/426/candidatos/419962/5_1600895812364.pdf
Cambuci,CINTHIA PERES CASTRO DE SOUZA,PREFEITO,PROS,NÃO ELEITO,30,2020,1,https://divulgacandcontas.tse.jus.br/candidaturas/oficial/2020/RJ/58173/426/candidatos/832183/5_1601087482902.pdf
Cambuci,JOAO CELSO CUNHA DOS SANTOS,PREFEITO,PSL,NÃO ELEITO,34,2020,1,https://divulgacandcontas.tse.jus.br/candidaturas/oficial/2020/RJ/58173/2030402020/190000679920/pje-aa86e5ce-Proposta%20de%20governo.pdf
Cambuci,MARCIO LUIS VELASCO PINHEIRO,PREFEITO,PSOL,NÃO ELEITO,9,2020,1,https://divulgacandcontas.tse.jus.br/candidaturas/oficial/2020/RJ/58173/426/candidatos/785001/5_1601031937159.pdf
Cambuci,MAXWELL VIEIGA GUIMARAES,PREFEITO,SOLIDARIEDADE,ELEITO,14,2020,1,https://divulgacandcontas.tse.jus.br/candidaturas/oficial/2020/RJ/58173/426/candidatos/228959/5_1600696644357.pdf
Cambuci,MARIA DA PENHA TAVARES DA COSTA,PREFEITO,CIDADANIA,NÃO ELEITO,345,2020,1,https://divulgacandcontas.tse.jus.br/candidaturas/oficial/2020/RJ/58173/426/candidatos/636046/5_1600819783450.pdf
Cambuci,RENATO ROCHA VIEIRA,PREFEITO,PSC,NÃO ELEITO,66,2020,1,https://divulgacandcontas.tse.jus.br/candidaturas/oficial/2020/RJ/58173/426/candidatos/425652/5_1600983086597.pdf
Campos dos Goytacazes,CAIO SANTOS VIANNA,PREFEITO,PDT,NÃO ELEITO,12,2020,1,https://divulgacandcontas.tse.jus.br/candidaturas/oficial/2020/RJ/58190/426/candidatos/524743/5_1601032060999.pdf
Campos dos Goytacazes,CLAUDIO RANGEL DE SOUZA,PREFEITO,PMN,NÃO ELEITO,10,2020,1,https://divulgacandcontas.tse.jus.br/candidaturas/oficial/2020/RJ/58190/426/candidatos/516554/5_1600967162008.pdf
Campos dos Goytacazes,BRUNO RIOS CALIL,PREFEITO,SOLIDARIEDADE,NÃO ELEITO,19 – 22,2020,2,https://divulgacandcontas.tse.jus.br/candidaturas/oficial/2020/RJ/58190/2030402020/190000863537/pje-9b806b85-Proposta%20de%20governo.pdf | https://divulgacandcontas.tse.jus.br/candidaturas/oficial/2020/RJ/58190/426/candidatos/492057/5_1600709187753.pdf
Campos dos Goytacazes,CARLA WALESKA E SILVA GOMES,PREFEITO,PSDB,NÃO ELEITO,29,2020,1,https://divulgacandcontas.tse.jus.br/candidaturas/oficial/2020/RJ/58190/426/candidatos/190001274077/pje-9e80c91d-Proposta%20de%20governo.pdf
Campos dos Goytacazes,JONATHAN PAES,PREFEITO,PMB,NÃO ELEITO,11,2020,1,https://divulgacandcontas.tse.jus.br/candidaturas/oficial/2020/RJ/58190/426/candidatos/763466/5_1600984624514.pdf
Campos dos Goytacazes,ODISSEIA PINTO DE CARVALHO,PREFEITO,PT,NÃO ELEITO,41,2020,1,https://divulgacandcontas.tse.jus.br/candidaturas/oficial/2020/RJ/58190/426/candidatos/286611/5_1600120630694.pdf
Campos dos Goytacazes,NATÁLIA SOARES RIBEIRO,PREFEITO,PSOL,NÃO ELEITO,40,2020,1,https://divulgacandcontas.tse.jus.br/candidaturas/oficial/2020/RJ/58190/426/candidatos/796214/5_1601067185508.pdf
Campos dos Goytacazes,RAFAEL PAES BARBOSA DINIZ NOGUEIRA,PREFEITO,CIDADANIA,NÃO ELEITO,31,2020,1,https://divulgacandcontas.tse.jus.br/candidaturas/oficial/2020/RJ/58190/426/candidatos/745837/5_1600970676002.pdf
Campos dos Goytacazes,ROBERTO SALES HENRIQUES DA SILVEIRA,PREFEITO,PC DO B,NÃO ELEITO,8,2020,1,https://divulgacandcontas.tse.jus.br/candidaturas/oficial/2020/RJ/58190/426/candidatos/540722/5_1601073703662.pdf
Campos dos Goytacazes,ALEXANDRE TADEU BARROS ESTEVES DE ARAUJO,PREFEITO,REPUBLICANOS,NÃO ELEITO,7,2020,1,https://divulgacandcontas.tse.jus.br/candidaturas/oficial/2020/RJ/58190/426/candidatos/56031/5_1600530876773.pdf
Campos dos Goytacazes,WLADIMIR BARROS ASSED MATHEUS DE OLIVEIRA,PREFEITO,PSD,ELEITO,26,2020,1,https://divulgacandcontas.tse.jus.br/candidaturas/oficial/2020/RJ/58190/426/candidatos/600337/5_1600797210625.pdf
Cantagalo,JOAQUIM AUGUSTO CARVALHO DE PAULA,PREFEITO,PP,ELEITO,13,2020,1,https://divulgacandcontas.tse.jus.br/candidaturas/oficial/2020/RJ/58211/426/candidatos/190000676558/pje-5_160043-Proposta%20de%20governo.pdf
Cantagalo,HUGO DE AZEVEDO GUIMARÃES,PREFEITO,PSD,NÃO ELEITO,25,2020,1,https://divulgacandcontas.tse.jus.br/candidaturas/oficial/2020/RJ/58211/426/candidatos/342323/5_1600288399271.pdf
Cantagalo,PAULO VINICIUS ROCHA DE OLIVEIRA,PREFEITO,MDB,NÃO ELEITO,7,2020,1,https://divulgacandcontas.tse.jus.br/candidaturas/oficial/2020/RJ/58211/426/candidatos/190001075122/pje-b7c3611b-Proposta%20de%20governo.pdf
Carapebus,BERNARD TAVARES DIDIMO,PREFEITO,REPUBLICANOS,ELEITO,15,2020,1,https://divulgacandcontas.tse.jus.br/candidaturas/oficial/2020/RJ/58300/426/candidatos/190001053885/pje-49971af0-Proposta%20de%20governo.pdf
Carapebus,CHRISTIANE MIRANDA DE ANDRADE CORDEIRO,PREFEITO,PP,NÃO ELEITO,12,2020,1,https://divulgacandcontas.tse.jus.br/candidaturas/oficial/2020/RJ/58300/426/candidatos/497012/5_1601089516490.pdf
Carapebus,CLEBER DOS SANTOS PIMENTEL GOMES,PREFEITO,MDB,NÃO ELEITO,21,2020,1,https://divulgacandcontas.tse.jus.br/candidaturas/oficial/2020/RJ/58300/426/candidatos/806783/5_1601097116640.pdf
Carapebus,MARIA DE LOURDES RAVALLET DO AMARAL,PREFEITO,PSB,NÃO ELEITO,6,2020,1,https://divulgacandcontas.tse.jus.br/candidaturas/oficial/2020/RJ/58300/426/candidatos/782357/5_1601011295192.pdf
Carapebus,JOSÉ VASCONCELOS DE LUNA JUNIOR,PREFEITO,PMB,NÃO ELEITO,3,2020,1,https://divulgacandcontas.tse.jus.br/candidaturas/oficial/2020/RJ/58300/426/candidatos/575834/5_1600958782961.pdf
Carapebus,MARCOS DE SOUZA COELHO,PREFEITO,PTC,NÃO ELEITO,5,2020,1,https://divulgacandcontas.tse.jus.br/candidaturas/oficial/2020/RJ/58300/426/candidatos/872122/5_1603240440044.pdf
Carapebus,AUGUSTO MELLO DE SÃO PEDRO,PREFEITO,PV,NÃO ELEITO,14,2020,1,https://divulgacandcontas.tse.jus.br/candidaturas/oficial/2020/RJ/58300/426/candidatos/839627/5_1601153749702.pdf
Carapebus,RODRIGO LIMA DE SOUZA,PREFEITO,CIDADANIA,NÃO ELEITO,21,2020,1,https://divulgacandcontas.tse.jus.br/candidaturas/oficial/2020/RJ/58300/426/candidatos/622618/5_1600992924815.pdf
Cardoso Moreira,ALEXANDRE NOGUEIRA NETO,PREFEITO,PSB,NÃO ELEITO,7,2020,1,https://divulgacandcontas.tse.jus.br/candidaturas/oficial/2020/RJ/58068/2030402020/190000773423/pje-8d56566e-Proposta%20de%20governo.pdf
Cardoso Moreira,GEANE CORDEIRO VINCLER,PREFEITO,PSD,ELEITO,22,2020,1,https://divulgacandcontas.tse.jus.br/candidaturas/oficial/2020/RJ/58068/426/candidatos/509630/5_1600634946358.pdf
Cardoso Moreira,MANOEL SARDINHA NETO,PREFEITO,DC,NÃO ELEITO,10,2020,1,https://divulgacandcontas.tse.jus.br/candidaturas/oficial/2020/RJ/58068/426/candidatos/331319/5_1600446921415.pdf
Cardoso Moreira,RENATO JOSÉ DE ALMEIDA VIEIRA,PREFEITO,MDB,NÃO ELEITO,7,2020,7,https://divulgacandcontas.tse.jus.br/candidaturas/oficial/2020/RJ/58068/2030402020/190000847708/pje-d16278db-Proposta%20de%20governo.pdf | https://divulgacandcontas.tse.jus.br/candidaturas/oficial/2020/RJ/58068/2030402020/190000847708/pje-11582f57-Proposta%20de%20governo.pdf | https://divulgacandcontas.tse.jus.br/candidaturas/oficial/2020/RJ/58068/2030402020/190000847708/pje-e44a41f0-Proposta%20de%20governo.pdf | https://divulgacandcontas.tse.jus.br/candidaturas/oficial/2020/RJ/58068/2030402020/190000847708/pje-5921b798-Proposta%20de%20governo.pdf | https://divulgacandcontas.tse.jus.br/candidaturas/oficial/2020/RJ/58068/2030402020/190000847708/pje-716b3f15-Proposta%20de%20governo.pdf | https://divulgacandcontas.tse.jus.br/candidaturas/oficial/2020/RJ/58068/2030402020/190000847708/pje-6d0bbbb9-Proposta%20de%20governo.pdf | https://divulgacandcontas.tse.jus.br/candidaturas/oficial/2020/RJ/58068/2030402020/190000847708/pje-52964867-Proposta%20de%20governo.pdf
Carmo,FABIANE DA SILVA GULÃO,PREFEITO,MDB,NÃO ELEITO,11,2020,1,https://divulgacandcontas.tse.jus.br/candidaturas/oficial/2020/RJ/58238/426/candidatos/104863/5_1599658588247.pdf
Carmo,JOSE EUGENIO BARBOSA SAYEGH,PREFEITO,PRTB,NÃO ELEITO,4,2020,1,https://divulgacandcontas.tse.jus.br/candidaturas/oficial/2020/RJ/58238/426/candidatos/146496/5_1600211744822.pdf
Carmo,CARLOS EMANUEL FERREIRA BRAZ,PREFEITO,AVANTE,NÃO ELEITO,11,2020,1,https://divulgacandcontas.tse.jus.br/candidaturas/oficial/2020/RJ/58238/426/candidatos/678073/5_1600885251834.pdf
Carmo,SÉRGIO LUIZ PERES SOARES,PREFEITO,PDT,ELEITO,15 – 1,2020,2,https://divulgacandcontas.tse.jus.br/candidaturas/oficial/2020/RJ/58238/2030402020/190000647296/pje-973252b4-Proposta%20de%20governo.pdf | https://divulgacandcontas.tse.jus.br/candidaturas/oficial/2020/RJ/58238/2030402020/190000647296/pje-c86a1b59-Proposta%20de%20governo.pdf
Casimiro de Abreu,UBIRAJARA MANOEL DE PINA,PREFEITO,PT,NÃO ELEITO,5,2020,1,https://divulgacandcontas.tse.jus.br/candidaturas/oficial/2020/RJ/58254/426/candidatos/190000680918/pje-84b8ba77-Proposta%20de%20governo.pdf
Casimiro de Abreu,ADRIANO DOS SANTOS LIMA,PREFEITO,PSDB,NÃO ELEITO,14,2020,1,https://divulgacandcontas.tse.jus.br/candidaturas/oficial/2020/RJ/58254/426/candidatos/460390/5_1600528589482.pdf
Casimiro de Abreu,GERSON DE SOUZA NUNES,PREFEITO,PV,NÃO ELEITO,13,2020,1,https://divulgacandcontas.tse.jus.br/candidaturas/oficial/2020/RJ/58254/426/candidatos/658098/5_1600872730625.pdf
Casimiro de Abreu,NELSON BENIGNO DE OLIVEIRA RAMOS,PREFEITO,REPUBLICANOS,NÃO ELEITO,8,2020,1,https://divulgacandcontas.tse.jus.br/candidaturas/oficial/2020/RJ/58254/426/candidatos/190000635098/pje-f97123de-Proposta%20de%20governo.pdf
Casimiro de Abreu,PAULO CEZAR DAMES PASSOS,PREFEITO,PSD,NÃO ELEITO,28,2020,1,https://divulgacandcontas.tse.jus.br/candidaturas/oficial/2020/RJ/58254/426/candidatos/633661/5_1600964204194.pdf
Casimiro de Abreu,RAMON DIAS GIDALTE,PREFEITO,CIDADANIA,ELEITO,6,2020,1,https://divulgacandcontas.tse.jus.br/candidaturas/oficial/2020/RJ/58254/426/candidatos/186275/5_1599840278943.pdf
Casimiro de Abreu,ROMI PROENÇA,PREFEITO,PL,NÃO ELEITO,1,2020,1,https://divulgacandcontas.tse.jus.br/candidaturas/oficial/2020/RJ/58254/2030402020/190001085330/pje-c17df0b1-Proposta%20de%20governo.pdf
Comendador Levy Gasparian,COSME RICARDO PIRES DA SILVA,PREFEITO,AVANTE,NÃO ELEITO,NÃO TEM,2020,0,
Comendador Levy Gasparian,CLAUDIA FANTANA,PREFEITO,PSD,NÃO ELEITO,4,2020,4,https://divulgacandcontas.tse.jus.br/candidaturas/oficial/2020/RJ/58165/426/candidatos/569202/5_1600812276195.jpg | https://divulgacandcontas.tse.jus.br/candidaturas/oficial/2020/RJ/58165/426/candidatos/569202/5_1600812279692.jpg | https://divulgacandcontas.tse.jus.br/candidaturas/oficial/2020/RJ/58165/426/candidatos/569202/5_1600812270100.jpg | https://divulgacandcontas.tse.jus.br/candidaturas/oficial/2020/RJ/58165/426/candidatos/569202/5_1600812255825.jpg
Comendador Levy Gasparian,CLAUDIO MANNARINO,PREFEITO,MDB,ELEITO,29,2020,1,https://divulgacandcontas.tse.jus.br/candidaturas/oficial/2020/RJ/58165/426/candidatos/416428/5_1600814332945.pdf
Comendador Levy Gasparian,LEONARDO SANTOS BARBOSA,PREFEITO,SOLIDARIEDADE,NÃO ELEITO,13 – 19,2020,2,https://divulgacandcontas.tse.jus.br/candidaturas/oficial/2020/RJ/58165/426/candidatos/190000985547/pje-7c1e2f70-Proposta%20de%20governo.pdf | https://divulgacandcontas.tse.jus.br/candidaturas/oficial/2020/RJ/58165/426/candidatos/335469/5_1600967958103.pdf
Comendador Levy Gasparian,VANDERLEI FREDERICO VELOSO,PREFEITO,REPUBLICANOS,NÃO ELEITO,4,2020,1,https://divulgacandcontas.tse.jus.br/candidaturas/oficial/2020/RJ/58165/426/candidatos/678889/5_1601069066752.pdf
Conceição de Macabu,JOSE SATURNINO BARCELOS,PREFEITO,SOLIDARIEDADE,NÃO ELEITO,22,2020,1,https://divulgacandcontas.tse.jus.br/candidaturas/oficial/2020/RJ/58270/2030402020/190000719066/pje-bdcf00cb-Proposta%20de%20governo.pdf
Conceição de Macabu,JOSÉ SEBASTIÃO CASTRO,PREFEITO,PSD,ELEITO,7,2020,1,https://divulgacandcontas.tse.jus.br/candidaturas/oficial/2020/RJ/58270/2030402020/190000942789/pje-250de3a7-Proposta%20de%20governo.pdf
Conceição de Macabu,HÉLIO LIMA GUERHARD,PREFEITO,PL,NÃO ELEITO,6,2020,1,https://divulgacandcontas.tse.jus.br/candidaturas/oficial/2020/RJ/58270/426/candidatos/258013/5_1600516742338.pdf
Conceição de Macabu,LUIS FERNANDO BARCELLOS MAIA,PREFEITO,PATRIOTA,NÃO ELEITO,NÃO TEM,2020,0,
Conceição de Macabu,RENATO BARBOSA DAUMAS,PREFEITO,DC,NÃO ELEITO,NÃO TEM,2020,0,
Cordeiro,SALOMÃO LEMOS GONÇALVES,PREFEITO,PMB,NÃO ELEITO,4,2020,1,https://divulgacandcontas.tse.jus.br/candidaturas/oficial/2020/RJ/58297/426/candidatos/409497/5_1600460854166.pdf
Cordeiro,EUGENIO DO ESPIRITO SANTO TAVARES,PREFEITO,PSD,NÃO ELEITO,15,2020,1,https://divulgacandcontas.tse.jus.br/candidaturas/oficial/2020/RJ/58297/426/candidatos/807816/5_1601057397304.pdf
Cordeiro,LEONAN LOPES MELHORANCE,PREFEITO,PSC,ELEITO,23 – 17,2020,2,https://divulgacandcontas.tse.jus.br/candidaturas/oficial/2020/RJ/58297/2030402020/190000746043/pje-8a169afc-Proposta%20de%20governo.pdf | https://divulgacandcontas.tse.jus.br/candidaturas/oficial/2020/RJ/58297/426/candidatos/502943/5_1600626308695.pdf
Cordeiro,LUCIANO RAMOS PINTO,PREFEITO,CIDADANIA,NÃO ELEITO,13,2020,1,https://divulgacandcontas.tse.jus.br/candidaturas/oficial/2020/RJ/58297/426/candidatos/477622/5_1600786327379.pdf
Cordeiro,RENATA FENO NEVES,PREFEITO,PT,NÃO ELEITO,27,2020,1,https://divulgacandcontas.tse.jus.br/candidaturas/oficial/2020/RJ/58297/426/candidatos/505551/5_1600822968094.pdf
Duas Barras,ARMANDO ROSEMBERTO MATTOS TEIXEIRA,PREFEITO,PTC,NÃO ELEITO,13,2020,1,https://divulgacandcontas.tse.jus.br/candidaturas/oficial/2020/RJ/58319/426/candidatos/577918/5_1600960269238.pdf
Duas Barras,FABRÍCIO LUIZ LIMA AYRES,PREFEITO,MDB,ELEITO,15,2020,1,https://divulgacandcontas.tse.jus.br/candidaturas/oficial/2020/RJ/58319/426/candidatos/691050/5_1600898219158.pdf
Duque de Caxias,ALUIZIO FIRMIANO DA SILVA JUNIOR,PREFEITO,PT,NÃO ELEITO,18,2020,1,https://divulgacandcontas.tse.jus.br/candidaturas/oficial/2020/RJ/58335/426/candidatos/190000853889/pje-ab5523a7-Proposta%20de%20governo.pdf
Duque de Caxias,ANDRÉIA ALMEIDA ZITO DOS SANTOS,PREFEITO,PP,NÃO ELEITO,NÃO TEM,2020,0,
Duque de Caxias,JORGE MOREIRA THEODORO,PREFEITO,PL,NÃO ELEITO,7,2020,1,https://divulgacandcontas.tse.jus.br/candidaturas/oficial/2020/RJ/58335/426/candidatos/503376/5_1600915987127.pdf
Duque de Caxias,IVANETE CONCEIÇÃO DA SILVA,PREFEITO,PSOL,NÃO ELEITO,38,2020,1,https://divulgacandcontas.tse.jus.br/candidaturas/oficial/2020/RJ/58335/426/candidatos/354406/5_1600310781451.pdf
Duque de Caxias,MARCELO FERREIRA RIBEIRO,PREFEITO,PSL,NÃO ELEITO,48,2020,1,https://divulgacandcontas.tse.jus.br/candidaturas/oficial/2020/RJ/58335/426/candidatos/450495/5_1600712215388.pdf
Duque de Caxias,GUTEMBERG CARDOSO DOS SANTOS,PREFEITO,PV,NÃO ELEITO,NÃO TEM,2020,0,
Duque de Caxias,SAMUEL MAIA DOS SANTOS,PREFEITO,PC DO B,NÃO ELEITO,NÃO TEM,2020,0,
Duque de Caxias,WASHINGTON REIS DE OLIVEIRA,PREFEITO,MDB,ELEITO,15,2020,1,https://divulgacandcontas.tse.jus.br/candidaturas/oficial/2020/RJ/58335/426/candidatos/574040/5_1601050959913.pdf
Duque de Caxias,JOSE ZUMBA CLEMENTE DA SILVA,PREFEITO,PSB,NÃO ELEITO,8,2020,1,https://divulgacandcontas.tse.jus.br/candidaturas/oficial/2020/RJ/58335/426/candidatos/796674/5_1601043673415.pdf
Engenheiro Paulo de Frontin,ALEX PAPA ALVES,PREFEITO,PT,NÃO ELEITO,41,2020,1,https://divulgacandcontas.tse.jus.br/candidaturas/oficial/2020/RJ/58351/426/candidatos/775503/5_1600998442087.pdf
Engenheiro Paulo de Frontin,JAULDO DE SOUZA BALTHAZAR FERREIRA,PREFEITO,PSC,NÃO ELEITO,24 – 18,2020,2,https://divulgacandcontas.tse.jus.br/candidaturas/oficial/2020/RJ/58351/2030402020/190000754133/pje-a5496c4d-Proposta%20de%20governo.pdf | https://divulgacandcontas.tse.jus.br/candidaturas/oficial/2020/RJ/58351/2030402020/190000754133/pje-013ada91-Proposta%20de%20governo.pdf
Engenheiro Paulo de Frontin,JOSÉ EMMANOEL RODRIGUES ARTEMENKO,PREFEITO,PSDB,ELEITO,6,2020,1,https://divulgacandcontas.tse.jus.br/candidaturas/oficial/2020/RJ/58351/426/candidatos/641714/5_1600977106381.pdf
Engenheiro Paulo de Frontin,MARCELO BARBOSA DO NASCIMENTO,PREFEITO,AVANTE,NÃO ELEITO,8,2020,1,https://divulgacandcontas.tse.jus.br/candidaturas/oficial/2020/RJ/58351/426/candidatos/747704/5_1600974270188.pdf
Guapimirim,ISMERALDA RANGEL GARCIA,PREFEITO,MDB,NÃO ELEITO,27,2020,1,https://divulgacandcontas.tse.jus.br/candidaturas/oficial/2020/RJ/58106/426/candidatos/148792/5_1600187543199.pdf
Guapimirim,LIGIA REGO AYRES DA SILVA,PREFEITO,PSD,NÃO ELEITO,4,2020,1,https://divulgacandcontas.tse.jus.br/candidaturas/oficial/2020/RJ/58106/426/candidatos/306930/5_1600294709391.pdf
Guapimirim,MARINA PEREIRA DA ROCHA FERNANDEZ,PREFEITO,PMB,ELEITO,23,2020,1,https://divulgacandcontas.tse.jus.br/candidaturas/oficial/2020/RJ/58106/426/candidatos/317373/5_1600463796874.pdf
Guapimirim,NOEMI AUGUSTO DO COUTO,PREFEITO,PTB,NÃO ELEITO,30,2020,1,https://divulgacandcontas.tse.jus.br/candidaturas/oficial/2020/RJ/58106/426/candidatos/190000885857/pje-a8481731-Proposta%20de%20governo.pdf
Guapimirim,JOCELITO PEREIRA DE OLIVEIRA,PREFEITO,PL,NÃO ELEITO,12,2020,1,https://divulgacandcontas.tse.jus.br/candidaturas/oficial/2020/RJ/58106/426/candidatos/242058/5_1600369003822.pdf
Iguaba Grande,MARGOTH SILVANA DA SILVA CARDOSO,PREFEITO,PT,NÃO ELEITO,9 – 10 – 9,2020,3,https://divulgacandcontas.tse.jus.br/candidaturas/oficial/2020/RJ/58262/426/candidatos/793255/5_1601057668605.pdf | https://divulgacandcontas.tse.jus.br/candidaturas/oficial/2020/RJ/58262/426/candidatos/793255/5_1601057665205.pdf | https://divulgacandcontas.tse.jus.br/candidaturas/oficial/2020/RJ/58262/426/candidatos/793255/5_1601057646222.pdf
Iguaba Grande,ANA GRASIELLA MOREIRA FIGUEIREDO MAGALHAES,PREFEITO,PP,NÃO ELEITO,14,2020,14,https://divulgacandcontas.tse.jus.br/candidaturas/oficial/2020/RJ/58262/426/candidatos/302897/5_1600797107691.jpg | https://divulgacandcontas.tse.jus.br/candidaturas/oficial/2020/RJ/58262/426/candidatos/302897/5_1600797041867.jpg | https://divulgacandcontas.tse.jus.br/candidaturas/oficial/2020/RJ/58262/426/candidatos/302897/5_1600797099007.jpg | https://divulgacandcontas.tse.jus.br/candidaturas/oficial/2020/RJ/58262/426/candidatos/302897/5_1600797045164.jpg | https://divulgacandcontas.tse.jus.br/candidaturas/oficial/2020/RJ/58262/426/candidatos/302897/5_1600797048713.jpg | https://divulgacandcontas.tse.jus.br/candidaturas/oficial/2020/RJ/58262/426/candidatos/302897/5_1600797091273.jpg | https://divulgacandcontas.tse.jus.br/candidaturas/oficial/2020/RJ/58262/426/candidatos/302897/5_1600797057918.jpg | https://divulgacandcontas.tse.jus.br/candidaturas/oficial/2020/RJ/58262/426/candidatos/302897/5_1600796305996.jpg | https://divulgacandcontas.tse.jus.br/candidaturas/oficial/2020/RJ/58262/426/candidatos/302897/5_1600796484412.jpg | https://divulgacandcontas.tse.jus.br/candidaturas/oficial/2020/RJ/58262/426/candidatos/302897/5_1600796497478.jpg | https://divulgacandcontas.tse.jus.br/candidaturas/oficial/2020/RJ/58262/426/candidatos/302897/5_1600797066801.jpg | https://divulgacandcontas.tse.jus.br/candidaturas/oficial/2020/RJ/58262/426/candidatos/302897/5_1600797029774.jpg | https://divulgacandcontas.tse.jus.br/candidaturas/oficial/2020/RJ/58262/426/candidatos/302897/5_1600796269660.jpg | https://divulgacandcontas.tse.jus.br/candidaturas/oficial/2020/RJ/58262/426/candidatos/302897/pg1.jpg
Iguaba Grande,WASHINGTON LUIS TAHIM MOREIRA,PREFEITO,REPUBLICANOS,NÃO ELEITO,13,2020,1,https://divulgacandcontas.tse.jus.br/candidaturas/oficial/2020/RJ/58262/426/candidatos/740582/5_1600985871210.pdf
Iguaba Grande,VANTOIL MEDEIROS MARTINS,PREFEITO,CIDADANIA,ELEITO,7,2020,1,https://divulgacandcontas.tse.jus.br/candidaturas/oficial/2020/RJ/58262/426/candidatos/224267/5_1600100836502.pdf
Itaboraí,CARLOS ROBERTO PEREIRA,PREFEITO,PDT,NÃO ELEITO,32,2020,1,https://divulgacandcontas.tse.jus.br/candidaturas/oficial/2020/RJ/58378/426/candidatos/444999/5_1600708121260.pdf
Itaboraí,SADINOEL OLIVEIRA GOMES SOUZA,PREFEITO,PP,NÃO ELEITO,1,2020,1,https://divulgacandcontas.tse.jus.br/candidaturas/oficial/2020/RJ/58378/426/candidatos/326719/5_1600268830155.pdf
Itaboraí,EDERSON JOSE VIEIRA,PREFEITO,PMB,NÃO ELEITO,48,2020,1,https://divulgacandcontas.tse.jus.br/candidaturas/oficial/2020/RJ/58378/426/candidatos/849201/5_1601154948589.pdf
Itaboraí,JOANA DARK COELHO LAGE DO NASCIMENTO,PREFEITO,PODE,NÃO ELEITO,10,2020,1,https://divulgacandcontas.tse.jus.br/candidaturas/oficial/2020/RJ/58378/426/candidatos/190001110657/pje-0ad7bcc2-Proposta%20de%20governo.pdf
Itaboraí,MARCELO JANDRE DELAROLI,PREFEITO,PL,ELEITO,8,2020,1,https://divulgacandcontas.tse.jus.br/candidaturas/oficial/2020/RJ/58378/2030402020/190000805307/pje-6a0c65bc-Proposta%20de%20governo.pdf
Itaboraí,SERGIO ALBERTO SOARES,PREFEITO,PROS,NÃO ELEITO,6,2020,1,https://divulgacandcontas.tse.jus.br/candidaturas/oficial/2020/RJ/58378/426/candidatos/270952/5_1600959697543.pdf
Itaguaí,AGENOR DE OLIVEIRA TEIXEIRA,PREFEITO,PTC,NÃO ELEITO,19,2020,1,https://divulgacandcontas.tse.jus.br/candidaturas/oficial/2020/RJ/58394/426/candidatos/331723/5_1600393726415.pdf
Itaguaí,ALEX DIAS DA SILVA,PREFEITO,REPUBLICANOS,NÃO ELEITO,4,2020,1,https://divulgacandcontas.tse.jus.br/candidaturas/oficial/2020/RJ/58394/426/candidatos/309103/5_1600452096251.pdf
Itaguaí,ALEXANDRE JOSÉ ARANHA DE SIQUEIRA LIMA,PREFEITO,REDE,NÃO ELEITO,2,2020,1,https://divulgacandcontas.tse.jus.br/candidaturas/oficial/2020/RJ/58394/426/candidatos/536743/5_1600729428248.pdf
Itaguaí,ANA MARIA DE AZEVEDO SAGÁRIO PEDROSA DE MELLO,PREFEITO,PSL,NÃO ELEITO,44,2020,1,https://divulgacandcontas.tse.jus.br/candidaturas/oficial/2020/RJ/58394/426/candidatos/295248/5_1600788722127.pdf
Itaguaí,ANDRÉ LUIS REIS DE AMORIM,PREFEITO,PSC,NÃO ELEITO,95,2020,1,https://divulgacandcontas.tse.jus.br/candidaturas/oficial/2020/RJ/58394/426/candidatos/234962/5_1599868376056.pdf
Itaguaí,ARAMIS BRITO BEZERRA JUNIOR,PREFEITO,PSB,NÃO ELEITO,11,2020,1,https://divulgacandcontas.tse.jus.br/candidaturas/oficial/2020/RJ/58394/426/candidatos/865872/5_1601695276174.pdf
Itaguaí,ALBERTO MENEZES,PREFEITO,DC,NÃO ELEITO,8,2020,1,https://divulgacandcontas.tse.jus.br/candidaturas/oficial/2020/RJ/58394/426/candidatos/190001056963/pje-014c2a0f-Proposta%20de%20governo.pdf
Itaguaí,ANTONIO DONIZETE GASPARINO DE JESUS,PREFEITO,CIDADANIA,NÃO ELEITO,NÃO TEM,2020,0,
Itaguaí,RUBEM VIEIRA DE SOUZA,PREFEITO,PODE,ELEITO,23,2020,1,https://divulgacandcontas.tse.jus.br/candidaturas/oficial/2020/RJ/58394/426/candidatos/660396/5_1600984592321.pdf
Itaguaí,LUCIANO CARVALHO MOTA,PREFEITO,PROS,NÃO ELEITO,20 – 4,2020,2,https://divulgacandcontas.tse.jus.br/candidaturas/oficial/2020/RJ/58394/2030402020/190000941326/pje-42e2a0c5-Proposta%20de%20governo.pdf | https://divulgacandcontas.tse.jus.br/candidaturas/oficial/2020/RJ/58394/426/candidatos/320146/5_1600491090599.pdf
Itaguaí,NISAN CESAR DOS REIS SANTOS,PREFEITO,PTB,NÃO ELEITO,33,2020,1,https://divulgacandcontas.tse.jus.br/candidaturas/oficial/2020/RJ/58394/2030402020/190000684233/pje-c77514da-Proposta%20de%20governo.pdf
Itaguaí,SIDNEY JORGE DE ALMEIDA,PREFEITO,PSOL,NÃO ELEITO,13,2020,1,https://divulgacandcontas.tse.jus.br/candidaturas/oficial/2020/RJ/58394/426/candidatos/575691/5_1600783332761.pdf
Itaguaí,ALEXANDRE VALLE CARDOSO,PREFEITO,PL,NÃO ELEITO,29,2020,1,https://divulgacandcontas.tse.jus.br/candidaturas/oficial/2020/RJ/58394/426/candidatos/528415/5_1601096322074.pdf
Itaguaí,WALDEMAR JOSE DE AVILA NETO,PREFEITO,PDT,NÃO ELEITO,28,2020,1,https://divulgacandcontas.tse.jus.br/candidaturas/oficial/2020/RJ/58394/2030402020/190000800224/pje-74efcfc5-Proposta%20de%20governo.pdf
Itaguaí,WESLEI GONÇALVES PEREIRA,PREFEITO,PSB,NÃO ELEITO,11,2020,1,https://divulgacandcontas.tse.jus.br/candidaturas/oficial/2020/RJ/58394/426/candidatos/825335/5_1601073929981.pdf
Italva,BRUNO SILVA DE SOUZA,PREFEITO,REPUBLICANOS,NÃO ELEITO,10,2020,1,https://divulgacandcontas.tse.jus.br/candidaturas/oficial/2020/RJ/59293/2030402020/190000847461/pje-13e614a0-Proposta%20de%20governo.pdf
Italva,ISABEL CRISTINA DE SOUZA FERNANDES SANTOS,PREFEITO,PP,NÃO ELEITO,11,2020,1,https://divulgacandcontas.tse.jus.br/candidaturas/oficial/2020/RJ/59293/426/candidatos/468339/5_1600535782899.pdf
Italva,GERLINDO DOS SANTOS FARIA,PREFEITO,PODE,NÃO ELEITO,11,2020,1,https://divulgacandcontas.tse.jus.br/candidaturas/oficial/2020/RJ/59293/426/candidatos/190000773378/pje-5_160078-Proposta%20de%20governo.pdf
Italva,LEONARDO ORATO RANGEL,PREFEITO,PSC,ELEITO,8,2020,1,https://divulgacandcontas.tse.jus.br/candidaturas/oficial/2020/RJ/59293/426/candidatos/279319/5_1600283705372.pdf
Italva,MARCOS HENRIQUE NUSS DE ALMEIDA,PREFEITO,PTB,NÃO ELEITO,6,2020,1,https://divulgacandcontas.tse.jus.br/candidaturas/oficial/2020/RJ/59293/2030402020/190000649276/pje-8f402e7b-Proposta%20de%20governo.pdf
Itaocara,ALBERTO TAVEIRA DOS SANTOS,PREFEITO,SOLIDARIEDADE,NÃO ELEITO,12,2020,1,https://divulgacandcontas.tse.jus.br/candidaturas/oficial/2020/RJ/58416/426/candidatos/368220/5_1600737002699.pdf
Itaocara,FELIPE DOMINGUES DOS SANTOS COSTA,PREFEITO,REPUBLICANOS,NÃO ELEITO,16,2020,1,https://divulgacandcontas.tse.jus.br/candidaturas/oficial/2020/RJ/58416/426/candidatos/308680/5_1600804019169.pdf
Itaocara,GEYVES MAIA VIEIRA,PREFEITO,CIDADANIA,ELEITO,19,2020,1,https://divulgacandcontas.tse.jus.br/candidaturas/oficial/2020/RJ/58416/426/candidatos/315107/5_1600527192458.pdf
Itaocara,ROBSON LUIS CÂMARA VOGAS,PREFEITO,PSD,NÃO ELEITO,28,2020,1,https://divulgacandcontas.tse.jus.br/candidaturas/oficial/2020/RJ/58416/2030402020/190000678137/pje-c7891353-Proposta%20de%20governo.pdf
Itaperuna,ALFREDO PAULO MARQUES RODRIGUES,PREFEITO,PSD,ELEITO,24,2020,1,https://divulgacandcontas.tse.jus.br/candidaturas/oficial/2020/RJ/58432/426/candidatos/238973/5_1599914113375.pdf
Itaperuna,CLEVERSON BOECHAT TINOCO PONCIANO,PREFEITO,AVANTE,NÃO ELEITO,18,2020,1,https://divulgacandcontas.tse.jus.br/candidaturas/oficial/2020/RJ/58432/426/candidatos/319651/5_1600809524501.pdf
Itaperuna,MARCUS VINICIUS DE OLIVEIRA PINTO,PREFEITO,DEM,NÃO ELEITO,23,2020,1,https://divulgacandcontas.tse.jus.br/candidaturas/oficial/2020/RJ/58432/426/candidatos/319671/5_1600489444943.pdf
Itaperuna,EUGENIO TEIXEIRA DE CASTRO VELLOSO,PREFEITO,PRTB,NÃO ELEITO,23,2020,1,https://divulgacandcontas.tse.jus.br/candidaturas/oficial/2020/RJ/58432/426/candidatos/595140/5_1601045492900.pdf
Itaperuna,JEANE HESPANHOL MOZER,PREFEITO,PMB,NÃO ELEITO,11,2020,1,https://divulgacandcontas.tse.jus.br/candidaturas/oficial/2020/RJ/58432/426/candidatos/534174/5_1601043803782.pdf
Itaperuna,RICARDO TINOCO NOVAES,PREFEITO,REPUBLICANOS,NÃO ELEITO,26,2020,1,https://divulgacandcontas.tse.jus.br/candidaturas/oficial/2020/RJ/58432/426/candidatos/262209/5_1600548780827.pdf
Itaperuna,PAULO ROGERIO BANDOLE BOECHAT,PREFEITO,SOLIDARIEDADE,NÃO ELEITO,17,2020,1,https://divulgacandcontas.tse.jus.br/candidaturas/oficial/2020/RJ/58432/426/candidatos/321827/5_1600481568499.pdf
Itaperuna,LUIZ ROGERIO DE MELLO GARCIA,PREFEITO,PDT,NÃO ELEITO,12 – 11,2020,2,https://divulgacandcontas.tse.jus.br/candidaturas/oficial/2020/RJ/58432/2030402020/190000795630/pje-192b45cf-Proposta%20de%20governo.pdf | https://divulgacandcontas.tse.jus.br/candidaturas/oficial/2020/RJ/58432/426/candidatos/578870/5_1600794237902.pdf
Itaperuna,SAULO AZEVEDO NOLASCO,PREFEITO,PSOL,NÃO ELEITO,48,2020,1,https://divulgacandcontas.tse.jus.br/candidaturas/oficial/2020/RJ/58432/426/candidatos/595375/5_1600797698736.pdf
Itatiaia,DENILSON SAMPAIO DA SILVA,PREFEITO,PSDB,NÃO ELEITO,28,2020,1,https://divulgacandcontas.tse.jus.br/candidaturas/oficial/2020/RJ/58440/426/candidatos/190001109447/pje-150633de-Proposta%20de%20governo.pdf
Itatiaia,EDUARDO GUEDES DA SILVA,PREFEITO,PSC,NÃO ELEITO,21,2020,1,https://divulgacandcontas.tse.jus.br/candidaturas/oficial/2020/RJ/58440/426/candidatos/613299/5_1600802658134.pdf
Itatiaia,EDUARDO SANCLER JACOB DO AMARAL,PREFEITO,PL,NÃO ELEITO,21,2020,1,https://divulgacandcontas.tse.jus.br/candidaturas/oficial/2020/RJ/58440/426/candidatos/771013/5_1600999965937.pdf
Itatiaia,IRINEU NOGUEIRA COELHO,PREFEITO,PTB,ELEITO,14,2020,1,https://divulgacandcontas.tse.jus.br/candidaturas/oficial/2020/RJ/58440/426/candidatos/819109/5_1601074160697.pdf
Itatiaia,IZAEL BERNARDES FILHO,PREFEITO,DC,NÃO ELEITO,5,2020,1,https://divulgacandcontas.tse.jus.br/candidaturas/oficial/2020/RJ/58440/426/candidatos/422405/5_1600739949297.pdf
Itatiaia,ADRIANO JOSÉ DOS SANTOS,PREFEITO,PSOL,NÃO ELEITO,10,2020,1,https://divulgacandcontas.tse.jus.br/candidaturas/oficial/2020/RJ/58440/426/candidatos/650535/5_1601144643465.pdf
Japeri,BRUNO SILVA DOS SANTOS,PREFEITO,PL,NÃO ELEITO,1,2020,1,https://divulgacandcontas.tse.jus.br/candidaturas/oficial/2020/RJ/58149/426/candidatos/387892/5_1600729006662.pdf
Japeri,CARLOS MORAES COSTA,PREFEITO,PSDB,NÃO ELEITO,12,2020,1,https://divulgacandcontas.tse.jus.br/candidaturas/oficial/2020/RJ/58149/426/candidatos/232935/5_1599843726632.pdf
Japeri,CEZAR DE MELO,PREFEITO,CIDADANIA,NÃO ELEITO,11,2020,1,https://divulgacandcontas.tse.jus.br/candidaturas/oficial/2020/RJ/58149/426/candidatos/384918/5_1600378865136.pdf
Japeri,FERNANDA MACHADO ONTIVEROS,PREFEITO,PDT,ELEITO,8,2020,1,https://divulgacandcontas.tse.jus.br/candidaturas/oficial/2020/RJ/58149/426/candidatos/490007/5_1600794176852.pdf
Japeri,FABIO GOMES DA SILVA,PREFEITO,PSD,NÃO ELEITO,23,2020,23,https://divulgacandcontas.tse.jus.br/candidaturas/oficial/2020/RJ/58149/426/candidatos/761026/5_1600983617922.jpg | https://divulgacandcontas.tse.jus.br/candidaturas/oficial/2020/RJ/58149/426/candidatos/761026/5_1600983691530.jpg | https://divulgacandcontas.tse.jus.br/candidaturas/oficial/2020/RJ/58149/426/candidatos/761026/5_1600983692454.jpg | https://divulgacandcontas.tse.jus.br/candidaturas/oficial/2020/RJ/58149/426/candidatos/761026/5_1600983693248.jpg | https://divulgacandcontas.tse.jus.br/candidaturas/oficial/2020/RJ/58149/426/candidatos/761026/5_1600983619519.jpg | https://divulgacandcontas.tse.jus.br/candidaturas/oficial/2020/RJ/58149/426/candidatos/761026/5_1600983694551.jpg | https://divulgacandcontas.tse.jus.br/candidaturas/oficial/2020/RJ/58149/426/candidatos/761026/5_1600983624117.jpg | https://divulgacandcontas.tse.jus.br/candidaturas/oficial/2020/RJ/58149/426/candidatos/761026/5_1600983546972.jpg | https://divulgacandcontas.tse.jus.br/candidaturas/oficial/2020/RJ/58149/426/candidatos/761026/5_1600983621856.jpg | https://divulgacandcontas.tse.jus.br/candidaturas/oficial/2020/RJ/58149/426/candidatos/761026/5_1600983695363.jpg | https://divulgacandcontas.tse.jus.br/candidaturas/oficial/2020/RJ/58149/426/candidatos/761026/5_1600983545924.jpg | https://divulgacandcontas.tse.jus.br/candidaturas/oficial/2020/RJ/58149/426/candidatos/761026/5_1600983699547.jpg | https://divulgacandcontas.tse.jus.br/candidaturas/oficial/2020/RJ/58149/426/candidatos/761026/5_1600983697276.jpg | https://divulgacandcontas.tse.jus.br/candidaturas/oficial/2020/RJ/58149/426/candidatos/761026/5_1600983628084.jpg | https://divulgacandcontas.tse.jus.br/candidaturas/oficial/2020/RJ/58149/426/candidatos/761026/5_1600983623422.jpg | https://divulgacandcontas.tse.jus.br/candidaturas/oficial/2020/RJ/58149/426/candidatos/761026/5_1600983543505.jpg | https://divulgacandcontas.tse.jus.br/candidaturas/oficial/2020/RJ/58149/426/candidatos/761026/5_1600983620218.jpg | https://divulgacandcontas.tse.jus.br/candidaturas/oficial/2020/RJ/58149/426/candidatos/761026/5_1600983690037.jpg | https://divulgacandcontas.tse.jus.br/candidaturas/oficial/2020/RJ/58149/426/candidatos/761026/5_1600983548659.jpg | https://divulgacandcontas.tse.jus.br/candidaturas/oficial/2020/RJ/58149/426/candidatos/761026/5_1600983613629.jpg | https://divulgacandcontas.tse.jus.br/candidaturas/oficial/2020/RJ/58149/426/candidatos/761026/5_1600983549624.jpg | https://divulgacandcontas.tse.jus.br/candidaturas/oficial/2020/RJ/58149/426/candidatos/761026/5_1600983615737.jpg | https://divulgacandcontas.tse.jus.br/candidaturas/oficial/2020/RJ/58149/426/candidatos/761026/5_1600983612419.jpg
Japeri,HELDER PEDRO BARROS,PREFEITO,PSC,NÃO ELEITO,35,2020,1,https://divulgacandcontas.tse.jus.br/candidaturas/oficial/2020/RJ/58149/426/candidatos/435148/5_1600461681980.pdf
Japeri,JONAS AGUIAR DA CRUZ,PREFEITO,MDB,NÃO ELEITO,2,2020,1,https://divulgacandcontas.tse.jus.br/candidaturas/oficial/2020/RJ/58149/426/candidatos/190001236490/pje-82a05af5-Proposta%20de%20governo.pdf
Japeri,MANOEL VALDIVINO FERREIRA FILHO,PREFEITO,PTB,NÃO ELEITO,3,2020,1,https://divulgacandcontas.tse.jus.br/candidaturas/oficial/2020/RJ/58149/426/candidatos/190001236741/pje-05b6f382-Proposta%20de%20governo.pdf
Japeri,IVALDO BARBOSA DOS SANTOS,PREFEITO,REPUBLICANOS,NÃO ELEITO,10,2020,1,https://divulgacandcontas.tse.jus.br/candidaturas/oficial/2020/RJ/58149/426/candidatos/369745/5_1600450865332.pdf
Laje do Muriaé,JOSE BERNARDO DE OLIVEIRA,PREFEITO,AVANTE,NÃO ELEITO,9,2020,1,https://divulgacandcontas.tse.jus.br/candidaturas/oficial/2020/RJ/58459/426/candidatos/688543/5_1600901047421.pdf
Laje do Muriaé,JOSÉ ELIEZER TOSTES PINTO,PREFEITO,MDB,NÃO ELEITO,5,2020,1,https://divulgacandcontas.tse.jus.br/candidaturas/oficial/2020/RJ/58459/426/candidatos/768923/5_1601065981150.pdf
Laje do Muriaé,EUDOCIO MOREIRA CARDOZO,PREFEITO,PL,ELEITO,20,2020,1,https://divulgacandcontas.tse.jus.br/candidaturas/oficial/2020/RJ/58459/426/candidatos/574506/5_1600742050562.pdf
Macaé,ANDRÉ LONGOBARDI,PREFEITO,REPUBLICANOS,NÃO ELEITO,45,2020,1,https://divulgacandcontas.tse.jus.br/candidaturas/oficial/2020/RJ/58475/426/candidatos/638650/5_1600825420141.pdf
Macaé,IGOR PAES NUNES SARDINHA,PREFEITO,PT,NÃO ELEITO,92,2020,1,https://divulgacandcontas.tse.jus.br/candidaturas/oficial/2020/RJ/58475/426/candidatos/190000832379/pje-1de2e0ee-Proposta%20de%20governo.pdf
Macaé,LUIZ ANTONIO PACHECO,PREFEITO,PMB,NÃO ELEITO,44,2020,1,https://divulgacandcontas.tse.jus.br/candidaturas/oficial/2020/RJ/58475/426/candidatos/637732/5_1601160413883.pdf
Macaé,JONAS VICENTE DE OLIVEIRA NETO,PREFEITO,PCO,NÃO ELEITO,37,2020,1,https://divulgacandcontas.tse.jus.br/candidaturas/oficial/2020/RJ/58475/426/candidatos/707330/5_1601054877876.pdf
Macaé,MAXWELL SOUTO VAZ,PREFEITO,SOLIDARIEDADE,NÃO ELEITO,33,2020,1,https://divulgacandcontas.tse.jus.br/candidaturas/oficial/2020/RJ/58475/2030402020/190000742458/pje-581a220d-Proposta%20de%20governo.pdf
Macaé,RICARD SOUZA DE CARVALHO,PREFEITO,PRTB,NÃO ELEITO,6,2020,1,https://divulgacandcontas.tse.jus.br/candidaturas/oficial/2020/RJ/58475/426/candidatos/780658/5_1601005950168.pdf
Macaé,RIVERTON MUSSI RAMOS,PREFEITO,PDT,NÃO ELEITO,38,2020,1,https://divulgacandcontas.tse.jus.br/candidaturas/oficial/2020/RJ/58475/426/candidatos/655530/5_1600892915085.pdf
Macaé,ROBSON OLIVEIRA CONSTANTINO,PREFEITO,PTB,NÃO ELEITO,29,2020,1,https://divulgacandcontas.tse.jus.br/candidaturas/oficial/2020/RJ/58475/426/candidatos/190000875020/pje-a404b595-Proposta%20de%20governo.pdf
Macaé,SABRINA ROBERTA LUZ MARTINS,PREFEITO,PSTU,NÃO ELEITO,5,2020,1,https://divulgacandcontas.tse.jus.br/candidaturas/oficial/2020/RJ/58475/426/candidatos/251081/5_1600789570760.pdf
Macaé,SYLVIO MUSSI LOPES TEIXEIRA,PREFEITO,DEM,NÃO ELEITO,69,2020,1,https://divulgacandcontas.tse.jus.br/candidaturas/oficial/2020/RJ/58475/426/candidatos/698449/5_1600914533440.pdf
Macaé,WELBERTH PORTO DE REZENDE,PREFEITO,CIDADANIA,ELEITO,12,2020,1,https://divulgacandcontas.tse.jus.br/candidaturas/oficial/2020/RJ/58475/426/candidatos/455306/5_1600862873673.PDF
Macuco,BRUNO ALVES BOARETTO,PREFEITO,PL,ELEITO,13,2020,1,https://divulgacandcontas.tse.jus.br/candidaturas/oficial/2020/RJ/58386/426/candidatos/365008/5_1600357900542.pdf
Magé,CARLOS HENRIQUE RIOS LEMOS,PREFEITO,PMN,NÃO ELEITO,9,2020,1,https://divulgacandcontas.tse.jus.br/candidaturas/oficial/2020/RJ/58491/2030402020/190000644811/pje-d6146213-Proposta%20de%20governo.pdf
Magé,JEANNIE MAYR REIS DE OLIVEIRA,PREFEITO,MDB,NÃO ELEITO,16,2020,1,https://divulgacandcontas.tse.jus.br/candidaturas/oficial/2020/RJ/58491/426/candidatos/676866/5_1601071967527.pdf
Magé,RENATO COZZOLINO HARB,PREFEITO,PP,ELEITO,23,2020,1,https://divulgacandcontas.tse.jus.br/candidaturas/oficial/2020/RJ/58491/426/candidatos/628702/5_1601142985398.pdf
Magé,RICARDO CORRÊA DE BARROS,PREFEITO,PSC,NÃO ELEITO,13,2020,1,https://divulgacandcontas.tse.jus.br/candidaturas/oficial/2020/RJ/58491/426/candidatos/265799/5_1600335704461.pdf
Magé,PEDRO ROGÉRIO DUTRA DO VALLE,PREFEITO,PL,NÃO ELEITO,37,2020,1,https://divulgacandcontas.tse.jus.br/candidaturas/oficial/2020/RJ/58491/426/candidatos/393899/5_1600479443221.pdf
Magé,ANDRE ANTONIO LOPES DO NASCIMENTO,PREFEITO,PSD,NÃO ELEITO,11,2020,1,https://divulgacandcontas.tse.jus.br/candidaturas/oficial/2020/RJ/58491/426/candidatos/681079/5_1600890624587.pdf
Mangaratiba,AARÃO DE MOURA BRITO NETO,PREFEITO,CIDADANIA,NÃO ELEITO,29,2020,1,https://divulgacandcontas.tse.jus.br/candidaturas/oficial/2020/RJ/58513/426/candidatos/742096/5_1600984386318.pdf
Mangaratiba,ALAN CAMPOS DA COSTA,PREFEITO,PP,ELEITO,18,2020,1,https://divulgacandcontas.tse.jus.br/candidaturas/oficial/2020/RJ/58513/426/candidatos/477395/5_1600733037280.pdf
Mangaratiba,ANDRE DE MELLO COSTA,PREFEITO,SOLIDARIEDADE,NÃO ELEITO,10,2020,1,https://divulgacandcontas.tse.jus.br/candidaturas/oficial/2020/RJ/58513/2030402020/190001114671/pje-48094ed6-Proposta%20de%20governo.pdf
Mangaratiba,ALTANIR NASCIMENTO DE FREITAS,PREFEITO,PSL,NÃO ELEITO,26,2020,1,https://divulgacandcontas.tse.jus.br/candidaturas/oficial/2020/RJ/58513/426/candidatos/595350/5_1600986461198.pdf
Mangaratiba,CLEDSON DUTRA BARBOZA,PREFEITO,PSB,NÃO ELEITO,1,2020,1,https://divulgacandcontas.tse.jus.br/candidaturas/oficial/2020/RJ/58513/426/candidatos/728233/PLABNO.pdf
Mangaratiba,MARCELO ALVES DE SOUZA,PREFEITO,PROS,NÃO ELEITO,21,2020,1,https://divulgacandcontas.tse.jus.br/candidaturas/oficial/2020/RJ/58513/426/candidatos/215692/5_1600122329694.pdf
Mangaratiba,THIAGO TARGINO DOS SANTOS,PREFEITO,PODE,NÃO ELEITO,5,2020,1,https://divulgacandcontas.tse.jus.br/candidaturas/oficial/2020/RJ/58513/426/candidatos/714364/5_1600926183752.pdf
Maricá,CESAR AUGUSTO MACHADO FILHO,PREFEITO,PMN,NÃO ELEITO,23,2020,1,https://divulgacandcontas.tse.jus.br/candidaturas/oficial/2020/RJ/58530/426/candidatos/114354/5_1600029970948.pdf
Maricá,VALDEVINO COSTA DA SILVA,PREFEITO,PSDB,NÃO ELEITO,16,2020,1,https://divulgacandcontas.tse.jus.br/candidaturas/oficial/2020/RJ/58530/426/candidatos/475731/5_1600642571151.pdf
Maricá,CIRO RIBEIRO DA FONTOURA,PREFEITO,REPUBLICANOS,NÃO ELEITO,18,2020,1,https://divulgacandcontas.tse.jus.br/candidaturas/oficial/2020/RJ/58530/2030402020/190000959365/pje-30055508-Proposta%20de%20governo.pdf
Maricá,FABIANO TAQUES HORTA,PREFEITO,PT,ELEITO,15,2020,1,https://divulgacandcontas.tse.jus.br/candidaturas/oficial/2020/RJ/58530/426/candidatos/633686/5_1600817904446.pdf
Mendes,ELCIO SOUZA FERREIRA,PREFEITO,PL,NÃO ELEITO,11,2020,1,https://divulgacandcontas.tse.jus.br/candidaturas/oficial/2020/RJ/58556/426/candidatos/849604/5_1601157433183.pdf
Mendes,JORGE HENRIQUE COSTA DE OLIVEIRA,PREFEITO,SOLIDARIEDADE,ELEITO,14,2020,1,https://divulgacandcontas.tse.jus.br/candidaturas/oficial/2020/RJ/58556/2030402020/190001019384/pje-316dfc90-Proposta%20de%20governo.pdf
Mendes,NATANAEL MARIANO DOS SANTOS,PREFEITO,PSOL,NÃO ELEITO,35,2020,1,https://divulgacandcontas.tse.jus.br/candidaturas/oficial/2020/RJ/58556/426/candidatos/190001019338/pje-197634e0-Proposta%20de%20governo.pdf
Mendes,RICARDO RAMALHO MELLO,PREFEITO,PSC,NÃO ELEITO,18,2020,1,https://divulgacandcontas.tse.jus.br/candidaturas/oficial/2020/RJ/58556/426/candidatos/780856/5_1601009370865.pdf
Mendes,LUIZ RICARDO DE CARVALHO,PREFEITO,REPUBLICANOS,NÃO ELEITO,13,2020,1,https://divulgacandcontas.tse.jus.br/candidaturas/oficial/2020/RJ/58556/426/candidatos/707772/5_1601076652463.pdf
Mendes,WALDIR FERREIRA MEXIAS JUNIOR,PREFEITO,DEM,NÃO ELEITO,4,2020,1,https://divulgacandcontas.tse.jus.br/candidaturas/oficial/2020/RJ/58556/426/candidatos/775446/5_1601000946119.pdf
Mesquita,ANTONIO JOSE DOS SANTOS,PREFEITO,PC DO B,NÃO ELEITO,12,2020,1,https://divulgacandcontas.tse.jus.br/candidaturas/oficial/2020/RJ/58467/426/candidatos/437722/5_1601078927732.pdf
Mesquita,CRISTIANE PELINCA DO AMARAL,PREFEITO,PSD,NÃO ELEITO,29,2020,1,https://divulgacandcontas.tse.jus.br/candidaturas/oficial/2020/RJ/58467/426/candidatos/471897/5_1600844751806.pdf
Mesquita,THAIANNA CRISTINA BARBOSA DOS SANTOS,PREFEITO,PSDB,NÃO ELEITO,23 – 25,2020,2,https://divulgacandcontas.tse.jus.br/candidaturas/oficial/2020/RJ/58467/2030402020/190000895816/pje-7fbdba37-Proposta%20de%20governo.pdf | https://divulgacandcontas.tse.jus.br/candidaturas/oficial/2020/RJ/58467/426/candidatos/421137/5_1600893968188.pdf
Mesquita,JORGE BERNARDES DA CONCEIÇÃO,PREFEITO,REDE,NÃO ELEITO,NÃO TEM,2020,0,
Mesquita,JORGE LUCIO FERREIRA MIRANDA,PREFEITO,PL,ELEITO,9,2020,1,https://divulgacandcontas.tse.jus.br/candidaturas/oficial/2020/RJ/58467/426/candidatos/466203/5_1600534440103.pdf
Mesquita,LEYDERVAN DA SILVA JOSE,PREFEITO,PDT,NÃO ELEITO,21,2020,1,https://divulgacandcontas.tse.jus.br/candidaturas/oficial/2020/RJ/58467/426/candidatos/354525/5_1600350385679.pdf
Miguel Pereira,ANDRÉ PINTO DE AFONSECA,PREFEITO,PSC,ELEITO,28,2020,1,https://divulgacandcontas.tse.jus.br/candidaturas/oficial/2020/RJ/58572/426/candidatos/185773/5_1600869092366.pdf
Miguel Pereira,ESMERALDA CARNEIRO MONSORES,PREFEITO,PSOL,NÃO ELEITO,46,2020,1,https://divulgacandcontas.tse.jus.br/candidaturas/oficial/2020/RJ/58572/426/candidatos/190000875162/pje-f049bccb-Proposta%20de%20governo.pdf
Miguel Pereira,ROMANO AURELIO LOMELINO DA SILVA,PREFEITO,SOLIDARIEDADE,NÃO ELEITO,11,2020,1,https://divulgacandcontas.tse.jus.br/candidaturas/oficial/2020/RJ/58572/426/candidatos/769435/5_1600989558645.pdf
Miguel Pereira,WELINGTON BENEDITO ALVES FERREIRA,PREFEITO,PATRIOTA,NÃO ELEITO,38,2020,1,https://divulgacandcontas.tse.jus.br/candidaturas/oficial/2020/RJ/58572/2030402020/190001112772/pje-e0a01127-Proposta%20de%20governo.pdf
Miracema,MARIA ALESSANDRA LEITE FREIRE,PREFEITO,PMB,NÃO ELEITO,28,2020,1,https://divulgacandcontas.tse.jus.br/candidaturas/oficial/2020/RJ/58599/426/candidatos/378571/5_1600446724955.pdf
Miracema,CLÓVIS TOSTES DE BARROS,PREFEITO,SOLIDARIEDADE,ELEITO,9,2020,1,https://divulgacandcontas.tse.jus.br/candidaturas/oficial/2020/RJ/58599/426/candidatos/557208/5_1600811535464.pdf
Miracema,HANRY FELIX EL KHOURI,PREFEITO,DC,NÃO ELEITO,10,2020,1,https://divulgacandcontas.tse.jus.br/candidaturas/oficial/2020/RJ/58599/426/candidatos/667802/5_1600979876178.pdf
Miracema,RONALDO LIGIERO ALVIM,PREFEITO,PTB,NÃO ELEITO,27,2020,1,https://divulgacandcontas.tse.jus.br/candidaturas/oficial/2020/RJ/58599/426/candidatos/727603/5_1601046381320.pdf
Natividade,JULIANO DA SILVA FRANÇA,PREFEITO,PSL,NÃO ELEITO,33,2020,1,https://divulgacandcontas.tse.jus.br/candidaturas/oficial/2020/RJ/58610/426/candidatos/727367/PROPOSTA.pdf
Natividade,MURILLO ALVES RIBEIRO JUNIOR,PREFEITO,PL,NÃO ELEITO,10,2020,1,https://divulgacandcontas.tse.jus.br/candidaturas/oficial/2020/RJ/58610/426/candidatos/229558/5_1599762657288.pdf
Natividade,OSMARINA RODRIGUES SEGURO,PREFEITO,PATRIOTA,NÃO ELEITO,NÃO TEM,2020,0,
Natividade,SEVERIANO ANTONIO DOS SANTOS REZENDE,PREFEITO,PROS,ELEITO,16,2020,1,https://divulgacandcontas.tse.jus.br/candidaturas/oficial/2020/RJ/58610/426/candidatos/313860/5_1600880642075.pdf
Nilópolis,ABRAÃO DAVID NETO,PREFEITO,PL,ELEITO,20,2020,1,https://divulgacandcontas.tse.jus.br/candidaturas/oficial/2020/RJ/58637/426/candidatos/334976/5_1600275532791.pdf
Nilópolis,VANDER ALVES CALAZANS,PREFEITO,DEM,NÃO ELEITO,15,2020,1,https://divulgacandcontas.tse.jus.br/candidaturas/oficial/2020/RJ/58637/2030402020/190000863143/pje-1ed595e1-Proposta%20de%20governo.pdf
Nilópolis,JORGE HENRIQUE DA COSTA NUNES,PREFEITO,SOLIDARIEDADE,NÃO ELEITO,21,2020,1,https://divulgacandcontas.tse.jus.br/candidaturas/oficial/2020/RJ/58637/426/candidatos/572516/5_1600734768428.pdf
Nilópolis,WENDERSON DIAS RIBEIRO,PREFEITO,PSOL,NÃO ELEITO,NÃO TEM,2020,0,
Nilópolis,RODRIGO BILARD FIGUEIRA DA SILVA,PREFEITO,PDT,NÃO ELEITO,22,2020,1,https://divulgacandcontas.tse.jus.br/candidaturas/oficial/2020/RJ/58637/426/candidatos/484444/5_1600558441406.pdf
Nilópolis,JOSÉ MARIO DE CARVALHO SILVA,PREFEITO,PT,NÃO ELEITO,12,2020,1,https://divulgacandcontas.tse.jus.br/candidaturas/oficial/2020/RJ/58637/426/candidatos/510442/5_1600694927116.pdf
Niterói,ALLAN PINHO LYRA,PREFEITO,PTC,NÃO ELEITO,21,2020,1,https://divulgacandcontas.tse.jus.br/candidaturas/oficial/2020/RJ/58653/2030402020/190001229121/pje-247dce0b-Proposta%20de%20governo.pdf
Niterói,AXEL SCHMIDT GRAEL,PREFEITO,PDT,ELEITO,28,2020,1,https://divulgacandcontas.tse.jus.br/candidaturas/oficial/2020/RJ/58653/426/candidatos/379359/5_1600371865100.pdf
Niterói,DEULER DA ROCHA GONÇALVES JUNIOR,PREFEITO,PSL,NÃO ELEITO,NÃO TEM,2020,0,
Niterói,FELIPE DOS SANTOS PEIXOTO,PREFEITO,PSD,NÃO ELEITO,84,2020,1,https://divulgacandcontas.tse.jus.br/candidaturas/oficial/2020/RJ/58653/426/candidatos/290268/5_1600128237018.pdf
Niterói,FLAVIO ALVES SERAFINI,PREFEITO,PSOL,NÃO ELEITO,238,2020,1,https://divulgacandcontas.tse.jus.br/candidaturas/oficial/2020/RJ/58653/426/candidatos/190000675881/pje-84ee17d0-Proposta%20de%20governo.pdf
Niterói,JULIANA DA CÂMARA TORRES BENICIO,PREFEITO,NOVO,NÃO ELEITO,35,2020,1,https://divulgacandcontas.tse.jus.br/candidaturas/oficial/2020/RJ/58653/426/candidatos/107354/5_1599571128355.pdf
Niterói,RENATA DE OLIVEIRA ESTEVES,PREFEITO,PMB,NÃO ELEITO,51,2020,1,https://divulgacandcontas.tse.jus.br/candidaturas/oficial/2020/RJ/58653/426/candidatos/774460/5_1601060537786.pdf
Niterói,SÉRGIO BRUNO ALVES PERDIGÃO,PREFEITO,PSTU,NÃO ELEITO,7,2020,1,https://divulgacandcontas.tse.jus.br/candidaturas/oficial/2020/RJ/58653/426/candidatos/190001273716/pje-ee61918d-Proposta%20de%20governo.pdf
Niterói,ANTONIO DA SILVEIRA FARES,PREFEITO,DC,NÃO ELEITO,3,2020,1,https://divulgacandcontas.tse.jus.br/candidaturas/oficial/2020/RJ/58653/426/candidatos/311961/5_1600787700763.pdf
Nova Friburgo,ALEXANDRE AZEVEDO DA CRUZ,PREFEITO,CIDADANIA,NÃO ELEITO,24,2020,1,https://divulgacandcontas.tse.jus.br/candidaturas/oficial/2020/RJ/58670/426/candidatos/707979/5_1601075832404.pdf
Nova Friburgo,ANDRÉ LUIZ MONTECHIARI LOBOSCO,PREFEITO,PRTB,NÃO ELEITO,23,2020,1,https://divulgacandcontas.tse.jus.br/candidaturas/oficial/2020/RJ/58670/426/candidatos/295927/5_1601063180725.pdf
Nova Friburgo,ANTONIO CARLOS TEIXEIRA REZENDE,PREFEITO,PV,NÃO ELEITO,26,2020,1,https://divulgacandcontas.tse.jus.br/candidaturas/oficial/2020/RJ/58670/426/candidatos/719846/5_1601070448958.pdf
Nova Friburgo,CLÁUDIO DAMIÃO SANTOS PEREIRA,PREFEITO,PSOL,NÃO ELEITO,38,2020,1,https://divulgacandcontas.tse.jus.br/candidaturas/oficial/2020/RJ/58670/426/candidatos/642772/5_1600826571107.pdf
Nova Friburgo,DANIELLE CHRISTINE BESSA NETTO DE BARROS,PREFEITO,PSL,NÃO ELEITO,50,2020,1,https://divulgacandcontas.tse.jus.br/candidaturas/oficial/2020/RJ/58670/426/candidatos/786918/5_1601034942509.pdf
Nova Friburgo,ARTHUR MATTAR GREMION SOARES,PREFEITO,AVANTE,NÃO ELEITO,51,2020,1,https://divulgacandcontas.tse.jus.br/candidaturas/oficial/2020/RJ/58670/426/candidatos/171134/5_1600092894303.pdf
Nova Friburgo,LUIS FERNANDO AZEVEDO SILVA,PREFEITO,PROS,NÃO ELEITO,17,2020,1,https://divulgacandcontas.tse.jus.br/candidaturas/oficial/2020/RJ/58670/426/candidatos/263718/5_1600576818208.pdf
Nova Friburgo,HUGO JOSÉ MORENO PEREIRA,PREFEITO,PSTU,NÃO ELEITO,7,2020,1,https://divulgacandcontas.tse.jus.br/candidaturas/oficial/2020/RJ/58670/426/candidatos/22477/5_1600968657230.pdf
Nova Friburgo,JOHNNY MAYCON CORDEIRO RIBEIRO,PREFEITO,REPUBLICANOS,ELEITO,15,2020,1,https://divulgacandcontas.tse.jus.br/candidaturas/oficial/2020/RJ/58670/426/candidatos/717771/5_1600946743322.pdf
Nova Friburgo,JUVENAL NESTOR CONDACK,PREFEITO,PSD,NÃO ELEITO,13,2020,1,https://divulgacandcontas.tse.jus.br/candidaturas/oficial/2020/RJ/58670/426/candidatos/713054/5_1600919037279.pdf
Nova Friburgo,LUCIDARLEN NOVAES DA SILVA FERREIRA,PREFEITO,PMB,NÃO ELEITO,25,2020,1,https://divulgacandcontas.tse.jus.br/candidaturas/oficial/2020/RJ/58670/426/candidatos/372432/5_1600803574552.pdf
Nova Friburgo,MARIOZAM OLIVEIRA DA SILVA,PREFEITO,PTC,NÃO ELEITO,8,2020,1,https://divulgacandcontas.tse.jus.br/candidaturas/oficial/2020/RJ/58670/426/candidatos/730571/PropostadeGoverno.pdf
Nova Friburgo,RENATO PINHEIRO BRAVO,PREFEITO,PP,NÃO ELEITO,48,2020,1,https://divulgacandcontas.tse.jus.br/candidaturas/oficial/2020/RJ/58670/426/candidatos/792870/5_1601092601911.pdf
Nova Friburgo,PAULO SERGIO LOUBACK,PREFEITO,PSC,NÃO ELEITO,17,2020,1,https://divulgacandcontas.tse.jus.br/candidaturas/oficial/2020/RJ/58670/426/candidatos/708808/5_1600967886913.pdf
Nova Friburgo,SILVIA ANDREIA KLEIN FALTZ,PREFEITO,PT,NÃO ELEITO,9,2020,1,https://divulgacandcontas.tse.jus.br/candidaturas/oficial/2020/RJ/58670/426/candidatos/706350/5_1600907815805.pdf
Nova Friburgo,WANDERSON LUIZ CUNHA NOGUEIRA,PREFEITO,PDT,NÃO ELEITO,52,2020,1,https://divulgacandcontas.tse.jus.br/candidaturas/oficial/2020/RJ/58670/2030402020/190001005078/pje-862bdea2-Proposta%20de%20governo.pdf
Nova Iguaçu,SEBASTIÃO WAGNER BERRIEL,PREFEITO,PT,NÃO ELEITO,17,2020,1,https://divulgacandcontas.tse.jus.br/candidaturas/oficial/2020/RJ/58696/2030402020/190000894201/pje-3f3ec260-Proposta%20de%20governo.pdf
Nova Iguaçu,CARLOS AUGUSTO NOGUEIRA PINTO,PREFEITO,PSD,NÃO ELEITO,26,2020,1,https://divulgacandcontas.tse.jus.br/candidaturas/oficial/2020/RJ/58696/426/candidatos/574695/5_1600776349873.pdf
Nova Iguaçu,WELINGTON GUIMARÃES MATOS,PREFEITO,PSC,NÃO ELEITO,16,2020,1,https://divulgacandcontas.tse.jus.br/candidaturas/oficial/2020/RJ/58696/2030402020/190000678408/pje-37ccda00-Proposta%20de%20governo.pdf
Nova Iguaçu,LUIZ CARLOS DA ROCHA NOVAES,PREFEITO,PSB,NÃO ELEITO,74,2020,1,https://divulgacandcontas.tse.jus.br/candidaturas/oficial/2020/RJ/58696/2030402020/190001019407/pje-2c41fae7-Proposta%20de%20governo.pdf
Nova Iguaçu,MARCELO VERDAM LESSA,PREFEITO,PRTB,NÃO ELEITO,7,2020,1,https://divulgacandcontas.tse.jus.br/candidaturas/oficial/2020/RJ/58696/426/candidatos/642133/5_1601064109945.pdf
Nova Iguaçu,MAX RODRIGUES LEMOS,PREFEITO,PSDB,NÃO ELEITO,25,2020,1,https://divulgacandcontas.tse.jus.br/candidaturas/oficial/2020/RJ/58696/426/candidatos/433884/5_1600903049272.pdf
Nova Iguaçu,LECI CARVALHO E SILVA,PREFEITO,PSOL,NÃO ELEITO,15,2020,1,https://divulgacandcontas.tse.jus.br/candidaturas/oficial/2020/RJ/58696/426/candidatos/810681/5_1601059648963.pdf
Nova Iguaçu,ROBSON SILVA DE SOUSA,PREFEITO,REDE,NÃO ELEITO,27,2020,1,https://divulgacandcontas.tse.jus.br/candidaturas/oficial/2020/RJ/58696/2030402020/190001158819/pje-9c6085d1-Proposta%20de%20governo.pdf
Nova Iguaçu,ROGERIO MARTINS LISBOA,PREFEITO,PP,ELEITO,14,2020,1,https://divulgacandcontas.tse.jus.br/candidaturas/oficial/2020/RJ/58696/426/candidatos/402101/5_1600901513171.pdf
Nova Iguaçu,ROSANGELA DE SOUZA GOMES,PREFEITO,REPUBLICANOS,NÃO ELEITO,13,2020,1,https://divulgacandcontas.tse.jus.br/candidaturas/oficial/2020/RJ/58696/426/candidatos/636484/5_1600819589818.pdf
Paracambi,ALESSANDRO DA CRUZ REZENDE,PREFEITO,PTB,NÃO ELEITO,20,2020,1,https://divulgacandcontas.tse.jus.br/candidaturas/oficial/2020/RJ/58718/426/candidatos/468466/5_1600536775250.pdf
Paracambi,ERNANDES DE OLIVEIRA SOUZA FILHO,PREFEITO,CIDADANIA,NÃO ELEITO,20,2020,1,https://divulgacandcontas.tse.jus.br/candidaturas/oficial/2020/RJ/58718/426/candidatos/705975/5_1600909116443.pdf
Paracambi,ERIVELTON DIAS COSTA,PREFEITO,PT,NÃO ELEITO,31,2020,1,https://divulgacandcontas.tse.jus.br/candidaturas/oficial/2020/RJ/58718/426/candidatos/326869/5_1600901537886.pdf
Paracambi,JULIO DA SILVA GONÇALVES OLIVEIRA,PREFEITO,REPUBLICANOS,NÃO ELEITO,7,2020,1,https://divulgacandcontas.tse.jus.br/candidaturas/oficial/2020/RJ/58718/426/candidatos/616662/5_1601048624494.pdf
Paracambi,LUCIMAR CRISTINA DA SILVA FERREIRA,PREFEITO,PL,ELEITO,15,2020,1,https://divulgacandcontas.tse.jus.br/candidaturas/oficial/2020/RJ/58718/426/candidatos/147933/5_1600283843506.pdf
Paracambi,TARCISO GONCALVES PESSOA,PREFEITO,PDT,NÃO ELEITO,18,2020,1,https://divulgacandcontas.tse.jus.br/candidaturas/oficial/2020/RJ/58718/426/candidatos/478685/5_1600717379586.pdf
Paracambi,VALERIANO DE ARAUJO TIBURCIO,PREFEITO,PATRIOTA,NÃO ELEITO,8,2020,1,https://divulgacandcontas.tse.jus.br/candidaturas/oficial/2020/RJ/58718/426/candidatos/190001254446/pje-5_160103-Proposta%20de%20governo.pdf
Paraíba do Sul,ANTONIO UOSTOM BORGES GERMANO,PREFEITO,PATRIOTA,NÃO ELEITO,31,2020,1,https://divulgacandcontas.tse.jus.br/candidaturas/oficial/2020/RJ/58734/426/candidatos/372030/5_1600631596757.pdf
Paraíba do Sul,DAYSE DEBORAH ALEXANDRE NEVES,PREFEITO,PL,ELEITO,23,2020,1,https://divulgacandcontas.tse.jus.br/candidaturas/oficial/2020/RJ/58734/426/candidatos/386814/5_1600384451286.pdf
Paraíba do Sul,ALESSANDRO CRONGE BOUZADA,PREFEITO,SOLIDARIEDADE,NÃO ELEITO,18,2020,1,https://divulgacandcontas.tse.jus.br/candidaturas/oficial/2020/RJ/58734/2030402020/190000782184/pje-5478a42e-Proposta%20de%20governo.pdf
Paraíba do Sul,ELIANE CRISTINA ALMEIDA,PREFEITO,PSDB,NÃO ELEITO,10,2020,1,https://divulgacandcontas.tse.jus.br/candidaturas/oficial/2020/RJ/58734/426/candidatos/363001/5_1600800407673.pdf
Paraíba do Sul,GISELLE VITAL GOBBI DA GAMA CRUZ,PREFEITO,CIDADANIA,NÃO ELEITO,NÃO TEM,2020,0,
Paraíba do Sul,FRANCISCO GONÇALVES FERNANDES,PREFEITO,PSC,NÃO ELEITO,10,2020,1,https://divulgacandcontas.tse.jus.br/candidaturas/oficial/2020/RJ/58734/426/candidatos/617232/5_1600812854130.pdf
Paraíba do Sul,MARIO SERGIO LEAL CORDEIRO,PREFEITO,PTC,NÃO ELEITO,1,2020,1,https://divulgacandcontas.tse.jus.br/candidaturas/oficial/2020/RJ/58734/426/candidatos/636353/5_1603723217251.pdf
Paraty,DAVI NASCIMENTO PAIVA DA SILVA,PREFEITO,PSOL,NÃO ELEITO,4,2020,1,https://divulgacandcontas.tse.jus.br/candidaturas/oficial/2020/RJ/58750/426/candidatos/287941/5_1600455912111.pdf
Paraty,FABIO DA CRUZ MALVAO,PREFEITO,PTC,NÃO ELEITO,2,2020,1,https://divulgacandcontas.tse.jus.br/candidaturas/oficial/2020/RJ/58750/426/candidatos/701029/Prospostas.pdf
Paraty,LEONARDO STRAMARO PINTO,PREFEITO,PRTB,NÃO ELEITO,7,2020,1,https://divulgacandcontas.tse.jus.br/candidaturas/oficial/2020/RJ/58750/426/candidatos/766224/5_1600986799218.pdf
Paraty,LUCIANO VIEIRA DE OLIVEIRA,PREFEITO,PV,NÃO ELEITO,32,2020,1,https://divulgacandcontas.tse.jus.br/candidaturas/oficial/2020/RJ/58750/426/candidatos/640690/5_1601059131549.pdf
Paraty,LUCIANO DE OLIVEIRA VIDAL,PREFEITO,MDB,ELEITO,1,2020,1,https://divulgacandcontas.tse.jus.br/candidaturas/oficial/2020/RJ/58750/426/candidatos/437578/5_1600465630850.pdf
Paraty,JOSE CARLOS PORTO NETO,PREFEITO,PTB,NÃO ELEITO,5,2020,1,https://divulgacandcontas.tse.jus.br/candidaturas/oficial/2020/RJ/58750/2030402020/190000747182/pje-1c2825a0-Proposta%20de%20governo.pdf
Paty do Alferes,LUCIA DE FATIMA FERNANDES FONSECA,PREFEITO,DEM,NÃO ELEITO,NÃO TEM,2020,0,
Paty do Alferes,PEDRO PAULO GONÇALVES DE OLIVEIRA,PREFEITO,MDB,NÃO ELEITO,15,2020,1,https://divulgacandcontas.tse.jus.br/candidaturas/oficial/2020/RJ/59315/2030402020/190000874897/pje-f4697f7a-Proposta%20de%20governo.pdf
Paty do Alferes,EURICO PINHEIRO BERNARDES NETO,PREFEITO,PSC,ELEITO,36,2020,1,https://divulgacandcontas.tse.jus.br/candidaturas/oficial/2020/RJ/59315/426/candidatos/826346/5_1601080313270.pdf
Paty do Alferes,KENNY PEREIRA NOBRE,PREFEITO,PDT,NÃO ELEITO,21,2020,1,https://divulgacandcontas.tse.jus.br/candidaturas/oficial/2020/RJ/59315/426/candidatos/190001109985/pje-5_160097-Proposta%20de%20governo.pdf
Paty do Alferes,MARCELO DE PAULA DA SILVA,PREFEITO,PATRIOTA,NÃO ELEITO,18,2020,1,https://divulgacandcontas.tse.jus.br/candidaturas/oficial/2020/RJ/59315/426/candidatos/723825/5_1600969245606.pdf
Petrópolis,ALEXANDRE CASTANHOLA GURGEL,PREFEITO,CIDADANIA,NÃO ELEITO,40,2020,1,https://divulgacandcontas.tse.jus.br/candidaturas/oficial/2020/RJ/58777/426/candidatos/354304/5_1600364991082.pdf
Petrópolis,BERNARDO CHIM ROSSI,PREFEITO,PL,NÃO ELEITO,34,2020,1,https://divulgacandcontas.tse.jus.br/candidaturas/oficial/2020/RJ/58777/426/candidatos/808772/5_1601057813464.pdf
Petrópolis,ARNALDO VIEIRA NETO,PREFEITO,PRTB,NÃO ELEITO,25,2020,1,https://divulgacandcontas.tse.jus.br/candidaturas/oficial/2020/RJ/58777/426/candidatos/377795/5_1600374269428.pdf
Petrópolis,EDUARDO SILVERIO,PREFEITO,PODE,NÃO ELEITO,11,2020,1,https://divulgacandcontas.tse.jus.br/candidaturas/oficial/2020/RJ/58777/426/candidatos/534053/5_1600722498340.pdf
Petrópolis,ELIAS CABRAL DA PONTE MONTES,PREFEITO,PSL,NÃO ELEITO,15,2020,1,https://divulgacandcontas.tse.jus.br/candidaturas/oficial/2020/RJ/58777/426/candidatos/807572/5_1601058134591.pdf
Petrópolis,JAMIL MIGUEL SABRÁ NETO,PREFEITO,PSC,NÃO ELEITO,56,2020,1,https://divulgacandcontas.tse.jus.br/candidaturas/oficial/2020/RJ/58777/426/candidatos/829588/5_1601080699981.pdf
Petrópolis,MARCOS JOSE MARQUES NOVAES,PREFEITO,PDT,NÃO ELEITO,20,2020,1,https://divulgacandcontas.tse.jus.br/candidaturas/oficial/2020/RJ/58777/426/candidatos/190001227657/pje-f9e4e9aa-Proposta%20de%20governo.pdf
Petrópolis,MATHEUS QUINTAL DE SOUSA RIBEIRO,PREFEITO,REPUBLICANOS,NÃO ELEITO,21,2020,1,https://divulgacandcontas.tse.jus.br/candidaturas/oficial/2020/RJ/58777/2030402020/190000795997/pje-cb207b49-Proposta%20de%20governo.pdf
Petrópolis,LEANDRO DE AZEVEDO,PREFEITO,PSD,NÃO ELEITO,21,2020,1,https://divulgacandcontas.tse.jus.br/candidaturas/oficial/2020/RJ/58777/426/candidatos/190000736520/pje-b6a5ed8c-Proposta%20de%20governo.pdf
Petrópolis,JOSE LUIZ DE SOUZA LIMA,PREFEITO,PSOL,NÃO ELEITO,52,2020,1,https://divulgacandcontas.tse.jus.br/candidaturas/oficial/2020/RJ/58777/426/candidatos/772483/5_1601040912046.pdf
Petrópolis,LIVIA DE LIMA MIRANDA,PREFEITO,PC DO B,NÃO ELEITO,7,2020,1,https://divulgacandcontas.tse.jus.br/candidaturas/oficial/2020/RJ/58777/426/candidatos/838014/5_1601090449127.pdf
Petrópolis,RAMON PEDRO DE MELLO,PREFEITO,AVANTE,NÃO ELEITO,41,2020,1,https://divulgacandcontas.tse.jus.br/candidaturas/oficial/2020/RJ/58777/2030402020/190000685016/pje-d59f3ccb-Proposta%20de%20governo.pdf
Petrópolis,RUBENS JOSÉ FRANÇA BOMTEMPO,PREFEITO,PSB,ELEITO,NÃO TEM,2020,0,
Pinheiral,CARMEN LUCIA COSTA TUBBS,PREFEITO,PRTB,NÃO ELEITO,18,2020,1,https://divulgacandcontas.tse.jus.br/candidaturas/oficial/2020/RJ/58246/426/candidatos/459693/5_1600531812522.pdf
Pinheiral,EDNARDO BARBOSA OLIVEIRA,PREFEITO,PSC,ELEITO,13,2020,1,https://divulgacandcontas.tse.jus.br/candidaturas/oficial/2020/RJ/58246/426/candidatos/263773/5_1600021383168.pdf
Pinheiral,JULIENE DA SILVA RAMOS,PREFEITO,PSB,NÃO ELEITO,16,2020,1,https://divulgacandcontas.tse.jus.br/candidaturas/oficial/2020/RJ/58246/426/candidatos/549591/5_1600817624686.pdf
Pinheiral,RIVALNEY DESSERBELLES PEDROSA,PREFEITO,DC,NÃO ELEITO,33,2020,1,https://divulgacandcontas.tse.jus.br/candidaturas/oficial/2020/RJ/58246/426/candidatos/765872/5_1600998769220.pdf
Pinheiral,SERGÍO VINICIUS DE OLIVEIRA FILHO,PREFEITO,PATRIOTA,NÃO ELEITO,9,2020,1,https://divulgacandcontas.tse.jus.br/candidaturas/oficial/2020/RJ/58246/426/candidatos/619081/5_1600806684697.pdf
Piraí,ALZEMIRO DOS SANTOS DIAS,PREFEITO,PSB,NÃO ELEITO,13,2020,1,https://divulgacandcontas.tse.jus.br/candidaturas/oficial/2020/RJ/58793/426/candidatos/367149/5_1600878404071.pdf
Piraí,ARTHUR HENRIQUE GONÇALVES FERREIRA,PREFEITO,PSC,ELEITO,12,2020,1,https://divulgacandcontas.tse.jus.br/candidaturas/oficial/2020/RJ/58793/426/candidatos/387138/5_1600966364141.pdf
Porciúncula,GUILHERME FONSECA CARDOSO,PREFEITO,DEM,NÃO ELEITO,23,2020,1,https://divulgacandcontas.tse.jus.br/candidaturas/oficial/2020/RJ/58815/426/candidatos/795976/5_1601084234695.pdf
Porciúncula,LEONARDO PAES BARRETO COUTINHO,PREFEITO,SOLIDARIEDADE,ELEITO,6,2020,1,https://divulgacandcontas.tse.jus.br/candidaturas/oficial/2020/RJ/58815/426/candidatos/437343/5_1600728317020.pdf
Porciúncula,SAULO ARAUJO CALZOLARI,PREFEITO,PDT,NÃO ELEITO,5,2020,1,https://divulgacandcontas.tse.jus.br/candidaturas/oficial/2020/RJ/58815/2030402020/190000783800/pje-84901f44-Proposta%20de%20governo.pdf
Porciúncula,JOSE PAULO FERREIRA,PREFEITO,REPUBLICANOS,NÃO ELEITO,7,2020,1,https://divulgacandcontas.tse.jus.br/candidaturas/oficial/2020/RJ/58815/426/candidatos/627067/5_1601061612727.pdf
Porto Real,AILTON BASILIO MARQUES,PREFEITO,PDT,NÃO ELEITO,13,2020,1,https://divulgacandcontas.tse.jus.br/candidaturas/oficial/2020/RJ/58327/426/candidatos/382591/5_1600903060240.pdf
Porto Real,ALEXANDRE AUGUSTUS SERFIOTIS,PREFEITO,PSD,ELEITO,8,2020,1,https://divulgacandcontas.tse.jus.br/candidaturas/oficial/2020/RJ/58327/426/candidatos/663442/5_1600897348685.pdf
Porto Real,SILVIA CARLA BERNARDELLI FRAGA MOREIRA,PREFEITO,CIDADANIA,NÃO ELEITO,16,2020,1,https://divulgacandcontas.tse.jus.br/candidaturas/oficial/2020/RJ/58327/426/candidatos/348379/5_1600293843184.pdf
Porto Real,VALCIR NOGUEIRA DA SILVA,PREFEITO,PP,NÃO ELEITO,41,2020,1,https://divulgacandcontas.tse.jus.br/candidaturas/oficial/2020/RJ/58327/426/candidatos/394266/5_1600812502019.pdf
Quatis,ALUÍSIO MAX ALVES D’ELIAS,PREFEITO,PSC,ELEITO,15,2020,1,https://divulgacandcontas.tse.jus.br/candidaturas/oficial/2020/RJ/58025/426/candidatos/252830/5_1600800526113.pdf
Quatis,MARCELA DA SILVA FONSECA MEYER,PREFEITO,PSD,NÃO ELEITO,8,2020,1,https://divulgacandcontas.tse.jus.br/candidaturas/oficial/2020/RJ/58025/426/candidatos/475051/5_1600968767619.pdf
Quatis,APARECIDA REGINA DOS SANTOS,PREFEITO,REPUBLICANOS,NÃO ELEITO,40,2020,1,https://divulgacandcontas.tse.jus.br/candidaturas/oficial/2020/RJ/58025/426/candidatos/794308/5_1601044589374.pdf
Quatis,ROGERIO BATISTA DE ELIAS,PREFEITO,PSL,NÃO ELEITO,NÃO TEM,2020,0,
Queimados,DULCELENA DOS SANTOS,PREFEITO,PSOL,NÃO ELEITO,16,2020,1,https://divulgacandcontas.tse.jus.br/candidaturas/oficial/2020/RJ/58122/426/candidatos/643278/5_1600828622479.pdf
Queimados,MARCELO MARINHO DE OLIVEIRA,PREFEITO,PMN,NÃO ELEITO,33,2020,1,https://divulgacandcontas.tse.jus.br/candidaturas/oficial/2020/RJ/58122/426/candidatos/227576/5_1600526307114.pdf
Queimados,EDMILSON GOMES FERREIRA,PREFEITO,PC DO B,NÃO ELEITO,NÃO TEM,2020,0,
Queimados,GLAUCO BARBOSA HOFFMAN KAIZER,PREFEITO,SOLIDARIEDADE,ELEITO,12,2020,1,https://divulgacandcontas.tse.jus.br/candidaturas/oficial/2020/RJ/58122/426/candidatos/701001/5_1600904042693.pdf
Queimados,CARLOS MACHADO DE OLIVEIRA,PREFEITO,DEM,NÃO ELEITO,NÃO TEM,2020,0,
Queimados,ELIAS JOSE DA CRUZ,PREFEITO,PROS,NÃO ELEITO,NÃO TEM,2020,0,
Queimados,MARCIO FERREIRA RODRIGUES DE FREITAS,PREFEITO,PTB,NÃO ELEITO,14,2020,1,https://divulgacandcontas.tse.jus.br/candidaturas/oficial/2020/RJ/58122/426/candidatos/594076/5_1600809252859.pdf
Queimados,LENINE RODRIGUES LEMOS,PREFEITO,PSDB,NÃO ELEITO,21,2020,1,https://divulgacandcontas.tse.jus.br/candidaturas/oficial/2020/RJ/58122/2030402020/190000747097/pje-27f97e61-Proposta%20de%20governo.pdf
Queimados,JOSE RIBAMAR DE LIMA,PREFEITO,PT,NÃO ELEITO,4,2020,1,https://divulgacandcontas.tse.jus.br/candidaturas/oficial/2020/RJ/58122/426/candidatos/190000965677/pje-15c1a43c-Proposta%20de%20governo.pdf
Queimados,ZAQUEU DA SILVA TEIXEIRA,PREFEITO,PSD,NÃO ELEITO,22,2020,1,https://divulgacandcontas.tse.jus.br/candidaturas/oficial/2020/RJ/58122/426/candidatos/427366/5_1600821369068.pdf
Quissamã,ARMANDO CUNHA CARNEIRO DA SILVA,PREFEITO,PSC,NÃO ELEITO,8,2020,1,https://divulgacandcontas.tse.jus.br/candidaturas/oficial/2020/RJ/58009/426/candidatos/565389/5_1600894823379.pdf
Quissamã,DJAMIM FERREIRA DE SOUZA,PREFEITO,PRTB,NÃO ELEITO,66,2020,1,https://divulgacandcontas.tse.jus.br/candidaturas/oficial/2020/RJ/58009/426/candidatos/456672/5_1600550597909.pdf
Quissamã,LEANDRO FRANCISCO NEVES,PREFEITO,AVANTE,NÃO ELEITO,10,2020,1,https://divulgacandcontas.tse.jus.br/candidaturas/oficial/2020/RJ/58009/426/candidatos/846785/5_1601153847635.pdf
Quissamã,MARIA DE FÁTIMA PACHECO,PREFEITO,DEM,ELEITO,18,2020,1,https://divulgacandcontas.tse.jus.br/candidaturas/oficial/2020/RJ/58009/426/candidatos/661870/5_1600967139263.pdf
Quissamã,EMANUEL DE SOUZA BATISTA,PREFEITO,PODE,NÃO ELEITO,12,2020,1,https://divulgacandcontas.tse.jus.br/candidaturas/oficial/2020/RJ/58009/2030402020/190000796769/pje-3b455ca6-Proposta%20de%20governo.pdf
Resende,CELIO LAUREANO SANTIAGO,PREFEITO,AVANTE,NÃO ELEITO,9,2020,1,https://divulgacandcontas.tse.jus.br/candidaturas/oficial/2020/RJ/58831/426/candidatos/49669/5_1600274305595.pdf
Resende,CRISTIANO GONÇALVES,PREFEITO,REPUBLICANOS,NÃO ELEITO,61,2020,1,https://divulgacandcontas.tse.jus.br/candidaturas/oficial/2020/RJ/58831/426/candidatos/437381/5_1600956448693.pdf
Resende,DIOGO GONÇALVES BALIEIRO DINIZ,PREFEITO,DEM,ELEITO,16,2020,1,https://divulgacandcontas.tse.jus.br/candidaturas/oficial/2020/RJ/58831/426/candidatos/408028/5_1600869173951.pdf
Resende,GABRIELA CORREIA DE SOUZA E LIMA,PREFEITO,PT,NÃO ELEITO,31,2020,1,https://divulgacandcontas.tse.jus.br/candidaturas/oficial/2020/RJ/58831/426/candidatos/616439/5_1601047895104.pdf
Resende,ANTÔNIO ROBSON DIAS,PREFEITO,PC DO B,NÃO ELEITO,6,2020,1,https://divulgacandcontas.tse.jus.br/candidaturas/oficial/2020/RJ/58831/2030402020/190001093383/pje-b4db8cfb-Proposta%20de%20governo.pdf
Resende,MARIA SELMA CORREIA DO ÁLAMO,PREFEITO,PROS,NÃO ELEITO,5,2020,5,https://divulgacandcontas.tse.jus.br/candidaturas/oficial/2020/RJ/58831/426/candidatos/469677/5_1600535227553.jpg | https://divulgacandcontas.tse.jus.br/candidaturas/oficial/2020/RJ/58831/426/candidatos/469677/5_1600535228022.jpg | https://divulgacandcontas.tse.jus.br/candidaturas/oficial/2020/RJ/58831/426/candidatos/469677/5_1600535226073.jpg | https://divulgacandcontas.tse.jus.br/candidaturas/oficial/2020/RJ/58831/426/candidatos/469677/5_1600535226587.jpg | https://divulgacandcontas.tse.jus.br/candidaturas/oficial/2020/RJ/58831/426/candidatos/469677/5_1600535227077.jpg
Resende,SILVIO COSTA DE CARVALHO,PREFEITO,PDT,NÃO ELEITO,23,2020,1,https://divulgacandcontas.tse.jus.br/candidaturas/oficial/2020/RJ/58831/426/candidatos/756068/5_1600982057599.pdf
Rio Bonito,AECIO XAVIER DE MOURA,PREFEITO,PSL,NÃO ELEITO,65,2020,1,https://divulgacandcontas.tse.jus.br/candidaturas/oficial/2020/RJ/58858/426/candidatos/707767/5_1600915325171.pdf
Rio Bonito,DANIELLE DE SIQUEIRA SOUZA,PREFEITO,PMB,NÃO ELEITO,7,2020,1,https://divulgacandcontas.tse.jus.br/candidaturas/oficial/2020/RJ/58858/426/candidatos/748524/5_1600972891677.pdf
Rio Bonito,JOSÉ DE AGUIAR BORGES,PREFEITO,DEM,NÃO ELEITO,32,2020,1,https://divulgacandcontas.tse.jus.br/candidaturas/oficial/2020/RJ/58858/426/candidatos/202477/5_1599921070042.pdf
Rio Bonito,JOSÉ LUIZ ALVES ANTUNES,PREFEITO,SOLIDARIEDADE,NÃO ELEITO,12,2020,1,https://divulgacandcontas.tse.jus.br/candidaturas/oficial/2020/RJ/58858/426/candidatos/651951/5_1600864272733.pdf
Rio Bonito,LEANDRO PEREIRA NETTO,PREFEITO,REPUBLICANOS,ELEITO,41,2020,1,https://divulgacandcontas.tse.jus.br/candidaturas/oficial/2020/RJ/58858/426/candidatos/601944/5_1600800045818.pdf
Rio Bonito,MARCOS ABRAHÃO,PREFEITO,AVANTE,NÃO ELEITO,19,2020,1,https://divulgacandcontas.tse.jus.br/candidaturas/oficial/2020/RJ/58858/426/candidatos/190001152442/pje-400c1c2e-Proposta%20de%20governo.pdf
Rio Bonito,MELISSA SILVA MOREIRA DE SOUZA,PREFEITO,PSB,NÃO ELEITO,19,2020,1,https://divulgacandcontas.tse.jus.br/candidaturas/oficial/2020/RJ/58858/426/candidatos/775436/5_1600998827786.pdf
Rio Bonito,RITA DE CÁSSIA ANTUNES BORGES MARTINS GOMES,PREFEITO,PP,NÃO ELEITO,22,2020,1,https://divulgacandcontas.tse.jus.br/candidaturas/oficial/2020/RJ/58858/426/candidatos/346949/5_1600294239431.pdf
Rio Bonito,ROGERIO DE SOUZA LUZ,PREFEITO,PDT,NÃO ELEITO,14,2020,1,https://divulgacandcontas.tse.jus.br/candidaturas/oficial/2020/RJ/58858/426/candidatos/688096/5_1600903404591.pdf
Rio Bonito,SOLANGE PEREIRA DE ALMEIDA,PREFEITO,PTC,NÃO ELEITO,9,2020,1,https://divulgacandcontas.tse.jus.br/candidaturas/oficial/2020/RJ/58858/426/candidatos/286261/5_1600879444985.pdf
Rio Claro,DANIEL PEREIRA BARBOSA,PREFEITO,MDB,NÃO ELEITO,4,2020,1,https://divulgacandcontas.tse.jus.br/candidaturas/oficial/2020/RJ/58874/2030402020/190000709085/pje-99f6590e-Proposta%20de%20governo.pdf
Rio Claro,JOSE OSMAR DE ALMEIDA,PREFEITO,PSC,ELEITO,7,2020,1,https://divulgacandcontas.tse.jus.br/candidaturas/oficial/2020/RJ/58874/426/candidatos/254237/5_1600375906138.pdf
Rio Claro,WILSON LIMA DE ALMEIDA,PREFEITO,DEM,NÃO ELEITO,5,2020,1,https://divulgacandcontas.tse.jus.br/candidaturas/oficial/2020/RJ/58874/426/candidatos/530195/5_1600809592142.pdf
Rio das Flores,AMAURI JOSE BATISTA DA SILVA,PREFEITO,PROS,NÃO ELEITO,21,2020,1,https://divulgacandcontas.tse.jus.br/candidaturas/oficial/2020/RJ/58890/426/candidatos/823526/5_1601077376465.pdf
Rio das Flores,MARCIO OLIVEIRA MACHADO,PREFEITO,PATRIOTA,NÃO ELEITO,16,2020,1,https://divulgacandcontas.tse.jus.br/candidaturas/oficial/2020/RJ/58890/426/candidatos/311191/5_1601079513443.pdf
Rio das Flores,RODRIGO DE JESUS PIMENTEL,PREFEITO,DC,NÃO ELEITO,16,2020,1,https://divulgacandcontas.tse.jus.br/candidaturas/oficial/2020/RJ/58890/426/candidatos/285705/5_1600693334558.pdf
Rio das Flores,MIGUEL ANGELO FONTES,PREFEITO,AVANTE,NÃO ELEITO,10,2020,1,https://divulgacandcontas.tse.jus.br/candidaturas/oficial/2020/RJ/58890/426/candidatos/113836/5_1599436213417.pdf
Rio das Flores,VICENTE DE PAULA DE SOUZA GUEDES,PREFEITO,DEM,ELEITO,10,2020,1,https://divulgacandcontas.tse.jus.br/candidaturas/oficial/2020/RJ/58890/426/candidatos/190000980935/pje-e792245b-Proposta%20de%20governo.pdf
Rio das Ostras,ANA PAULA LOPES SIQUEIRA,PREFEITO,PSOL,NÃO ELEITO,50,2020,1,https://divulgacandcontas.tse.jus.br/candidaturas/oficial/2020/RJ/58203/426/candidatos/762954/5_1600988535794.pdf
Rio das Ostras,ALVARO HENRIQUE PESSANHA,PREFEITO,PMB,NÃO ELEITO,23,2020,1,https://divulgacandcontas.tse.jus.br/candidaturas/oficial/2020/RJ/58203/426/candidatos/190000781586/pje-952494fd-Proposta%20de%20governo.pdf
Rio das Ostras,FABIO ALEXANDRE SIMÕES LEITE,PREFEITO,PL,NÃO ELEITO,38,2020,1,https://divulgacandcontas.tse.jus.br/candidaturas/oficial/2020/RJ/58203/2030402020/190000779871/pje-17e0d4fd-Proposta%20de%20governo.pdf
Rio das Ostras,LEANDRO RIBEIRO DE ALMEIDA,PREFEITO,PSL,NÃO ELEITO,37,2020,1,https://divulgacandcontas.tse.jus.br/candidaturas/oficial/2020/RJ/58203/426/candidatos/390638/5_1600730797634.pdf
Rio das Ostras,MARCELINO CARLOS DIAS BORBA,PREFEITO,PV,ELEITO,12,2020,1,https://divulgacandcontas.tse.jus.br/candidaturas/oficial/2020/RJ/58203/426/candidatos/388028/5_1600724528512.pdf
Rio das Ostras,PAULO LEANDRO SCHLEDER DE SOUZA,PREFEITO,PSB,NÃO ELEITO,NÃO TEM,2020,0,
Rio das Ostras,FLAVIO DA SILVA POGGIAN,PREFEITO,PTC,NÃO ELEITO,2,2020,1,https://divulgacandcontas.tse.jus.br/candidaturas/oficial/2020/RJ/58203/426/candidatos/190000781428/pje-83284fe6-Proposta%20de%20governo.pdf
Rio das Ostras,GILBERTO DOLEJAL ZANETTI,PREFEITO,PDT,NÃO ELEITO,4,2020,1,https://divulgacandcontas.tse.jus.br/candidaturas/oficial/2020/RJ/58203/426/candidatos/619355/5_1600806354354.pdf
Rio das Ostras,LUIZ HENRIQUE GOMES ALVES,PREFEITO,PT,NÃO ELEITO,21 – 8,2020,2,https://divulgacandcontas.tse.jus.br/candidaturas/oficial/2020/RJ/58203/426/candidatos/190000772122/pje-aa6d7a13-Proposta%20de%20governo.pdf | https://divulgacandcontas.tse.jus.br/candidaturas/oficial/2020/RJ/58203/426/candidatos/411576/5_1600443813894.pdf
Rio de Janeiro,EDUARDO CARVALHO BANDEIRA DE MELLO,PREFEITO,REDE,NÃO ELEITO,58,2020,1,https://divulgacandcontas.tse.jus.br/candidaturas/oficial/2020/RJ/60011/426/candidatos/190001156278/pje-5_160107-Proposta%20de%20governo.pdf
Rio de Janeiro,BENEDITA SOUZA DA SILVA,PREFEITO,PT,NÃO ELEITO,60,2020,1,https://divulgacandcontas.tse.jus.br/candidaturas/oficial/2020/RJ/60011/426/candidatos/673000/5_1600909091642.pdf
Rio de Janeiro,CLARISSA GAROTINHO BARROS ASSED MATHEUS DE OLIVEIRA,PREFEITO,PROS,NÃO ELEITO,29,2020,1,https://divulgacandcontas.tse.jus.br/candidaturas/oficial/2020/RJ/60011/2030402020/190000688300/pje-9adfb836-Proposta%20de%20governo.pdf
Rio de Janeiro,MARCELO BEZERRA CRIVELLA,PREFEITO,REPUBLICANOS,NÃO ELEITO,55,2020,1,https://divulgacandcontas.tse.jus.br/candidaturas/oficial/2020/RJ/60011/2030402020/190000684240/pje-491fcb4f-Proposta%20de%20governo.pdf
Rio de Janeiro,CYRO GARCIA,PREFEITO,PSTU,NÃO ELEITO,NÃO TEM,2020,0,
Rio de Janeiro,MARTHA MESQUITA DA ROCHA,PREFEITO,PDT,NÃO ELEITO,128,2020,1,https://divulgacandcontas.tse.jus.br/candidaturas/oficial/2020/RJ/60011/426/candidatos/544033/5_1600907271543.pdf
Rio de Janeiro,EDUARDO DA COSTA PAES,PREFEITO,DEM,ELEITO,2,2020,1,https://divulgacandcontas.tse.jus.br/candidaturas/oficial/2020/RJ/60011/426/candidatos/190000688286/pje-5_160047-Proposta%20de%20governo.pdf
Rio de Janeiro,FREDERICO DERZIÉ LUZ,PREFEITO,NOVO,NÃO ELEITO,9,2020,1,https://divulgacandcontas.tse.jus.br/candidaturas/oficial/2020/RJ/60011/2030402020/190000641672/pje-73fa000b-Proposta%20de%20governo.pdf
Rio de Janeiro,GLÓRIA HELOIZA LIMA DA SILVA,PREFEITO,PSC,NÃO ELEITO,30,2020,1,https://divulgacandcontas.tse.jus.br/candidaturas/oficial/2020/RJ/60011/2030402020/190001005298/pje-900d4c2c-Proposta%20de%20governo.pdf
Rio de Janeiro,HENRIQUE VITAL BRAZIL SIMONARD,PREFEITO,PCO,NÃO ELEITO,37,2020,1,https://divulgacandcontas.tse.jus.br/candidaturas/oficial/2020/RJ/60011/426/candidatos/785946/5_1601032246461.pdf
Rio de Janeiro,LUIZ EDUARDO CARNEIRO DA SILVA DE SOUZA LIMA,PREFEITO,PSL,NÃO ELEITO,91,2020,1,https://divulgacandcontas.tse.jus.br/candidaturas/oficial/2020/RJ/60011/426/candidatos/277313/5_1600886496690.pdf
Rio de Janeiro,PAULO SANTOS MESSINA,PREFEITO,MDB,NÃO ELEITO,NÃO TEM,2020,0,
Rio de Janeiro,RENATA DA SILVA SOUZA,PREFEITO,PSOL,NÃO ELEITO,127,2020,1,https://divulgacandcontas.tse.jus.br/candidaturas/oficial/2020/RJ/60011/426/candidatos/190000684522/pje-fd4fa45a-Proposta%20de%20governo.pdf
Rio de Janeiro,SUÊD HAIDAR NOGUEIRA,PREFEITO,PMB,NÃO ELEITO,8,2020,1,https://divulgacandcontas.tse.jus.br/candidaturas/oficial/2020/RJ/60011/426/candidatos/713156/5_1600949670259.pdf
Santa Maria Madalena,CARLOS ALBERTO DE MATOS BOTELHO,PREFEITO,DEM,ELEITO,6,2020,1,https://divulgacandcontas.tse.jus.br/candidaturas/oficial/2020/RJ/58912/426/candidatos/413753/5_1601082477033.pdf
Santa Maria Madalena,CLAUDIA MARIA FEIJÓ SAMPAIO,PREFEITO,PP,NÃO ELEITO,9,2020,1,https://divulgacandcontas.tse.jus.br/candidaturas/oficial/2020/RJ/58912/426/candidatos/259440/5_1600634145414.pdf
Santa Maria Madalena,CLEMENTINO DA CONCEIÇÃO,PREFEITO,PL,NÃO ELEITO,NÃO TEM,2020,0,
Santa Maria Madalena,EDUARDO PONTES BARDASSON,PREFEITO,REPUBLICANOS,NÃO ELEITO,14,2020,1,https://divulgacandcontas.tse.jus.br/candidaturas/oficial/2020/RJ/58912/426/candidatos/708801/5_1600913692426.pdf
Santo Antônio de Pádua,CARLOS ROBERTO PEREIRA ALVES,PREFEITO,MDB,NÃO ELEITO,31,2020,1,https://divulgacandcontas.tse.jus.br/candidaturas/oficial/2020/RJ/58939/426/candidatos/361227/5_1600868808098.pdf
Santo Antônio de Pádua,PAULO ROBERTO PINHEIRO PINTO,PREFEITO,PTB,ELEITO,21,2020,1,https://divulgacandcontas.tse.jus.br/candidaturas/oficial/2020/RJ/58939/426/candidatos/380532/5_1600373263291.pdf
Santo Antônio de Pádua,ADÃO GAMA DE PAULA,PREFEITO,PMB,NÃO ELEITO,7,2020,1,https://divulgacandcontas.tse.jus.br/candidaturas/oficial/2020/RJ/58939/426/candidatos/190000865955/pje-69ef25e9-Proposta%20de%20governo.pdf
Santo Antônio de Pádua,VANDERLÉIA MARQUES FRANCO SOUZA,PREFEITO,SOLIDARIEDADE,NÃO ELEITO,24,2020,1,https://divulgacandcontas.tse.jus.br/candidaturas/oficial/2020/RJ/58939/426/candidatos/663594/5_1600889257837.pdf
São Fidélis,AGAPITO DA SILVA PLOVIER,PREFEITO,PC DO B,NÃO ELEITO,5,2020,1,https://divulgacandcontas.tse.jus.br/candidaturas/oficial/2020/RJ/58955/426/candidatos/578815/5_1600964289516.pdf
São Fidélis,AMARILDO HENRIQUE ALCÂNTARA,PREFEITO,SOLIDARIEDADE,ELEITO,4,2020,1,https://divulgacandcontas.tse.jus.br/candidaturas/oficial/2020/RJ/58955/426/candidatos/487390/5_1600724628531.pdf
São Fidélis,CELSO LUIZ DUTRA OLIVEIRA,PREFEITO,REPUBLICANOS,NÃO ELEITO,11,2020,1,https://divulgacandcontas.tse.jus.br/candidaturas/oficial/2020/RJ/58955/426/candidatos/571786/5_1600813134514.pdf
São Fidélis,SEBASTIÃO DE ALMEIDA E SILVA NETO,PREFEITO,PSOL,NÃO ELEITO,12,2020,1,https://divulgacandcontas.tse.jus.br/candidaturas/oficial/2020/RJ/58955/426/candidatos/420180/5_1600716635762.pdf
São Fidélis,CARLOS HENRIQUE DE SOUZA,PREFEITO,PODE,NÃO ELEITO,6,2020,1,https://divulgacandcontas.tse.jus.br/candidaturas/oficial/2020/RJ/58955/426/candidatos/669757/5_1601043951877.pdf
São Fidélis,HIGOR PÔRTO,PREFEITO,PSC,NÃO ELEITO,9,2020,1,https://divulgacandcontas.tse.jus.br/candidaturas/oficial/2020/RJ/58955/426/candidatos/646649/5_1600838610156.pdf
São Fidélis,OBERLAN PLOUVIER GOUVÊA,PREFEITO,MDB,NÃO ELEITO,6,2020,1,https://divulgacandcontas.tse.jus.br/candidaturas/oficial/2020/RJ/58955/426/candidatos/361808/5_1600350473973.pdf
São Francisco do Itabapoana,FRANCIMARA AZERÊDO DA SILVA BARBOSA LEMOS,PREFEITO,SOLIDARIEDADE,ELEITO,27,2020,1,https://divulgacandcontas.tse.jus.br/candidaturas/oficial/2020/RJ/58289/426/candidatos/407724/5_1600957804886.pdf
São Francisco do Itabapoana,MARCELO MONTEIRO MANSUR,PREFEITO,PMB,NÃO ELEITO,9,2020,1,https://divulgacandcontas.tse.jus.br/candidaturas/oficial/2020/RJ/58289/426/candidatos/576091/5_1600812425143.pdf
São Francisco do Itabapoana,ANTÔNIO MARCOS PAPINHA DA SILVA,PREFEITO,REPUBLICANOS,NÃO ELEITO,11,2020,1,https://divulgacandcontas.tse.jus.br/candidaturas/oficial/2020/RJ/58289/426/candidatos/687600/5_1600969351851.pdf
São Francisco do Itabapoana,PEDRO JORGE CHERENE JUNIOR,PREFEITO,PP,NÃO ELEITO,33,2020,1,https://divulgacandcontas.tse.jus.br/candidaturas/oficial/2020/RJ/58289/426/candidatos/563161/5_1600732383763.pdf
São Francisco do Itabapoana,ANA AMÉLIA BATALHA DOS SANTOS,PREFEITO,PATRIOTA,NÃO ELEITO,8,2020,1,https://divulgacandcontas.tse.jus.br/candidaturas/oficial/2020/RJ/58289/426/candidatos/190001082400/pje-7870df86-Proposta%20de%20governo.pdf
São Francisco do Itabapoana,JOSE RENATO ELIAS PONTES,PREFEITO,MDB,NÃO ELEITO,NÃO TEM,2020,0,
São Gonçalo,NELSON RUAS DOS SANTOS,PREFEITO,AVANTE,ELEITO,11,2020,1,https://divulgacandcontas.tse.jus.br/candidaturas/oficial/2020/RJ/58971/426/candidatos/249607/5_1599965917584.pdf
São Gonçalo,DAYSE OLIVEIRA GOMES,PREFEITO,PSTU,NÃO ELEITO,7,2020,1,https://divulgacandcontas.tse.jus.br/candidaturas/oficial/2020/RJ/58971/426/candidatos/696722/PROPOSTAS.pdf
São Gonçalo,DEJORGE PATRICIO DA SILVA,PREFEITO,REPUBLICANOS,NÃO ELEITO,24,2020,1,https://divulgacandcontas.tse.jus.br/candidaturas/oficial/2020/RJ/58971/2030402020/190000683530/pje-8d69f151-Proposta%20de%20governo.pdf
São Gonçalo,DIMAS DE PAIVA GADELHA JUNIOR,PREFEITO,PT,NÃO ELEITO,NÃO TEM,2020,0,
São Gonçalo,JOSÉ LUIZ NANCI,PREFEITO,CIDADANIA,NÃO ELEITO,8,2020,0,
São Gonçalo,ISAAC SOUZA DA SILVA,PREFEITO,PC DO B,NÃO ELEITO,6 – 6 – 6 – 6 – 5 – 7 – 3 – 2,2020,8,https://divulgacandcontas.tse.jus.br/candidaturas/oficial/2020/RJ/58971/426/candidatos/287375/5_1600745710516.pdf | https://divulgacandcontas.tse.jus.br/candidaturas/oficial/2020/RJ/58971/426/candidatos/287375/5_1600745707579.pdf | https://divulgacandcontas.tse.jus.br/candidaturas/oficial/2020/RJ/58971/426/candidatos/287375/5_1600745706889.pdf | https://divulgacandcontas.tse.jus.br/candidaturas/oficial/2020/RJ/58971/426/candidatos/287375/5_1600745709803.pdf | https://divulgacandcontas.tse.jus.br/candidaturas/oficial/2020/RJ/58971/426/candidatos/287375/5_1600745709095.pdf | https://divulgacandcontas.tse.jus.br/candidaturas/oficial/2020/RJ/58971/426/candidatos/287375/5_1600745708341.pdf | https://divulgacandcontas.tse.jus.br/candidaturas/oficial/2020/RJ/58971/426/candidatos/287375/5_1600745706198.pdf | https://divulgacandcontas.tse.jus.br/candidaturas/oficial/2020/RJ/58971/426/candidatos/287375/5_1600745705203.pdf
São Gonçalo,RICARDO DE SOUZA COSTA,PREFEITO,PSL,NÃO ELEITO,65,2020,1,https://divulgacandcontas.tse.jus.br/candidaturas/oficial/2020/RJ/58971/426/candidatos/705789/5_1601081811107.pdf
São Gonçalo,ROBERTO DA SILVA SALES,PREFEITO,PSD,NÃO ELEITO,26,2020,1,https://divulgacandcontas.tse.jus.br/candidaturas/oficial/2020/RJ/58971/426/candidatos/783414/5_1601018199646.pdf
São Gonçalo,RODRIGO PIRACIABA COSTA,PREFEITO,PSB,NÃO ELEITO,30 – 34,2020,2,https://divulgacandcontas.tse.jus.br/candidaturas/oficial/2020/RJ/58971/426/candidatos/190000858117/pje-5c51effb-Proposta%20de%20governo.pdf | https://divulgacandcontas.tse.jus.br/candidaturas/oficial/2020/RJ/58971/426/candidatos/518562/5_1600839402555.pdf
São João da Barra,CARLA MARIA MACHADO DOS SANTOS,PREFEITO,PP,ELEITO,31,2020,1,https://divulgacandcontas.tse.jus.br/candidaturas/oficial/2020/RJ/58998/426/candidatos/681127/5_1600973716948.pdf
São João da Barra,DOMINGOS MANOEL SOARES DE ABREU,PREFEITO,PTC,NÃO ELEITO,5,2020,1,https://divulgacandcontas.tse.jus.br/candidaturas/oficial/2020/RJ/58998/2030402020/190000984659/pje-36c0e118-Proposta%20de%20governo.pdf
São João da Barra,EZIEL PEDRO DA SILVA,PREFEITO,PSC,NÃO ELEITO,26,2020,1,https://divulgacandcontas.tse.jus.br/candidaturas/oficial/2020/RJ/58998/2030402020/190000984485/pje-59caf2ed-Proposta%20de%20governo.pdf
São João da Barra,MARCIO GOMES NOGUEIRA,PREFEITO,PODE,NÃO ELEITO,33,2020,1,https://divulgacandcontas.tse.jus.br/candidaturas/oficial/2020/RJ/58998/426/candidatos/319762/5_1600911905784.pdf
São João da Barra,OTAVIO SANTOS CARVALHO,PREFEITO,PMN,NÃO ELEITO,17,2020,1,https://divulgacandcontas.tse.jus.br/candidaturas/oficial/2020/RJ/58998/426/candidatos/268174/5_1600124585471.pdf
São João da Barra,RENE FERNANDES DE AZEREDO,PREFEITO,PATRIOTA,NÃO ELEITO,11,2020,1,https://divulgacandcontas.tse.jus.br/candidaturas/oficial/2020/RJ/58998/426/candidatos/651291/5_1601166522140.pdf
São João de Meriti,CHARLLES BATISTA DA SILVA,PREFEITO,REPUBLICANOS,NÃO ELEITO,13,2020,1,https://divulgacandcontas.tse.jus.br/candidaturas/oficial/2020/RJ/59013/426/candidatos/444401/5_1600524415136.pdf
São João de Meriti,JOAO FERREIRA NETO,PREFEITO,DEM,ELEITO,40,2020,1,https://divulgacandcontas.tse.jus.br/candidaturas/oficial/2020/RJ/59013/426/candidatos/152168/5_1600108960378.pdf
São João de Meriti,GIOVANI LEITE DE ABREU,PREFEITO,PROS,NÃO ELEITO,11,2020,1,https://divulgacandcontas.tse.jus.br/candidaturas/oficial/2020/RJ/59013/2030402020/190000920929/pje-2ef2ff85-Proposta%20de%20governo.pdf
São João de Meriti,LEONARDO VIEIRA MENDES,PREFEITO,PSC,NÃO ELEITO,10,2020,1,https://divulgacandcontas.tse.jus.br/candidaturas/oficial/2020/RJ/59013/426/candidatos/435187/5_1600476117698.pdf
São João de Meriti,PAULO SERGIO HENRIQUES AGUIAR,PREFEITO,PT,NÃO ELEITO,29,2020,1,https://divulgacandcontas.tse.jus.br/candidaturas/oficial/2020/RJ/59013/2030402020/190000858989/pje-653b20be-Proposta%20de%20governo.pdf
São João de Meriti,JOZIEL FERREIRA CARLOS,PREFEITO,PSL,NÃO ELEITO,NÃO TEM,2020,0,
São João de Meriti,ANTONIO CARLOS CARDOSO CORREA,PREFEITO,PODE,NÃO ELEITO,NÃO TEM,2020,0,
São João de Meriti,VINICIUS BAIÃO VIEIRA,PREFEITO,PSOL,NÃO ELEITO,44,2020,1,https://divulgacandcontas.tse.jus.br/candidaturas/oficial/2020/RJ/59013/426/candidatos/745755/5_1601047715960.pdf
São José de Ubá,GEAN MARCOS PEREIRA DA SILVA,PREFEITO,MDB,ELEITO,6,2020,1,https://divulgacandcontas.tse.jus.br/candidaturas/oficial/2020/RJ/58343/426/candidatos/626645/5_1600821063591.pdf
São José de Ubá,MARCIONILIO BOTELHO MOREIRA,PREFEITO,SOLIDARIEDADE,NÃO ELEITO,8,2020,1,https://divulgacandcontas.tse.jus.br/candidaturas/oficial/2020/RJ/58343/426/candidatos/270049/5_1600780074633.pdf
São José do Vale do Rio Preto,JOSÉ ANACLETO DE SOUZA JÚNIOR,PREFEITO,PSC,NÃO ELEITO,9,2020,1,https://divulgacandcontas.tse.jus.br/candidaturas/oficial/2020/RJ/59331/426/candidatos/328799/5_1600800230954.pdf
São José do Vale do Rio Preto,GILBERTO MARTINS ESTEVES,PREFEITO,AVANTE,ELEITO,1,2020,1,https://divulgacandcontas.tse.jus.br/candidaturas/oficial/2020/RJ/59331/426/candidatos/354321/5_1600432682838.pdf
São José do Vale do Rio Preto,IVO DA GAMA PIRES,PREFEITO,SOLIDARIEDADE,NÃO ELEITO,7,2020,1,https://divulgacandcontas.tse.jus.br/candidaturas/oficial/2020/RJ/59331/426/candidatos/306269/5_1600365740665.pdf
São José do Vale do Rio Preto,JOSÉ CARLOS PACHECO FURTADO,PREFEITO,DEM,NÃO ELEITO,5,2020,1,https://divulgacandcontas.tse.jus.br/candidaturas/oficial/2020/RJ/59331/426/candidatos/453373/5_1600809589253.pdf
São Pedro da Aldeia,BEATRIZ SOARES GOMES LEITE,PREFEITO,MDB,NÃO ELEITO,41 – 40,2020,2,https://divulgacandcontas.tse.jus.br/candidaturas/oficial/2020/RJ/59030/2030402020/190000685452/pje-22fa2955-Proposta%20de%20governo.pdf | https://divulgacandcontas.tse.jus.br/candidaturas/oficial/2020/RJ/59030/426/candidatos/334825/5_1600451323329.pdf
São Pedro da Aldeia,BRUNO MENDONÇA DA COSTA,PREFEITO,SOLIDARIEDADE,NÃO ELEITO,15,2020,1,https://divulgacandcontas.tse.jus.br/candidaturas/oficial/2020/RJ/59030/426/candidatos/736868/5_1600971655631.pdf
São Pedro da Aldeia,PAULO ROBERTO JESUS DA SILVA,PREFEITO,PATRIOTA,NÃO ELEITO,4 – 4,2020,2,https://divulgacandcontas.tse.jus.br/candidaturas/oficial/2020/RJ/59030/426/candidatos/743888/5_1600971472021.pdf | https://divulgacandcontas.tse.jus.br/candidaturas/oficial/2020/RJ/59030/426/candidatos/743888/5_1600971470791.pdf
São Pedro da Aldeia,STEFANO NUNES LEITE,PREFEITO,PP,NÃO ELEITO,18,2020,1,https://divulgacandcontas.tse.jus.br/candidaturas/oficial/2020/RJ/59030/426/candidatos/626235/5_1600812759094.pdf
São Pedro da Aldeia,CARLOS FABIO DA SILVA,PREFEITO,PODE,ELEITO,9,2020,1,https://divulgacandcontas.tse.jus.br/candidaturas/oficial/2020/RJ/59030/426/candidatos/239854/5_1600288700563.pdf
São Pedro da Aldeia,JOÃO ALEXANDRE DE ARAUJO CRUZ,PREFEITO,DC,NÃO ELEITO,14,2020,1,https://divulgacandcontas.tse.jus.br/candidaturas/oficial/2020/RJ/59030/426/candidatos/873831/5_1603597482966.pdf
São Pedro da Aldeia,PAULO RODRIGUES DE SANTANA,PREFEITO,DC,NÃO ELEITO,47,2020,1,https://divulgacandcontas.tse.jus.br/candidaturas/oficial/2020/RJ/59030/426/candidatos/305212/5_1600885954312.pdf
São Pedro da Aldeia,RENATO DOS SANTOS REIS,PREFEITO,PSD,NÃO ELEITO,12,2020,1,https://divulgacandcontas.tse.jus.br/candidaturas/oficial/2020/RJ/59030/426/candidatos/264592/5_1600035498457.pdf
São Pedro da Aldeia,ACLERISVALTER VASCONCELOS,PREFEITO,PRTB,NÃO ELEITO,24,2020,1,https://divulgacandcontas.tse.jus.br/candidaturas/oficial/2020/RJ/59030/426/candidatos/228661/5_1599761450478.pdf
São Sebastião do Alto,ALIF RODRIGUES DA SILVA,PREFEITO,SOLIDARIEDADE,ELEITO,10,2020,1,https://divulgacandcontas.tse.jus.br/candidaturas/oficial/2020/RJ/59056/2030402020/190000807266/pje-d40ab336-Proposta%20de%20governo.pdf
São Sebastião do Alto,LUIS AUGUSTO CARRIÇO DA CONCEIÇÃO PACHECO,PREFEITO,PSD,NÃO ELEITO,16,2020,1,https://divulgacandcontas.tse.jus.br/candidaturas/oficial/2020/RJ/59056/426/candidatos/487175/5_1600605757765.pdf
Sapucaia,BRENO JOSÉ DE SOUZA JUNQUEIRA,PREFEITO,PTB,ELEITO,1,2020,1,https://divulgacandcontas.tse.jus.br/candidaturas/oficial/2020/RJ/59072/426/candidatos/284504/5_1600458220052.pdf
Sapucaia,MÁRCIO JOSÉ DA CONCEIÇÃO LARA,PREFEITO,PSC,NÃO ELEITO,8,2020,1,https://divulgacandcontas.tse.jus.br/candidaturas/oficial/2020/RJ/59072/2030402020/190000638984/pje-33fc2cf6-Proposta%20de%20governo.pdf
Sapucaia,SIDNEI JATARAIBA FERREIRA,PREFEITO,PSDB,NÃO ELEITO,4,2020,1,https://divulgacandcontas.tse.jus.br/candidaturas/oficial/2020/RJ/59072/426/candidatos/789219/5_1601037736396.pdf
Saquarema,COSME CUNHA DE SOUZA,PREFEITO,PC DO B,NÃO ELEITO,NÃO TEM,2020,0,
Saquarema,LUCIANA DE QUEIROZ PINTO,PREFEITO,PSB,NÃO ELEITO,17,2020,1,https://divulgacandcontas.tse.jus.br/candidaturas/oficial/2020/RJ/59099/426/candidatos/478155/5_1600552802336.pdf
Saquarema,MANOELA RAMOS DE SOUZA GOMES ALVES,PREFEITO,DEM,ELEITO,15,2020,1,https://divulgacandcontas.tse.jus.br/candidaturas/oficial/2020/RJ/59099/426/candidatos/143892/5_1599957374275.pdf
Saquarema,CLAUDIO MARCIO TEIXEIRA MOTTA,PREFEITO,PSD,NÃO ELEITO,15,2020,1,https://divulgacandcontas.tse.jus.br/candidaturas/oficial/2020/RJ/59099/426/candidatos/591825/5_1601047657316.pdf
Saquarema,RENATO MAGNO GONÇALVES RIBEIRO,PREFEITO,SOLIDARIEDADE,NÃO ELEITO,35,2020,1,https://divulgacandcontas.tse.jus.br/candidaturas/oficial/2020/RJ/59099/426/candidatos/673919/5_1600882957777.pdf
Saquarema,RODRIGO FERREIRA DE MENDONÇA,PREFEITO,REPUBLICANOS,NÃO ELEITO,23,2020,1,https://divulgacandcontas.tse.jus.br/candidaturas/oficial/2020/RJ/59099/426/candidatos/259563/5_1600177750914.pdf
Seropédica,ADONIZEDEQUES DE PONTES TEIXEIRA,PREFEITO,DC,NÃO ELEITO,NÃO TEM,2020,0,
Seropédica,ANABAL BARBOSA DE SOUZA,PREFEITO,PDT,NÃO ELEITO,29,2020,1,https://divulgacandcontas.tse.jus.br/candidaturas/oficial/2020/RJ/58424/426/candidatos/629851/5_1601067565734.pdf
Seropédica,GLÓRIA ELIZABETH COLOMBINO DE MALDONADO MARTINEZ FRUTOS,PREFEITO,MDB,NÃO ELEITO,19 – 3,2020,2,https://divulgacandcontas.tse.jus.br/candidaturas/oficial/2020/RJ/58424/426/candidatos/190001251914/pje-9aa08015-Proposta%20de%20governo.pdf | https://divulgacandcontas.tse.jus.br/candidaturas/oficial/2020/RJ/58424/426/candidatos/847359/5_1601158744071.pdf
Seropédica,LUCIANO HENRIQUE PEREIRA,PREFEITO,PL,NÃO ELEITO,7,2020,1,https://divulgacandcontas.tse.jus.br/candidaturas/oficial/2020/RJ/58424/426/candidatos/820313/5_1601068732926.pdf
Seropédica,LUCAS DUTRA DOS SANTOS,PREFEITO,PSC,ELEITO,18,2020,1,https://divulgacandcontas.tse.jus.br/candidaturas/oficial/2020/RJ/58424/426/candidatos/599442/5_1601074451332.pdf
Silva Jardim,ANDRÉ LUIZ FERREIRA DE LACERDA,PREFEITO,PODE,NÃO ELEITO,13,2020,1,https://divulgacandcontas.tse.jus.br/candidaturas/oficial/2020/RJ/59110/426/candidatos/355115/5_1600437576682.pdf
Silva Jardim,NORCIVAN CORREIA VALVIESSE,PREFEITO,PSD,NÃO ELEITO,1,2020,1,https://divulgacandcontas.tse.jus.br/candidaturas/oficial/2020/RJ/59110/426/candidatos/525144/5_1600693605877.pdf
Silva Jardim,GLAUBERT HENRIQUE DE OLIVEIRA,PREFEITO,CIDADANIA,NÃO ELEITO,4,2020,1,https://divulgacandcontas.tse.jus.br/candidaturas/oficial/2020/RJ/59110/426/candidatos/545795/5_1601003740848.pdf
Silva Jardim,JAIME FIGUEIREDO LIMA,PREFEITO,PROS,ELEITO,7,2020,1,https://divulgacandcontas.tse.jus.br/candidaturas/oficial/2020/RJ/59110/2030402020/190001079360/pje-e9dc3926-Proposta%20de%20governo.pdf
Sumidouro,JUAREZ AUGUSTO DE OLIVEIRA,PREFEITO,SOLIDARIEDADE,NÃO ELEITO,1,2020,1,https://divulgacandcontas.tse.jus.br/candidaturas/oficial/2020/RJ/59137/426/candidatos/307025/5_1600631026748.pdf
Sumidouro,GALILEU DE FREITAS,PREFEITO,PSL,NÃO ELEITO,20,2020,1,https://divulgacandcontas.tse.jus.br/candidaturas/oficial/2020/RJ/59137/426/candidatos/669782/5_1600980482883.pdf
Sumidouro,ELIESIO PERES DA SILVA,PREFEITO,PTB,ELEITO,4,2020,1,https://divulgacandcontas.tse.jus.br/candidaturas/oficial/2020/RJ/59137/426/candidatos/293941/5_1601041415887.pdf
Tanguá,HILDERSAN MIRANDA RODRIGUES,PREFEITO,PODE,NÃO ELEITO,35,2020,1,https://divulgacandcontas.tse.jus.br/candidaturas/oficial/2020/RJ/58360/426/candidatos/350190/5_1600930449415.pdf
Tanguá,FERNANDO JOSÉ GAC DA FONSECA,PREFEITO,PATRIOTA,NÃO ELEITO,9,2020,1,https://divulgacandcontas.tse.jus.br/candidaturas/oficial/2020/RJ/58360/426/candidatos/245817/5_1600540231321.pdf
Tanguá,JEZAIAS ALVES DE SOUZA,PREFEITO,PL,NÃO ELEITO,11,2020,1,https://divulgacandcontas.tse.jus.br/candidaturas/oficial/2020/RJ/58360/2030402020/190000782459/pje-5fbb0295-Proposta%20de%20governo.pdf
Tanguá,EDSON ALVES DE MARINS,PREFEITO,SOLIDARIEDADE,NÃO ELEITO,2,2020,1,https://divulgacandcontas.tse.jus.br/candidaturas/oficial/2020/RJ/58360/426/candidatos/251465/5_1599916310574.pdf
Tanguá,RODRIGO DA COSTA MEDEIROS,PREFEITO,PP,ELEITO,39,2020,1,https://divulgacandcontas.tse.jus.br/candidaturas/oficial/2020/RJ/58360/426/candidatos/145836/5_1600638610235.pdf
Teresópolis,ALEXSANDRO DA SILVA COSTA,PREFEITO,DEM,NÃO ELEITO,155,2020,1,https://divulgacandcontas.tse.jus.br/candidaturas/oficial/2020/RJ/59153/426/candidatos/575744/5_1601050763347.pdf
Teresópolis,GERALDO MENEZES DE ALMEIDA,PREFEITO,PDT,NÃO ELEITO,NÃO TEM,2020,0,
Teresópolis,LEANDRO FRANCISCO MACHADO NEVES,PREFEITO,AVANTE,NÃO ELEITO,26,2020,1,https://divulgacandcontas.tse.jus.br/candidaturas/oficial/2020/RJ/59153/426/candidatos/392689/5_1601049304856.pdf
Teresópolis,LUIZ ANTONIO DANTAS RIBEIRO,PREFEITO,PSDB,NÃO ELEITO,16,2020,1,https://divulgacandcontas.tse.jus.br/candidaturas/oficial/2020/RJ/59153/426/candidatos/304703/5_1600542191936.pdf
Teresópolis,PEDRO GIL FERREIRA DE PAULA,PREFEITO,PATRIOTA,NÃO ELEITO,17,2020,1,https://divulgacandcontas.tse.jus.br/candidaturas/oficial/2020/RJ/59153/426/candidatos/190000829246/pje-d6c0107a-Proposta%20de%20governo.pdf
Teresópolis,RODRIGO VASCONCELOS KOBLITZ,PREFEITO,PSOL,NÃO ELEITO,29,2020,1,https://divulgacandcontas.tse.jus.br/candidaturas/oficial/2020/RJ/59153/426/candidatos/75723/5_1600085525605.pdf
Teresópolis,VINICIUS CARDOSO CLAUSSEN DA SILVA,PREFEITO,PSC,ELEITO,NÃO TEM,2020,0,
Trajano de Moraes,CARLOS JOSÉ GOMES DE SOUZA,PREFEITO,PSDB,NÃO ELEITO,16,2020,1,https://divulgacandcontas.tse.jus.br/candidaturas/oficial/2020/RJ/59170/426/candidatos/663467/5_1600971500755.pdf
Trajano de Moraes,JORGE MURILO RODRIGUES DE MORAES,PREFEITO,PDT,NÃO ELEITO,21,2020,1,https://divulgacandcontas.tse.jus.br/candidaturas/oficial/2020/RJ/59170/426/candidatos/830187/5_1601078500097.pdf
Trajano de Moraes,RILDO GONÇALVES NEVES,PREFEITO,MDB,NÃO ELEITO,31,2020,1,https://divulgacandcontas.tse.jus.br/candidaturas/oficial/2020/RJ/59170/426/candidatos/422360/5_1600465751784.pdf
Trajano de Moraes,RODRIGO FREIRE VIANA,PREFEITO,DEM,ELEITO,3,2020,1,https://divulgacandcontas.tse.jus.br/candidaturas/oficial/2020/RJ/59170/426/candidatos/462693/5_1600978489211.pdf
Três Rios,ALEXANDRE DE ANDRADE MAURO,PREFEITO,PSOL,NÃO ELEITO,14,2020,1,https://divulgacandcontas.tse.jus.br/candidaturas/oficial/2020/RJ/59196/426/candidatos/345552/5_1600292330690.pdf
Três Rios,FABIANO OLIVEIRA PEREIRA,PREFEITO,PSL,NÃO ELEITO,7,2020,1,https://divulgacandcontas.tse.jus.br/candidaturas/oficial/2020/RJ/59196/426/candidatos/665755/5_1601033774028.pdf
Três Rios,JOACIR BARBAGLIO PEREIRA,PREFEITO,PL,ELEITO,49,2020,1,https://divulgacandcontas.tse.jus.br/candidaturas/oficial/2020/RJ/59196/2030402020/190000982127/pje-a14aebd8-Proposta%20de%20governo.pdf
Três Rios,JORGE LUIS DE ALMEIDA JUNIOR,PREFEITO,DC,NÃO ELEITO,NÃO TEM,2020,0,
Três Rios,JORGE LUIZ RIBEIRO,PREFEITO,PSD,NÃO ELEITO,4,2020,1,https://divulgacandcontas.tse.jus.br/candidaturas/oficial/2020/RJ/59196/426/candidatos/506478/5_1600749217291.pdf
Três Rios,JOSIMAR SALES MAIA,PREFEITO,PSC,NÃO ELEITO,14,2020,1,https://divulgacandcontas.tse.jus.br/candidaturas/oficial/2020/RJ/59196/426/candidatos/711896/5_1601098160312.pdf
Três Rios,LUIZ ALBERTO BARBOSA,PREFEITO,DEM,NÃO ELEITO,11 – 10 – 11,2020,3,https://divulgacandcontas.tse.jus.br/candidaturas/oficial/2020/RJ/59196/426/candidatos/190000943957/pje-1a3e41ec-Proposta%20de%20governo.pdf | https://divulgacandcontas.tse.jus.br/candidaturas/oficial/2020/RJ/59196/426/candidatos/190000943957/pje-64c7e527-Proposta%20de%20governo.pdf | https://divulgacandcontas.tse.jus.br/candidaturas/oficial/2020/RJ/59196/426/candidatos/190000943957/pje-cadd1a45-Proposta%20de%20governo.pdf
Valença,FÁBIO ALVES RAMOS,PREFEITO,PSC,NÃO ELEITO,18,2020,1,https://divulgacandcontas.tse.jus.br/candidaturas/oficial/2020/RJ/59218/426/candidatos/174574/5_1600201417189.pdf
Valença,LUIZ FERNANDO FURTADO DA GRAÇA,PREFEITO,PP,ELEITO,20,2020,1,https://divulgacandcontas.tse.jus.br/candidaturas/oficial/2020/RJ/59218/426/candidatos/621363/5_1600806546895.pdf
Valença,GELSON SAMPAIO DE SOUZA,PREFEITO,PROS,NÃO ELEITO,23,2020,1,https://divulgacandcontas.tse.jus.br/candidaturas/oficial/2020/RJ/59218/426/candidatos/525823/5_1600816779963.pdf
Valença,HELIO BATISTA BILHERI FILHO,PREFEITO,PSB,NÃO ELEITO,37,2020,1,https://divulgacandcontas.tse.jus.br/candidaturas/oficial/2020/RJ/59218/426/candidatos/833076/Plano.pdf
Valença,LUCIANA BOMFIM DE MIRANDA,PREFEITO,PSOL,NÃO ELEITO,54,2020,1,https://divulgacandcontas.tse.jus.br/candidaturas/oficial/2020/RJ/59218/426/candidatos/684810/5_1600891652661.pdf
Varre-Sai,SILVESTRE JOSE GORINI,PREFEITO,PP,ELEITO,6,2020,1,https://divulgacandcontas.tse.jus.br/candidaturas/oficial/2020/RJ/58084/426/candidatos/391418/5_1600899474133.pdf
Varre-Sai,LAURO ABIB FABRI,PREFEITO,MDB,NÃO ELEITO,12,2020,1,https://divulgacandcontas.tse.jus.br/candidaturas/oficial/2020/RJ/58084/426/candidatos/536436/5_1601143089064.pdf
Varre-Sai,VALÉRIA PEREIRA NEVES,PREFEITO,PRTB,NÃO ELEITO,NÃO TEM,2020,0,
Vassouras,EURICO PINHEIRO BERNARDES JUNIOR,PREFEITO,PSC,NÃO ELEITO,20,2020,1,https://divulgacandcontas.tse.jus.br/candidaturas/oficial/2020/RJ/59234/426/candidatos/190000858702/pje-d379d1c7-Proposta%20de%20governo.pdf
Vassouras,HEITOR PIRES MAGALHÃES,PREFEITO,PSL,NÃO ELEITO,6,2020,1,https://divulgacandcontas.tse.jus.br/candidaturas/oficial/2020/RJ/59234/426/candidatos/469057/5_1601070990338.pdf
Vassouras,SEVERINO ANANIAS DIAS FILHO,PREFEITO,DEM,ELEITO,34,2020,1,https://divulgacandcontas.tse.jus.br/candidaturas/oficial/2020/RJ/59234/426/candidatos/190000958409/pje-61834c91-Proposta%20de%20governo.pdf
Volta Redonda,ALEX MARTINS RODRIGUES,PREFEITO,PSB,NÃO ELEITO,36,2020,1,https://divulgacandcontas.tse.jus.br/candidaturas/oficial/2020/RJ/59250/426/candidatos/734828/5_1600959908780.pdf
Volta Redonda,PAULO CESAR BALTAZAR DA NOBREGA,PREFEITO,PSD,NÃO ELEITO,13,2020,1,https://divulgacandcontas.tse.jus.br/candidaturas/oficial/2020/RJ/59250/426/candidatos/533322/5_1600811274165.pdf
Volta Redonda,BENEVENUTO SILVA DOS SANTOS,PREFEITO,AVANTE,NÃO ELEITO,13,2020,1,https://divulgacandcontas.tse.jus.br/candidaturas/oficial/2020/RJ/59250/426/candidatos/641643/5_1600828309293.pdf
Volta Redonda,MARIA APARECIDA DIOGO BRAGA,PREFEITO,PT,NÃO ELEITO,19,2020,1,https://divulgacandcontas.tse.jus.br/candidaturas/oficial/2020/RJ/59250/426/candidatos/505504/5_1600628324630.pdf
Volta Redonda,DAYSE MARQUES PENNA,PREFEITO,PROS,NÃO ELEITO,37,2020,1,https://divulgacandcontas.tse.jus.br/candidaturas/oficial/2020/RJ/59250/426/candidatos/400262/5_1600438624205.pdf
Volta Redonda,EVANDRO QUEIROZ GLÓRIA,PREFEITO,CIDADANIA,NÃO ELEITO,11,2020,1,https://divulgacandcontas.tse.jus.br/candidaturas/oficial/2020/RJ/59250/426/candidatos/190000681183/pje-5_160037-Proposta%20de%20governo.pdf
Volta Redonda,WASHINGTON TADEU GRANATO COSTA,PREFEITO,SOLIDARIEDADE,NÃO ELEITO,32,2020,1,https://divulgacandcontas.tse.jus.br/candidaturas/oficial/2020/RJ/59250/426/candidatos/361816/5_1600700596663.pdf
Volta Redonda,HERMITON BATISTA MOURA,PREFEITO,REPUBLICANOS,NÃO ELEITO,29,2020,1,https://divulgacandcontas.tse.jus.br/candidaturas/oficial/2020/RJ/59250/426/candidatos/563606/5_1600730900565.pdf
Volta Redonda,JULIANA PEREIRA DE CARVALHO,PREFEITO,PSOL,NÃO ELEITO,124,2020,1,https://divulgacandcontas.tse.jus.br/candidaturas/oficial/2020/RJ/59250/426/candidatos/253101/5_1600733605927.pdf
Volta Redonda,LUIZ EUGENIO HONORATO,PREFEITO,PCO,NÃO ELEITO,37,2020,1,https://divulgacandcontas.tse.jus.br/candidaturas/oficial/2020/RJ/59250/426/candidatos/190001225129/pje-5_160107-Proposta%20de%20governo.pdf
Volta Redonda,MÔNICA TEIXEIRA CORREA,PREFEITO,PSTU,NÃO ELEITO,9,2020,1,https://divulgacandcontas.tse.jus.br/candidaturas/oficial/2020/RJ/59250/426/candidatos/332486/Programa.pdf
Volta Redonda,ANTONIO FRANCISCO NETO,PREFEITO,DEM,ELEITO,12,2020,1,https://divulgacandcontas.tse.jus.br/candidaturas/oficial/2020/RJ/59250/426/candidatos/525825/5_1601072105214.pdf
Volta Redonda,ALEXANDRE FERNANDES HABIBE,PREFEITO,PC DO B,NÃO ELEITO,10,2020,1,https://divulgacandcontas.tse.jus.br/candidaturas/oficial/2020/RJ/59250/426/candidatos/850652/5_1601230771062.PDF
Volta Redonda,ELDERSON FERREIRA DA SILVA,PREFEITO,PSC,NÃO ELEITO,35,2020,1,https://divulgacandcontas.tse.jus.br/candidaturas/oficial/2020/RJ/59250/426/candidatos/414697/5_1600464637290.pdf
