Carimbo de data/hora,ANO,DATA,CÓDIGO,PROGRAMA,CARGO,OBSERVAÇÃO:,ESTADO,SÃO ELEIÇÕES MUNICIPAIS?,QUAL MUNICÍPIO?,TEM DVD FÍSICO,DVD FUNCIONA,DVD ESTÁ NO DRIVE,DVD ESTÁ NO HD EXTERNO,BACK UP FUNCIONANDO,PARTIDO_PT,PARTIDO_PSDB,PARTIDO_PDT,PARTIDO_PCDOB,PARTIDO_PR,PARTIDO_PMDB,PARTIDO_PPS,PARTIDO_PP,PARTIDO_PSB,PARTIDO_PSTU,PARTIDO_PV,PARTIDO_PTB,PARTIDO_PCB,PARTIDO_PSOL,PARTIDO_PRTB,PARTIDO_PSD,PARTIDO_PTN,PARTIDO_PTC,PARTIDO_PSL,PARTIDO_PSC,PARTIDO_PSDC,PARTIDO_PMN,PARTIDO_PCO,PARTIDO_PRP,PARTIDO_PHS,PARTIDO_PRB,PARTIDO_PPL,PARTIDO_SD,PARTIDO_PROS,PARTIDO_PEN,PARTIDO_NOVO,PARTIDO_REDE,PARTIDO_PMB,PARTIDO_DEM,PARTIDO_PL,PARTIDO_PRN,PARTIDO_PFL,PARTIDO_PAN,PARTIDO_SOLIDARIEDADE,PARTIDO_DC,PARTIDO_PODE,PARTIDO_PODEMOS,PARTIDO_AVANTE,PARTIDO_PATRIOTA,PARTIDO_PRONA,PARTIDO_PTDOB,PARTIDO_MDB,PARTIDO_PPR,PARTIDO_PTRB,PARTIDO_PGT,PARTIDO_PPB,PARTIDO_PST,PARTIDO_PDS,PARTIDO_PH,PARTIDO_PDC,PARTIDO_PTR,PARTIDO_PJ,PARTIDO_PMC,PARTIDO_PCN,PARTIDO_PNAB,PARTIDO_PS,PARTIDO_PLP,PARTIDO_ARENA,PARTIDO_PSP,PARTIDO_PDN,PARTIDO_PN,PARTIDO_PG,PARTIDO_PC,PARTIDO_PSN,PARTIDO_PNTB,,
11/12/2019 16:45:27,1994,12/08/1994,001-94a,HGPE,"PRESIDENTE, GOVERNADOR, SENADOR, DEPUTADO FEDERAL, DEPUTADO ESTADUAL, PREFEITO",,"BRASIL, RJ",SIM,Rio de Janeiro,SIM,Sim,,NÃO,SIM,SIM,SIM,SIM,SIM,NÃO,SIM,SIM,NÃO,SIM,SIM,SIM,SIM,NÃO,NÃO,NÃO,SIM,NÃO,NÃO,NÃO,NÃO,NÃO,NÃO,NÃO,NÃO,NÃO,NÃO,NÃO,NÃO,NÃO,NÃO,NÃO,NÃO,NÃO,NÃO,SIM,SIM,SIM,NÃO,NÃO,NÃO,NÃO,NÃO,NÃO,NÃO,NÃO,NÃO,NÃO,SIM,NÃO,NÃO,NÃO,NÃO,NÃO,NÃO,NÃO,NÃO,NÃO,NÃO,NÃO,NÃO,NÃO,NÃO,NÃO,NÃO,NÃO,NÃO,NÃO,NÃO,NÃO,NÃO,,
11/12/2019 17:25:05,1994,12/08/1994,001-94b,HGPE,"PRESIDENTE, GOVERNADOR",,"BRASIL, RJ",NÃO,,SIM,Sim,,NÃO,SIM,SIM,SIM,SIM,NÃO,NÃO,SIM,NÃO,NÃO,NÃO,NÃO,NÃO,NÃO,NÃO,NÃO,NÃO,NÃO,NÃO,SIM,NÃO,SIM,NÃO,NÃO,NÃO,SIM,NÃO,NÃO,NÃO,NÃO,NÃO,NÃO,NÃO,NÃO,NÃO,NÃO,SIM,SIM,NÃO,NÃO,NÃO,NÃO,NÃO,NÃO,NÃO,NÃO,SIM,NÃO,NÃO,SIM,NÃO,NÃO,NÃO,NÃO,NÃO,NÃO,NÃO,NÃO,NÃO,NÃO,NÃO,NÃO,NÃO,NÃO,NÃO,NÃO,NÃO,NÃO,NÃO,NÃO,NÃO,NÃO,,
11/12/2019 17:43:27,1994,12/08/1994,001-94c,HGPE,"PRESIDENTE, GOVERNADOR, SENADOR",,RJ,NÃO,,SIM,Sim,,NÃO,SIM,SIM,SIM,SIM,NÃO,NÃO,SIM,NÃO,NÃO,NÃO,NÃO,NÃO,NÃO,NÃO,NÃO,NÃO,SIM,NÃO,SIM,NÃO,SIM,NÃO,NÃO,NÃO,SIM,NÃO,NÃO,NÃO,NÃO,NÃO,NÃO,NÃO,NÃO,NÃO,NÃO,NÃO,SIM,NÃO,NÃO,NÃO,NÃO,NÃO,NÃO,NÃO,NÃO,SIM,NÃO,NÃO,SIM,NÃO,NÃO,NÃO,NÃO,NÃO,NÃO,NÃO,NÃO,NÃO,NÃO,NÃO,NÃO,NÃO,NÃO,NÃO,NÃO,NÃO,NÃO,NÃO,NÃO,NÃO,NÃO,,
11/13/2019 13:57:25,1994,05/08/1994,1.2-94,HGPE,PRESIDENTE,,BRASIL,NÃO,,SIM,Sim,,NÃO,SIM,SIM,NÃO,NÃO,NÃO,NÃO,NÃO,NÃO,NÃO,NÃO,NÃO,NÃO,NÃO,NÃO,NÃO,NÃO,NÃO,NÃO,NÃO,NÃO,NÃO,NÃO,NÃO,NÃO,NÃO,NÃO,NÃO,NÃO,NÃO,NÃO,NÃO,NÃO,NÃO,NÃO,NÃO,NÃO,NÃO,NÃO,NÃO,NÃO,NÃO,NÃO,NÃO,NÃO,NÃO,NÃO,NÃO,NÃO,NÃO,NÃO,NÃO,NÃO,NÃO,NÃO,NÃO,NÃO,NÃO,NÃO,NÃO,NÃO,NÃO,NÃO,NÃO,NÃO,NÃO,NÃO,NÃO,NÃO,NÃO,NÃO,NÃO,,
11/13/2019 14:07:03,1994,07/08/1994,1.3-94,HGPE,PRESIDENTE,,BRASIL,NÃO,,SIM,Sim,,NÃO,SIM,NÃO,SIM,NÃO,NÃO,NÃO,NÃO,NÃO,NÃO,NÃO,NÃO,NÃO,NÃO,NÃO,NÃO,NÃO,NÃO,NÃO,NÃO,NÃO,NÃO,NÃO,NÃO,NÃO,NÃO,NÃO,NÃO,NÃO,NÃO,NÃO,NÃO,NÃO,NÃO,NÃO,NÃO,NÃO,NÃO,NÃO,NÃO,NÃO,NÃO,NÃO,NÃO,NÃO,NÃO,NÃO,NÃO,NÃO,NÃO,,,,,,,,,,,,,,,,,,,,NÃO,NÃO,NÃO,,
11/13/2019 14:09:12,1994,08/08/1994,1.3-94,HGPE,PRESIDENTE,,BRASIL,NÃO,,SIM,Sim,,NÃO,SIM,NÃO,SIM,NÃO,NÃO,NÃO,NÃO,NÃO,NÃO,NÃO,NÃO,NÃO,NÃO,NÃO,NÃO,NÃO,NÃO,NÃO,NÃO,NÃO,NÃO,NÃO,NÃO,NÃO,NÃO,NÃO,NÃO,NÃO,NÃO,NÃO,NÃO,NÃO,NÃO,NÃO,NÃO,,NÃO,,,NÃO,,,,,,,,,,,,,,,,,,,,,,,,,,,,,NÃO,NÃO,NÃO,,
11/13/2019 14:12:44,1994,10/08/1994,1.3-94,HGPE,PRESIDENTE,,BRASIL,NÃO,,SIM,Sim,,NÃO,SIM,NÃO,SIM,NÃO,NÃO,NÃO,NÃO,NÃO,NÃO,NÃO,NÃO,NÃO,NÃO,NÃO,NÃO,NÃO,NÃO,NÃO,NÃO,NÃO,NÃO,NÃO,NÃO,NÃO,NÃO,NÃO,NÃO,NÃO,NÃO,NÃO,NÃO,NÃO,NÃO,NÃO,NÃO,NÃO,NÃO,NÃO,NÃO,NÃO,NÃO,NÃO,NÃO,NÃO,NÃO,NÃO,NÃO,NÃO,NÃO,NÃO,NÃO,NÃO,NÃO,NÃO,NÃO,NÃO,NÃO,NÃO,NÃO,NÃO,NÃO,NÃO,NÃO,NÃO,NÃO,NÃO,NÃO,NÃO,NÃO,NÃO,NÃO,,
11/13/2019 14:32:25,1994,17/06/1994,002-94a,HGPE,"PRESIDENTE, GOVERNADOR, SENADOR",,"BRASIL, RJ",NÃO,,SIM,Sim,,NÃO,SIM,SIM,SIM,SIM,NÃO,NÃO,SIM,NÃO,NÃO,NÃO,NÃO,NÃO,NÃO,NÃO,NÃO,NÃO,SIM,NÃO,SIM,NÃO,SIM,NÃO,NÃO,NÃO,SIM,NÃO,NÃO,NÃO,NÃO,NÃO,NÃO,NÃO,NÃO,NÃO,NÃO,SIM,SIM,NÃO,NÃO,NÃO,NÃO,NÃO,NÃO,NÃO,NÃO,SIM,NÃO,NÃO,SIM,NÃO,NÃO,NÃO,NÃO,NÃO,NÃO,NÃO,NÃO,NÃO,NÃO,NÃO,NÃO,NÃO,NÃO,NÃO,NÃO,NÃO,NÃO,NÃO,NÃO,NÃO,NÃO,,
11/13/2019 14:49:07,1994,17/06/1994,002-94b,HGPE,"PRESIDENTE, GOVERNADOR, SENADOR, DEPUTADO FEDERAL, DEPUTADO ESTADUAL",,"BRASIL, RJ",NÃO,,SIM,Sim,,NÃO,SIM,SIM,SIM,SIM,NÃO,NÃO,SIM,NÃO,NÃO,NÃO,NÃO,NÃO,NÃO,NÃO,NÃO,NÃO,SIM,NÃO,NÃO,NÃO,SIM,NÃO,NÃO,NÃO,SIM,NÃO,NÃO,NÃO,NÃO,NÃO,NÃO,NÃO,NÃO,NÃO,NÃO,SIM,NÃO,SIM,NÃO,NÃO,NÃO,NÃO,NÃO,NÃO,NÃO,SIM,NÃO,NÃO,SIM,NÃO,NÃO,NÃO,NÃO,NÃO,NÃO,NÃO,NÃO,NÃO,NÃO,NÃO,NÃO,NÃO,NÃO,NÃO,NÃO,NÃO,NÃO,NÃO,NÃO,NÃO,NÃO,,
11/13/2019 15:02:31,1994,18/06/1994,002-94c,HGPE,"PRESIDENTE, GOVERNADOR, SENADOR",,"BRASIL, RJ",NÃO,,SIM,Sim,,NÃO,SIM,SIM,SIM,SIM,NÃO,NÃO,SIM,NÃO,NÃO,NÃO,NÃO,NÃO,NÃO,NÃO,NÃO,NÃO,SIM,NÃO,NÃO,NÃO,SIM,NÃO,NÃO,NÃO,SIM,NÃO,NÃO,NÃO,NÃO,NÃO,NÃO,NÃO,NÃO,NÃO,NÃO,NÃO,SIM,NÃO,NÃO,NÃO,NÃO,NÃO,NÃO,NÃO,NÃO,SIM,NÃO,NÃO,SIM,NÃO,NÃO,NÃO,NÃO,NÃO,NÃO,NÃO,NÃO,NÃO,NÃO,NÃO,NÃO,NÃO,NÃO,NÃO,NÃO,NÃO,NÃO,NÃO,NÃO,NÃO,NÃO,,
11/13/2019 15:51:30,1994,18/06/1994,003-94a,HGPE,"PRESIDENTE, GOVERNADOR, SENADOR",,"BRASIL, RJ",NÃO,,SIM,Sim,,NÃO,SIM,SIM,SIM,SIM,NÃO,NÃO,SIM,NÃO,NÃO,SIM,NÃO,NÃO,NÃO,NÃO,NÃO,NÃO,SIM,NÃO,NÃO,NÃO,SIM,NÃO,NÃO,NÃO,SIM,NÃO,NÃO,NÃO,NÃO,NÃO,NÃO,NÃO,NÃO,NÃO,NÃO,NÃO,SIM,NÃO,NÃO,NÃO,NÃO,NÃO,NÃO,NÃO,NÃO,SIM,NÃO,NÃO,SIM,NÃO,NÃO,NÃO,NÃO,NÃO,NÃO,NÃO,NÃO,NÃO,NÃO,NÃO,NÃO,NÃO,NÃO,NÃO,NÃO,NÃO,NÃO,NÃO,NÃO,NÃO,NÃO,,
11/13/2019 16:09:05,1994,18/06/1994,003-94b,HGPE,"PRESIDENTE, GOVERNADOR, SENADOR",,"BRASIL, RJ",NÃO,,SIM,Sim,,NÃO,SIM,SIM,SIM,SIM,NÃO,NÃO,SIM,NÃO,NÃO,SIM,NÃO,NÃO,NÃO,NÃO,NÃO,NÃO,SIM,NÃO,NÃO,NÃO,SIM,NÃO,NÃO,NÃO,SIM,NÃO,NÃO,NÃO,NÃO,NÃO,NÃO,NÃO,NÃO,NÃO,NÃO,SIM,SIM,NÃO,NÃO,NÃO,NÃO,NÃO,NÃO,NÃO,NÃO,SIM,NÃO,NÃO,SIM,SIM,NÃO,NÃO,NÃO,NÃO,NÃO,NÃO,NÃO,NÃO,NÃO,NÃO,NÃO,NÃO,NÃO,NÃO,NÃO,NÃO,NÃO,NÃO,NÃO,NÃO,NÃO,,
11/13/2019 16:26:58,1994,18/06/1994,003-94c,HGPE,"PRESIDENTE, GOVERNADOR",,"BRASIL, RJ",NÃO,,SIM,Sim,,NÃO,SIM,SIM,SIM,SIM,NÃO,NÃO,SIM,NÃO,NÃO,SIM,NÃO,NÃO,NÃO,NÃO,NÃO,NÃO,SIM,NÃO,NÃO,NÃO,SIM,NÃO,NÃO,NÃO,SIM,NÃO,NÃO,NÃO,NÃO,NÃO,NÃO,NÃO,NÃO,NÃO,NÃO,SIM,SIM,NÃO,NÃO,NÃO,NÃO,NÃO,NÃO,NÃO,NÃO,SIM,NÃO,NÃO,SIM,NÃO,NÃO,NÃO,NÃO,NÃO,NÃO,NÃO,NÃO,NÃO,NÃO,NÃO,NÃO,NÃO,NÃO,NÃO,NÃO,NÃO,NÃO,NÃO,NÃO,NÃO,NÃO,,
11/13/2019 16:43:44,1994,31/08/1994,004-94a,HGPE,"PRESIDENTE, GOVERNADOR, SENADOR",,"BRASIL, RJ",NÃO,,SIM,Sim,,NÃO,SIM,SIM,SIM,SIM,NÃO,NÃO,SIM,NÃO,NÃO,SIM,NÃO,NÃO,SIM,NÃO,NÃO,NÃO,NÃO,NÃO,NÃO,NÃO,SIM,NÃO,NÃO,NÃO,SIM,NÃO,NÃO,NÃO,NÃO,NÃO,NÃO,NÃO,NÃO,NÃO,NÃO,NÃO,SIM,NÃO,NÃO,NÃO,NÃO,NÃO,NÃO,NÃO,NÃO,SIM,NÃO,NÃO,SIM,NÃO,NÃO,NÃO,NÃO,NÃO,NÃO,NÃO,NÃO,NÃO,NÃO,NÃO,NÃO,NÃO,NÃO,NÃO,NÃO,NÃO,NÃO,NÃO,NÃO,NÃO,NÃO,,
11/13/2019 16:56:37,1994,20/06/1994,004-94b,HGPE,"PRESIDENTE, GOVERNADOR, SENADOR",,"BRASIL, RJ",NÃO,,SIM,Sim,,NÃO,SIM,SIM,SIM,SIM,NÃO,NÃO,SIM,NÃO,NÃO,NÃO,NÃO,NÃO,SIM,NÃO,NÃO,NÃO,SIM,NÃO,NÃO,NÃO,SIM,NÃO,NÃO,NÃO,NÃO,NÃO,NÃO,NÃO,NÃO,NÃO,NÃO,NÃO,NÃO,NÃO,NÃO,NÃO,SIM,NÃO,NÃO,NÃO,NÃO,NÃO,NÃO,NÃO,NÃO,SIM,NÃO,NÃO,SIM,NÃO,NÃO,NÃO,NÃO,NÃO,NÃO,NÃO,NÃO,NÃO,NÃO,NÃO,NÃO,NÃO,NÃO,NÃO,NÃO,NÃO,NÃO,NÃO,NÃO,NÃO,NÃO,,
11/13/2019 17:09:31,1994,20/06/1994,004-94c,HGPE,"PRESIDENTE, GOVERNADOR, SENADOR",,"BRASIL, RJ",NÃO,,SIM,Sim,,NÃO,SIM,SIM,SIM,SIM,NÃO,NÃO,SIM,NÃO,NÃO,NÃO,NÃO,NÃO,SIM,NÃO,NÃO,NÃO,SIM,NÃO,NÃO,NÃO,SIM,NÃO,NÃO,NÃO,SIM,NÃO,NÃO,NÃO,NÃO,NÃO,NÃO,NÃO,NÃO,NÃO,NÃO,NÃO,SIM,NÃO,NÃO,NÃO,NÃO,NÃO,NÃO,NÃO,NÃO,SIM,NÃO,NÃO,SIM,NÃO,NÃO,NÃO,NÃO,NÃO,NÃO,NÃO,NÃO,NÃO,NÃO,NÃO,NÃO,NÃO,NÃO,NÃO,NÃO,NÃO,NÃO,NÃO,NÃO,NÃO,NÃO,,
11/13/2019 17:26:48,1994,20/06/1994,005-94a,HGPE,"PRESIDENTE, GOVERNADOR, SENADOR",,"BRASIL, RJ",NÃO,,SIM,Sim,,NÃO,SIM,SIM,SIM,SIM,NÃO,NÃO,SIM,NÃO,NÃO,SIM,NÃO,NÃO,SIM,NÃO,NÃO,NÃO,NÃO,NÃO,NÃO,NÃO,SIM,NÃO,NÃO,NÃO,SIM,NÃO,NÃO,NÃO,NÃO,NÃO,NÃO,NÃO,NÃO,NÃO,NÃO,NÃO,SIM,NÃO,NÃO,NÃO,NÃO,NÃO,NÃO,NÃO,NÃO,SIM,NÃO,NÃO,SIM,NÃO,NÃO,NÃO,NÃO,NÃO,NÃO,NÃO,NÃO,NÃO,NÃO,NÃO,NÃO,NÃO,NÃO,NÃO,NÃO,NÃO,NÃO,NÃO,NÃO,NÃO,NÃO,,
11/13/2019 17:45:49,1994,20/06/1994,005-94b,HGPE,"PRESIDENTE, GOVERNADOR, SENADOR",,"BRASIL, RJ",NÃO,,SIM,Sim,,NÃO,SIM,SIM,SIM,SIM,NÃO,NÃO,SIM,NÃO,NÃO,SIM,NÃO,NÃO,NÃO,NÃO,NÃO,NÃO,SIM,NÃO,NÃO,NÃO,SIM,NÃO,NÃO,NÃO,NÃO,NÃO,NÃO,NÃO,NÃO,NÃO,NÃO,NÃO,NÃO,NÃO,NÃO,NÃO,SIM,NÃO,NÃO,NÃO,NÃO,NÃO,NÃO,NÃO,NÃO,SIM,NÃO,NÃO,SIM,NÃO,NÃO,NÃO,NÃO,NÃO,NÃO,NÃO,NÃO,NÃO,NÃO,NÃO,NÃO,NÃO,NÃO,NÃO,NÃO,NÃO,NÃO,NÃO,NÃO,NÃO,NÃO,,
11/13/2019 18:01:56,1994,23/06/1994,005-94c,HGPE,"PRESIDENTE, GOVERNADOR, SENADOR",,"BRASIL, RJ",NÃO,,SIM,Sim,,NÃO,SIM,SIM,SIM,SIM,NÃO,NÃO,SIM,NÃO,NÃO,SIM,NÃO,NÃO,NÃO,NÃO,NÃO,NÃO,SIM,NÃO,SIM,NÃO,SIM,NÃO,NÃO,NÃO,SIM,NÃO,NÃO,NÃO,NÃO,NÃO,NÃO,NÃO,NÃO,NÃO,NÃO,NÃO,SIM,NÃO,NÃO,NÃO,NÃO,NÃO,NÃO,NÃO,NÃO,SIM,NÃO,NÃO,SIM,NÃO,NÃO,NÃO,NÃO,NÃO,NÃO,NÃO,NÃO,NÃO,NÃO,NÃO,NÃO,NÃO,NÃO,NÃO,NÃO,NÃO,NÃO,NÃO,NÃO,NÃO,NÃO,,
11/13/2019 18:27:07,1994,23/06/1994,006-94a,HGPE,"PRESIDENTE, GOVERNADOR, SENADOR",,"BRASIL, RJ",NÃO,,SIM,Sim,,NÃO,SIM,SIM,SIM,SIM,NÃO,NÃO,SIM,NÃO,NÃO,NÃO,NÃO,NÃO,NÃO,NÃO,NÃO,NÃO,SIM,NÃO,NÃO,NÃO,SIM,NÃO,NÃO,NÃO,SIM,NÃO,NÃO,NÃO,NÃO,NÃO,NÃO,NÃO,NÃO,NÃO,NÃO,NÃO,SIM,NÃO,NÃO,NÃO,NÃO,NÃO,NÃO,NÃO,NÃO,SIM,NÃO,NÃO,SIM,NÃO,NÃO,NÃO,NÃO,NÃO,NÃO,NÃO,NÃO,NÃO,NÃO,NÃO,NÃO,NÃO,NÃO,NÃO,NÃO,NÃO,NÃO,NÃO,NÃO,NÃO,NÃO,,
11/13/2019 18:37:40,1994,23/06/1994,006-94b,HGPE,"PRESIDENTE, GOVERNADOR, SENADOR",,"BRASIL, RJ",NÃO,,SIM,Sim,,NÃO,SIM,SIM,SIM,SIM,NÃO,NÃO,SIM,NÃO,NÃO,NÃO,NÃO,NÃO,NÃO,NÃO,NÃO,NÃO,SIM,NÃO,NÃO,NÃO,SIM,NÃO,NÃO,NÃO,SIM,NÃO,NÃO,NÃO,NÃO,NÃO,NÃO,NÃO,NÃO,NÃO,NÃO,NÃO,SIM,NÃO,NÃO,NÃO,NÃO,NÃO,NÃO,NÃO,NÃO,SIM,NÃO,NÃO,SIM,NÃO,NÃO,NÃO,NÃO,NÃO,NÃO,NÃO,NÃO,NÃO,NÃO,NÃO,NÃO,NÃO,NÃO,NÃO,NÃO,NÃO,NÃO,NÃO,NÃO,NÃO,NÃO,,
11/13/2019 18:47:34,1994,23/06/1994,006-94c,HGPE,"PRESIDENTE, GOVERNADOR, SENADOR",,"BRASIL, RJ",NÃO,,SIM,Sim,,NÃO,SIM,SIM,SIM,SIM,NÃO,NÃO,SIM,NÃO,NÃO,SIM,NÃO,NÃO,NÃO,NÃO,NÃO,NÃO,SIM,NÃO,NÃO,NÃO,SIM,NÃO,NÃO,NÃO,SIM,NÃO,NÃO,NÃO,NÃO,NÃO,NÃO,NÃO,NÃO,NÃO,NÃO,NÃO,SIM,NÃO,NÃO,NÃO,NÃO,NÃO,NÃO,NÃO,NÃO,SIM,NÃO,NÃO,SIM,NÃO,NÃO,NÃO,NÃO,NÃO,NÃO,NÃO,NÃO,NÃO,NÃO,NÃO,NÃO,NÃO,NÃO,NÃO,NÃO,NÃO,NÃO,NÃO,NÃO,NÃO,NÃO,,
11/13/2019 18:58:20,1994,23/06/1994,007-94a,HGPE,"PRESIDENTE, GOVERNADOR, SENADOR",,"BRASIL, RJ",NÃO,,SIM,Sim,,NÃO,SIM,SIM,SIM,SIM,NÃO,NÃO,SIM,NÃO,NÃO,NÃO,NÃO,NÃO,NÃO,NÃO,NÃO,NÃO,SIM,NÃO,NÃO,NÃO,SIM,NÃO,NÃO,NÃO,SIM,NÃO,NÃO,NÃO,NÃO,NÃO,NÃO,NÃO,NÃO,NÃO,NÃO,NÃO,SIM,NÃO,NÃO,NÃO,NÃO,NÃO,NÃO,NÃO,NÃO,SIM,NÃO,NÃO,SIM,NÃO,NÃO,NÃO,NÃO,NÃO,NÃO,NÃO,NÃO,NÃO,NÃO,NÃO,NÃO,NÃO,NÃO,NÃO,NÃO,NÃO,NÃO,NÃO,NÃO,NÃO,NÃO,,
11/13/2019 19:06:39,1994,24/06/1994,007-94b,HGPE,"PRESIDENTE, GOVERNADOR, SENADOR",,"BRASIL, RJ",NÃO,,SIM,Sim,,NÃO,SIM,SIM,SIM,SIM,NÃO,NÃO,SIM,NÃO,NÃO,NÃO,NÃO,NÃO,NÃO,NÃO,NÃO,NÃO,SIM,NÃO,NÃO,NÃO,SIM,NÃO,NÃO,NÃO,SIM,NÃO,NÃO,NÃO,NÃO,NÃO,NÃO,NÃO,NÃO,NÃO,NÃO,NÃO,SIM,NÃO,NÃO,NÃO,NÃO,NÃO,NÃO,NÃO,NÃO,SIM,NÃO,NÃO,SIM,NÃO,NÃO,NÃO,NÃO,NÃO,NÃO,NÃO,NÃO,NÃO,NÃO,NÃO,NÃO,NÃO,NÃO,NÃO,NÃO,NÃO,NÃO,NÃO,NÃO,NÃO,NÃO,,
11/13/2019 19:16:13,1994,24/06/1994,009-94,TELEJORNAL,,,BRASIL,NÃO,,SIM,Sim,,NÃO,SIM,SIM,SIM,SIM,NÃO,NÃO,SIM,NÃO,SIM,SIM,SIM,NÃO,NÃO,NÃO,NÃO,NÃO,NÃO,NÃO,NÃO,NÃO,NÃO,NÃO,NÃO,NÃO,SIM,NÃO,NÃO,NÃO,NÃO,NÃO,NÃO,NÃO,NÃO,NÃO,NÃO,NÃO,NÃO,NÃO,NÃO,NÃO,NÃO,NÃO,NÃO,NÃO,NÃO,NÃO,NÃO,NÃO,NÃO,NÃO,NÃO,NÃO,NÃO,NÃO,NÃO,NÃO,NÃO,NÃO,NÃO,NÃO,NÃO,NÃO,NÃO,NÃO,NÃO,NÃO,NÃO,NÃO,NÃO,NÃO,NÃO,,
11/13/2019 19:21:47,1994,24/06/1994,010-94a,TELEJORNAL,,,BRASIL,NÃO,,SIM,Sim,,NÃO,SIM,SIM,NÃO,NÃO,NÃO,NÃO,NÃO,NÃO,NÃO,NÃO,NÃO,NÃO,NÃO,NÃO,NÃO,NÃO,NÃO,NÃO,NÃO,NÃO,NÃO,NÃO,NÃO,NÃO,NÃO,NÃO,NÃO,NÃO,NÃO,NÃO,NÃO,NÃO,NÃO,NÃO,NÃO,NÃO,NÃO,NÃO,NÃO,NÃO,NÃO,NÃO,NÃO,NÃO,NÃO,NÃO,NÃO,NÃO,NÃO,NÃO,NÃO,NÃO,NÃO,NÃO,NÃO,NÃO,NÃO,NÃO,NÃO,NÃO,NÃO,NÃO,NÃO,NÃO,NÃO,NÃO,NÃO,NÃO,NÃO,NÃO,NÃO,,
11/13/2019 19:25:32,1994,24/06/1994,010-94b,TELEJORNAL,,,BRASIL,NÃO,,NÃO,Sim,,NÃO,SIM,NÃO,NÃO,NÃO,NÃO,NÃO,NÃO,NÃO,NÃO,NÃO,NÃO,NÃO,NÃO,NÃO,NÃO,NÃO,NÃO,NÃO,NÃO,NÃO,NÃO,NÃO,NÃO,NÃO,NÃO,NÃO,NÃO,NÃO,NÃO,NÃO,NÃO,NÃO,NÃO,NÃO,NÃO,NÃO,NÃO,NÃO,NÃO,NÃO,NÃO,NÃO,NÃO,NÃO,NÃO,NÃO,NÃO,NÃO,NÃO,NÃO,NÃO,NÃO,NÃO,NÃO,NÃO,NÃO,NÃO,NÃO,NÃO,NÃO,NÃO,NÃO,NÃO,NÃO,NÃO,NÃO,NÃO,NÃO,NÃO,NÃO,NÃO,,
11/13/2019 19:29:13,1994,24/06/1994,010-94c,TELEJORNAL,,,BRASIL,NÃO,,SIM,Sim,,NÃO,SIM,NÃO,NÃO,NÃO,NÃO,NÃO,NÃO,NÃO,NÃO,NÃO,NÃO,NÃO,NÃO,NÃO,NÃO,NÃO,NÃO,NÃO,NÃO,NÃO,NÃO,NÃO,NÃO,NÃO,NÃO,NÃO,NÃO,NÃO,NÃO,NÃO,NÃO,NÃO,NÃO,NÃO,NÃO,NÃO,NÃO,NÃO,NÃO,NÃO,NÃO,NÃO,NÃO,NÃO,NÃO,NÃO,NÃO,NÃO,NÃO,NÃO,NÃO,NÃO,NÃO,NÃO,NÃO,NÃO,NÃO,NÃO,NÃO,NÃO,NÃO,NÃO,NÃO,NÃO,NÃO,NÃO,NÃO,NÃO,NÃO,NÃO,NÃO,,
11/13/2019 19:37:29,1994,25/06/1994,011-94a,TELEJORNAL,,,BRASIL,NÃO,,SIM,Sim,,NÃO,SIM,NÃO,NÃO,NÃO,NÃO,NÃO,NÃO,NÃO,NÃO,NÃO,NÃO,NÃO,NÃO,NÃO,NÃO,NÃO,NÃO,NÃO,NÃO,NÃO,NÃO,NÃO,NÃO,NÃO,NÃO,NÃO,NÃO,NÃO,NÃO,NÃO,NÃO,NÃO,NÃO,NÃO,NÃO,NÃO,NÃO,NÃO,NÃO,NÃO,NÃO,NÃO,NÃO,NÃO,NÃO,NÃO,NÃO,NÃO,NÃO,NÃO,NÃO,NÃO,NÃO,NÃO,NÃO,NÃO,NÃO,NÃO,NÃO,NÃO,NÃO,NÃO,NÃO,NÃO,NÃO,NÃO,NÃO,NÃO,NÃO,NÃO,NÃO,,
11/18/2019 10:42:24,1994,26/06/1994,1.3-94 (DVD II),HGPE,PRESIDENTE,,BRASIL,NÃO,,SIM,Sim,,NÃO,SIM,NÃO,SIM,NÃO,NÃO,NÃO,NÃO,NÃO,NÃO,NÃO,NÃO,NÃO,NÃO,NÃO,NÃO,NÃO,NÃO,NÃO,NÃO,NÃO,NÃO,NÃO,NÃO,NÃO,NÃO,NÃO,NÃO,NÃO,NÃO,NÃO,NÃO,NÃO,NÃO,NÃO,NÃO,NÃO,NÃO,NÃO,NÃO,NÃO,NÃO,NÃO,NÃO,NÃO,NÃO,NÃO,NÃO,NÃO,NÃO,NÃO,NÃO,NÃO,NÃO,NÃO,NÃO,NÃO,NÃO,NÃO,NÃO,NÃO,NÃO,NÃO,NÃO,NÃO,NÃO,NÃO,NÃO,NÃO,NÃO,NÃO,NÃO,,
11/18/2019 10:45:48,1994,18/09/1994,1.3-94 (DVD III),HGPE,PRESIDENTE,,BRASIL,NÃO,,SIM,Sim,,NÃO,SIM,NÃO,SIM,NÃO,NÃO,NÃO,NÃO,NÃO,NÃO,NÃO,NÃO,NÃO,NÃO,NÃO,NÃO,NÃO,NÃO,NÃO,NÃO,NÃO,NÃO,NÃO,NÃO,NÃO,NÃO,NÃO,NÃO,NÃO,NÃO,NÃO,NÃO,NÃO,NÃO,NÃO,NÃO,NÃO,NÃO,NÃO,NÃO,NÃO,NÃO,NÃO,NÃO,NÃO,NÃO,NÃO,NÃO,NÃO,NÃO,NÃO,NÃO,NÃO,NÃO,NÃO,NÃO,NÃO,NÃO,NÃO,NÃO,NÃO,NÃO,NÃO,NÃO,NÃO,NÃO,NÃO,NÃO,NÃO,NÃO,NÃO,NÃO,,
11/18/2019 10:51:00,1994,03/08/1994,1.4-94,HGPE,PRESIDENTE,,BRASIL,NÃO,,SIM,Sim,,NÃO,SIM,NÃO,NÃO,SIM,NÃO,NÃO,NÃO,NÃO,NÃO,NÃO,NÃO,NÃO,NÃO,NÃO,NÃO,NÃO,NÃO,NÃO,NÃO,NÃO,NÃO,NÃO,NÃO,NÃO,NÃO,NÃO,NÃO,NÃO,NÃO,NÃO,NÃO,NÃO,NÃO,NÃO,NÃO,NÃO,NÃO,NÃO,NÃO,NÃO,NÃO,NÃO,NÃO,NÃO,NÃO,NÃO,NÃO,NÃO,NÃO,NÃO,NÃO,NÃO,NÃO,NÃO,NÃO,NÃO,NÃO,NÃO,NÃO,NÃO,NÃO,NÃO,NÃO,NÃO,NÃO,NÃO,NÃO,NÃO,NÃO,NÃO,NÃO,,
11/18/2019 10:56:33,1994,03/08/1994,1.10-94,HGPE,PRESIDENTE,,BRASIL,NÃO,,SIM,Sim,,NÃO,SIM,NÃO,NÃO,NÃO,NÃO,NÃO,SIM,NÃO,NÃO,NÃO,NÃO,NÃO,NÃO,NÃO,NÃO,NÃO,NÃO,NÃO,NÃO,NÃO,NÃO,NÃO,NÃO,NÃO,NÃO,NÃO,NÃO,NÃO,NÃO,NÃO,NÃO,NÃO,NÃO,NÃO,NÃO,SIM,NÃO,NÃO,NÃO,NÃO,NÃO,NÃO,NÃO,NÃO,NÃO,NÃO,NÃO,NÃO,NÃO,NÃO,NÃO,NÃO,NÃO,NÃO,NÃO,NÃO,NÃO,NÃO,NÃO,NÃO,NÃO,NÃO,NÃO,NÃO,NÃO,NÃO,NÃO,NÃO,NÃO,NÃO,NÃO,,
11/18/2019 11:00:23,1994,07/09/1994,1.10-94 (DVD II),HGPE,PRESIDENTE,,BRASIL,NÃO,,SIM,Sim,,NÃO,SIM,NÃO,NÃO,NÃO,NÃO,NÃO,SIM,NÃO,NÃO,NÃO,NÃO,NÃO,NÃO,NÃO,NÃO,NÃO,NÃO,NÃO,NÃO,NÃO,NÃO,NÃO,NÃO,NÃO,NÃO,NÃO,NÃO,NÃO,NÃO,NÃO,NÃO,NÃO,NÃO,NÃO,NÃO,NÃO,NÃO,NÃO,NÃO,NÃO,NÃO,NÃO,NÃO,NÃO,NÃO,NÃO,NÃO,NÃO,NÃO,NÃO,NÃO,NÃO,NÃO,NÃO,NÃO,NÃO,NÃO,NÃO,NÃO,NÃO,NÃO,NÃO,NÃO,NÃO,NÃO,NÃO,NÃO,NÃO,NÃO,NÃO,NÃO,,
11/18/2019 11:06:13,1994,03/08/1994,1.11-94 (DVD I),HGPE,PRESIDENTE,,BRASIL,NÃO,,SIM,Sim,,NÃO,SIM,NÃO,NÃO,NÃO,NÃO,NÃO,NÃO,NÃO,NÃO,NÃO,NÃO,NÃO,NÃO,NÃO,NÃO,NÃO,NÃO,NÃO,NÃO,NÃO,NÃO,NÃO,NÃO,NÃO,NÃO,NÃO,NÃO,NÃO,NÃO,NÃO,NÃO,NÃO,NÃO,NÃO,NÃO,NÃO,NÃO,NÃO,NÃO,NÃO,NÃO,NÃO,NÃO,NÃO,NÃO,NÃO,NÃO,NÃO,SIM,NÃO,NÃO,NÃO,NÃO,NÃO,NÃO,NÃO,NÃO,NÃO,NÃO,NÃO,NÃO,NÃO,NÃO,NÃO,NÃO,NÃO,NÃO,NÃO,NÃO,NÃO,NÃO,,
11/18/2019 11:10:55,1994,26/09/1994,1.11-94 (DVD II),HGPE,PRESIDENTE,,BRASIL,NÃO,,SIM,Sim,,NÃO,SIM,NÃO,NÃO,NÃO,NÃO,NÃO,NÃO,NÃO,NÃO,NÃO,NÃO,NÃO,NÃO,NÃO,NÃO,NÃO,NÃO,NÃO,NÃO,NÃO,NÃO,NÃO,NÃO,NÃO,NÃO,NÃO,NÃO,NÃO,NÃO,NÃO,NÃO,NÃO,NÃO,NÃO,NÃO,NÃO,NÃO,NÃO,NÃO,NÃO,NÃO,NÃO,NÃO,NÃO,NÃO,NÃO,NÃO,NÃO,SIM,NÃO,NÃO,NÃO,NÃO,NÃO,NÃO,NÃO,NÃO,NÃO,NÃO,NÃO,NÃO,NÃO,NÃO,NÃO,NÃO,NÃO,NÃO,NÃO,NÃO,NÃO,NÃO,,
11/18/2019 11:20:52,1994,25/06/1994,012.94a,TELEJORNAL,"PRESIDENTE, GOVERNADOR",,"BRASIL, RJ, MA, PE",NÃO,,SIM,Sim,,NÃO,SIM,SIM,SIM,SIM,NÃO,NÃO,SIM,NÃO,NÃO,NÃO,SIM,NÃO,NÃO,NÃO,NÃO,NÃO,SIM,NÃO,NÃO,NÃO,NÃO,NÃO,NÃO,NÃO,NÃO,NÃO,NÃO,NÃO,NÃO,NÃO,NÃO,NÃO,NÃO,NÃO,NÃO,NÃO,NÃO,NÃO,NÃO,NÃO,NÃO,NÃO,NÃO,NÃO,NÃO,NÃO,NÃO,NÃO,NÃO,NÃO,NÃO,NÃO,NÃO,NÃO,NÃO,NÃO,NÃO,NÃO,NÃO,NÃO,NÃO,NÃO,NÃO,NÃO,NÃO,NÃO,NÃO,NÃO,NÃO,NÃO,NÃO,,
11/18/2019 11:29:19,1994,25/06/1994,012-94b,TELEJORNAL,"DEPUTADO FEDERAL, DEPUTADO ESTADUAL",,SP,NÃO,,SIM,Sim,,NÃO,SIM,NÃO,SIM,SIM,NÃO,NÃO,NÃO,NÃO,NÃO,NÃO,NÃO,NÃO,NÃO,NÃO,NÃO,NÃO,NÃO,NÃO,NÃO,NÃO,NÃO,NÃO,NÃO,NÃO,NÃO,NÃO,NÃO,NÃO,NÃO,NÃO,NÃO,NÃO,NÃO,NÃO,NÃO,NÃO,NÃO,NÃO,NÃO,NÃO,NÃO,NÃO,NÃO,NÃO,NÃO,NÃO,NÃO,NÃO,NÃO,NÃO,NÃO,NÃO,NÃO,NÃO,NÃO,NÃO,NÃO,NÃO,NÃO,NÃO,NÃO,NÃO,NÃO,NÃO,NÃO,NÃO,NÃO,NÃO,NÃO,NÃO,NÃO,,
11/18/2019 11:52:39,1994,03/08/1994,Campanha presidencial  1994 (DVD I),HGPE,PRESIDENTE,,BRASIL,NÃO,,SIM,Sim,,NÃO,SIM,SIM,SIM,SIM,NÃO,NÃO,SIM,NÃO,NÃO,NÃO,NÃO,NÃO,NÃO,NÃO,NÃO,NÃO,NÃO,NÃO,NÃO,NÃO,SIM,NÃO,NÃO,NÃO,NÃO,NÃO,NÃO,NÃO,NÃO,NÃO,NÃO,NÃO,NÃO,NÃO,NÃO,SIM,SIM,NÃO,NÃO,NÃO,NÃO,NÃO,NÃO,NÃO,NÃO,SIM,NÃO,NÃO,SIM,NÃO,NÃO,NÃO,NÃO,NÃO,NÃO,NÃO,NÃO,NÃO,NÃO,NÃO,NÃO,NÃO,NÃO,NÃO,NÃO,NÃO,NÃO,NÃO,NÃO,NÃO,NÃO,,
11/18/2019 12:02:15,1994,10/08/1994,Campanha presidencial 1994 (DVD II),HGPE,PRESIDENTE,,BRASIL,NÃO,,SIM,Sim,,NÃO,SIM,SIM,SIM,SIM,NÃO,NÃO,SIM,NÃO,NÃO,NÃO,NÃO,NÃO,NÃO,NÃO,NÃO,NÃO,NÃO,NÃO,NÃO,NÃO,SIM,NÃO,NÃO,NÃO,NÃO,NÃO,NÃO,NÃO,NÃO,NÃO,NÃO,NÃO,NÃO,NÃO,NÃO,SIM,SIM,NÃO,NÃO,NÃO,NÃO,NÃO,NÃO,NÃO,NÃO,SIM,NÃO,NÃO,SIM,NÃO,NÃO,NÃO,NÃO,NÃO,NÃO,NÃO,NÃO,NÃO,NÃO,NÃO,NÃO,NÃO,NÃO,NÃO,NÃO,NÃO,NÃO,NÃO,NÃO,NÃO,NÃO,,
11/18/2019 12:09:54,1994,13/08/1994,Campanha presidencial (DVD III),HGPE,PRESIDENTE,,BRASIL,NÃO,,SIM,Sim,,NÃO,SIM,SIM,SIM,SIM,NÃO,NÃO,SIM,NÃO,NÃO,NÃO,NÃO,NÃO,NÃO,NÃO,NÃO,NÃO,NÃO,NÃO,NÃO,NÃO,SIM,NÃO,NÃO,NÃO,NÃO,NÃO,NÃO,NÃO,NÃO,NÃO,NÃO,NÃO,NÃO,NÃO,NÃO,SIM,SIM,NÃO,NÃO,NÃO,NÃO,NÃO,NÃO,NÃO,NÃO,SIM,NÃO,NÃO,SIM,NÃO,NÃO,NÃO,NÃO,NÃO,NÃO,NÃO,NÃO,NÃO,NÃO,NÃO,NÃO,NÃO,NÃO,NÃO,NÃO,NÃO,NÃO,NÃO,NÃO,NÃO,NÃO,,
11/18/2019 12:17:55,1994,22/08/1994,Campanha presidencial (DVD IV),HGPE,PRESIDENTE,,BRASIL,NÃO,,SIM,Sim,,NÃO,SIM,SIM,SIM,SIM,NÃO,NÃO,SIM,NÃO,NÃO,NÃO,NÃO,NÃO,NÃO,NÃO,NÃO,NÃO,NÃO,NÃO,NÃO,NÃO,SIM,NÃO,NÃO,NÃO,SIM,NÃO,NÃO,NÃO,NÃO,NÃO,NÃO,NÃO,NÃO,NÃO,NÃO,NÃO,SIM,NÃO,NÃO,NÃO,NÃO,NÃO,NÃO,NÃO,NÃO,SIM,NÃO,NÃO,SIM,NÃO,NÃO,NÃO,NÃO,NÃO,NÃO,NÃO,NÃO,NÃO,NÃO,NÃO,NÃO,NÃO,NÃO,NÃO,NÃO,NÃO,NÃO,NÃO,NÃO,NÃO,NÃO,,
11/18/2019 12:25:43,1994,29/08/1994,Campanha presidencial (DVD V),HGPE,PRESIDENTE,,BRASIL,NÃO,,SIM,Sim,,NÃO,SIM,SIM,SIM,SIM,NÃO,NÃO,SIM,NÃO,NÃO,NÃO,NÃO,NÃO,NÃO,NÃO,NÃO,NÃO,NÃO,NÃO,NÃO,NÃO,SIM,NÃO,NÃO,NÃO,NÃO,NÃO,NÃO,NÃO,NÃO,NÃO,NÃO,NÃO,NÃO,NÃO,NÃO,NÃO,NÃO,NÃO,NÃO,NÃO,NÃO,NÃO,NÃO,NÃO,NÃO,SIM,NÃO,NÃO,SIM,NÃO,NÃO,NÃO,NÃO,NÃO,NÃO,NÃO,NÃO,NÃO,NÃO,NÃO,NÃO,NÃO,NÃO,NÃO,NÃO,NÃO,NÃO,NÃO,NÃO,NÃO,NÃO,,
11/18/2019 12:33:16,1994,05/09/1994,Campanha presidencial (DVD VI),HGPE,PRESIDENTE,,BRASIL,NÃO,,SIM,Sim,,NÃO,SIM,SIM,SIM,SIM,NÃO,NÃO,SIM,NÃO,NÃO,NÃO,NÃO,NÃO,NÃO,NÃO,NÃO,NÃO,NÃO,NÃO,NÃO,NÃO,SIM,NÃO,NÃO,NÃO,NÃO,NÃO,NÃO,NÃO,NÃO,NÃO,NÃO,NÃO,NÃO,NÃO,NÃO,NÃO,SIM,NÃO,NÃO,NÃO,NÃO,NÃO,NÃO,NÃO,NÃO,SIM,NÃO,NÃO,SIM,NÃO,NÃO,NÃO,NÃO,NÃO,NÃO,NÃO,NÃO,NÃO,NÃO,NÃO,NÃO,NÃO,NÃO,NÃO,NÃO,NÃO,NÃO,NÃO,NÃO,NÃO,NÃO,,
11/18/2019 12:39:30,1994,11/09/1994,Campanha presidencial (DVD VII),HGPE,PRESIDENTE,,BRASIL,NÃO,,SIM,Sim,,NÃO,SIM,SIM,SIM,SIM,NÃO,NÃO,SIM,NÃO,NÃO,NÃO,NÃO,NÃO,NÃO,NÃO,NÃO,NÃO,NÃO,NÃO,NÃO,NÃO,SIM,NÃO,NÃO,NÃO,NÃO,NÃO,NÃO,NÃO,NÃO,NÃO,NÃO,NÃO,NÃO,NÃO,NÃO,NÃO,SIM,NÃO,NÃO,NÃO,NÃO,NÃO,NÃO,NÃO,NÃO,SIM,NÃO,NÃO,SIM,NÃO,NÃO,NÃO,NÃO,NÃO,NÃO,NÃO,NÃO,NÃO,NÃO,NÃO,NÃO,NÃO,NÃO,NÃO,NÃO,NÃO,NÃO,NÃO,NÃO,NÃO,NÃO,,
11/18/2019 12:46:24,1994,16/09/1994,Campanha presidencial (DVD VIII),HGPE,PRESIDENTE,,BRASIL,NÃO,,SIM,Sim,,NÃO,SIM,SIM,SIM,SIM,NÃO,NÃO,SIM,NÃO,NÃO,NÃO,NÃO,NÃO,NÃO,NÃO,NÃO,NÃO,NÃO,NÃO,NÃO,NÃO,NÃO,NÃO,NÃO,NÃO,NÃO,NÃO,NÃO,NÃO,NÃO,NÃO,NÃO,NÃO,NÃO,NÃO,NÃO,NÃO,SIM,NÃO,NÃO,NÃO,NÃO,NÃO,NÃO,NÃO,NÃO,SIM,NÃO,NÃO,SIM,NÃO,NÃO,NÃO,NÃO,NÃO,NÃO,NÃO,NÃO,NÃO,NÃO,NÃO,NÃO,NÃO,NÃO,NÃO,NÃO,NÃO,NÃO,NÃO,NÃO,NÃO,NÃO,,
11/18/2019 12:53:06,1994,23/09/1994,Campanha presidencial (DVD IX),HGPE,PRESIDENTE,,BRASIL,NÃO,,SIM,Sim,,NÃO,SIM,SIM,SIM,SIM,NÃO,NÃO,SIM,NÃO,NÃO,NÃO,NÃO,NÃO,NÃO,NÃO,NÃO,NÃO,NÃO,NÃO,NÃO,NÃO,SIM,NÃO,NÃO,NÃO,NÃO,NÃO,NÃO,NÃO,NÃO,NÃO,NÃO,NÃO,NÃO,NÃO,NÃO,NÃO,SIM,NÃO,NÃO,NÃO,NÃO,NÃO,NÃO,NÃO,NÃO,SIM,NÃO,NÃO,SIM,NÃO,NÃO,NÃO,NÃO,NÃO,NÃO,NÃO,NÃO,NÃO,NÃO,NÃO,NÃO,NÃO,NÃO,NÃO,NÃO,NÃO,NÃO,NÃO,NÃO,NÃO,NÃO,,
11/18/2019 12:58:56,1994,25/09/1994,Campanha presidencial (DVD X),HGPE,PRESIDENTE,,BRASIL,NÃO,,SIM,Sim,,NÃO,SIM,SIM,SIM,SIM,NÃO,NÃO,SIM,NÃO,NÃO,NÃO,NÃO,NÃO,NÃO,NÃO,NÃO,NÃO,NÃO,NÃO,NÃO,NÃO,SIM,NÃO,NÃO,NÃO,NÃO,NÃO,NÃO,NÃO,NÃO,NÃO,NÃO,NÃO,NÃO,NÃO,NÃO,NÃO,SIM,NÃO,NÃO,NÃO,NÃO,NÃO,NÃO,NÃO,NÃO,NÃO,NÃO,NÃO,SIM,NÃO,NÃO,NÃO,NÃO,NÃO,NÃO,NÃO,NÃO,NÃO,NÃO,NÃO,NÃO,NÃO,NÃO,NÃO,NÃO,NÃO,NÃO,NÃO,NÃO,NÃO,NÃO,,
11/18/2019 13:05:39,1994,03/08/1994,FHC 1994 (DVD I),HGPE,PRESIDENTE,,BRASIL,NÃO,,SIM,Sim,,NÃO,SIM,SIM,SIM,SIM,NÃO,NÃO,SIM,NÃO,NÃO,NÃO,NÃO,NÃO,NÃO,NÃO,NÃO,NÃO,NÃO,NÃO,NÃO,NÃO,SIM,NÃO,NÃO,NÃO,NÃO,NÃO,NÃO,NÃO,NÃO,NÃO,NÃO,NÃO,NÃO,NÃO,NÃO,SIM,SIM,NÃO,NÃO,NÃO,NÃO,NÃO,NÃO,NÃO,NÃO,SIM,NÃO,NÃO,SIM,NÃO,NÃO,NÃO,NÃO,NÃO,NÃO,NÃO,NÃO,NÃO,NÃO,NÃO,NÃO,NÃO,NÃO,NÃO,NÃO,NÃO,NÃO,NÃO,NÃO,NÃO,NÃO,,
11/18/2019 13:09:20,1994,18/09/1994,FHC 1994 (DVD II),HGPE,PRESIDENTE,,BRASIL,NÃO,,SIM,Sim,,NÃO,SIM,NÃO,SIM,NÃO,NÃO,NÃO,NÃO,NÃO,NÃO,NÃO,NÃO,NÃO,NÃO,NÃO,NÃO,NÃO,NÃO,NÃO,NÃO,NÃO,NÃO,NÃO,NÃO,NÃO,NÃO,NÃO,NÃO,NÃO,NÃO,NÃO,NÃO,NÃO,NÃO,NÃO,NÃO,NÃO,NÃO,NÃO,NÃO,NÃO,NÃO,NÃO,NÃO,NÃO,NÃO,NÃO,NÃO,NÃO,NÃO,NÃO,NÃO,NÃO,NÃO,NÃO,NÃO,NÃO,NÃO,NÃO,NÃO,NÃO,NÃO,NÃO,NÃO,NÃO,NÃO,NÃO,NÃO,NÃO,NÃO,NÃO,NÃO,,
11/18/2019 13:11:23,1994,03/08/1994,Garotinho 1994 2.1.4-94,HGPE,GOVERNADOR,,RJ,NÃO,,SIM,Sim,,NÃO,SIM,NÃO,NÃO,SIM,NÃO,NÃO,NÃO,NÃO,NÃO,NÃO,NÃO,NÃO,NÃO,NÃO,NÃO,NÃO,NÃO,NÃO,NÃO,NÃO,NÃO,NÃO,NÃO,NÃO,NÃO,NÃO,NÃO,NÃO,NÃO,NÃO,NÃO,NÃO,NÃO,NÃO,NÃO,NÃO,NÃO,NÃO,NÃO,NÃO,NÃO,NÃO,NÃO,NÃO,NÃO,NÃO,NÃO,NÃO,NÃO,NÃO,NÃO,NÃO,NÃO,NÃO,NÃO,NÃO,NÃO,NÃO,NÃO,NÃO,NÃO,NÃO,NÃO,NÃO,NÃO,NÃO,NÃO,NÃO,NÃO,NÃO,NÃO,,
11/21/2019 19:15:41,2000,16/08/2000,Prefeito 2000 - 001/00 (DVD I),HGPE,PREFEITO,,RJ,SIM,Rio de Janeiro,SIM,Sim,NÃO,SIM,SIM,SIM,SIM,SIM,NÃO,NÃO,NÃO,NÃO,NÃO,SIM,SIM,SIM,SIM,NÃO,NÃO,NÃO,NÃO,NÃO,NÃO,NÃO,NÃO,SIM,NÃO,SIM,SIM,SIM,NÃO,NÃO,NÃO,NÃO,NÃO,NÃO,NÃO,NÃO,NÃO,NÃO,NÃO,SIM,NÃO,NÃO,NÃO,NÃO,NÃO,NÃO,NÃO,SIM,SIM,NÃO,SIM,NÃO,NÃO,NÃO,NÃO,NÃO,NÃO,NÃO,NÃO,NÃO,NÃO,NÃO,NÃO,NÃO,NÃO,NÃO,NÃO,NÃO,NÃO,NÃO,NÃO,NÃO,NÃO,,
11/21/2019 19:20:08,2000,12/11/2000,Prefeito 2000 - 001/00 (DVD II),HGPE,PREFEITO,,RJ,SIM,Rio de Janeiro,SIM,Sim,NÃO,SIM,SIM,SIM,SIM,SIM,NÃO,NÃO,NÃO,NÃO,NÃO,SIM,SIM,SIM,SIM,NÃO,NÃO,NÃO,NÃO,NÃO,NÃO,NÃO,NÃO,SIM,NÃO,SIM,SIM,SIM,NÃO,NÃO,NÃO,NÃO,NÃO,NÃO,NÃO,NÃO,NÃO,NÃO,NÃO,SIM,NÃO,NÃO,NÃO,NÃO,NÃO,NÃO,NÃO,SIM,SIM,NÃO,SIM,NÃO,NÃO,NÃO,NÃO,NÃO,NÃO,NÃO,NÃO,NÃO,NÃO,NÃO,NÃO,NÃO,NÃO,NÃO,NÃO,NÃO,NÃO,NÃO,NÃO,NÃO,NÃO,,
11/21/2019 19:24:07,2000,08/08/2000,Prefeito 2000 - 002/00,HGPE,"PREFEITO, VEREADOR",,RJ,SIM,Rio de Janeiro,SIM,Sim,NÃO,SIM,SIM,SIM,SIM,SIM,SIM,NÃO,SIM,NÃO,NÃO,SIM,SIM,SIM,SIM,NÃO,NÃO,NÃO,NÃO,NÃO,NÃO,NÃO,NÃO,SIM,NÃO,SIM,SIM,NÃO,NÃO,NÃO,NÃO,NÃO,NÃO,NÃO,NÃO,NÃO,NÃO,NÃO,NÃO,SIM,NÃO,NÃO,NÃO,NÃO,NÃO,NÃO,NÃO,SIM,NÃO,NÃO,SIM,NÃO,NÃO,NÃO,NÃO,NÃO,NÃO,NÃO,NÃO,NÃO,NÃO,NÃO,NÃO,NÃO,NÃO,NÃO,NÃO,NÃO,NÃO,NÃO,NÃO,NÃO,NÃO,,
11/21/2019 19:28:23,2000,12/11/2000,Prefeito 2000 - 003/00,HGPE,PREFEITO,,RJ,SIM,Rio de Janeiro,SIM,Sim,NÃO,SIM,SIM,SIM,SIM,SIM,NÃO,NÃO,NÃO,NÃO,NÃO,SIM,SIM,SIM,SIM,NÃO,NÃO,NÃO,NÃO,NÃO,NÃO,NÃO,NÃO,SIM,NÃO,SIM,SIM,SIM,NÃO,NÃO,NÃO,NÃO,NÃO,NÃO,NÃO,NÃO,NÃO,NÃO,NÃO,SIM,NÃO,NÃO,NÃO,NÃO,NÃO,NÃO,NÃO,NÃO,SIM,NÃO,SIM,NÃO,NÃO,NÃO,NÃO,NÃO,NÃO,NÃO,NÃO,NÃO,NÃO,NÃO,NÃO,NÃO,NÃO,NÃO,NÃO,NÃO,NÃO,NÃO,NÃO,NÃO,NÃO,,
11/21/2019 19:32:13,2000,12/11/2000,Prefeito 2000 - 004/00a,HGPE,PREFEITO,,RJ,SIM,Rio de Janeiro,SIM,Sim,NÃO,SIM,SIM,SIM,SIM,SIM,NÃO,NÃO,NÃO,NÃO,NÃO,SIM,SIM,SIM,SIM,NÃO,NÃO,NÃO,NÃO,NÃO,NÃO,NÃO,NÃO,SIM,NÃO,SIM,SIM,SIM,NÃO,NÃO,NÃO,NÃO,NÃO,NÃO,NÃO,NÃO,NÃO,NÃO,NÃO,SIM,NÃO,NÃO,NÃO,NÃO,NÃO,NÃO,NÃO,SIM,SIM,NÃO,SIM,NÃO,NÃO,NÃO,NÃO,NÃO,NÃO,NÃO,NÃO,NÃO,NÃO,NÃO,NÃO,NÃO,NÃO,NÃO,NÃO,NÃO,NÃO,NÃO,NÃO,NÃO,NÃO,,
11/21/2019 19:38:31,2000,15/08/2000,Presidente 100/00a,HGPE,PREFEITO,,BA,SIM,Salvador (BA),SIM,Sim,NÃO,SIM,SIM,SIM,SIM,SIM,NÃO,NÃO,NÃO,NÃO,NÃO,NÃO,NÃO,NÃO,NÃO,NÃO,NÃO,NÃO,NÃO,NÃO,NÃO,NÃO,NÃO,NÃO,NÃO,SIM,NÃO,NÃO,NÃO,NÃO,NÃO,NÃO,NÃO,NÃO,NÃO,NÃO,NÃO,NÃO,NÃO,SIM,NÃO,NÃO,NÃO,NÃO,NÃO,NÃO,NÃO,NÃO,NÃO,NÃO,NÃO,NÃO,NÃO,NÃO,NÃO,NÃO,NÃO,NÃO,NÃO,NÃO,NÃO,NÃO,NÃO,NÃO,NÃO,NÃO,NÃO,NÃO,NÃO,NÃO,NÃO,NÃO,NÃO,,
11/21/2019 19:41:41,2000,15/08/2000,Presidente 100/00b,HGPE,PREFEITO,,BA,SIM,Salvador (BA),SIM,Sim,NÃO,SIM,SIM,SIM,SIM,SIM,NÃO,NÃO,SIM,NÃO,NÃO,NÃO,NÃO,NÃO,NÃO,NÃO,NÃO,NÃO,NÃO,NÃO,NÃO,NÃO,NÃO,NÃO,NÃO,SIM,NÃO,NÃO,NÃO,NÃO,NÃO,NÃO,NÃO,NÃO,NÃO,NÃO,NÃO,NÃO,NÃO,SIM,NÃO,NÃO,NÃO,NÃO,NÃO,NÃO,NÃO,NÃO,NÃO,NÃO,NÃO,NÃO,NÃO,NÃO,NÃO,NÃO,NÃO,NÃO,NÃO,NÃO,NÃO,NÃO,NÃO,NÃO,NÃO,NÃO,NÃO,NÃO,NÃO,NÃO,NÃO,NÃO,NÃO,,
11/21/2019 19:44:18,2000,15/08/2000,Presidente 100/00d,HGPE,PREFEITO,,BA,SIM,Salvador (BA),SIM,Sim,NÃO,SIM,SIM,SIM,SIM,SIM,NÃO,NÃO,NÃO,NÃO,NÃO,NÃO,NÃO,NÃO,NÃO,NÃO,NÃO,NÃO,NÃO,NÃO,NÃO,NÃO,NÃO,NÃO,NÃO,SIM,NÃO,NÃO,NÃO,NÃO,NÃO,NÃO,NÃO,NÃO,NÃO,NÃO,NÃO,NÃO,NÃO,SIM,NÃO,NÃO,NÃO,NÃO,NÃO,NÃO,NÃO,NÃO,NÃO,NÃO,NÃO,NÃO,NÃO,NÃO,NÃO,NÃO,NÃO,NÃO,NÃO,NÃO,NÃO,NÃO,NÃO,NÃO,NÃO,NÃO,NÃO,NÃO,NÃO,NÃO,NÃO,NÃO,NÃO,,
11/21/2019 19:46:12,2000,15/08/2000,Edição Especial PFL,PROPAGANDA PARTIDÁRIA,,,,NÃO,,SIM,Sim,NÃO,SIM,SIM,NÃO,NÃO,NÃO,NÃO,NÃO,NÃO,NÃO,NÃO,NÃO,NÃO,NÃO,NÃO,NÃO,NÃO,NÃO,NÃO,NÃO,NÃO,NÃO,NÃO,NÃO,NÃO,NÃO,NÃO,NÃO,NÃO,NÃO,NÃO,NÃO,NÃO,NÃO,NÃO,NÃO,NÃO,NÃO,NÃO,SIM,NÃO,NÃO,NÃO,NÃO,NÃO,NÃO,NÃO,NÃO,NÃO,NÃO,NÃO,NÃO,NÃO,NÃO,NÃO,NÃO,NÃO,NÃO,NÃO,NÃO,NÃO,NÃO,NÃO,NÃO,NÃO,NÃO,NÃO,NÃO,NÃO,NÃO,NÃO,NÃO,NÃO,,
11/21/2019 20:02:11,2000,13/11/2000,Prefeito 2000 - 004/00b,HGPE,PREFEITO,Metade da gravação apresenta defeito,RJ,NÃO,Rio de Janeiro ,SIM,Parcialmente,NÃO,SIM,SIM,NÃO,SIM,NÃO,NÃO,NÃO,NÃO,NÃO,NÃO,NÃO,NÃO,NÃO,NÃO,NÃO,NÃO,NÃO,NÃO,NÃO,NÃO,NÃO,NÃO,NÃO,NÃO,NÃO,SIM,NÃO,NÃO,NÃO,NÃO,NÃO,NÃO,NÃO,NÃO,NÃO,NÃO,NÃO,NÃO,NÃO,NÃO,NÃO,NÃO,NÃO,NÃO,NÃO,NÃO,NÃO,NÃO,NÃO,NÃO,NÃO,NÃO,NÃO,NÃO,NÃO,NÃO,NÃO,NÃO,NÃO,NÃO,NÃO,NÃO,NÃO,NÃO,NÃO,NÃO,NÃO,NÃO,NÃO,NÃO,NÃO,NÃO,,
11/21/2019 20:10:01,2000,30/08/2000,Prefeito 2000 - 005/00,HGPE,PREFEITO,Apresenta defeito na gravação,RJ,SIM,Rio de Janeiro,SIM,Parcialmente,NÃO,SIM,SIM,SIM,SIM,NÃO,NÃO,NÃO,NÃO,NÃO,NÃO,NÃO,NÃO,NÃO,NÃO,NÃO,NÃO,NÃO,NÃO,NÃO,NÃO,NÃO,NÃO,NÃO,NÃO,NÃO,NÃO,NÃO,NÃO,NÃO,NÃO,NÃO,NÃO,NÃO,NÃO,NÃO,NÃO,NÃO,NÃO,NÃO,NÃO,NÃO,NÃO,NÃO,NÃO,NÃO,NÃO,NÃO,NÃO,NÃO,NÃO,NÃO,NÃO,NÃO,NÃO,NÃO,NÃO,NÃO,NÃO,NÃO,NÃO,NÃO,NÃO,NÃO,NÃO,NÃO,NÃO,NÃO,NÃO,NÃO,NÃO,NÃO,NÃO,,
11/21/2019 20:18:38,2000,08/08/2000,Prefeito 2000 - 006/00a,HGPE,PREFEITO,,SP,SIM,Rio de Janeiro,SIM,Sim,NÃO,SIM,SIM,SIM,SIM,SIM,NÃO,NÃO,NÃO,NÃO,NÃO,SIM,SIM,NÃO,SIM,NÃO,NÃO,NÃO,NÃO,NÃO,NÃO,NÃO,NÃO,NÃO,NÃO,NÃO,SIM,NÃO,NÃO,NÃO,NÃO,NÃO,NÃO,NÃO,NÃO,NÃO,NÃO,NÃO,NÃO,SIM,NÃO,NÃO,NÃO,NÃO,NÃO,NÃO,NÃO,NÃO,SIM,NÃO,SIM,NÃO,NÃO,NÃO,NÃO,NÃO,NÃO,NÃO,NÃO,NÃO,NÃO,NÃO,NÃO,NÃO,NÃO,NÃO,NÃO,NÃO,NÃO,NÃO,NÃO,NÃO,NÃO,,
11/22/2019 12:22:41,2000,01/09/2000,Prefeito 2000 - 006/00b,HGPE,PREFEITO,,RJ,SIM,Rio de Janeiro,SIM,Não,NÃO,SIM,SIM,NÃO,NÃO,NÃO,NÃO,NÃO,NÃO,NÃO,NÃO,SIM,NÃO,NÃO,SIM,NÃO,NÃO,NÃO,NÃO,NÃO,NÃO,NÃO,NÃO,NÃO,NÃO,NÃO,NÃO,SIM,NÃO,NÃO,NÃO,NÃO,NÃO,NÃO,NÃO,NÃO,NÃO,NÃO,NÃO,NÃO,NÃO,NÃO,NÃO,NÃO,NÃO,NÃO,NÃO,NÃO,SIM,NÃO,NÃO,NÃO,NÃO,NÃO,NÃO,NÃO,NÃO,NÃO,NÃO,NÃO,NÃO,NÃO,NÃO,NÃO,NÃO,NÃO,NÃO,NÃO,NÃO,NÃO,NÃO,NÃO,NÃO,,
11/22/2019 12:36:58,2000,06/09/2000,Prefeito 2000 - 007/00a,HGPE,PREFEITO,,RJ,SIM,Rio de Janeiro,SIM,Sim,NÃO,SIM,SIM,SIM,SIM,SIM,NÃO,NÃO,NÃO,NÃO,NÃO,NÃO,SIM,SIM,NÃO,NÃO,NÃO,NÃO,NÃO,NÃO,NÃO,NÃO,NÃO,SIM,NÃO,SIM,SIM,SIM,NÃO,NÃO,NÃO,NÃO,NÃO,NÃO,NÃO,NÃO,NÃO,NÃO,NÃO,SIM,NÃO,NÃO,NÃO,NÃO,NÃO,NÃO,NÃO,SIM,SIM,NÃO,SIM,NÃO,NÃO,NÃO,NÃO,NÃO,NÃO,NÃO,NÃO,NÃO,NÃO,NÃO,NÃO,NÃO,NÃO,NÃO,NÃO,NÃO,NÃO,NÃO,NÃO,NÃO,NÃO,,
11/22/2019 12:46:24,2000,08/09/2000,Prefeito 2000 - 007/00b,HGPE,"PREFEITO, VEREADOR",,RJ,SIM,Rio de Janeiro,SIM,Sim,NÃO,SIM,SIM,NÃO,NÃO,SIM,NÃO,NÃO,NÃO,NÃO,NÃO,SIM,SIM,SIM,NÃO,NÃO,NÃO,NÃO,SIM,NÃO,NÃO,NÃO,SIM,SIM,NÃO,SIM,NÃO,NÃO,NÃO,NÃO,NÃO,NÃO,NÃO,NÃO,NÃO,NÃO,NÃO,NÃO,NÃO,SIM,NÃO,NÃO,NÃO,NÃO,NÃO,NÃO,NÃO,SIM,NÃO,NÃO,NÃO,NÃO,NÃO,NÃO,NÃO,NÃO,NÃO,NÃO,NÃO,NÃO,NÃO,NÃO,NÃO,NÃO,NÃO,NÃO,NÃO,NÃO,NÃO,NÃO,NÃO,NÃO,NÃO,,
11/22/2019 12:54:56,2000,11/09/2000,Prefeito 2000 - 008/00a,HGPE,PREFEITO,,RJ,SIM,Rio de Janeiro,SIM,Sim,NÃO,SIM,SIM,SIM,SIM,SIM,NÃO,NÃO,NÃO,NÃO,NÃO,SIM,NÃO,NÃO,SIM,NÃO,NÃO,NÃO,NÃO,NÃO,NÃO,NÃO,NÃO,SIM,NÃO,SIM,SIM,SIM,NÃO,NÃO,NÃO,NÃO,NÃO,NÃO,NÃO,NÃO,NÃO,NÃO,NÃO,SIM,NÃO,NÃO,NÃO,NÃO,NÃO,NÃO,NÃO,SIM,SIM,NÃO,SIM,NÃO,NÃO,NÃO,NÃO,NÃO,NÃO,NÃO,NÃO,NÃO,NÃO,NÃO,NÃO,NÃO,NÃO,NÃO,NÃO,NÃO,NÃO,NÃO,NÃO,NÃO,NÃO,,
11/22/2019 13:05:54,2000,11/08/2000,Prefeito 2000 - 008/00b,HGPE,PREFEITO,,"RJ, AC",SIM,Rio de Janeiro,SIM,Sim,NÃO,SIM,SIM,SIM,SIM,SIM,NÃO,NÃO,NÃO,NÃO,NÃO,SIM,SIM,SIM,SIM,NÃO,NÃO,NÃO,NÃO,NÃO,NÃO,NÃO,NÃO,NÃO,NÃO,SIM,SIM,SIM,NÃO,NÃO,NÃO,NÃO,NÃO,NÃO,NÃO,NÃO,NÃO,NÃO,NÃO,SIM,NÃO,NÃO,NÃO,NÃO,NÃO,NÃO,NÃO,NÃO,SIM,NÃO,SIM,NÃO,NÃO,NÃO,NÃO,NÃO,NÃO,NÃO,NÃO,NÃO,NÃO,NÃO,NÃO,NÃO,NÃO,NÃO,NÃO,NÃO,NÃO,NÃO,NÃO,NÃO,NÃO,,
11/22/2019 13:15:52,2000,15/09/2000,Prefeito 2000 - 009/00,HGPE,PREFEITO,,RJ,SIM,Rio de Janeiro,SIM,Sim,NÃO,SIM,SIM,SIM,SIM,SIM,NÃO,NÃO,NÃO,NÃO,NÃO,NÃO,NÃO,SIM,SIM,NÃO,NÃO,NÃO,NÃO,NÃO,NÃO,NÃO,NÃO,SIM,NÃO,NÃO,SIM,SIM,NÃO,NÃO,NÃO,NÃO,NÃO,NÃO,NÃO,NÃO,NÃO,NÃO,NÃO,SIM,NÃO,NÃO,NÃO,NÃO,NÃO,NÃO,NÃO,SIM,SIM,NÃO,SIM,NÃO,NÃO,NÃO,NÃO,NÃO,NÃO,NÃO,NÃO,NÃO,NÃO,NÃO,NÃO,NÃO,NÃO,NÃO,NÃO,NÃO,NÃO,NÃO,NÃO,NÃO,NÃO,,
11/27/2019 14:02:19,2000,20/09/2000,Prefeito 2000 - 010/00,HGPE,PREFEITO,,RJ,SIM,Rio de Janeiro,SIM,Sim,NÃO,SIM,SIM,SIM,SIM,SIM,NÃO,NÃO,NÃO,NÃO,NÃO,SIM,SIM,NÃO,SIM,NÃO,NÃO,NÃO,NÃO,NÃO,NÃO,NÃO,NÃO,SIM,NÃO,SIM,SIM,SIM,NÃO,NÃO,NÃO,NÃO,NÃO,NÃO,NÃO,NÃO,NÃO,NÃO,NÃO,SIM,NÃO,NÃO,NÃO,NÃO,NÃO,NÃO,NÃO,NÃO,SIM,NÃO,SIM,NÃO,NÃO,NÃO,NÃO,NÃO,NÃO,NÃO,NÃO,NÃO,NÃO,NÃO,NÃO,NÃO,NÃO,NÃO,NÃO,NÃO,NÃO,NÃO,NÃO,NÃO,NÃO,,
11/27/2019 14:17:11,2000,22/09/2000,Prefeito 2000 - 011/00a,HGPE,PREFEITO,,RJ,SIM,Rio de Janeiro,SIM,Sim,NÃO,SIM,SIM,SIM,SIM,SIM,NÃO,NÃO,NÃO,NÃO,NÃO,SIM,SIM,SIM,SIM,NÃO,NÃO,NÃO,NÃO,NÃO,NÃO,NÃO,NÃO,SIM,NÃO,SIM,SIM,SIM,NÃO,NÃO,NÃO,NÃO,NÃO,NÃO,NÃO,NÃO,NÃO,NÃO,NÃO,SIM,NÃO,NÃO,NÃO,NÃO,NÃO,NÃO,NÃO,SIM,SIM,NÃO,SIM,NÃO,NÃO,NÃO,NÃO,NÃO,NÃO,NÃO,NÃO,NÃO,NÃO,NÃO,NÃO,NÃO,NÃO,NÃO,NÃO,NÃO,NÃO,NÃO,NÃO,NÃO,NÃO,,
11/27/2019 14:32:51,2000,22/09/2000,Prefeito 2000 - 011/00b,HGPE,PREFEITO,Gravação apresenta defeito,RJ,SIM,Rio de Janeiro,SIM,Sim,NÃO,SIM,SIM,NÃO,NÃO,NÃO,NÃO,NÃO,NÃO,NÃO,NÃO,NÃO,NÃO,NÃO,NÃO,NÃO,NÃO,NÃO,NÃO,NÃO,NÃO,NÃO,NÃO,NÃO,NÃO,NÃO,NÃO,NÃO,NÃO,NÃO,NÃO,NÃO,NÃO,NÃO,NÃO,NÃO,NÃO,NÃO,NÃO,NÃO,NÃO,NÃO,NÃO,NÃO,NÃO,NÃO,NÃO,NÃO,NÃO,NÃO,NÃO,NÃO,NÃO,NÃO,NÃO,NÃO,NÃO,NÃO,NÃO,NÃO,NÃO,NÃO,NÃO,NÃO,NÃO,NÃO,NÃO,NÃO,NÃO,NÃO,NÃO,NÃO,NÃO,,
11/27/2019 15:00:34,2000,25/09/2000,Prefeito 2000 - 012/00,HGPE,PREFEITO,,RJ,SIM,Rio de Janeiro,SIM,Sim,NÃO,SIM,SIM,SIM,SIM,SIM,NÃO,NÃO,NÃO,NÃO,NÃO,SIM,SIM,NÃO,SIM,SIM,NÃO,NÃO,NÃO,NÃO,NÃO,NÃO,NÃO,SIM,NÃO,SIM,SIM,SIM,NÃO,NÃO,NÃO,NÃO,NÃO,NÃO,NÃO,NÃO,NÃO,NÃO,NÃO,SIM,NÃO,NÃO,NÃO,NÃO,NÃO,NÃO,NÃO,SIM,SIM,NÃO,NÃO,NÃO,NÃO,NÃO,NÃO,NÃO,NÃO,NÃO,NÃO,NÃO,NÃO,NÃO,NÃO,NÃO,NÃO,NÃO,NÃO,NÃO,NÃO,NÃO,NÃO,NÃO,NÃO,,
11/27/2019 15:48:21,2000,12/08/2000,Prefeito 2000 - 013/00a,SPOT,PREFEITO,,RJ,SIM,Rio de Janeiro,SIM,Sim,NÃO,SIM,SIM,SIM,SIM,SIM,NÃO,NÃO,NÃO,NÃO,NÃO,SIM,SIM,SIM,SIM,NÃO,NÃO,NÃO,NÃO,NÃO,NÃO,NÃO,NÃO,NÃO,NÃO,SIM,SIM,SIM,NÃO,NÃO,NÃO,NÃO,NÃO,NÃO,NÃO,NÃO,NÃO,NÃO,NÃO,SIM,NÃO,NÃO,NÃO,NÃO,NÃO,NÃO,NÃO,SIM,SIM,NÃO,NÃO,NÃO,NÃO,NÃO,NÃO,NÃO,NÃO,NÃO,NÃO,NÃO,NÃO,NÃO,NÃO,NÃO,NÃO,NÃO,NÃO,NÃO,NÃO,NÃO,NÃO,NÃO,NÃO,,
11/27/2019 16:01:38,2000,12/08/2000,Prefeito 2000 - 013/00b,SPOT,PREFEITO,,RJ,SIM,Rio de Janeiro,SIM,Sim,NÃO,SIM,SIM,SIM,SIM,SIM,NÃO,NÃO,NÃO,NÃO,NÃO,SIM,SIM,SIM,SIM,NÃO,NÃO,NÃO,NÃO,NÃO,NÃO,NÃO,NÃO,SIM,NÃO,SIM,SIM,SIM,NÃO,NÃO,NÃO,NÃO,NÃO,NÃO,NÃO,NÃO,NÃO,NÃO,NÃO,SIM,NÃO,NÃO,NÃO,NÃO,NÃO,NÃO,NÃO,SIM,SIM,NÃO,NÃO,NÃO,NÃO,NÃO,NÃO,NÃO,NÃO,NÃO,NÃO,NÃO,NÃO,NÃO,NÃO,NÃO,NÃO,NÃO,NÃO,NÃO,NÃO,NÃO,NÃO,NÃO,NÃO,,
11/27/2019 16:13:52,2000,12/08/2000,Prefeito 2000 - 014/00a,SPOT,PREFEITO,,RJ,SIM,Rio de Janeiro,SIM,Sim,NÃO,SIM,SIM,SIM,SIM,SIM,NÃO,NÃO,NÃO,NÃO,NÃO,NÃO,SIM,SIM,SIM,NÃO,NÃO,NÃO,NÃO,NÃO,NÃO,NÃO,NÃO,SIM,NÃO,NÃO,NÃO,SIM,NÃO,NÃO,NÃO,NÃO,NÃO,NÃO,NÃO,NÃO,NÃO,NÃO,NÃO,SIM,NÃO,NÃO,NÃO,NÃO,NÃO,NÃO,NÃO,SIM,SIM,NÃO,NÃO,NÃO,NÃO,NÃO,NÃO,NÃO,NÃO,NÃO,NÃO,NÃO,NÃO,NÃO,NÃO,NÃO,NÃO,NÃO,NÃO,NÃO,NÃO,NÃO,NÃO,NÃO,NÃO,,
11/27/2019 16:26:52,2000,12/08/2000,Prefeito 2000 - 014/00b,SPOT,PREFEITO,,RJ,SIM,Rio de Janeiro,SIM,Sim,NÃO,SIM,SIM,SIM,SIM,SIM,NÃO,NÃO,NÃO,NÃO,NÃO,SIM,SIM,SIM,SIM,NÃO,NÃO,NÃO,NÃO,NÃO,NÃO,NÃO,NÃO,NÃO,NÃO,NÃO,SIM,SIM,NÃO,NÃO,NÃO,NÃO,NÃO,NÃO,NÃO,NÃO,NÃO,NÃO,NÃO,SIM,NÃO,NÃO,NÃO,NÃO,NÃO,NÃO,NÃO,SIM,SIM,NÃO,NÃO,NÃO,NÃO,NÃO,NÃO,NÃO,NÃO,NÃO,NÃO,NÃO,NÃO,NÃO,NÃO,NÃO,NÃO,NÃO,NÃO,NÃO,NÃO,NÃO,NÃO,NÃO,NÃO,,
11/27/2019 16:38:09,2000,22/08/2000,Prefeito 2000 - 015/00,SPOT,PREFEITO,,RJ,SIM,Rio de Janeiro,SIM,Sim,NÃO,SIM,SIM,SIM,SIM,SIM,NÃO,NÃO,NÃO,NÃO,NÃO,SIM,SIM,SIM,SIM,NÃO,NÃO,NÃO,NÃO,NÃO,NÃO,NÃO,NÃO,SIM,NÃO,SIM,SIM,SIM,NÃO,NÃO,NÃO,NÃO,NÃO,NÃO,NÃO,NÃO,NÃO,NÃO,NÃO,SIM,NÃO,NÃO,NÃO,NÃO,NÃO,NÃO,NÃO,SIM,SIM,NÃO,NÃO,NÃO,NÃO,NÃO,NÃO,NÃO,NÃO,NÃO,NÃO,NÃO,NÃO,NÃO,NÃO,NÃO,NÃO,NÃO,NÃO,NÃO,NÃO,NÃO,NÃO,NÃO,NÃO,,
11/27/2019 16:50:12,2000,04/08/2000,Prefeito 2000 - 016/00,SPOT,PREFEITO,,RJ,SIM,Rio de Janeiro,SIM,Sim,NÃO,SIM,SIM,SIM,SIM,SIM,NÃO,NÃO,NÃO,NÃO,NÃO,SIM,SIM,SIM,SIM,NÃO,NÃO,NÃO,NÃO,NÃO,NÃO,NÃO,NÃO,SIM,NÃO,NÃO,SIM,SIM,NÃO,NÃO,NÃO,NÃO,NÃO,NÃO,NÃO,NÃO,NÃO,NÃO,NÃO,SIM,NÃO,NÃO,NÃO,NÃO,NÃO,NÃO,NÃO,SIM,SIM,NÃO,NÃO,NÃO,NÃO,NÃO,NÃO,NÃO,NÃO,NÃO,NÃO,NÃO,NÃO,NÃO,NÃO,NÃO,NÃO,NÃO,NÃO,NÃO,NÃO,NÃO,NÃO,NÃO,NÃO,,
11/27/2019 17:04:29,2000,18/09/2000,Prefeito 2000 - 017/00,SPOT,PREFEITO,,RJ,SIM,Rio de Janeiro,SIM,Sim,NÃO,SIM,SIM,SIM,SIM,SIM,NÃO,NÃO,NÃO,NÃO,NÃO,SIM,SIM,SIM,SIM,NÃO,NÃO,NÃO,NÃO,NÃO,NÃO,NÃO,NÃO,SIM,NÃO,NÃO,SIM,SIM,NÃO,NÃO,NÃO,NÃO,NÃO,NÃO,NÃO,NÃO,NÃO,NÃO,NÃO,SIM,NÃO,NÃO,NÃO,NÃO,NÃO,NÃO,NÃO,SIM,SIM,NÃO,NÃO,NÃO,NÃO,NÃO,NÃO,NÃO,NÃO,NÃO,NÃO,NÃO,NÃO,NÃO,NÃO,NÃO,NÃO,NÃO,NÃO,NÃO,NÃO,NÃO,NÃO,NÃO,NÃO,,
11/27/2019 17:44:46,2000,15/08/2000,São Paulo 2000 - 030/00,HGPE,"PREFEITO, VEREADOR",,SP,SIM,São Paulo,SIM,Sim,NÃO,SIM,SIM,SIM,SIM,SIM,NÃO,NÃO,SIM,SIM,NÃO,SIM,SIM,NÃO,SIM,SIM,NÃO,NÃO,SIM,NÃO,SIM,SIM,SIM,SIM,SIM,SIM,NÃO,SIM,NÃO,NÃO,NÃO,NÃO,NÃO,NÃO,NÃO,NÃO,NÃO,SIM,SIM,SIM,SIM,NÃO,NÃO,NÃO,NÃO,NÃO,NÃO,SIM,NÃO,NÃO,NÃO,NÃO,SIM,NÃO,NÃO,NÃO,NÃO,NÃO,NÃO,NÃO,NÃO,NÃO,NÃO,NÃO,NÃO,NÃO,NÃO,NÃO,NÃO,NÃO,NÃO,NÃO,NÃO,,
11/27/2019 18:05:18,2000,19/08/2000,São Paulo - 031/00,HGPE,VEREADOR,,SP,SIM,São Paulo,SIM,Sim,NÃO,SIM,SIM,SIM,SIM,SIM,NÃO,NÃO,SIM,SIM,NÃO,SIM,SIM,SIM,SIM,SIM,NÃO,SIM,NÃO,NÃO,NÃO,SIM,SIM,SIM,SIM,SIM,SIM,SIM,NÃO,NÃO,NÃO,NÃO,NÃO,NÃO,NÃO,NÃO,NÃO,SIM,NÃO,SIM,SIM,NÃO,NÃO,NÃO,NÃO,NÃO,NÃO,SIM,NÃO,NÃO,NÃO,NÃO,SIM,NÃO,NÃO,NÃO,NÃO,NÃO,NÃO,NÃO,NÃO,NÃO,NÃO,NÃO,NÃO,NÃO,NÃO,NÃO,NÃO,NÃO,NÃO,NÃO,NÃO,,
11/29/2019 12:15:34,2000,24/08/2000,São Paulo - 032/00 (DVD I),HGPE,"PREFEITO, VEREADOR",,SP,SIM,São Paulo,SIM,Sim,NÃO,SIM,SIM,SIM,SIM,SIM,SIM,NÃO,SIM,SIM,NÃO,SIM,SIM,SIM,SIM,NÃO,NÃO,SIM,SIM,NÃO,NÃO,SIM,SIM,SIM,SIM,SIM,SIM,NÃO,NÃO,NÃO,NÃO,NÃO,NÃO,NÃO,NÃO,NÃO,NÃO,SIM,NÃO,SIM,SIM,NÃO,NÃO,NÃO,NÃO,NÃO,NÃO,SIM,NÃO,NÃO,NÃO,NÃO,SIM,NÃO,NÃO,NÃO,NÃO,NÃO,NÃO,NÃO,NÃO,NÃO,NÃO,NÃO,NÃO,NÃO,NÃO,NÃO,NÃO,NÃO,NÃO,NÃO,NÃO,,
11/29/2019 12:24:00,2000,24/08/2000,São Paulo - 032 (DVD II),HGPE,"PREFEITO, VEREADOR",,SP,SIM,São Paulo,SIM,Sim,NÃO,NÃO,SIM,SIM,SIM,SIM,NÃO,NÃO,SIM,SIM,NÃO,SIM,SIM,SIM,SIM,NÃO,NÃO,SIM,SIM,NÃO,NÃO,SIM,SIM,SIM,SIM,SIM,SIM,NÃO,NÃO,NÃO,NÃO,NÃO,NÃO,NÃO,NÃO,NÃO,NÃO,SIM,NÃO,SIM,SIM,NÃO,NÃO,NÃO,NÃO,NÃO,NÃO,SIM,NÃO,NÃO,NÃO,NÃO,SIM,NÃO,NÃO,NÃO,NÃO,NÃO,NÃO,NÃO,NÃO,NÃO,NÃO,NÃO,NÃO,NÃO,NÃO,NÃO,NÃO,NÃO,NÃO,NÃO,NÃO,,
11/29/2019 12:51:16,2000,28/08/2000,São Paulo - 033/00,HGPE,"PREFEITO, VEREADOR",,SP,SIM,São Paulo,SIM,Sim,NÃO,SIM,SIM,SIM,SIM,SIM,SIM,NÃO,SIM,NÃO,NÃO,SIM,SIM,NÃO,SIM,SIM,NÃO,SIM,SIM,NÃO,SIM,NÃO,SIM,SIM,NÃO,SIM,NÃO,SIM,NÃO,NÃO,NÃO,NÃO,NÃO,NÃO,NÃO,NÃO,NÃO,SIM,NÃO,SIM,SIM,NÃO,NÃO,NÃO,NÃO,NÃO,NÃO,SIM,NÃO,NÃO,NÃO,NÃO,SIM,,,,,,,,,,,,,,,,,,NÃO,NÃO,NÃO,,
11/29/2019 20:40:22,2000,30/08/2000,São Paulo 2000 - 034/00,HGPE,"PREFEITO, VEREADOR",,SP,SIM,São Paulo,SIM,Sim,NÃO,SIM,SIM,SIM,SIM,SIM,SIM,NÃO,SIM,SIM,NÃO,SIM,SIM,SIM,SIM,NÃO,NÃO,SIM,NÃO,SIM,SIM,SIM,SIM,SIM,SIM,SIM,SIM,SIM,NÃO,NÃO,NÃO,NÃO,NÃO,NÃO,NÃO,NÃO,NÃO,SIM,SIM,SIM,SIM,NÃO,NÃO,NÃO,NÃO,NÃO,NÃO,SIM,NÃO,NÃO,NÃO,SIM,SIM,,,,,,,,,,,,,,,,,,NÃO,NÃO,NÃO,,
12/9/2019 11:56:59,2000,02/09/2000,São Paulo 2000 - 035/00,HGPE,"PREFEITO, VEREADOR",,SP,SIM,São Paulo,SIM,Sim,NÃO,SIM,SIM,SIM,SIM,SIM,NÃO,NÃO,SIM,SIM,NÃO,SIM,SIM,SIM,SIM,SIM,NÃO,SIM,NÃO,SIM,NÃO,SIM,SIM,SIM,SIM,SIM,SIM,SIM,NÃO,NÃO,NÃO,NÃO,NÃO,NÃO,NÃO,NÃO,NÃO,SIM,SIM,SIM,SIM,NÃO,NÃO,NÃO,NÃO,NÃO,NÃO,SIM,SIM,NÃO,NÃO,NÃO,SIM,NÃO,NÃO,NÃO,NÃO,NÃO,NÃO,NÃO,NÃO,NÃO,NÃO,NÃO,NÃO,NÃO,NÃO,NÃO,NÃO,NÃO,NÃO,NÃO,NÃO,,
12/9/2019 12:04:17,2000,04/09/2000,São Paulo 2000 - 036/00,HGPE,"PREFEITO, VEREADOR",,SP,SIM,São Paulo,SIM,Sim,NÃO,SIM,SIM,SIM,SIM,SIM,SIM,NÃO,SIM,SIM,NÃO,SIM,SIM,SIM,SIM,SIM,NÃO,SIM,NÃO,SIM,NÃO,SIM,SIM,SIM,SIM,SIM,SIM,SIM,NÃO,NÃO,NÃO,NÃO,NÃO,NÃO,NÃO,NÃO,NÃO,SIM,SIM,SIM,SIM,NÃO,NÃO,NÃO,NÃO,NÃO,NÃO,SIM,SIM,NÃO,NÃO,NÃO,SIM,NÃO,NÃO,NÃO,NÃO,NÃO,NÃO,NÃO,NÃO,NÃO,NÃO,NÃO,NÃO,NÃO,NÃO,NÃO,NÃO,NÃO,NÃO,NÃO,NÃO,,
12/9/2019 12:22:12,2000,06/09/2000,São Paulo - 037/00a,HGPE,"PREFEITO, VEREADOR",,SP,SIM,São Paulo,SIM,Sim,NÃO,SIM,SIM,SIM,SIM,SIM,SIM,NÃO,SIM,SIM,NÃO,SIM,SIM,SIM,SIM,SIM,NÃO,SIM,SIM,SIM,SIM,SIM,SIM,SIM,SIM,SIM,SIM,SIM,NÃO,NÃO,NÃO,NÃO,NÃO,NÃO,NÃO,NÃO,NÃO,SIM,SIM,SIM,SIM,NÃO,NÃO,NÃO,NÃO,NÃO,NÃO,SIM,SIM,NÃO,NÃO,NÃO,SIM,NÃO,NÃO,NÃO,NÃO,NÃO,NÃO,NÃO,NÃO,NÃO,NÃO,NÃO,NÃO,NÃO,NÃO,NÃO,NÃO,NÃO,NÃO,NÃO,NÃO,,
12/9/2019 12:27:11,2000,06/09/2000,Prefeito São Paulo 2000 - 037/00b,HGPE,PREFEITO,A gravação apresenta defeito,SP,SIM,São Paulo,SIM,Não,NÃO,SIM,SIM,NÃO,NÃO,SIM,NÃO,NÃO,NÃO,SIM,NÃO,SIM,NÃO,NÃO,NÃO,NÃO,NÃO,NÃO,NÃO,NÃO,NÃO,NÃO,NÃO,NÃO,SIM,NÃO,NÃO,NÃO,NÃO,NÃO,NÃO,NÃO,NÃO,NÃO,NÃO,NÃO,NÃO,NÃO,NÃO,NÃO,NÃO,NÃO,NÃO,NÃO,NÃO,NÃO,NÃO,NÃO,NÃO,NÃO,NÃO,NÃO,NÃO,NÃO,NÃO,NÃO,NÃO,NÃO,NÃO,NÃO,NÃO,NÃO,NÃO,NÃO,NÃO,NÃO,NÃO,NÃO,NÃO,NÃO,NÃO,NÃO,NÃO,,
12/9/2019 12:36:02,2000,13/09/2000,São Paulo 2000 - 040/00,HGPE,"PREFEITO, VEREADOR",,SP,SIM,São Paulo,SIM,Sim,NÃO,SIM,SIM,SIM,SIM,SIM,SIM,NÃO,SIM,SIM,NÃO,SIM,SIM,SIM,SIM,SIM,NÃO,SIM,NÃO,SIM,NÃO,SIM,SIM,SIM,NÃO,SIM,SIM,NÃO,NÃO,NÃO,NÃO,NÃO,NÃO,NÃO,NÃO,NÃO,NÃO,SIM,SIM,SIM,SIM,NÃO,NÃO,NÃO,NÃO,NÃO,NÃO,SIM,SIM,NÃO,NÃO,NÃO,SIM,NÃO,NÃO,NÃO,NÃO,NÃO,NÃO,NÃO,NÃO,NÃO,NÃO,NÃO,NÃO,NÃO,NÃO,NÃO,NÃO,NÃO,NÃO,NÃO,NÃO,,
12/9/2019 12:45:21,2000,15/08/2000,São Paulo - 041/00a,HGPE,PREFEITO,,SP,SIM,São Paulo,SIM,Sim,NÃO,SIM,SIM,SIM,SIM,SIM,SIM,NÃO,SIM,SIM,NÃO,SIM,SIM,SIM,SIM,SIM,NÃO,SIM,NÃO,SIM,NÃO,NÃO,SIM,SIM,SIM,SIM,SIM,SIM,NÃO,NÃO,NÃO,NÃO,NÃO,NÃO,NÃO,NÃO,NÃO,SIM,SIM,SIM,SIM,NÃO,NÃO,NÃO,NÃO,NÃO,NÃO,SIM,SIM,NÃO,NÃO,NÃO,SIM,NÃO,NÃO,NÃO,NÃO,NÃO,NÃO,NÃO,NÃO,NÃO,NÃO,NÃO,NÃO,NÃO,NÃO,NÃO,NÃO,NÃO,NÃO,NÃO,NÃO,,
12/9/2019 13:24:30,2000,15/09/2000,São Paulo - 041/00b,HGPE,PREFEITO,A gravação apresenta defeito,SP,SIM,São Paulo,SIM,Não,NÃO,SIM,SIM,NÃO,NÃO,NÃO,NÃO,NÃO,SIM,NÃO,NÃO,NÃO,NÃO,NÃO,NÃO,NÃO,NÃO,NÃO,NÃO,NÃO,NÃO,NÃO,NÃO,NÃO,NÃO,NÃO,NÃO,NÃO,NÃO,NÃO,NÃO,NÃO,NÃO,NÃO,NÃO,NÃO,NÃO,SIM,NÃO,SIM,NÃO,NÃO,NÃO,NÃO,NÃO,NÃO,NÃO,NÃO,NÃO,NÃO,NÃO,NÃO,NÃO,NÃO,NÃO,NÃO,NÃO,NÃO,NÃO,NÃO,NÃO,NÃO,NÃO,NÃO,NÃO,NÃO,NÃO,NÃO,NÃO,NÃO,NÃO,NÃO,NÃO,,
12/9/2019 14:01:44,2000,18/09/2000,São Paulo - 042/00,HGPE,"PREFEITO, VEREADOR",,SP,SIM,São Paulo,SIM,Sim,NÃO,SIM,SIM,SIM,SIM,SIM,NÃO,NÃO,SIM,SIM,NÃO,SIM,SIM,SIM,SIM,SIM,NÃO,SIM,SIM,SIM,NÃO,SIM,SIM,SIM,SIM,SIM,SIM,SIM,NÃO,NÃO,NÃO,NÃO,NÃO,NÃO,NÃO,NÃO,NÃO,SIM,SIM,SIM,SIM,NÃO,NÃO,NÃO,NÃO,NÃO,NÃO,SIM,SIM,NÃO,NÃO,NÃO,SIM,NÃO,NÃO,NÃO,NÃO,NÃO,NÃO,NÃO,NÃO,NÃO,NÃO,NÃO,NÃO,NÃO,NÃO,NÃO,NÃO,NÃO,NÃO,NÃO,NÃO,,
12/9/2019 14:30:06,2000,01/09/2000,São Paulo 043/00b e 044/00a,HGPE,"PREFEITO, VEREADOR",,SP,SIM,São Paulo ,SIM,Sim,NÃO,SIM,SIM,SIM,SIM,SIM,SIM,NÃO,SIM,SIM,NÃO,SIM,SIM,NÃO,SIM,NÃO,NÃO,SIM,NÃO,SIM,NÃO,SIM,SIM,SIM,SIM,SIM,SIM,NÃO,NÃO,NÃO,NÃO,NÃO,NÃO,NÃO,NÃO,NÃO,NÃO,SIM,SIM,SIM,SIM,NÃO,NÃO,NÃO,NÃO,NÃO,NÃO,SIM,NÃO,NÃO,NÃO,NÃO,SIM,NÃO,NÃO,NÃO,NÃO,NÃO,NÃO,NÃO,NÃO,NÃO,NÃO,NÃO,NÃO,NÃO,NÃO,NÃO,NÃO,NÃO,NÃO,NÃO,NÃO,,
12/9/2019 15:10:28,2000,22/09/2000,São Paulo 044/00b,HGPE,PREFEITO,A gravação apresenta defeito,SP,SIM,São Paulo,SIM,Não,NÃO,SIM,SIM,SIM,SIM,NÃO,NÃO,NÃO,NÃO,NÃO,NÃO,SIM,SIM,NÃO,NÃO,NÃO,NÃO,SIM,NÃO,NÃO,NÃO,NÃO,NÃO,SIM,NÃO,SIM,NÃO,NÃO,NÃO,NÃO,NÃO,NÃO,NÃO,NÃO,NÃO,NÃO,NÃO,SIM,NÃO,SIM,SIM,NÃO,NÃO,NÃO,NÃO,NÃO,NÃO,SIM,NÃO,NÃO,NÃO,NÃO,SIM,NÃO,NÃO,NÃO,NÃO,NÃO,NÃO,NÃO,NÃO,NÃO,NÃO,NÃO,NÃO,NÃO,NÃO,NÃO,NÃO,NÃO,NÃO,NÃO,NÃO,,
12/9/2019 15:32:14,2000,26/09/2000,São Paulo 045/00a,HGPE,"PREFEITO, VEREADOR",,SP,SIM,São Paulo,SIM,Sim,NÃO,SIM,SIM,SIM,SIM,SIM,SIM,NÃO,SIM,SIM,NÃO,SIM,SIM,SIM,SIM,NÃO,NÃO,SIM,SIM,NÃO,NÃO,SIM,SIM,SIM,SIM,SIM,SIM,NÃO,NÃO,NÃO,NÃO,NÃO,NÃO,NÃO,NÃO,NÃO,NÃO,SIM,SIM,SIM,SIM,NÃO,NÃO,NÃO,NÃO,NÃO,NÃO,SIM,SIM,NÃO,NÃO,NÃO,SIM,NÃO,NÃO,NÃO,NÃO,NÃO,NÃO,NÃO,NÃO,NÃO,NÃO,NÃO,NÃO,NÃO,NÃO,NÃO,NÃO,NÃO,NÃO,NÃO,NÃO,,
12/9/2019 15:52:34,2000,29/09/2000,São Paulo 045/00b e 046/00a,HGPE,"PREFEITO, VEREADOR",,SP,SIM,São Paulo,SIM,Sim,NÃO,SIM,SIM,SIM,SIM,SIM,SIM,NÃO,SIM,SIM,NÃO,SIM,SIM,NÃO,SIM,NÃO,NÃO,NÃO,NÃO,SIM,NÃO,NÃO,SIM,NÃO,SIM,SIM,SIM,NÃO,NÃO,NÃO,NÃO,NÃO,NÃO,NÃO,NÃO,NÃO,NÃO,SIM,NÃO,SIM,NÃO,NÃO,NÃO,NÃO,NÃO,NÃO,NÃO,SIM,SIM,NÃO,NÃO,NÃO,SIM,NÃO,NÃO,NÃO,NÃO,NÃO,NÃO,NÃO,NÃO,NÃO,NÃO,NÃO,NÃO,NÃO,NÃO,NÃO,NÃO,NÃO,NÃO,NÃO,NÃO,,
12/9/2019 16:00:24,2000,29/09/2000,São Paulo 046/00b e 047/00a,HGPE,PREFEITO,,SP,SIM,São Paulo,SIM,Sim,NÃO,SIM,SIM,SIM,NÃO,NÃO,NÃO,NÃO,NÃO,NÃO,NÃO,NÃO,NÃO,NÃO,NÃO,NÃO,NÃO,NÃO,NÃO,NÃO,NÃO,NÃO,NÃO,NÃO,NÃO,NÃO,NÃO,NÃO,NÃO,NÃO,NÃO,NÃO,NÃO,NÃO,NÃO,NÃO,NÃO,NÃO,NÃO,NÃO,NÃO,NÃO,NÃO,NÃO,NÃO,NÃO,NÃO,NÃO,NÃO,NÃO,NÃO,NÃO,NÃO,NÃO,NÃO,NÃO,NÃO,NÃO,NÃO,NÃO,NÃO,NÃO,NÃO,NÃO,NÃO,NÃO,NÃO,NÃO,NÃO,NÃO,NÃO,NÃO,NÃO,,
12/9/2019 16:07:41,2000,21/10/2000,São Paulo 049/00,HGPE,PREFEITO,,SP,SIM,São Paulo,SIM,Sim,NÃO,SIM,SIM,SIM,NÃO,NÃO,NÃO,NÃO,NÃO,NÃO,NÃO,NÃO,NÃO,NÃO,NÃO,NÃO,NÃO,NÃO,NÃO,NÃO,NÃO,NÃO,NÃO,NÃO,NÃO,NÃO,NÃO,NÃO,NÃO,NÃO,NÃO,NÃO,NÃO,NÃO,NÃO,NÃO,NÃO,NÃO,NÃO,NÃO,NÃO,NÃO,NÃO,NÃO,NÃO,NÃO,NÃO,NÃO,NÃO,NÃO,NÃO,NÃO,NÃO,NÃO,NÃO,NÃO,NÃO,NÃO,NÃO,NÃO,NÃO,NÃO,NÃO,NÃO,NÃO,NÃO,NÃO,NÃO,NÃO,NÃO,NÃO,NÃO,NÃO,,
12/9/2019 16:14:33,2000,24/10/2000,São Paulo 050/00,HGPE,PREFEITO,,SP,SIM,São Paulo,SIM,Sim,NÃO,SIM,SIM,SIM,NÃO,NÃO,NÃO,NÃO,NÃO,NÃO,NÃO,NÃO,NÃO,NÃO,NÃO,NÃO,NÃO,NÃO,NÃO,NÃO,NÃO,NÃO,NÃO,NÃO,NÃO,NÃO,NÃO,NÃO,NÃO,NÃO,NÃO,NÃO,NÃO,NÃO,NÃO,NÃO,NÃO,NÃO,NÃO,NÃO,NÃO,NÃO,NÃO,NÃO,NÃO,NÃO,NÃO,NÃO,NÃO,NÃO,NÃO,NÃO,NÃO,NÃO,NÃO,NÃO,NÃO,NÃO,NÃO,NÃO,NÃO,NÃO,NÃO,NÃO,NÃO,NÃO,NÃO,NÃO,NÃO,NÃO,NÃO,NÃO,NÃO,,
12/9/2019 16:26:36,2000,01/08/2000,São Paulo 053/00 e 054/00,HGPE,PREFEITO,,SP,SIM,São Paulo,SIM,Sim,NÃO,SIM,SIM,SIM,SIM,NÃO,NÃO,NÃO,NÃO,NÃO,NÃO,SIM,SIM,NÃO,NÃO,NÃO,NÃO,SIM,NÃO,NÃO,NÃO,NÃO,SIM,SIM,NÃO,SIM,NÃO,NÃO,NÃO,NÃO,NÃO,NÃO,NÃO,NÃO,NÃO,NÃO,NÃO,SIM,NÃO,SIM,SIM,NÃO,NÃO,NÃO,NÃO,NÃO,NÃO,SIM,NÃO,NÃO,NÃO,NÃO,SIM,NÃO,NÃO,NÃO,NÃO,NÃO,NÃO,NÃO,NÃO,NÃO,NÃO,NÃO,NÃO,NÃO,NÃO,NÃO,NÃO,NÃO,NÃO,NÃO,NÃO,,
12/9/2019 17:03:11,2000,15/08/2000,Vereador - BH 2000 070/00a,HGPE,VEREADOR,,BH,SIM,Belo Horizonte,SIM,Sim,NÃO,SIM,SIM,SIM,SIM,SIM,SIM,NÃO,SIM,SIM,NÃO,SIM,SIM,SIM,SIM,SIM,NÃO,NÃO,SIM,SIM,NÃO,NÃO,SIM,NÃO,SIM,SIM,NÃO,NÃO,NÃO,NÃO,NÃO,NÃO,NÃO,NÃO,NÃO,NÃO,NÃO,SIM,SIM,SIM,SIM,NÃO,NÃO,NÃO,NÃO,NÃO,NÃO,NÃO,NÃO,NÃO,NÃO,NÃO,SIM,NÃO,NÃO,NÃO,NÃO,NÃO,NÃO,NÃO,NÃO,NÃO,NÃO,NÃO,NÃO,NÃO,NÃO,NÃO,NÃO,NÃO,NÃO,NÃO,NÃO,,
12/9/2019 17:22:41,2000,15/08/2000,Vereador - BH 2000 070/00b,HGPE,VEREADOR,,BH,SIM,Belo Horizonte,SIM,Sim,NÃO,SIM,SIM,SIM,SIM,SIM,SIM,NÃO,SIM,SIM,NÃO,SIM,SIM,SIM,SIM,SIM,NÃO,SIM,SIM,SIM,NÃO,NÃO,SIM,NÃO,SIM,SIM,NÃO,NÃO,NÃO,NÃO,NÃO,NÃO,NÃO,NÃO,NÃO,NÃO,NÃO,SIM,SIM,SIM,SIM,NÃO,NÃO,NÃO,NÃO,NÃO,NÃO,SIM,NÃO,NÃO,NÃO,NÃO,SIM,NÃO,NÃO,NÃO,NÃO,NÃO,NÃO,NÃO,NÃO,NÃO,NÃO,NÃO,NÃO,NÃO,NÃO,NÃO,NÃO,NÃO,NÃO,NÃO,NÃO,,
12/9/2019 17:43:23,2000,15/08/2000,Prefeito - BH 2000 071/00a,HGPE,PREFEITO,,BH,SIM,Belo Horizonte,SIM,Sim,NÃO,NÃO,SIM,SIM,SIM,NÃO,NÃO,NÃO,SIM,NÃO,NÃO,SIM,SIM,NÃO,SIM,NÃO,NÃO,SIM,NÃO,NÃO,NÃO,SIM,NÃO,NÃO,NÃO,SIM,SIM,NÃO,NÃO,NÃO,NÃO,NÃO,NÃO,NÃO,NÃO,NÃO,NÃO,SIM,SIM,SIM,NÃO,NÃO,NÃO,NÃO,NÃO,NÃO,NÃO,SIM,NÃO,NÃO,NÃO,NÃO,SIM,NÃO,NÃO,NÃO,NÃO,NÃO,NÃO,NÃO,NÃO,NÃO,NÃO,NÃO,NÃO,NÃO,NÃO,NÃO,NÃO,NÃO,NÃO,NÃO,NÃO,,
12/9/2019 18:16:12,2000,21/08/2000,Prefeito - BH 2000 072/00a,HGPE,PREFEITO,,BH,SIM,Belo Horizonte,SIM,Sim,NÃO,SIM,SIM,NÃO,SIM,NÃO,NÃO,NÃO,SIM,NÃO,NÃO,SIM,SIM,NÃO,SIM,NÃO,NÃO,SIM,NÃO,NÃO,NÃO,SIM,NÃO,NÃO,NÃO,SIM,SIM,NÃO,NÃO,NÃO,NÃO,NÃO,NÃO,NÃO,NÃO,NÃO,NÃO,SIM,SIM,SIM,NÃO,NÃO,NÃO,NÃO,NÃO,NÃO,NÃO,SIM,NÃO,NÃO,NÃO,NÃO,SIM,NÃO,NÃO,NÃO,NÃO,NÃO,NÃO,NÃO,NÃO,NÃO,NÃO,NÃO,NÃO,NÃO,NÃO,NÃO,NÃO,NÃO,NÃO,NÃO,NÃO,,
12/9/2019 18:32:14,2000,21/08/2000,Belo Horizonte 2000 - 072/00b,HGPE,PREFEITO,,BH,SIM,Belo Horizonte ,SIM,Sim,NÃO,SIM,SIM,NÃO,SIM,NÃO,NÃO,NÃO,SIM,NÃO,NÃO,SIM,SIM,NÃO,NÃO,NÃO,NÃO,SIM,NÃO,NÃO,NÃO,NÃO,NÃO,NÃO,NÃO,SIM,SIM,NÃO,NÃO,NÃO,NÃO,NÃO,NÃO,NÃO,NÃO,NÃO,NÃO,SIM,SIM,SIM,NÃO,NÃO,NÃO,NÃO,NÃO,NÃO,NÃO,NÃO,NÃO,NÃO,NÃO,NÃO,NÃO,NÃO,NÃO,NÃO,NÃO,NÃO,NÃO,NÃO,NÃO,NÃO,NÃO,NÃO,NÃO,NÃO,NÃO,NÃO,NÃO,NÃO,NÃO,NÃO,NÃO,,
12/9/2019 18:37:54,2000,21/08/2000,Belo Horizonte 2000 - 072/00c ,HGPE,,"Não é HGPE, mas sim a gravação de um filme",,NÃO,,SIM,Sim,NÃO,NÃO,SIM,NÃO,NÃO,NÃO,NÃO,NÃO,NÃO,NÃO,NÃO,NÃO,NÃO,NÃO,NÃO,NÃO,NÃO,NÃO,NÃO,NÃO,NÃO,NÃO,NÃO,NÃO,NÃO,NÃO,NÃO,NÃO,NÃO,NÃO,NÃO,NÃO,NÃO,NÃO,NÃO,NÃO,NÃO,NÃO,NÃO,NÃO,NÃO,NÃO,NÃO,NÃO,NÃO,NÃO,NÃO,NÃO,NÃO,NÃO,NÃO,NÃO,NÃO,NÃO,NÃO,NÃO,NÃO,NÃO,NÃO,NÃO,NÃO,NÃO,NÃO,NÃO,NÃO,NÃO,NÃO,NÃO,NÃO,NÃO,NÃO,NÃO,NÃO,,
12/9/2019 18:58:24,2000,15/08/2000,Prefeito - BH 2000 073/00,HGPE,PREFEITO,,BH,SIM,Belo Horizonte,SIM,Sim,NÃO,SIM,SIM,NÃO,SIM,SIM,NÃO,NÃO,SIM,NÃO,NÃO,SIM,SIM,NÃO,NÃO,NÃO,NÃO,NÃO,NÃO,NÃO,NÃO,NÃO,NÃO,NÃO,NÃO,NÃO,SIM,NÃO,NÃO,NÃO,NÃO,NÃO,NÃO,NÃO,NÃO,NÃO,NÃO,SIM,SIM,NÃO,NÃO,NÃO,NÃO,NÃO,NÃO,NÃO,NÃO,NÃO,NÃO,NÃO,NÃO,NÃO,NÃO,NÃO,NÃO,NÃO,NÃO,NÃO,NÃO,NÃO,NÃO,NÃO,NÃO,NÃO,NÃO,NÃO,NÃO,NÃO,NÃO,NÃO,NÃO,NÃO,NÃO,,
12/9/2019 19:17:16,2000,28/08/2000,Prefeito - BH 2000 074/00b,HGPE,PREFEITO,,BH,SIM,Belo Horizonte,SIM,Sim,NÃO,SIM,SIM,SIM,SIM,NÃO,NÃO,NÃO,SIM,NÃO,NÃO,SIM,SIM,NÃO,NÃO,NÃO,NÃO,SIM,NÃO,NÃO,NÃO,NÃO,NÃO,NÃO,NÃO,SIM,NÃO,NÃO,NÃO,NÃO,NÃO,NÃO,NÃO,NÃO,NÃO,NÃO,NÃO,SIM,SIM,NÃO,NÃO,NÃO,NÃO,NÃO,NÃO,NÃO,NÃO,NÃO,NÃO,NÃO,NÃO,NÃO,NÃO,NÃO,NÃO,NÃO,NÃO,NÃO,NÃO,NÃO,NÃO,NÃO,NÃO,NÃO,NÃO,NÃO,NÃO,NÃO,NÃO,NÃO,NÃO,NÃO,NÃO,,
12/9/2019 19:47:22,2000,28/08/2000,Vereador - BH 2000 075/00a,HGPE,VEREADOR,,BH,SIM,Belo Horizonte,SIM,Sim,NÃO,SIM,SIM,SIM,SIM,SIM,SIM,NÃO,SIM,SIM,NÃO,SIM,SIM,SIM,SIM,SIM,NÃO,SIM,SIM,SIM,NÃO,NÃO,SIM,SIM,SIM,SIM,NÃO,NÃO,NÃO,NÃO,NÃO,NÃO,NÃO,NÃO,NÃO,NÃO,NÃO,SIM,SIM,SIM,SIM,NÃO,NÃO,NÃO,NÃO,NÃO,NÃO,SIM,NÃO,NÃO,NÃO,NÃO,SIM,NÃO,NÃO,NÃO,NÃO,NÃO,NÃO,NÃO,NÃO,NÃO,NÃO,NÃO,NÃO,NÃO,NÃO,NÃO,NÃO,NÃO,NÃO,NÃO,NÃO,,
12/9/2019 20:04:49,2000,28/08/2000,Vereador - BH 2000 075/00b,HGPE,VEREADOR,,BH,SIM,Belo Horizonte,SIM,Sim,NÃO,SIM,SIM,SIM,SIM,SIM,SIM,NÃO,SIM,SIM,NÃO,SIM,SIM,SIM,SIM,SIM,NÃO,SIM,NÃO,SIM,NÃO,SIM,SIM,NÃO,SIM,SIM,NÃO,NÃO,NÃO,NÃO,NÃO,NÃO,NÃO,NÃO,NÃO,NÃO,NÃO,SIM,SIM,SIM,SIM,NÃO,NÃO,NÃO,NÃO,NÃO,NÃO,SIM,NÃO,NÃO,NÃO,NÃO,SIM,NÃO,NÃO,NÃO,NÃO,NÃO,NÃO,NÃO,NÃO,NÃO,NÃO,NÃO,NÃO,NÃO,NÃO,NÃO,NÃO,NÃO,NÃO,NÃO,NÃO,,
12/10/2019 11:22:12,2000,03/09/2000,Prefeito - BH 2000 076/00,SPOT,PREFEITO,,BH,SIM,Belo Horizonte,SIM,Sim,NÃO,SIM,SIM,NÃO,NÃO,NÃO,NÃO,NÃO,SIM,NÃO,NÃO,NÃO,NÃO,NÃO,NÃO,NÃO,NÃO,NÃO,NÃO,NÃO,NÃO,NÃO,NÃO,NÃO,NÃO,NÃO,NÃO,NÃO,NÃO,NÃO,NÃO,NÃO,NÃO,NÃO,NÃO,NÃO,NÃO,NÃO,NÃO,NÃO,NÃO,NÃO,NÃO,NÃO,NÃO,NÃO,NÃO,NÃO,NÃO,NÃO,NÃO,NÃO,NÃO,NÃO,NÃO,NÃO,NÃO,NÃO,NÃO,NÃO,NÃO,NÃO,NÃO,NÃO,NÃO,NÃO,NÃO,NÃO,NÃO,NÃO,NÃO,NÃO,NÃO,,
12/10/2019 11:37:05,2000,04/09/2000,Prefeito - BH 2000 077/00a,HGPE,PREFEITO,,BH,SIM,Belo Horizonte,SIM,Sim,NÃO,SIM,SIM,SIM,SIM,NÃO,NÃO,NÃO,SIM,NÃO,NÃO,SIM,SIM,NÃO,NÃO,NÃO,NÃO,SIM,NÃO,NÃO,NÃO,NÃO,NÃO,NÃO,NÃO,SIM,SIM,NÃO,NÃO,NÃO,NÃO,NÃO,NÃO,NÃO,NÃO,NÃO,NÃO,SIM,SIM,NÃO,NÃO,NÃO,NÃO,NÃO,NÃO,NÃO,NÃO,NÃO,NÃO,NÃO,NÃO,NÃO,NÃO,NÃO,NÃO,NÃO,NÃO,NÃO,NÃO,NÃO,NÃO,NÃO,NÃO,NÃO,NÃO,NÃO,NÃO,NÃO,NÃO,NÃO,NÃO,NÃO,NÃO,,
12/10/2019 17:03:28,2000,04/09/2000,Prefeito - BH 2000 077/00b,HGPE,PREFEITO,,BH,SIM,Belo Horizonte,SIM,Sim,NÃO,SIM,SIM,NÃO,SIM,NÃO,NÃO,NÃO,SIM,NÃO,NÃO,SIM,SIM,NÃO,NÃO,NÃO,NÃO,SIM,NÃO,NÃO,NÃO,NÃO,NÃO,NÃO,NÃO,SIM,SIM,NÃO,NÃO,NÃO,NÃO,NÃO,NÃO,NÃO,NÃO,NÃO,NÃO,SIM,SIM,NÃO,NÃO,NÃO,NÃO,NÃO,NÃO,NÃO,NÃO,NÃO,NÃO,NÃO,NÃO,NÃO,NÃO,NÃO,NÃO,NÃO,NÃO,NÃO,NÃO,NÃO,NÃO,NÃO,NÃO,NÃO,NÃO,NÃO,NÃO,NÃO,NÃO,NÃO,NÃO,NÃO,NÃO,,
12/10/2019 17:20:27,2000,05/09/2000,Vereador - BH 2000 078/00a,HGPE,VEREADOR,,BH,SIM,Belo Horizonte,SIM,Sim,NÃO,SIM,SIM,SIM,SIM,SIM,SIM,NÃO,SIM,SIM,NÃO,SIM,SIM,SIM,SIM,SIM,NÃO,SIM,SIM,SIM,NÃO,SIM,SIM,NÃO,SIM,SIM,NÃO,NÃO,NÃO,NÃO,NÃO,NÃO,NÃO,NÃO,NÃO,NÃO,NÃO,SIM,SIM,SIM,SIM,NÃO,NÃO,NÃO,NÃO,NÃO,NÃO,SIM,SIM,NÃO,NÃO,NÃO,SIM,NÃO,NÃO,NÃO,NÃO,NÃO,NÃO,NÃO,NÃO,NÃO,NÃO,NÃO,NÃO,NÃO,NÃO,NÃO,NÃO,NÃO,NÃO,NÃO,NÃO,,
12/10/2019 17:37:05,2000,05/09/2000,Vereador - BH 2000 078/00b,HGPE,VEREADOR,,BH,SIM,Belo Horizonte,SIM,Sim,NÃO,SIM,SIM,SIM,SIM,SIM,SIM,NÃO,SIM,SIM,NÃO,SIM,SIM,SIM,SIM,SIM,NÃO,SIM,SIM,SIM,NÃO,SIM,SIM,NÃO,SIM,SIM,SIM,NÃO,NÃO,NÃO,NÃO,NÃO,NÃO,NÃO,NÃO,NÃO,NÃO,SIM,SIM,SIM,SIM,NÃO,NÃO,NÃO,NÃO,NÃO,NÃO,SIM,NÃO,NÃO,NÃO,NÃO,SIM,NÃO,NÃO,NÃO,NÃO,NÃO,NÃO,NÃO,NÃO,NÃO,NÃO,NÃO,NÃO,NÃO,NÃO,NÃO,NÃO,NÃO,NÃO,NÃO,NÃO,,
12/10/2019 17:51:22,2000,11/09/2000,Prefeito - BH 2000 079/00a,HGPE,PREFEITO,,BH,SIM,Belo Horizonte,SIM,Sim,NÃO,SIM,SIM,NÃO,SIM,NÃO,NÃO,NÃO,SIM,NÃO,NÃO,SIM,SIM,NÃO,NÃO,NÃO,NÃO,SIM,NÃO,NÃO,NÃO,NÃO,NÃO,NÃO,NÃO,SIM,SIM,NÃO,NÃO,NÃO,NÃO,NÃO,NÃO,NÃO,NÃO,NÃO,NÃO,NÃO,SIM,NÃO,NÃO,NÃO,NÃO,NÃO,NÃO,NÃO,NÃO,NÃO,NÃO,NÃO,NÃO,NÃO,NÃO,NÃO,NÃO,NÃO,NÃO,NÃO,NÃO,NÃO,NÃO,NÃO,NÃO,NÃO,NÃO,NÃO,NÃO,NÃO,NÃO,NÃO,NÃO,NÃO,NÃO,,
12/10/2019 18:04:56,2000,11/09/2000,Prefeito - BH 2000 079/00b,HGPE,PREFEITO,,BH,SIM,Belo Horizonte,SIM,Sim,NÃO,SIM,SIM,NÃO,SIM,NÃO,NÃO,NÃO,SIM,NÃO,NÃO,SIM,SIM,NÃO,NÃO,NÃO,NÃO,SIM,NÃO,NÃO,NÃO,NÃO,NÃO,NÃO,NÃO,SIM,SIM,NÃO,NÃO,NÃO,NÃO,NÃO,NÃO,NÃO,NÃO,NÃO,NÃO,NÃO,SIM,NÃO,NÃO,NÃO,NÃO,NÃO,NÃO,NÃO,NÃO,NÃO,NÃO,NÃO,NÃO,NÃO,NÃO,NÃO,NÃO,NÃO,NÃO,NÃO,NÃO,NÃO,NÃO,NÃO,NÃO,NÃO,NÃO,NÃO,NÃO,NÃO,NÃO,NÃO,NÃO,NÃO,NÃO,,
12/10/2019 18:21:48,2000,12/09/2000,Vereador - BH 2000 080/00a,HGPE,VEREADOR,,BH,SIM,Belo Horizonte,SIM,Sim,NÃO,SIM,SIM,SIM,SIM,SIM,SIM,NÃO,SIM,SIM,NÃO,SIM,SIM,SIM,SIM,SIM,NÃO,SIM,SIM,SIM,NÃO,SIM,SIM,NÃO,SIM,SIM,SIM,NÃO,NÃO,NÃO,NÃO,NÃO,NÃO,NÃO,NÃO,NÃO,NÃO,SIM,SIM,SIM,SIM,NÃO,NÃO,NÃO,NÃO,NÃO,NÃO,SIM,NÃO,NÃO,NÃO,NÃO,SIM,NÃO,NÃO,NÃO,NÃO,NÃO,NÃO,NÃO,NÃO,NÃO,NÃO,NÃO,NÃO,NÃO,NÃO,NÃO,NÃO,NÃO,NÃO,NÃO,NÃO,,
12/11/2019 12:49:24,2000,12/09/2000,Vereador - BH 2000 080/00b,HGPE,VEREADOR,,BH,SIM,Belo Horizonte,SIM,Sim,NÃO,SIM,SIM,SIM,SIM,SIM,SIM,NÃO,SIM,SIM,NÃO,SIM,SIM,SIM,SIM,SIM,NÃO,SIM,SIM,SIM,NÃO,SIM,SIM,NÃO,SIM,SIM,SIM,NÃO,NÃO,NÃO,NÃO,NÃO,NÃO,NÃO,NÃO,NÃO,NÃO,SIM,SIM,SIM,SIM,NÃO,NÃO,NÃO,NÃO,NÃO,NÃO,SIM,NÃO,NÃO,NÃO,NÃO,SIM,NÃO,NÃO,NÃO,NÃO,NÃO,NÃO,NÃO,NÃO,NÃO,NÃO,NÃO,NÃO,NÃO,NÃO,NÃO,NÃO,NÃO,NÃO,NÃO,NÃO,,
12/11/2019 13:02:06,2000,10/09/2000,Prefeito - BH 2000 081/00,SPOT,PREFEITO,,BH,SIM,Belo Horizonte,SIM,Sim,NÃO,SIM,SIM,NÃO,SIM,NÃO,NÃO,NÃO,SIM,NÃO,NÃO,SIM,NÃO,NÃO,NÃO,NÃO,NÃO,SIM,NÃO,NÃO,NÃO,NÃO,NÃO,NÃO,NÃO,NÃO,NÃO,NÃO,NÃO,NÃO,NÃO,NÃO,NÃO,NÃO,NÃO,NÃO,NÃO,SIM,SIM,NÃO,NÃO,NÃO,NÃO,NÃO,NÃO,NÃO,NÃO,NÃO,NÃO,NÃO,NÃO,NÃO,NÃO,NÃO,NÃO,NÃO,NÃO,NÃO,NÃO,NÃO,NÃO,NÃO,NÃO,NÃO,NÃO,NÃO,NÃO,NÃO,NÃO,NÃO,NÃO,NÃO,NÃO,,
12/11/2019 13:10:20,2000,10/09/2000,Prefeito - BH 2000 081/00b,SPOT,PREFEITO,A gravação apresenta defeito,BH,SIM,Belo Horizonte,SIM,Sim,NÃO,SIM,SIM,NÃO,SIM,NÃO,NÃO,NÃO,SIM,NÃO,NÃO,SIM,NÃO,NÃO,NÃO,NÃO,NÃO,SIM,NÃO,NÃO,NÃO,NÃO,NÃO,NÃO,NÃO,NÃO,NÃO,NÃO,NÃO,NÃO,NÃO,NÃO,NÃO,NÃO,NÃO,NÃO,NÃO,SIM,SIM,NÃO,NÃO,NÃO,NÃO,NÃO,NÃO,NÃO,NÃO,NÃO,NÃO,NÃO,NÃO,NÃO,NÃO,NÃO,NÃO,NÃO,NÃO,NÃO,NÃO,NÃO,NÃO,NÃO,NÃO,NÃO,NÃO,NÃO,NÃO,NÃO,NÃO,NÃO,NÃO,NÃO,NÃO,,
12/11/2019 13:19:42,2000,18/09/2000,Prefeito - BH 2000 082/00a,HGPE,PREFEITO,,BH,SIM,Belo Horizonte,SIM,Sim,NÃO,SIM,SIM,SIM,SIM,NÃO,NÃO,NÃO,SIM,NÃO,NÃO,SIM,SIM,NÃO,NÃO,NÃO,NÃO,SIM,NÃO,NÃO,NÃO,NÃO,NÃO,NÃO,NÃO,SIM,SIM,NÃO,NÃO,NÃO,NÃO,NÃO,NÃO,NÃO,NÃO,NÃO,NÃO,NÃO,SIM,NÃO,NÃO,NÃO,NÃO,NÃO,NÃO,NÃO,NÃO,NÃO,NÃO,NÃO,NÃO,NÃO,NÃO,NÃO,NÃO,NÃO,NÃO,NÃO,NÃO,NÃO,NÃO,NÃO,NÃO,NÃO,NÃO,NÃO,NÃO,NÃO,NÃO,NÃO,NÃO,NÃO,NÃO,,
12/11/2019 13:30:02,2000,18/09/2000,Prefeito - BH 2000 082/00b,HGPE,PREFEITO,,BH,SIM,Belo Horizonte,SIM,Sim,NÃO,SIM,SIM,SIM,SIM,NÃO,NÃO,NÃO,SIM,NÃO,NÃO,SIM,SIM,NÃO,NÃO,NÃO,NÃO,SIM,NÃO,NÃO,NÃO,NÃO,NÃO,NÃO,NÃO,SIM,SIM,NÃO,NÃO,NÃO,NÃO,NÃO,NÃO,NÃO,NÃO,NÃO,NÃO,NÃO,SIM,NÃO,NÃO,NÃO,NÃO,NÃO,NÃO,NÃO,NÃO,NÃO,NÃO,NÃO,NÃO,NÃO,NÃO,NÃO,NÃO,NÃO,NÃO,NÃO,NÃO,NÃO,NÃO,NÃO,NÃO,NÃO,NÃO,NÃO,NÃO,NÃO,NÃO,NÃO,NÃO,NÃO,NÃO,,
12/11/2019 13:46:11,2000,26/09/2000,Vereador - BH 2000 083/00a,HGPE,VEREADOR,,BH,SIM,Belo Horizonte,SIM,Sim,NÃO,SIM,SIM,SIM,SIM,SIM,SIM,NÃO,SIM,SIM,NÃO,SIM,SIM,SIM,SIM,SIM,NÃO,SIM,SIM,SIM,NÃO,SIM,SIM,NÃO,SIM,SIM,SIM,NÃO,NÃO,NÃO,NÃO,NÃO,NÃO,NÃO,NÃO,NÃO,NÃO,SIM,SIM,SIM,SIM,NÃO,NÃO,NÃO,NÃO,NÃO,NÃO,SIM,NÃO,NÃO,NÃO,NÃO,SIM,NÃO,NÃO,NÃO,NÃO,NÃO,NÃO,NÃO,NÃO,NÃO,NÃO,NÃO,NÃO,NÃO,NÃO,NÃO,NÃO,NÃO,NÃO,NÃO,NÃO,,
12/11/2019 13:53:51,2000,26/09/2000,Vereador - BH 2000 082/00b,HGPE,VEREADOR,"A gravação apresenta parte de um jornal, comercial e até filme",BH,SIM,Belo Horizonte,SIM,Sim,NÃO,SIM,SIM,NÃO,SIM,NÃO,NÃO,NÃO,SIM,NÃO,NÃO,SIM,NÃO,NÃO,NÃO,NÃO,NÃO,NÃO,NÃO,NÃO,NÃO,NÃO,NÃO,NÃO,NÃO,NÃO,NÃO,NÃO,NÃO,NÃO,NÃO,NÃO,NÃO,NÃO,NÃO,NÃO,NÃO,NÃO,NÃO,SIM,NÃO,NÃO,NÃO,NÃO,NÃO,NÃO,NÃO,NÃO,NÃO,NÃO,NÃO,NÃO,NÃO,NÃO,NÃO,NÃO,NÃO,NÃO,NÃO,NÃO,NÃO,NÃO,NÃO,NÃO,NÃO,NÃO,NÃO,NÃO,NÃO,NÃO,NÃO,NÃO,NÃO,,
12/11/2019 14:11:21,2000,26/09/2000,Prefeito - BH 2000 084/00,SPOT,PREFEITO,,BH,SIM,Belo Horizonte,SIM,Sim,NÃO,SIM,SIM,NÃO,SIM,NÃO,NÃO,NÃO,SIM,NÃO,NÃO,SIM,NÃO,NÃO,NÃO,NÃO,NÃO,NÃO,NÃO,NÃO,NÃO,NÃO,NÃO,NÃO,NÃO,NÃO,NÃO,NÃO,NÃO,NÃO,NÃO,NÃO,NÃO,NÃO,NÃO,NÃO,NÃO,NÃO,NÃO,NÃO,NÃO,NÃO,NÃO,NÃO,NÃO,NÃO,NÃO,NÃO,NÃO,NÃO,NÃO,NÃO,NÃO,NÃO,NÃO,NÃO,NÃO,NÃO,NÃO,NÃO,NÃO,NÃO,NÃO,NÃO,NÃO,NÃO,NÃO,NÃO,NÃO,NÃO,NÃO,NÃO,NÃO,,
12/11/2019 14:21:42,2000,25/09/2000,Prefeito - BH 2000 085/00a,HGPE,PREFEITO,,BH,SIM,Belo Horizonte,SIM,Sim,NÃO,SIM,SIM,NÃO,SIM,NÃO,NÃO,NÃO,SIM,NÃO,NÃO,SIM,SIM,NÃO,NÃO,NÃO,NÃO,SIM,NÃO,NÃO,NÃO,NÃO,NÃO,NÃO,NÃO,SIM,SIM,NÃO,NÃO,NÃO,NÃO,NÃO,NÃO,NÃO,NÃO,NÃO,NÃO,NÃO,SIM,NÃO,NÃO,NÃO,NÃO,NÃO,NÃO,NÃO,NÃO,NÃO,NÃO,NÃO,NÃO,NÃO,NÃO,NÃO,NÃO,NÃO,NÃO,NÃO,NÃO,NÃO,NÃO,NÃO,NÃO,NÃO,NÃO,NÃO,NÃO,NÃO,NÃO,NÃO,NÃO,NÃO,NÃO,,
12/11/2019 14:25:14,2000,25/09/2000,Prefeito - BH 2000 085/00b,HGPE,PREFEITO,A gravação apresenta defeito,BH,SIM,Belo Horizonte,SIM,Não,NÃO,SIM,SIM,NÃO,NÃO,NÃO,NÃO,NÃO,SIM,NÃO,NÃO,NÃO,NÃO,NÃO,NÃO,NÃO,NÃO,NÃO,NÃO,NÃO,NÃO,NÃO,NÃO,NÃO,NÃO,SIM,NÃO,NÃO,NÃO,NÃO,NÃO,NÃO,NÃO,NÃO,NÃO,NÃO,NÃO,NÃO,NÃO,NÃO,NÃO,NÃO,NÃO,NÃO,NÃO,NÃO,NÃO,NÃO,NÃO,NÃO,NÃO,NÃO,NÃO,NÃO,NÃO,NÃO,NÃO,NÃO,NÃO,NÃO,NÃO,NÃO,NÃO,NÃO,NÃO,NÃO,NÃO,NÃO,NÃO,NÃO,NÃO,NÃO,NÃO,,
12/11/2019 14:56:56,2000,04/10/2000,Prefeito - BH 2000 086/00a,HGPE,PREFEITO,,BH,SIM,Belo Horizonte,SIM,Sim,NÃO,SIM,SIM,NÃO,SIM,NÃO,NÃO,NÃO,NÃO,NÃO,NÃO,SIM,NÃO,NÃO,NÃO,NÃO,NÃO,NÃO,NÃO,NÃO,NÃO,NÃO,NÃO,NÃO,NÃO,NÃO,NÃO,NÃO,NÃO,NÃO,NÃO,NÃO,NÃO,NÃO,NÃO,NÃO,NÃO,NÃO,NÃO,NÃO,NÃO,NÃO,NÃO,NÃO,NÃO,NÃO,NÃO,NÃO,NÃO,NÃO,NÃO,NÃO,NÃO,NÃO,NÃO,NÃO,NÃO,NÃO,NÃO,NÃO,NÃO,NÃO,NÃO,NÃO,NÃO,NÃO,NÃO,NÃO,NÃO,NÃO,NÃO,NÃO,NÃO,,
12/11/2019 15:00:28,2000,04/10/2000,Prefeito - BH 2000 086/00b,HGPE,PREFEITO,,BH,SIM,Belo Horizonte,SIM,Sim,NÃO,SIM,SIM,NÃO,SIM,NÃO,NÃO,NÃO,NÃO,NÃO,NÃO,SIM,NÃO,NÃO,NÃO,NÃO,NÃO,NÃO,NÃO,NÃO,NÃO,NÃO,NÃO,NÃO,NÃO,NÃO,NÃO,NÃO,NÃO,NÃO,NÃO,NÃO,NÃO,NÃO,NÃO,NÃO,NÃO,NÃO,NÃO,NÃO,NÃO,NÃO,NÃO,NÃO,NÃO,NÃO,NÃO,NÃO,NÃO,NÃO,NÃO,NÃO,NÃO,NÃO,NÃO,NÃO,NÃO,NÃO,NÃO,NÃO,NÃO,NÃO,NÃO,NÃO,NÃO,NÃO,NÃO,NÃO,NÃO,NÃO,NÃO,NÃO,NÃO,,
12/11/2019 15:07:59,2000,04/10/2000,Prefeito - BH 2000 087/00,SPOT,PREFEITO,,BH,SIM,Belo Horizonte,SIM,Sim,NÃO,SIM,SIM,NÃO,SIM,NÃO,NÃO,NÃO,NÃO,NÃO,NÃO,SIM,NÃO,NÃO,NÃO,NÃO,NÃO,NÃO,NÃO,NÃO,NÃO,NÃO,NÃO,NÃO,NÃO,NÃO,NÃO,NÃO,NÃO,NÃO,NÃO,NÃO,NÃO,NÃO,NÃO,NÃO,NÃO,NÃO,NÃO,NÃO,NÃO,NÃO,NÃO,NÃO,NÃO,NÃO,NÃO,NÃO,NÃO,NÃO,NÃO,NÃO,NÃO,NÃO,NÃO,NÃO,NÃO,NÃO,NÃO,NÃO,NÃO,NÃO,NÃO,NÃO,NÃO,NÃO,NÃO,NÃO,NÃO,NÃO,NÃO,NÃO,NÃO,,
12/11/2019 15:11:54,2000,09/10/2000,Prefeito - BH 2000 088/00b,HGPE,PREFEITO,,BH,SIM,Belo Horizonte,SIM,Sim,NÃO,SIM,SIM,NÃO,SIM,NÃO,NÃO,NÃO,NÃO,NÃO,NÃO,SIM,NÃO,NÃO,NÃO,NÃO,NÃO,NÃO,NÃO,NÃO,NÃO,NÃO,NÃO,NÃO,NÃO,NÃO,NÃO,NÃO,NÃO,NÃO,NÃO,NÃO,NÃO,NÃO,NÃO,NÃO,NÃO,NÃO,NÃO,NÃO,NÃO,NÃO,NÃO,NÃO,NÃO,NÃO,NÃO,NÃO,NÃO,NÃO,NÃO,NÃO,NÃO,NÃO,NÃO,NÃO,NÃO,NÃO,NÃO,NÃO,NÃO,NÃO,NÃO,NÃO,NÃO,NÃO,NÃO,NÃO,NÃO,NÃO,NÃO,NÃO,NÃO,,
12/11/2019 15:19:35,2000,09/10/2000,Prefeito - BH 2000 088/00c,HGPE,PREFEITO,,BH,SIM,Belo Horizonte,SIM,Sim,NÃO,SIM,SIM,NÃO,SIM,NÃO,NÃO,NÃO,NÃO,NÃO,NÃO,SIM,NÃO,NÃO,NÃO,NÃO,NÃO,NÃO,NÃO,NÃO,NÃO,NÃO,NÃO,NÃO,NÃO,NÃO,NÃO,NÃO,NÃO,NÃO,NÃO,NÃO,NÃO,NÃO,NÃO,NÃO,NÃO,NÃO,NÃO,NÃO,NÃO,NÃO,NÃO,NÃO,NÃO,NÃO,NÃO,NÃO,NÃO,NÃO,NÃO,NÃO,NÃO,NÃO,NÃO,NÃO,NÃO,NÃO,NÃO,NÃO,NÃO,NÃO,NÃO,NÃO,NÃO,NÃO,NÃO,NÃO,NÃO,NÃO,NÃO,NÃO,NÃO,,
12/11/2019 15:22:54,2000,09/10/2000,Prefeito - BH 2000 088/00d,HGPE,PREFEITO,,BH,SIM,Belo Horizonte,SIM,Sim,NÃO,SIM,SIM,NÃO,SIM,NÃO,NÃO,NÃO,NÃO,NÃO,NÃO,SIM,NÃO,NÃO,NÃO,NÃO,NÃO,NÃO,NÃO,NÃO,NÃO,NÃO,NÃO,NÃO,NÃO,NÃO,NÃO,NÃO,NÃO,NÃO,NÃO,NÃO,NÃO,NÃO,NÃO,NÃO,NÃO,NÃO,NÃO,NÃO,NÃO,NÃO,NÃO,NÃO,NÃO,NÃO,NÃO,NÃO,NÃO,NÃO,NÃO,NÃO,NÃO,NÃO,NÃO,NÃO,NÃO,NÃO,NÃO,NÃO,NÃO,NÃO,NÃO,NÃO,NÃO,NÃO,NÃO,NÃO,NÃO,NÃO,NÃO,NÃO,NÃO,,
12/11/2019 15:29:29,2000,15/10/2000,Prefeito - BH 2000 089/00a,HGPE,PREFEITO,,BH,SIM,Belo Horizonte,SIM,Sim,NÃO,SIM,SIM,NÃO,SIM,NÃO,NÃO,NÃO,NÃO,NÃO,NÃO,SIM,NÃO,NÃO,NÃO,NÃO,NÃO,NÃO,NÃO,NÃO,NÃO,NÃO,NÃO,NÃO,NÃO,NÃO,NÃO,NÃO,NÃO,NÃO,NÃO,NÃO,NÃO,NÃO,NÃO,NÃO,NÃO,NÃO,NÃO,NÃO,NÃO,NÃO,NÃO,NÃO,NÃO,NÃO,NÃO,NÃO,NÃO,NÃO,NÃO,NÃO,NÃO,NÃO,NÃO,NÃO,NÃO,NÃO,NÃO,NÃO,NÃO,NÃO,NÃO,NÃO,NÃO,NÃO,NÃO,NÃO,NÃO,NÃO,NÃO,NÃO,NÃO,,
12/11/2019 15:35:13,2000,15/10/2000,Prefeito - BH 2000 089/00b,HGPE,PREFEITO,,BH,SIM,Belo Horizonte,SIM,Sim,NÃO,SIM,SIM,NÃO,SIM,NÃO,NÃO,NÃO,NÃO,NÃO,NÃO,SIM,NÃO,NÃO,NÃO,NÃO,NÃO,NÃO,NÃO,NÃO,NÃO,NÃO,NÃO,NÃO,NÃO,NÃO,NÃO,NÃO,NÃO,NÃO,NÃO,NÃO,NÃO,NÃO,NÃO,NÃO,NÃO,NÃO,NÃO,NÃO,NÃO,NÃO,NÃO,NÃO,NÃO,NÃO,NÃO,NÃO,NÃO,NÃO,NÃO,NÃO,NÃO,NÃO,NÃO,NÃO,NÃO,NÃO,NÃO,NÃO,NÃO,NÃO,NÃO,NÃO,NÃO,NÃO,NÃO,NÃO,NÃO,NÃO,NÃO,NÃO,NÃO,,
12/11/2019 15:40:55,2000,15/10/2000,Prefeito - BH 2000 089/00c,HGPE,PREFEITO,,BH,SIM,Belo Horizonte,SIM,Sim,NÃO,SIM,SIM,NÃO,SIM,NÃO,NÃO,NÃO,NÃO,NÃO,NÃO,SIM,NÃO,NÃO,NÃO,NÃO,NÃO,NÃO,NÃO,NÃO,NÃO,NÃO,NÃO,NÃO,NÃO,NÃO,NÃO,NÃO,NÃO,NÃO,NÃO,NÃO,NÃO,NÃO,NÃO,NÃO,NÃO,NÃO,NÃO,NÃO,NÃO,NÃO,NÃO,NÃO,NÃO,NÃO,NÃO,NÃO,NÃO,NÃO,NÃO,NÃO,NÃO,NÃO,NÃO,NÃO,NÃO,NÃO,NÃO,NÃO,NÃO,NÃO,NÃO,NÃO,NÃO,NÃO,NÃO,NÃO,NÃO,NÃO,NÃO,NÃO,NÃO,,
12/11/2019 15:46:33,2000,15/10/2000,Prefeito - BH 2000 090/00,SPOT,PREFEITO,A gravação apresenta defeito,BH,SIM,Belo Horizonte,SIM,Sim,NÃO,SIM,SIM,NÃO,SIM,NÃO,NÃO,NÃO,NÃO,NÃO,NÃO,SIM,NÃO,NÃO,NÃO,NÃO,NÃO,NÃO,NÃO,NÃO,NÃO,NÃO,NÃO,NÃO,NÃO,NÃO,NÃO,NÃO,NÃO,NÃO,NÃO,NÃO,NÃO,NÃO,NÃO,NÃO,NÃO,NÃO,NÃO,NÃO,NÃO,NÃO,NÃO,NÃO,NÃO,NÃO,NÃO,NÃO,NÃO,NÃO,NÃO,NÃO,NÃO,NÃO,NÃO,NÃO,NÃO,NÃO,NÃO,NÃO,NÃO,NÃO,NÃO,NÃO,NÃO,NÃO,NÃO,NÃO,NÃO,NÃO,NÃO,NÃO,NÃO,,
12/11/2019 15:58:05,2000,21/10/2000,Prefeito - BH 2000 091/00a,HGPE,PREFEITO,,BH,SIM,Belo Horizonte,SIM,Sim,NÃO,SIM,SIM,NÃO,SIM,NÃO,NÃO,NÃO,NÃO,NÃO,NÃO,SIM,NÃO,NÃO,NÃO,NÃO,NÃO,NÃO,NÃO,NÃO,NÃO,NÃO,NÃO,NÃO,NÃO,NÃO,NÃO,NÃO,NÃO,NÃO,NÃO,NÃO,NÃO,NÃO,NÃO,NÃO,NÃO,NÃO,NÃO,NÃO,NÃO,NÃO,NÃO,NÃO,NÃO,NÃO,NÃO,NÃO,NÃO,NÃO,NÃO,NÃO,NÃO,NÃO,NÃO,NÃO,NÃO,NÃO,NÃO,NÃO,NÃO,NÃO,NÃO,NÃO,NÃO,NÃO,NÃO,NÃO,NÃO,NÃO,NÃO,NÃO,NÃO,,
12/11/2019 16:03:47,2000,21/10/2000,Prefeito - BH 2000 091/00b,HGPE,PREFEITO,,BH,SIM,Belo Horizonte,SIM,Sim,NÃO,SIM,SIM,NÃO,SIM,NÃO,NÃO,NÃO,NÃO,NÃO,NÃO,SIM,NÃO,NÃO,NÃO,NÃO,NÃO,NÃO,NÃO,NÃO,NÃO,NÃO,NÃO,NÃO,NÃO,NÃO,NÃO,NÃO,NÃO,NÃO,NÃO,NÃO,NÃO,NÃO,NÃO,NÃO,NÃO,NÃO,NÃO,NÃO,NÃO,NÃO,NÃO,NÃO,NÃO,NÃO,NÃO,NÃO,NÃO,NÃO,NÃO,NÃO,NÃO,NÃO,NÃO,NÃO,NÃO,NÃO,NÃO,NÃO,NÃO,NÃO,NÃO,NÃO,NÃO,NÃO,NÃO,NÃO,NÃO,NÃO,NÃO,NÃO,NÃO,,
12/11/2019 16:09:51,2000,22/10/2000,Prefeito - BH 2000 092/00,SPOT,PREFEITO,A gravação apresenta defeito,BH,SIM,Belo Horizonte,SIM,Sim,NÃO,SIM,SIM,NÃO,SIM,NÃO,NÃO,NÃO,NÃO,NÃO,NÃO,SIM,NÃO,NÃO,NÃO,NÃO,NÃO,NÃO,NÃO,NÃO,NÃO,NÃO,NÃO,NÃO,NÃO,NÃO,NÃO,NÃO,NÃO,NÃO,NÃO,NÃO,NÃO,NÃO,NÃO,NÃO,NÃO,NÃO,NÃO,NÃO,NÃO,NÃO,NÃO,NÃO,NÃO,NÃO,NÃO,NÃO,NÃO,NÃO,NÃO,NÃO,NÃO,NÃO,NÃO,NÃO,NÃO,NÃO,NÃO,NÃO,NÃO,NÃO,NÃO,NÃO,NÃO,NÃO,NÃO,NÃO,NÃO,NÃO,NÃO,NÃO,NÃO,,
12/11/2019 16:15:04,2000,27/10/2000,Prefeito - BH 2000 093/00,HGPE,PREFEITO,,BH,SIM,Belo Horizonte,SIM,Sim,NÃO,SIM,SIM,NÃO,SIM,NÃO,NÃO,NÃO,NÃO,NÃO,NÃO,SIM,NÃO,NÃO,NÃO,NÃO,NÃO,NÃO,NÃO,NÃO,NÃO,NÃO,NÃO,NÃO,NÃO,NÃO,NÃO,NÃO,NÃO,NÃO,NÃO,NÃO,NÃO,NÃO,NÃO,NÃO,NÃO,NÃO,NÃO,NÃO,NÃO,NÃO,NÃO,NÃO,NÃO,NÃO,NÃO,NÃO,NÃO,NÃO,NÃO,NÃO,NÃO,NÃO,NÃO,NÃO,NÃO,NÃO,NÃO,NÃO,NÃO,NÃO,NÃO,NÃO,NÃO,NÃO,NÃO,NÃO,NÃO,NÃO,NÃO,NÃO,NÃO,,
12/11/2019 16:57:38,2000,19/09/2000,Vereador - BH 2000 094/00a,HGPE,VEREADOR,,BH,SIM,Belo Horizonte,SIM,Sim,NÃO,SIM,SIM,SIM,SIM,SIM,SIM,NÃO,SIM,SIM,NÃO,SIM,SIM,SIM,SIM,SIM,NÃO,SIM,SIM,SIM,NÃO,SIM,SIM,NÃO,SIM,SIM,SIM,NÃO,NÃO,NÃO,NÃO,NÃO,NÃO,NÃO,NÃO,NÃO,NÃO,SIM,SIM,SIM,SIM,NÃO,NÃO,NÃO,NÃO,NÃO,NÃO,SIM,NÃO,NÃO,NÃO,NÃO,SIM,NÃO,NÃO,NÃO,NÃO,NÃO,NÃO,NÃO,NÃO,NÃO,NÃO,NÃO,NÃO,NÃO,NÃO,NÃO,NÃO,NÃO,NÃO,NÃO,NÃO,,
12/11/2019 17:15:41,2000,19/09/2000,Vereador - BH 2000 094/00b,HGPE,VEREADOR,,BH,SIM,Belo Horizonte,SIM,Sim,NÃO,SIM,SIM,SIM,SIM,SIM,SIM,NÃO,SIM,SIM,NÃO,SIM,NÃO,SIM,SIM,SIM,NÃO,SIM,SIM,SIM,NÃO,NÃO,SIM,NÃO,SIM,SIM,SIM,NÃO,NÃO,NÃO,NÃO,NÃO,NÃO,NÃO,NÃO,NÃO,NÃO,SIM,SIM,SIM,SIM,NÃO,NÃO,NÃO,NÃO,NÃO,NÃO,SIM,NÃO,NÃO,NÃO,NÃO,SIM,NÃO,NÃO,NÃO,NÃO,NÃO,NÃO,NÃO,NÃO,NÃO,NÃO,NÃO,NÃO,NÃO,NÃO,NÃO,NÃO,NÃO,NÃO,NÃO,NÃO,,
12/11/2019 17:36:39,2000,21/08/2000,Vereador - BH 2000 095/00a,HGPE,VEREADOR,,BH,SIM,Belo Horizonte,SIM,Sim,NÃO,SIM,SIM,SIM,SIM,SIM,SIM,NÃO,SIM,SIM,NÃO,SIM,SIM,SIM,SIM,SIM,NÃO,SIM,SIM,SIM,NÃO,SIM,SIM,NÃO,SIM,SIM,NÃO,NÃO,NÃO,NÃO,NÃO,NÃO,NÃO,NÃO,NÃO,NÃO,NÃO,SIM,SIM,SIM,SIM,NÃO,NÃO,NÃO,NÃO,NÃO,NÃO,SIM,SIM,NÃO,NÃO,NÃO,SIM,NÃO,NÃO,NÃO,NÃO,NÃO,NÃO,NÃO,NÃO,NÃO,NÃO,NÃO,NÃO,NÃO,NÃO,NÃO,NÃO,NÃO,NÃO,NÃO,NÃO,,
12/11/2019 17:54:17,2000,21/08/2000,Vereador - BH 2000 095/00b,HGPE,VEREADOR,,BH,SIM,Belo Horizonte,SIM,Sim,NÃO,SIM,SIM,SIM,SIM,SIM,SIM,NÃO,SIM,SIM,NÃO,SIM,SIM,SIM,SIM,SIM,NÃO,SIM,SIM,SIM,NÃO,SIM,SIM,NÃO,SIM,SIM,NÃO,NÃO,NÃO,NÃO,NÃO,NÃO,NÃO,NÃO,NÃO,NÃO,NÃO,SIM,SIM,SIM,NÃO,NÃO,NÃO,NÃO,NÃO,NÃO,NÃO,NÃO,NÃO,NÃO,NÃO,NÃO,SIM,NÃO,NÃO,NÃO,NÃO,NÃO,NÃO,NÃO,NÃO,NÃO,NÃO,NÃO,NÃO,NÃO,NÃO,NÃO,NÃO,NÃO,NÃO,NÃO,NÃO,,
12/11/2019 18:17:45,2000,18/09/2000,Prefeito - BH 2000 096/00,HGPE,PREFEITO,,BH,SIM,Belo Horizonte,SIM,Sim,NÃO,SIM,SIM,NÃO,SIM,NÃO,NÃO,NÃO,SIM,NÃO,NÃO,NÃO,SIM,NÃO,NÃO,NÃO,NÃO,NÃO,NÃO,NÃO,NÃO,NÃO,NÃO,NÃO,NÃO,NÃO,NÃO,NÃO,NÃO,NÃO,NÃO,NÃO,NÃO,NÃO,NÃO,NÃO,NÃO,NÃO,SIM,NÃO,NÃO,NÃO,NÃO,NÃO,NÃO,NÃO,NÃO,NÃO,NÃO,NÃO,NÃO,NÃO,NÃO,NÃO,NÃO,NÃO,NÃO,NÃO,NÃO,NÃO,NÃO,NÃO,NÃO,NÃO,NÃO,NÃO,NÃO,NÃO,NÃO,NÃO,NÃO,NÃO,NÃO,,
12/11/2019 18:38:51,2000,12/01/2000,Prefeito - Salvador 100/00a,HGPE,PREFEITO,,BA,SIM,Salvador,NÃO,Sim,NÃO,SIM,SIM,SIM,SIM,SIM,NÃO,NÃO,NÃO,NÃO,NÃO,NÃO,NÃO,NÃO,NÃO,NÃO,NÃO,NÃO,NÃO,NÃO,NÃO,NÃO,NÃO,NÃO,NÃO,SIM,NÃO,NÃO,NÃO,NÃO,NÃO,NÃO,NÃO,NÃO,NÃO,NÃO,NÃO,NÃO,NÃO,SIM,NÃO,NÃO,NÃO,NÃO,NÃO,NÃO,NÃO,NÃO,NÃO,NÃO,NÃO,NÃO,NÃO,NÃO,NÃO,NÃO,NÃO,NÃO,NÃO,NÃO,NÃO,NÃO,NÃO,NÃO,NÃO,NÃO,NÃO,NÃO,NÃO,NÃO,NÃO,NÃO,NÃO,,
12/11/2019 18:49:14,2000,12/01/2000,Prefeito - Salvador 100/00b,HGPE,PREFEITO,,BA,SIM,Salvador,NÃO,Sim,NÃO,SIM,SIM,SIM,SIM,SIM,NÃO,NÃO,NÃO,NÃO,NÃO,NÃO,NÃO,NÃO,NÃO,NÃO,NÃO,NÃO,NÃO,NÃO,NÃO,NÃO,NÃO,NÃO,NÃO,SIM,NÃO,NÃO,NÃO,NÃO,NÃO,NÃO,NÃO,NÃO,NÃO,NÃO,NÃO,NÃO,NÃO,SIM,NÃO,NÃO,NÃO,NÃO,NÃO,NÃO,NÃO,NÃO,NÃO,NÃO,NÃO,NÃO,NÃO,NÃO,NÃO,NÃO,NÃO,NÃO,NÃO,NÃO,NÃO,NÃO,NÃO,NÃO,NÃO,NÃO,NÃO,NÃO,NÃO,NÃO,NÃO,NÃO,NÃO,,
12/11/2019 18:54:16,2000,12/02/2000,Prefeito - Salvador 100/00d,HGPE,PREFEITO,,BA,SIM,Salvador,NÃO,Sim,NÃO,SIM,SIM,SIM,SIM,SIM,NÃO,NÃO,NÃO,NÃO,NÃO,NÃO,NÃO,NÃO,NÃO,NÃO,NÃO,NÃO,NÃO,NÃO,NÃO,NÃO,NÃO,NÃO,NÃO,SIM,NÃO,NÃO,NÃO,NÃO,NÃO,NÃO,NÃO,NÃO,NÃO,NÃO,NÃO,NÃO,NÃO,SIM,NÃO,NÃO,NÃO,NÃO,NÃO,NÃO,NÃO,NÃO,NÃO,NÃO,NÃO,NÃO,NÃO,NÃO,NÃO,NÃO,NÃO,NÃO,NÃO,NÃO,NÃO,NÃO,NÃO,NÃO,NÃO,NÃO,NÃO,NÃO,NÃO,NÃO,NÃO,NÃO,NÃO,,
12/11/2019 19:02:36,2000,01/09/2000,Prefeito - Salvador 101/00a,HGPE,PREFEITO,,BA,SIM,Salvador,SIM,Sim,NÃO,SIM,SIM,SIM,SIM,SIM,NÃO,NÃO,NÃO,NÃO,NÃO,NÃO,NÃO,NÃO,NÃO,NÃO,NÃO,NÃO,NÃO,NÃO,NÃO,NÃO,NÃO,NÃO,NÃO,SIM,NÃO,NÃO,NÃO,NÃO,NÃO,NÃO,NÃO,NÃO,NÃO,NÃO,NÃO,NÃO,NÃO,SIM,NÃO,NÃO,NÃO,NÃO,NÃO,NÃO,NÃO,NÃO,NÃO,NÃO,NÃO,NÃO,NÃO,NÃO,NÃO,NÃO,NÃO,NÃO,NÃO,NÃO,NÃO,NÃO,NÃO,NÃO,NÃO,NÃO,NÃO,NÃO,NÃO,NÃO,NÃO,NÃO,NÃO,,
12/11/2019 19:11:25,2000,01/09/2000,Prefeito - Salvador 101/00b,HGPE,PREFEITO,,BA,SIM,Salvador,SIM,Sim,NÃO,SIM,SIM,SIM,SIM,SIM,NÃO,NÃO,NÃO,NÃO,NÃO,NÃO,NÃO,NÃO,NÃO,NÃO,NÃO,NÃO,NÃO,NÃO,NÃO,NÃO,NÃO,NÃO,NÃO,SIM,NÃO,NÃO,NÃO,NÃO,NÃO,NÃO,NÃO,NÃO,NÃO,NÃO,NÃO,NÃO,NÃO,SIM,NÃO,NÃO,NÃO,NÃO,NÃO,NÃO,NÃO,NÃO,NÃO,NÃO,NÃO,NÃO,NÃO,NÃO,NÃO,NÃO,NÃO,NÃO,NÃO,NÃO,NÃO,NÃO,NÃO,NÃO,NÃO,NÃO,NÃO,NÃO,NÃO,NÃO,NÃO,NÃO,NÃO,,
12/11/2019 19:16:14,2000,01/09/2000,Prefeito - Salvador 101/00c,HGPE,PREFEITO,,BA,SIM,Salvador,SIM,Sim,NÃO,SIM,SIM,SIM,SIM,SIM,NÃO,NÃO,NÃO,NÃO,NÃO,NÃO,NÃO,NÃO,NÃO,NÃO,NÃO,NÃO,NÃO,NÃO,NÃO,NÃO,NÃO,NÃO,NÃO,SIM,NÃO,NÃO,NÃO,NÃO,NÃO,NÃO,NÃO,NÃO,NÃO,NÃO,NÃO,NÃO,NÃO,SIM,NÃO,NÃO,NÃO,NÃO,NÃO,NÃO,NÃO,NÃO,NÃO,NÃO,NÃO,NÃO,NÃO,NÃO,NÃO,NÃO,NÃO,NÃO,NÃO,NÃO,NÃO,NÃO,NÃO,NÃO,NÃO,NÃO,NÃO,NÃO,NÃO,NÃO,NÃO,NÃO,NÃO,,
12/11/2019 19:22:29,2000,01/09/2000,Prefeito - Salvador 101/00d,HGPE,PREFEITO,,BA,SIM,Salvador,SIM,Sim,NÃO,SIM,SIM,SIM,SIM,SIM,NÃO,NÃO,NÃO,NÃO,NÃO,NÃO,NÃO,NÃO,NÃO,NÃO,NÃO,NÃO,NÃO,NÃO,NÃO,NÃO,NÃO,NÃO,NÃO,NÃO,NÃO,NÃO,NÃO,NÃO,NÃO,NÃO,NÃO,NÃO,NÃO,NÃO,NÃO,NÃO,NÃO,SIM,NÃO,NÃO,NÃO,NÃO,NÃO,NÃO,NÃO,NÃO,NÃO,NÃO,NÃO,NÃO,NÃO,NÃO,NÃO,NÃO,NÃO,NÃO,NÃO,NÃO,NÃO,NÃO,NÃO,NÃO,NÃO,NÃO,NÃO,NÃO,NÃO,NÃO,NÃO,NÃO,NÃO,,
12/11/2019 19:28:31,2000,18/09/2000,Prefeito - Salvador 102/00a,HGPE,PREFEITO,,BA,SIM,Salvador,SIM,Sim,NÃO,SIM,SIM,SIM,SIM,SIM,NÃO,NÃO,NÃO,NÃO,NÃO,NÃO,NÃO,NÃO,NÃO,NÃO,NÃO,NÃO,NÃO,NÃO,NÃO,NÃO,NÃO,NÃO,NÃO,SIM,NÃO,NÃO,NÃO,NÃO,NÃO,NÃO,NÃO,NÃO,NÃO,NÃO,NÃO,NÃO,NÃO,SIM,NÃO,NÃO,NÃO,NÃO,NÃO,NÃO,NÃO,NÃO,NÃO,NÃO,NÃO,NÃO,NÃO,NÃO,NÃO,NÃO,NÃO,NÃO,NÃO,NÃO,NÃO,NÃO,NÃO,NÃO,NÃO,NÃO,NÃO,NÃO,NÃO,NÃO,NÃO,NÃO,NÃO,,
12/12/2019 11:36:06,2000,18/09/2000,Prefeito - Salvador 102/00b,HGPE,PREFEITO,,BA,SIM,Salvador,SIM,Sim,NÃO,SIM,SIM,SIM,SIM,SIM,NÃO,NÃO,NÃO,NÃO,NÃO,NÃO,NÃO,NÃO,NÃO,NÃO,NÃO,NÃO,NÃO,NÃO,NÃO,NÃO,NÃO,NÃO,NÃO,SIM,NÃO,NÃO,NÃO,NÃO,NÃO,NÃO,NÃO,NÃO,NÃO,NÃO,NÃO,NÃO,NÃO,SIM,NÃO,NÃO,NÃO,NÃO,NÃO,NÃO,NÃO,NÃO,NÃO,NÃO,NÃO,NÃO,NÃO,NÃO,NÃO,NÃO,NÃO,NÃO,NÃO,NÃO,NÃO,NÃO,NÃO,NÃO,NÃO,NÃO,NÃO,NÃO,NÃO,NÃO,NÃO,NÃO,NÃO,,
12/12/2019 11:45:43,2000,18/09/2000,Prefeito - Salvador 102/00c,HGPE,PREFEITO,,BA,SIM,Salvador,SIM,Sim,NÃO,SIM,SIM,SIM,SIM,SIM,NÃO,NÃO,NÃO,NÃO,NÃO,NÃO,NÃO,NÃO,NÃO,NÃO,NÃO,NÃO,NÃO,NÃO,NÃO,NÃO,NÃO,NÃO,NÃO,SIM,NÃO,NÃO,NÃO,NÃO,NÃO,NÃO,NÃO,NÃO,NÃO,NÃO,NÃO,NÃO,NÃO,SIM,NÃO,NÃO,NÃO,NÃO,NÃO,NÃO,NÃO,NÃO,NÃO,NÃO,NÃO,NÃO,NÃO,NÃO,NÃO,NÃO,NÃO,NÃO,NÃO,NÃO,NÃO,NÃO,NÃO,NÃO,NÃO,NÃO,NÃO,NÃO,NÃO,NÃO,NÃO,NÃO,NÃO,,
12/12/2019 12:22:54,2000,15/08/2000,Vereador - Salvador 103/00a,HGPE,PREFEITO,,BA,SIM,Salvador,SIM,Sim,NÃO,SIM,SIM,SIM,SIM,SIM,NÃO,NÃO,SIM,NÃO,NÃO,SIM,NÃO,NÃO,SIM,NÃO,NÃO,SIM,SIM,SIM,NÃO,NÃO,SIM,SIM,NÃO,SIM,NÃO,SIM,NÃO,NÃO,NÃO,NÃO,NÃO,NÃO,NÃO,NÃO,NÃO,SIM,SIM,SIM,SIM,NÃO,NÃO,NÃO,NÃO,NÃO,NÃO,NÃO,NÃO,NÃO,NÃO,NÃO,NÃO,NÃO,NÃO,NÃO,NÃO,NÃO,NÃO,NÃO,NÃO,NÃO,NÃO,NÃO,NÃO,NÃO,NÃO,NÃO,NÃO,NÃO,NÃO,NÃO,NÃO,,
12/12/2019 12:38:48,2000,15/08/2000,Bahia 103/00a,HGPE,PREFEITO,,BA,SIM,Salvador,SIM,Sim,NÃO,SIM,SIM,SIM,SIM,SIM,NÃO,NÃO,NÃO,NÃO,NÃO,NÃO,NÃO,NÃO,NÃO,NÃO,NÃO,NÃO,NÃO,NÃO,NÃO,NÃO,NÃO,NÃO,NÃO,SIM,NÃO,NÃO,NÃO,NÃO,NÃO,NÃO,NÃO,NÃO,NÃO,NÃO,NÃO,NÃO,NÃO,SIM,SIM,NÃO,NÃO,NÃO,NÃO,NÃO,NÃO,NÃO,NÃO,NÃO,NÃO,NÃO,NÃO,NÃO,NÃO,NÃO,NÃO,NÃO,NÃO,NÃO,NÃO,NÃO,NÃO,NÃO,NÃO,NÃO,NÃO,NÃO,NÃO,NÃO,NÃO,NÃO,NÃO,,
12/12/2019 12:53:43,2000,15/08/2000,Vereador - Salvador 103/00b,HGPE,VEREADOR,,BA,SIM,Salvador,SIM,Sim,NÃO,SIM,SIM,SIM,SIM,SIM,SIM,NÃO,SIM,NÃO,NÃO,SIM,NÃO,NÃO,SIM,NÃO,NÃO,NÃO,NÃO,NÃO,NÃO,NÃO,SIM,SIM,NÃO,SIM,SIM,SIM,NÃO,NÃO,NÃO,NÃO,NÃO,NÃO,NÃO,NÃO,NÃO,SIM,SIM,SIM,NÃO,NÃO,NÃO,NÃO,NÃO,NÃO,NÃO,NÃO,NÃO,NÃO,NÃO,NÃO,NÃO,NÃO,NÃO,NÃO,NÃO,NÃO,NÃO,NÃO,NÃO,NÃO,NÃO,NÃO,NÃO,NÃO,NÃO,NÃO,NÃO,NÃO,NÃO,NÃO,NÃO,,
12/12/2019 13:08:43,2000,15/08/2000,Bahia 103/00b,HGPE,PREFEITO,,BA,SIM,Salvador,SIM,Sim,NÃO,SIM,SIM,SIM,SIM,SIM,NÃO,NÃO,NÃO,NÃO,NÃO,NÃO,NÃO,NÃO,NÃO,NÃO,NÃO,NÃO,NÃO,NÃO,NÃO,NÃO,NÃO,NÃO,NÃO,NÃO,NÃO,NÃO,NÃO,NÃO,NÃO,NÃO,NÃO,NÃO,NÃO,NÃO,NÃO,NÃO,NÃO,SIM,NÃO,NÃO,NÃO,NÃO,NÃO,NÃO,NÃO,NÃO,NÃO,NÃO,NÃO,NÃO,NÃO,NÃO,NÃO,NÃO,NÃO,NÃO,NÃO,NÃO,NÃO,NÃO,NÃO,NÃO,NÃO,NÃO,NÃO,NÃO,NÃO,NÃO,NÃO,NÃO,NÃO,,
12/12/2019 13:38:45,2000,15/08/2000,Vereador - Salvador 103/00c,HGPE,VEREADOR,,BA,SIM,Salvador,SIM,Sim,NÃO,SIM,SIM,SIM,SIM,SIM,SIM,NÃO,SIM,SIM,NÃO,SIM,NÃO,NÃO,SIM,NÃO,NÃO,SIM,SIM,NÃO,NÃO,NÃO,SIM,SIM,NÃO,SIM,SIM,SIM,NÃO,NÃO,NÃO,NÃO,NÃO,NÃO,NÃO,NÃO,NÃO,SIM,SIM,SIM,SIM,NÃO,NÃO,NÃO,NÃO,NÃO,NÃO,NÃO,NÃO,NÃO,NÃO,NÃO,NÃO,NÃO,NÃO,NÃO,NÃO,NÃO,NÃO,NÃO,NÃO,NÃO,NÃO,NÃO,NÃO,NÃO,NÃO,NÃO,NÃO,NÃO,NÃO,NÃO,NÃO,,
12/12/2019 13:58:00,2000,15/08/2000,Vereador - Salvador 103/00d,HGPE,VEREADOR,,BA,SIM,Salvador,SIM,Sim,NÃO,SIM,SIM,SIM,SIM,SIM,SIM,NÃO,SIM,NÃO,NÃO,SIM,NÃO,NÃO,SIM,NÃO,NÃO,SIM,SIM,NÃO,NÃO,NÃO,SIM,SIM,NÃO,SIM,NÃO,NÃO,NÃO,NÃO,NÃO,NÃO,NÃO,NÃO,NÃO,NÃO,NÃO,SIM,SIM,SIM,NÃO,NÃO,NÃO,NÃO,NÃO,NÃO,NÃO,SIM,SIM,NÃO,NÃO,NÃO,NÃO,NÃO,NÃO,NÃO,NÃO,NÃO,NÃO,NÃO,NÃO,NÃO,NÃO,NÃO,NÃO,NÃO,NÃO,NÃO,NÃO,NÃO,NÃO,NÃO,NÃO,,
12/12/2019 14:24:50,2000,02/09/2000,Vereador - Salvador 104/00,HGPE,VEREADOR,A gravação está ruim e com ruído ,BA,SIM,Salvador,SIM,Sim,NÃO,SIM,SIM,SIM,SIM,SIM,SIM,NÃO,SIM,SIM,NÃO,SIM,NÃO,NÃO,SIM,NÃO,NÃO,SIM,SIM,NÃO,NÃO,NÃO,SIM,SIM,NÃO,NÃO,NÃO,SIM,NÃO,NÃO,NÃO,NÃO,NÃO,NÃO,NÃO,NÃO,NÃO,SIM,SIM,SIM,NÃO,NÃO,NÃO,NÃO,NÃO,NÃO,NÃO,NÃO,SIM,NÃO,NÃO,NÃO,SIM,NÃO,NÃO,NÃO,NÃO,NÃO,NÃO,NÃO,NÃO,NÃO,NÃO,NÃO,NÃO,NÃO,NÃO,NÃO,NÃO,NÃO,NÃO,NÃO,NÃO,,
12/12/2019 14:37:04,2000,02/09/2000,Vereador 2000 104/00b,HGPE,VEREADOR,,BA,SIM,Salvador,SIM,Sim,NÃO,SIM,SIM,SIM,SIM,SIM,SIM,NÃO,SIM,NÃO,NÃO,SIM,NÃO,NÃO,SIM,NÃO,NÃO,SIM,NÃO,NÃO,NÃO,NÃO,SIM,SIM,NÃO,SIM,NÃO,SIM,NÃO,NÃO,NÃO,NÃO,NÃO,NÃO,NÃO,NÃO,NÃO,NÃO,SIM,SIM,NÃO,NÃO,NÃO,NÃO,NÃO,NÃO,NÃO,NÃO,SIM,NÃO,NÃO,NÃO,NÃO,NÃO,NÃO,NÃO,NÃO,NÃO,NÃO,NÃO,NÃO,NÃO,NÃO,NÃO,NÃO,NÃO,NÃO,NÃO,NÃO,NÃO,NÃO,NÃO,NÃO,,
12/12/2019 15:25:38,2000,02/09/2000,Vereador - Salvador 104/00c,HGPE,VEREADOR,,BA,SIM,Salvador,SIM,Sim,NÃO,SIM,SIM,SIM,SIM,SIM,SIM,NÃO,SIM,SIM,NÃO,NÃO,NÃO,SIM,SIM,NÃO,NÃO,SIM,NÃO,NÃO,NÃO,NÃO,SIM,SIM,NÃO,SIM,NÃO,SIM,NÃO,NÃO,NÃO,NÃO,NÃO,NÃO,NÃO,NÃO,NÃO,SIM,SIM,SIM,NÃO,NÃO,NÃO,NÃO,NÃO,NÃO,NÃO,NÃO,SIM,NÃO,NÃO,NÃO,SIM,NÃO,NÃO,NÃO,NÃO,NÃO,NÃO,NÃO,NÃO,NÃO,NÃO,NÃO,NÃO,NÃO,NÃO,NÃO,NÃO,NÃO,NÃO,NÃO,NÃO,,
12/12/2019 16:03:49,2000,15/08/2000,Vereador 104/00b,HGPE,VEREADOR,Parte da gravação apresenta defeito,BA,SIM,Salvador,SIM,Sim,NÃO,SIM,SIM,SIM,SIM,SIM,NÃO,NÃO,NÃO,NÃO,NÃO,SIM,NÃO,SIM,SIM,NÃO,NÃO,SIM,SIM,NÃO,NÃO,NÃO,SIM,SIM,NÃO,SIM,NÃO,NÃO,NÃO,NÃO,NÃO,NÃO,NÃO,NÃO,NÃO,NÃO,NÃO,SIM,SIM,SIM,SIM,NÃO,NÃO,NÃO,NÃO,NÃO,NÃO,NÃO,SIM,NÃO,NÃO,NÃO,SIM,NÃO,NÃO,NÃO,NÃO,NÃO,NÃO,NÃO,NÃO,NÃO,NÃO,NÃO,NÃO,NÃO,NÃO,NÃO,NÃO,NÃO,NÃO,NÃO,NÃO,,
12/12/2019 16:29:32,2000,18/09/2000,Vereador - Salvador 105/00a,HGPE,VEREADOR,,BA,SIM,Salvador,SIM,Sim,NÃO,SIM,SIM,SIM,SIM,SIM,SIM,NÃO,SIM,NÃO,NÃO,SIM,NÃO,SIM,SIM,NÃO,NÃO,SIM,SIM,NÃO,NÃO,NÃO,NÃO,SIM,NÃO,SIM,NÃO,NÃO,NÃO,NÃO,NÃO,NÃO,NÃO,NÃO,NÃO,NÃO,NÃO,SIM,SIM,SIM,NÃO,NÃO,NÃO,NÃO,NÃO,NÃO,NÃO,NÃO,SIM,NÃO,NÃO,NÃO,SIM,NÃO,NÃO,NÃO,NÃO,NÃO,NÃO,NÃO,NÃO,NÃO,NÃO,NÃO,NÃO,NÃO,NÃO,NÃO,NÃO,NÃO,NÃO,NÃO,NÃO,,
12/13/2019 15:30:46,2000,18/09/2000,Vereador - Salvador 105/00b,HGPE,"PREFEITO, VEREADOR",,BA,SIM,Salvador,SIM,Sim,NÃO,SIM,SIM,SIM,SIM,SIM,SIM,NÃO,SIM,SIM,NÃO,SIM,NÃO,SIM,SIM,NÃO,NÃO,SIM,SIM,NÃO,NÃO,NÃO,SIM,SIM,NÃO,SIM,SIM,NÃO,NÃO,NÃO,NÃO,NÃO,NÃO,NÃO,NÃO,NÃO,NÃO,SIM,SIM,SIM,NÃO,SIM,NÃO,NÃO,NÃO,NÃO,NÃO,SIM,SIM,NÃO,NÃO,NÃO,SIM,NÃO,NÃO,NÃO,NÃO,NÃO,NÃO,NÃO,NÃO,NÃO,NÃO,NÃO,NÃO,NÃO,NÃO,NÃO,NÃO,NÃO,NÃO,NÃO,NÃO,,
12/13/2019 15:47:58,2000,01/09/2000,Eleitorais Bahia 106/00 e 107/00,HGPE,PREFEITO,,BA,SIM,Salvador,SIM,Sim,NÃO,SIM,SIM,SIM,SIM,SIM,NÃO,NÃO,NÃO,NÃO,NÃO,NÃO,NÃO,NÃO,NÃO,NÃO,NÃO,NÃO,NÃO,NÃO,NÃO,NÃO,NÃO,NÃO,NÃO,NÃO,NÃO,NÃO,NÃO,NÃO,NÃO,NÃO,NÃO,NÃO,NÃO,NÃO,NÃO,NÃO,NÃO,SIM,NÃO,NÃO,NÃO,NÃO,NÃO,NÃO,NÃO,NÃO,NÃO,NÃO,NÃO,NÃO,NÃO,NÃO,NÃO,NÃO,NÃO,NÃO,NÃO,NÃO,NÃO,NÃO,NÃO,NÃO,NÃO,NÃO,NÃO,NÃO,NÃO,NÃO,NÃO,NÃO,NÃO,,
12/13/2019 15:53:36,2000,10/10/2000,2º turno 110/00a,HGPE,PREFEITO,,RJ,SIM,Rio de Janeiro,SIM,Sim,NÃO,SIM,SIM,NÃO,NÃO,NÃO,NÃO,NÃO,NÃO,NÃO,NÃO,NÃO,NÃO,NÃO,SIM,NÃO,NÃO,NÃO,NÃO,NÃO,NÃO,NÃO,NÃO,NÃO,NÃO,NÃO,NÃO,NÃO,NÃO,NÃO,NÃO,NÃO,NÃO,NÃO,NÃO,NÃO,NÃO,NÃO,NÃO,SIM,NÃO,NÃO,NÃO,NÃO,NÃO,NÃO,NÃO,NÃO,NÃO,NÃO,NÃO,NÃO,NÃO,NÃO,NÃO,NÃO,NÃO,NÃO,NÃO,NÃO,NÃO,NÃO,NÃO,NÃO,NÃO,NÃO,NÃO,NÃO,NÃO,NÃO,NÃO,NÃO,NÃO,,
12/13/2019 15:58:10,2000,10/10/2000,2º turno 110/00b,HGPE,PREFEITO,,RJ,SIM,Rio de Janeiro,SIM,Sim,NÃO,SIM,SIM,NÃO,NÃO,NÃO,NÃO,NÃO,NÃO,NÃO,NÃO,NÃO,NÃO,NÃO,SIM,NÃO,NÃO,NÃO,NÃO,NÃO,NÃO,NÃO,NÃO,NÃO,NÃO,NÃO,NÃO,NÃO,NÃO,NÃO,NÃO,NÃO,NÃO,NÃO,NÃO,NÃO,NÃO,NÃO,NÃO,SIM,NÃO,NÃO,NÃO,NÃO,NÃO,NÃO,NÃO,NÃO,NÃO,NÃO,NÃO,NÃO,NÃO,NÃO,NÃO,NÃO,NÃO,NÃO,NÃO,NÃO,NÃO,NÃO,NÃO,NÃO,NÃO,NÃO,NÃO,NÃO,NÃO,NÃO,NÃO,NÃO,NÃO,,
12/13/2019 16:12:04,2000,10/10/2000,2º turno 111/00,SPOT,PREFEITO,,RJ,SIM,Rio de Janeiro,SIM,Sim,NÃO,SIM,SIM,NÃO,NÃO,NÃO,NÃO,NÃO,NÃO,NÃO,NÃO,NÃO,NÃO,NÃO,SIM,NÃO,NÃO,NÃO,NÃO,NÃO,NÃO,NÃO,NÃO,NÃO,NÃO,NÃO,NÃO,NÃO,NÃO,NÃO,NÃO,NÃO,NÃO,NÃO,NÃO,NÃO,NÃO,NÃO,NÃO,SIM,NÃO,NÃO,NÃO,NÃO,NÃO,NÃO,NÃO,NÃO,NÃO,NÃO,NÃO,NÃO,NÃO,NÃO,NÃO,NÃO,NÃO,NÃO,NÃO,NÃO,NÃO,NÃO,NÃO,NÃO,NÃO,NÃO,NÃO,NÃO,NÃO,NÃO,NÃO,NÃO,NÃO,,
12/13/2019 16:16:25,2000,14/10/2000,2º turno 112/00,HGPE,PREFEITO,,RJ,SIM,Rio de Janeiro,SIM,Sim,NÃO,SIM,SIM,NÃO,NÃO,NÃO,NÃO,NÃO,NÃO,NÃO,NÃO,NÃO,NÃO,NÃO,SIM,NÃO,NÃO,NÃO,NÃO,NÃO,NÃO,NÃO,NÃO,NÃO,NÃO,NÃO,NÃO,NÃO,NÃO,NÃO,NÃO,NÃO,NÃO,NÃO,NÃO,NÃO,NÃO,NÃO,NÃO,SIM,NÃO,NÃO,NÃO,NÃO,NÃO,NÃO,NÃO,NÃO,NÃO,NÃO,NÃO,NÃO,NÃO,NÃO,NÃO,NÃO,NÃO,NÃO,NÃO,NÃO,NÃO,NÃO,NÃO,NÃO,NÃO,NÃO,NÃO,NÃO,NÃO,NÃO,NÃO,NÃO,NÃO,,
12/13/2019 16:21:15,2000,16/10/2000,2º turno 113/00,DEBATE,PREFEITO,,RJ,SIM,Rio de Janeiro,SIM,Sim,NÃO,SIM,SIM,NÃO,NÃO,NÃO,NÃO,NÃO,NÃO,NÃO,NÃO,NÃO,NÃO,NÃO,SIM,NÃO,NÃO,NÃO,NÃO,NÃO,NÃO,NÃO,NÃO,NÃO,NÃO,NÃO,NÃO,NÃO,NÃO,NÃO,NÃO,NÃO,NÃO,NÃO,NÃO,NÃO,NÃO,NÃO,NÃO,SIM,NÃO,NÃO,NÃO,NÃO,NÃO,NÃO,NÃO,NÃO,NÃO,NÃO,NÃO,NÃO,NÃO,NÃO,NÃO,NÃO,NÃO,NÃO,NÃO,NÃO,NÃO,NÃO,NÃO,NÃO,NÃO,NÃO,NÃO,NÃO,NÃO,NÃO,NÃO,NÃO,NÃO,,
12/13/2019 16:26:40,2000,19/10/2000,2º turno 114/00a ,HGPE,PREFEITO,,RJ,SIM,Rio de Janeiro,SIM,Sim,NÃO,SIM,SIM,NÃO,NÃO,NÃO,NÃO,NÃO,NÃO,NÃO,NÃO,NÃO,NÃO,NÃO,SIM,NÃO,NÃO,NÃO,NÃO,NÃO,NÃO,NÃO,NÃO,NÃO,NÃO,NÃO,NÃO,NÃO,NÃO,NÃO,NÃO,NÃO,NÃO,NÃO,NÃO,NÃO,NÃO,NÃO,NÃO,SIM,NÃO,NÃO,NÃO,NÃO,NÃO,NÃO,NÃO,NÃO,NÃO,NÃO,NÃO,NÃO,NÃO,NÃO,NÃO,NÃO,NÃO,NÃO,NÃO,NÃO,NÃO,NÃO,NÃO,NÃO,NÃO,NÃO,NÃO,NÃO,NÃO,NÃO,NÃO,NÃO,NÃO,,
12/13/2019 16:33:54,2000,19/10/2000,2º turno 114/00b,HGPE,PREFEITO,,RJ,SIM,Rio de Janeiro,SIM,Sim,NÃO,SIM,SIM,NÃO,NÃO,NÃO,NÃO,NÃO,NÃO,NÃO,NÃO,NÃO,NÃO,NÃO,SIM,NÃO,NÃO,NÃO,NÃO,NÃO,NÃO,NÃO,NÃO,NÃO,NÃO,NÃO,NÃO,NÃO,NÃO,NÃO,NÃO,NÃO,NÃO,NÃO,NÃO,NÃO,NÃO,NÃO,NÃO,SIM,NÃO,NÃO,NÃO,NÃO,NÃO,NÃO,NÃO,NÃO,NÃO,NÃO,NÃO,NÃO,NÃO,NÃO,NÃO,NÃO,NÃO,NÃO,NÃO,NÃO,NÃO,NÃO,NÃO,NÃO,NÃO,NÃO,NÃO,NÃO,NÃO,NÃO,NÃO,NÃO,NÃO,,
12/13/2019 16:38:16,2000,24/10/2000,2º turno 115/00,SPOT,PREFEITO,,RJ,SIM,Rio de Janeiro,SIM,Sim,NÃO,SIM,SIM,NÃO,NÃO,NÃO,NÃO,NÃO,NÃO,NÃO,NÃO,NÃO,NÃO,NÃO,SIM,NÃO,NÃO,NÃO,NÃO,NÃO,NÃO,NÃO,NÃO,NÃO,NÃO,NÃO,NÃO,NÃO,NÃO,NÃO,NÃO,NÃO,NÃO,NÃO,NÃO,NÃO,NÃO,NÃO,NÃO,SIM,NÃO,NÃO,NÃO,NÃO,NÃO,NÃO,NÃO,NÃO,NÃO,NÃO,NÃO,NÃO,NÃO,NÃO,NÃO,NÃO,NÃO,NÃO,NÃO,NÃO,NÃO,NÃO,NÃO,NÃO,NÃO,NÃO,NÃO,NÃO,NÃO,NÃO,NÃO,NÃO,NÃO,,
12/13/2019 16:43:51,2000,25/10/2000,2º turno 116/00,HGPE,PREFEITO,,RJ,SIM,Rio de Janeiro,SIM,Sim,NÃO,SIM,SIM,NÃO,NÃO,NÃO,NÃO,NÃO,NÃO,NÃO,NÃO,NÃO,NÃO,NÃO,SIM,NÃO,NÃO,NÃO,NÃO,NÃO,NÃO,NÃO,NÃO,NÃO,NÃO,NÃO,NÃO,NÃO,NÃO,NÃO,NÃO,NÃO,NÃO,NÃO,NÃO,NÃO,NÃO,NÃO,NÃO,SIM,NÃO,NÃO,NÃO,NÃO,NÃO,NÃO,NÃO,NÃO,NÃO,NÃO,NÃO,NÃO,NÃO,NÃO,NÃO,NÃO,NÃO,NÃO,NÃO,NÃO,NÃO,NÃO,NÃO,NÃO,NÃO,NÃO,NÃO,NÃO,NÃO,NÃO,NÃO,NÃO,NÃO,,
12/13/2019 16:53:18,2000,25/10/2000,Matérias jornalísticas e debate/ 2º turno 117/00,DEBATE,PREFEITO,,RJ,SIM,Rio de Janeiro,SIM,Sim,NÃO,SIM,SIM,NÃO,NÃO,NÃO,NÃO,NÃO,NÃO,NÃO,NÃO,NÃO,NÃO,NÃO,SIM,NÃO,NÃO,NÃO,NÃO,NÃO,NÃO,NÃO,NÃO,NÃO,NÃO,NÃO,NÃO,NÃO,NÃO,NÃO,NÃO,NÃO,NÃO,NÃO,NÃO,NÃO,NÃO,NÃO,NÃO,SIM,NÃO,NÃO,NÃO,NÃO,NÃO,NÃO,NÃO,NÃO,NÃO,NÃO,NÃO,NÃO,NÃO,NÃO,NÃO,NÃO,NÃO,NÃO,NÃO,NÃO,NÃO,NÃO,NÃO,NÃO,NÃO,NÃO,NÃO,NÃO,NÃO,NÃO,NÃO,NÃO,NÃO,,
12/13/2019 17:53:14,2000,10/10/2000,São Gonçalo - Prefeito 2000 118/00,HGPE,PREFEITO,,RJ,SIM,São Gonçalo,SIM,Sim,NÃO,SIM,SIM,NÃO,NÃO,SIM,NÃO,NÃO,SIM,NÃO,NÃO,NÃO,NÃO,NÃO,NÃO,NÃO,NÃO,NÃO,NÃO,NÃO,NÃO,NÃO,NÃO,NÃO,NÃO,NÃO,NÃO,NÃO,NÃO,NÃO,NÃO,NÃO,NÃO,NÃO,NÃO,NÃO,NÃO,NÃO,NÃO,NÃO,NÃO,NÃO,NÃO,NÃO,NÃO,NÃO,NÃO,NÃO,NÃO,NÃO,NÃO,NÃO,NÃO,NÃO,NÃO,NÃO,NÃO,NÃO,NÃO,NÃO,NÃO,NÃO,NÃO,NÃO,NÃO,NÃO,NÃO,NÃO,NÃO,NÃO,NÃO,NÃO,NÃO,,
12/13/2019 17:59:29,2000,10/10/2000,São Gonçalo - Prefeito 2000 119/00,HGPE,PREFEITO,,RJ,SIM,São Gonçalo,SIM,Sim,NÃO,SIM,SIM,NÃO,NÃO,SIM,NÃO,NÃO,SIM,NÃO,NÃO,NÃO,NÃO,NÃO,NÃO,NÃO,NÃO,NÃO,NÃO,NÃO,NÃO,NÃO,NÃO,NÃO,NÃO,NÃO,NÃO,NÃO,NÃO,NÃO,NÃO,NÃO,NÃO,NÃO,NÃO,NÃO,NÃO,NÃO,NÃO,NÃO,NÃO,NÃO,NÃO,NÃO,NÃO,NÃO,NÃO,NÃO,NÃO,NÃO,NÃO,NÃO,NÃO,NÃO,NÃO,NÃO,NÃO,NÃO,NÃO,NÃO,NÃO,NÃO,NÃO,NÃO,NÃO,NÃO,NÃO,NÃO,NÃO,NÃO,NÃO,NÃO,NÃO,,
12/13/2019 18:11:11,2000,09/10/2000,Niterói - Prefeito 2000 121/00a,HGPE,PREFEITO,,RJ,SIM,Niterói,SIM,Sim,NÃO,SIM,SIM,NÃO,NÃO,SIM,NÃO,NÃO,SIM,NÃO,NÃO,NÃO,NÃO,NÃO,NÃO,NÃO,NÃO,NÃO,NÃO,NÃO,NÃO,NÃO,NÃO,NÃO,NÃO,NÃO,NÃO,NÃO,NÃO,NÃO,NÃO,NÃO,NÃO,NÃO,NÃO,NÃO,NÃO,NÃO,NÃO,NÃO,NÃO,NÃO,NÃO,NÃO,NÃO,NÃO,NÃO,NÃO,NÃO,NÃO,NÃO,NÃO,NÃO,NÃO,NÃO,NÃO,NÃO,NÃO,NÃO,NÃO,NÃO,NÃO,NÃO,NÃO,NÃO,NÃO,NÃO,NÃO,NÃO,NÃO,NÃO,NÃO,NÃO,,
12/13/2019 18:18:38,2000,09/10/2000,Niterói - Prefeito 2000 121/00,HGPE,PREFEITO,,RJ,SIM,Niterói,SIM,Sim,NÃO,SIM,SIM,NÃO,NÃO,SIM,NÃO,NÃO,SIM,NÃO,NÃO,NÃO,NÃO,NÃO,NÃO,NÃO,NÃO,NÃO,NÃO,NÃO,NÃO,NÃO,NÃO,NÃO,NÃO,NÃO,NÃO,NÃO,NÃO,NÃO,NÃO,NÃO,NÃO,NÃO,NÃO,NÃO,NÃO,NÃO,NÃO,NÃO,NÃO,NÃO,NÃO,NÃO,NÃO,NÃO,NÃO,NÃO,NÃO,NÃO,NÃO,NÃO,NÃO,NÃO,NÃO,NÃO,NÃO,NÃO,NÃO,NÃO,NÃO,NÃO,NÃO,NÃO,NÃO,NÃO,NÃO,NÃO,NÃO,NÃO,NÃO,NÃO,NÃO,,
12/13/2019 18:31:01,2000,13/12/2000,Niterói - Prefeito 2000 121/00b,HGPE,PREFEITO,,RJ,SIM,Niterói ,SIM,Sim,NÃO,SIM,SIM,NÃO,NÃO,SIM,NÃO,NÃO,SIM,NÃO,NÃO,NÃO,NÃO,NÃO,NÃO,NÃO,NÃO,NÃO,NÃO,NÃO,NÃO,NÃO,NÃO,NÃO,NÃO,NÃO,NÃO,NÃO,NÃO,NÃO,NÃO,NÃO,NÃO,NÃO,NÃO,NÃO,NÃO,NÃO,NÃO,NÃO,NÃO,NÃO,NÃO,NÃO,NÃO,NÃO,NÃO,NÃO,NÃO,NÃO,NÃO,NÃO,NÃO,NÃO,NÃO,NÃO,NÃO,NÃO,NÃO,NÃO,NÃO,NÃO,NÃO,NÃO,NÃO,NÃO,NÃO,NÃO,NÃO,NÃO,NÃO,NÃO,NÃO,,
12/18/2019 14:11:26,2000,09/10/2000,Niterói 122/00,HGPE,PREFEITO,,RJ,SIM,Niterói,SIM,Sim,NÃO,SIM,SIM,NÃO,NÃO,SIM,NÃO,NÃO,SIM,NÃO,NÃO,NÃO,NÃO,NÃO,NÃO,NÃO,NÃO,NÃO,NÃO,NÃO,NÃO,NÃO,NÃO,NÃO,NÃO,NÃO,NÃO,NÃO,NÃO,NÃO,NÃO,NÃO,NÃO,NÃO,NÃO,NÃO,NÃO,NÃO,NÃO,NÃO,NÃO,NÃO,NÃO,NÃO,NÃO,NÃO,NÃO,NÃO,NÃO,NÃO,NÃO,NÃO,NÃO,NÃO,NÃO,NÃO,NÃO,NÃO,NÃO,NÃO,NÃO,NÃO,NÃO,NÃO,NÃO,NÃO,NÃO,NÃO,NÃO,NÃO,NÃO,NÃO,NÃO,,
12/18/2019 14:32:33,2000,07/08/2000,Vereador 2000 123/00,HGPE,"PREFEITO, VEREADOR",,RJ,SIM,Rio de Janeiro,SIM,Sim,NÃO,SIM,SIM,SIM,SIM,SIM,SIM,NÃO,SIM,SIM,NÃO,SIM,SIM,SIM,SIM,SIM,NÃO,NÃO,SIM,SIM,NÃO,SIM,SIM,SIM,SIM,SIM,SIM,SIM,NÃO,NÃO,NÃO,NÃO,NÃO,NÃO,NÃO,NÃO,NÃO,SIM,NÃO,SIM,SIM,NÃO,NÃO,NÃO,NÃO,NÃO,NÃO,SIM,SIM,NÃO,NÃO,NÃO,SIM,NÃO,NÃO,NÃO,NÃO,NÃO,NÃO,NÃO,NÃO,NÃO,NÃO,NÃO,NÃO,NÃO,NÃO,NÃO,NÃO,NÃO,NÃO,NÃO,NÃO,,
12/18/2019 15:36:27,2000,15/06/2000,Spots 2000 124/00,SPOT,PREFEITO,,RJ,SIM,Rio de Janeiro,SIM,Sim,NÃO,SIM,SIM,NÃO,NÃO,SIM,NÃO,NÃO,SIM,NÃO,NÃO,NÃO,NÃO,NÃO,SIM,NÃO,NÃO,NÃO,NÃO,NÃO,NÃO,NÃO,NÃO,NÃO,NÃO,NÃO,NÃO,NÃO,NÃO,NÃO,NÃO,NÃO,NÃO,NÃO,NÃO,NÃO,NÃO,NÃO,NÃO,SIM,NÃO,NÃO,NÃO,NÃO,NÃO,NÃO,NÃO,NÃO,NÃO,NÃO,NÃO,NÃO,NÃO,NÃO,NÃO,NÃO,NÃO,NÃO,NÃO,NÃO,NÃO,NÃO,NÃO,NÃO,NÃO,NÃO,NÃO,NÃO,NÃO,NÃO,NÃO,NÃO,NÃO,,
12/18/2019 16:15:51,2000,26/08/2000,"Vereador 2000 - 124, 125/00",HGPE,VEREADOR,,RJ,SIM,Rio de Janeiro,SIM,Sim,NÃO,SIM,SIM,SIM,SIM,SIM,SIM,NÃO,SIM,SIM,NÃO,SIM,SIM,SIM,SIM,SIM,NÃO,SIM,SIM,NÃO,NÃO,SIM,SIM,SIM,SIM,SIM,SIM,SIM,NÃO,NÃO,NÃO,NÃO,NÃO,NÃO,NÃO,NÃO,NÃO,SIM,SIM,SIM,SIM,NÃO,NÃO,NÃO,NÃO,NÃO,NÃO,SIM,SIM,NÃO,NÃO,NÃO,SIM,NÃO,NÃO,NÃO,NÃO,NÃO,NÃO,NÃO,NÃO,NÃO,NÃO,NÃO,NÃO,NÃO,NÃO,NÃO,NÃO,NÃO,NÃO,NÃO,NÃO,,
12/18/2019 16:56:39,2000,31/08/2000,"Vereador 2000 - 125, 126/00",HGPE,VEREADOR,,RJ,SIM,Rio de Janeiro,SIM,Sim,NÃO,SIM,SIM,SIM,SIM,SIM,SIM,NÃO,SIM,SIM,NÃO,SIM,SIM,SIM,SIM,SIM,NÃO,SIM,SIM,SIM,NÃO,SIM,SIM,SIM,SIM,SIM,SIM,SIM,NÃO,NÃO,NÃO,NÃO,NÃO,NÃO,NÃO,NÃO,NÃO,SIM,NÃO,SIM,NÃO,NÃO,NÃO,NÃO,NÃO,NÃO,NÃO,SIM,SIM,NÃO,NÃO,NÃO,SIM,NÃO,NÃO,NÃO,NÃO,NÃO,NÃO,NÃO,NÃO,NÃO,NÃO,NÃO,NÃO,NÃO,NÃO,NÃO,NÃO,NÃO,NÃO,NÃO,NÃO,,
12/18/2019 17:31:49,2000,05/09/2000,Vereador 2000 - 126/00,HGPE,VEREADOR,A gravação está danificada,RJ,SIM,Rio de Janeiro,SIM,Não,NÃO,SIM,SIM,SIM,NÃO,SIM,SIM,NÃO,SIM,NÃO,NÃO,SIM,NÃO,NÃO,SIM,NÃO,NÃO,NÃO,NÃO,NÃO,NÃO,NÃO,NÃO,NÃO,NÃO,NÃO,SIM,NÃO,NÃO,NÃO,NÃO,NÃO,NÃO,NÃO,NÃO,NÃO,NÃO,NÃO,NÃO,SIM,NÃO,NÃO,NÃO,NÃO,NÃO,NÃO,NÃO,NÃO,NÃO,NÃO,NÃO,NÃO,SIM,NÃO,NÃO,NÃO,NÃO,NÃO,NÃO,NÃO,NÃO,NÃO,NÃO,NÃO,NÃO,NÃO,NÃO,NÃO,NÃO,NÃO,NÃO,NÃO,NÃO,,
12/18/2019 18:02:19,2000,09/09/2000,Vereador 2000 - 127/00,HGPE,VEREADOR,,RJ,SIM,Rio de Janeiro,SIM,Sim,NÃO,SIM,SIM,SIM,SIM,SIM,SIM,NÃO,SIM,SIM,NÃO,SIM,SIM,SIM,SIM,NÃO,NÃO,SIM,SIM,SIM,NÃO,NÃO,SIM,SIM,SIM,SIM,SIM,SIM,NÃO,NÃO,NÃO,NÃO,NÃO,NÃO,NÃO,NÃO,NÃO,SIM,NÃO,SIM,NÃO,NÃO,NÃO,NÃO,NÃO,NÃO,NÃO,SIM,SIM,NÃO,NÃO,NÃO,SIM,NÃO,NÃO,NÃO,NÃO,NÃO,NÃO,NÃO,NÃO,NÃO,NÃO,NÃO,NÃO,NÃO,NÃO,NÃO,NÃO,NÃO,NÃO,NÃO,NÃO,,
12/18/2019 18:49:02,2000,14/09/2000,Vereador 2000 - 128/00,HGPE,VEREADOR,,RJ,SIM,Rio de Janeiro,SIM,Sim,NÃO,SIM,SIM,SIM,SIM,SIM,SIM,NÃO,SIM,SIM,NÃO,SIM,SIM,SIM,SIM,SIM,NÃO,SIM,SIM,SIM,NÃO,NÃO,SIM,SIM,SIM,SIM,SIM,SIM,NÃO,NÃO,NÃO,NÃO,NÃO,NÃO,NÃO,NÃO,NÃO,SIM,NÃO,SIM,NÃO,NÃO,NÃO,NÃO,NÃO,NÃO,NÃO,SIM,SIM,NÃO,NÃO,NÃO,SIM,NÃO,NÃO,NÃO,NÃO,NÃO,NÃO,NÃO,NÃO,NÃO,NÃO,NÃO,NÃO,NÃO,NÃO,NÃO,NÃO,NÃO,NÃO,NÃO,NÃO,,
12/19/2019 13:36:09,2000,19/09/2000,Vereador 2000 - 129/00,HGPE,"PREFEITO, VEREADOR",,RJ,SIM,Rio de Janeiro,SIM,Sim,NÃO,SIM,SIM,SIM,SIM,SIM,SIM,NÃO,SIM,SIM,NÃO,SIM,NÃO,SIM,SIM,SIM,NÃO,SIM,SIM,NÃO,NÃO,SIM,SIM,SIM,SIM,SIM,SIM,SIM,NÃO,NÃO,NÃO,NÃO,NÃO,NÃO,NÃO,NÃO,NÃO,SIM,SIM,SIM,SIM,NÃO,NÃO,NÃO,NÃO,NÃO,NÃO,SIM,SIM,NÃO,NÃO,NÃO,SIM,NÃO,NÃO,NÃO,NÃO,NÃO,NÃO,NÃO,NÃO,NÃO,NÃO,NÃO,NÃO,NÃO,NÃO,NÃO,NÃO,NÃO,NÃO,NÃO,NÃO,,
12/19/2019 14:04:15,2000,22/09/2000,Vereador 2000 - 130/00,HGPE,VEREADOR,,RJ,SIM,Rio de Janeiro,SIM,Sim,NÃO,SIM,SIM,SIM,SIM,SIM,SIM,NÃO,SIM,SIM,NÃO,SIM,SIM,SIM,SIM,SIM,NÃO,SIM,SIM,SIM,NÃO,NÃO,SIM,SIM,SIM,SIM,SIM,SIM,NÃO,NÃO,NÃO,NÃO,NÃO,NÃO,NÃO,NÃO,NÃO,SIM,SIM,SIM,NÃO,NÃO,NÃO,NÃO,NÃO,NÃO,NÃO,SIM,SIM,NÃO,NÃO,NÃO,SIM,NÃO,NÃO,NÃO,NÃO,NÃO,NÃO,NÃO,NÃO,NÃO,NÃO,NÃO,NÃO,NÃO,NÃO,NÃO,NÃO,NÃO,NÃO,NÃO,NÃO,,
12/19/2019 14:10:16,2000,05/08/2000,Grupo de pesquisa 2000 - 131/00b,Outro,,,RJ,NÃO,,SIM,Sim,NÃO,SIM,SIM,NÃO,NÃO,NÃO,NÃO,NÃO,NÃO,NÃO,NÃO,NÃO,NÃO,NÃO,NÃO,NÃO,NÃO,NÃO,NÃO,NÃO,NÃO,NÃO,NÃO,NÃO,NÃO,NÃO,NÃO,NÃO,NÃO,NÃO,NÃO,NÃO,NÃO,NÃO,NÃO,NÃO,NÃO,NÃO,NÃO,NÃO,NÃO,NÃO,NÃO,NÃO,NÃO,NÃO,NÃO,NÃO,NÃO,NÃO,NÃO,NÃO,NÃO,NÃO,NÃO,NÃO,NÃO,NÃO,NÃO,NÃO,NÃO,NÃO,NÃO,NÃO,NÃO,NÃO,NÃO,NÃO,NÃO,NÃO,NÃO,NÃO,NÃO,,
12/19/2019 14:14:20,2000,05/08/2000,Grupo de pesquisa 2000 - 132/00,Outro,,,RJ,NÃO,,SIM,Sim,NÃO,SIM,SIM,NÃO,NÃO,NÃO,NÃO,NÃO,NÃO,NÃO,NÃO,NÃO,NÃO,NÃO,NÃO,NÃO,NÃO,NÃO,NÃO,NÃO,NÃO,NÃO,NÃO,NÃO,NÃO,NÃO,NÃO,NÃO,NÃO,NÃO,NÃO,NÃO,NÃO,NÃO,NÃO,NÃO,NÃO,NÃO,NÃO,NÃO,NÃO,NÃO,NÃO,NÃO,NÃO,NÃO,NÃO,NÃO,NÃO,NÃO,NÃO,NÃO,NÃO,NÃO,NÃO,NÃO,NÃO,NÃO,NÃO,NÃO,NÃO,NÃO,NÃO,NÃO,NÃO,NÃO,NÃO,NÃO,NÃO,NÃO,NÃO,NÃO,NÃO,,
12/20/2019 16:54:16,2000,16/08/2000,"Grupo de pesquisa 2000 - 134, 135/00",Outro,,,RJ,NÃO,,SIM,Sim,NÃO,SIM,SIM,NÃO,NÃO,NÃO,NÃO,NÃO,NÃO,NÃO,NÃO,NÃO,NÃO,NÃO,NÃO,NÃO,NÃO,NÃO,NÃO,NÃO,NÃO,NÃO,NÃO,NÃO,NÃO,NÃO,NÃO,NÃO,NÃO,NÃO,NÃO,NÃO,NÃO,NÃO,NÃO,NÃO,NÃO,NÃO,NÃO,NÃO,NÃO,NÃO,NÃO,NÃO,NÃO,NÃO,NÃO,NÃO,NÃO,NÃO,NÃO,NÃO,NÃO,NÃO,NÃO,NÃO,NÃO,NÃO,NÃO,NÃO,NÃO,NÃO,NÃO,NÃO,NÃO,NÃO,NÃO,NÃO,NÃO,NÃO,NÃO,NÃO,NÃO,,
12/20/2019 17:04:29,2000,23/08/2000,Grupo de pesquisa 2000 - 137/00,Outro,,,RJ,NÃO,,SIM,Sim,NÃO,SIM,SIM,NÃO,NÃO,NÃO,NÃO,NÃO,NÃO,NÃO,NÃO,NÃO,NÃO,NÃO,NÃO,NÃO,NÃO,NÃO,NÃO,NÃO,NÃO,NÃO,NÃO,NÃO,NÃO,NÃO,NÃO,NÃO,NÃO,NÃO,NÃO,NÃO,NÃO,NÃO,NÃO,NÃO,NÃO,NÃO,NÃO,NÃO,NÃO,NÃO,NÃO,NÃO,NÃO,NÃO,NÃO,NÃO,NÃO,NÃO,NÃO,NÃO,NÃO,NÃO,NÃO,NÃO,NÃO,NÃO,NÃO,NÃO,NÃO,NÃO,NÃO,NÃO,NÃO,NÃO,NÃO,NÃO,NÃO,NÃO,NÃO,NÃO,NÃO,,
12/20/2019 17:09:12,2000,21/08/2000,Grupo de pesquisa 2000 - 138/00,Outro,,,RJ,NÃO,,SIM,Sim,NÃO,SIM,SIM,NÃO,NÃO,NÃO,NÃO,NÃO,NÃO,NÃO,NÃO,NÃO,NÃO,NÃO,NÃO,NÃO,NÃO,NÃO,NÃO,NÃO,NÃO,NÃO,NÃO,NÃO,NÃO,NÃO,NÃO,NÃO,NÃO,NÃO,NÃO,NÃO,NÃO,NÃO,NÃO,NÃO,NÃO,NÃO,NÃO,NÃO,NÃO,NÃO,NÃO,NÃO,NÃO,NÃO,NÃO,NÃO,NÃO,NÃO,NÃO,NÃO,NÃO,NÃO,NÃO,NÃO,NÃO,NÃO,NÃO,NÃO,NÃO,NÃO,NÃO,NÃO,NÃO,NÃO,NÃO,NÃO,NÃO,NÃO,NÃO,NÃO,NÃO,,
12/20/2019 17:12:45,2000,12/08/2000,Grupo de pesquisa 2000 - 139/00,Outro,,,RJ,NÃO,,SIM,Sim,NÃO,SIM,SIM,NÃO,NÃO,NÃO,NÃO,NÃO,NÃO,NÃO,NÃO,NÃO,NÃO,NÃO,NÃO,NÃO,NÃO,NÃO,NÃO,NÃO,NÃO,NÃO,NÃO,NÃO,NÃO,NÃO,NÃO,NÃO,NÃO,NÃO,NÃO,NÃO,NÃO,NÃO,NÃO,NÃO,NÃO,NÃO,NÃO,NÃO,NÃO,NÃO,NÃO,NÃO,NÃO,NÃO,NÃO,NÃO,NÃO,NÃO,NÃO,NÃO,NÃO,NÃO,NÃO,NÃO,NÃO,NÃO,NÃO,NÃO,NÃO,NÃO,NÃO,NÃO,NÃO,NÃO,NÃO,NÃO,NÃO,NÃO,NÃO,NÃO,NÃO,,
12/20/2019 17:20:31,2000,22/08/2000,Grupo de pesquisa 2000 - 140/00,Outro,,,RJ,NÃO,,SIM,Sim,NÃO,SIM,SIM,NÃO,NÃO,NÃO,NÃO,NÃO,NÃO,NÃO,NÃO,NÃO,NÃO,NÃO,NÃO,NÃO,NÃO,NÃO,NÃO,NÃO,NÃO,NÃO,NÃO,NÃO,NÃO,NÃO,NÃO,NÃO,NÃO,NÃO,NÃO,NÃO,NÃO,NÃO,NÃO,NÃO,NÃO,NÃO,NÃO,NÃO,NÃO,NÃO,NÃO,NÃO,NÃO,NÃO,NÃO,NÃO,NÃO,NÃO,NÃO,NÃO,NÃO,NÃO,NÃO,NÃO,NÃO,NÃO,NÃO,NÃO,NÃO,NÃO,NÃO,NÃO,NÃO,NÃO,NÃO,NÃO,NÃO,NÃO,NÃO,NÃO,NÃO,,
12/20/2019 17:47:04,2000,18/09/2000,"Grupo de pesquisa 2000 - 141, 142/00",Outro,,,RJ,NÃO,,SIM,Sim,NÃO,SIM,SIM,NÃO,NÃO,NÃO,NÃO,NÃO,NÃO,NÃO,NÃO,NÃO,NÃO,NÃO,NÃO,NÃO,NÃO,NÃO,NÃO,NÃO,NÃO,NÃO,NÃO,NÃO,NÃO,NÃO,NÃO,NÃO,NÃO,NÃO,NÃO,NÃO,NÃO,NÃO,NÃO,NÃO,NÃO,NÃO,NÃO,NÃO,NÃO,NÃO,NÃO,NÃO,NÃO,NÃO,NÃO,NÃO,NÃO,NÃO,NÃO,NÃO,NÃO,NÃO,NÃO,NÃO,NÃO,NÃO,NÃO,NÃO,NÃO,NÃO,NÃO,NÃO,NÃO,NÃO,NÃO,NÃO,NÃO,NÃO,NÃO,NÃO,NÃO,,
12/20/2019 17:52:54,2000,29/05/2000,Grupo de pesquisa 2000 - 143/00,Outro,,,RJ,NÃO,,SIM,Sim,NÃO,SIM,SIM,NÃO,NÃO,NÃO,NÃO,NÃO,NÃO,NÃO,NÃO,NÃO,NÃO,NÃO,NÃO,NÃO,NÃO,NÃO,NÃO,NÃO,NÃO,NÃO,NÃO,NÃO,NÃO,NÃO,NÃO,NÃO,NÃO,NÃO,NÃO,NÃO,NÃO,NÃO,NÃO,NÃO,NÃO,NÃO,NÃO,NÃO,NÃO,NÃO,NÃO,NÃO,NÃO,NÃO,NÃO,NÃO,NÃO,NÃO,NÃO,NÃO,NÃO,NÃO,NÃO,NÃO,NÃO,NÃO,NÃO,NÃO,NÃO,NÃO,NÃO,NÃO,NÃO,NÃO,NÃO,NÃO,NÃO,NÃO,NÃO,NÃO,NÃO,,
12/20/2019 17:58:00,2000,29/05/2000,Grupo de pesquisa 2000 - 144/00,Outro,,,RJ,NÃO,,SIM,Sim,NÃO,SIM,SIM,NÃO,NÃO,NÃO,NÃO,NÃO,NÃO,NÃO,NÃO,NÃO,NÃO,NÃO,NÃO,NÃO,NÃO,NÃO,NÃO,NÃO,NÃO,NÃO,NÃO,NÃO,NÃO,NÃO,NÃO,NÃO,NÃO,NÃO,NÃO,NÃO,NÃO,NÃO,NÃO,NÃO,NÃO,NÃO,NÃO,NÃO,NÃO,NÃO,NÃO,NÃO,NÃO,NÃO,NÃO,NÃO,NÃO,NÃO,NÃO,NÃO,NÃO,NÃO,NÃO,NÃO,NÃO,NÃO,NÃO,NÃO,NÃO,NÃO,NÃO,NÃO,NÃO,NÃO,NÃO,NÃO,NÃO,NÃO,NÃO,NÃO,NÃO,,
12/20/2019 18:04:25,2000,16/08/2000,Grupo de pesquisa 2000 - 145/00a,Outro,,,RJ,NÃO,,SIM,Sim,NÃO,SIM,SIM,NÃO,NÃO,NÃO,NÃO,NÃO,NÃO,NÃO,NÃO,NÃO,NÃO,NÃO,NÃO,NÃO,NÃO,NÃO,NÃO,NÃO,NÃO,NÃO,NÃO,NÃO,NÃO,NÃO,NÃO,NÃO,NÃO,NÃO,NÃO,NÃO,NÃO,NÃO,NÃO,NÃO,NÃO,NÃO,NÃO,NÃO,NÃO,NÃO,NÃO,NÃO,NÃO,NÃO,NÃO,NÃO,NÃO,NÃO,NÃO,NÃO,NÃO,NÃO,NÃO,NÃO,NÃO,NÃO,NÃO,NÃO,NÃO,NÃO,NÃO,NÃO,NÃO,NÃO,NÃO,NÃO,NÃO,NÃO,NÃO,NÃO,NÃO,,
12/20/2019 18:11:09,2000,16/08/2000,Grupo de pesquisa 2000 - 145/00b,Outro,,,RJ,NÃO,,SIM,Sim,NÃO,SIM,SIM,NÃO,NÃO,NÃO,NÃO,NÃO,NÃO,NÃO,NÃO,NÃO,NÃO,NÃO,NÃO,NÃO,NÃO,NÃO,NÃO,NÃO,NÃO,NÃO,NÃO,NÃO,NÃO,NÃO,NÃO,NÃO,NÃO,NÃO,NÃO,NÃO,NÃO,NÃO,NÃO,NÃO,NÃO,NÃO,NÃO,NÃO,NÃO,NÃO,NÃO,NÃO,NÃO,NÃO,NÃO,NÃO,NÃO,NÃO,NÃO,NÃO,NÃO,NÃO,NÃO,NÃO,NÃO,NÃO,NÃO,NÃO,NÃO,NÃO,NÃO,NÃO,NÃO,NÃO,NÃO,NÃO,NÃO,NÃO,NÃO,NÃO,NÃO,,
12/20/2019 18:13:15,2000,16/08/2000,Grupo de pesquisa 2000 - 145/00c,Outro,,,RJ,NÃO,,SIM,Sim,NÃO,SIM,SIM,NÃO,NÃO,NÃO,NÃO,NÃO,NÃO,NÃO,NÃO,NÃO,NÃO,NÃO,NÃO,NÃO,NÃO,NÃO,NÃO,NÃO,NÃO,NÃO,NÃO,NÃO,NÃO,NÃO,NÃO,NÃO,NÃO,NÃO,NÃO,NÃO,NÃO,NÃO,NÃO,NÃO,NÃO,NÃO,NÃO,NÃO,NÃO,NÃO,NÃO,NÃO,NÃO,NÃO,NÃO,NÃO,NÃO,NÃO,NÃO,NÃO,NÃO,NÃO,NÃO,NÃO,NÃO,NÃO,NÃO,NÃO,NÃO,NÃO,NÃO,NÃO,NÃO,NÃO,NÃO,NÃO,NÃO,NÃO,NÃO,NÃO,NÃO,,
12/20/2019 18:24:06,2000,10/10/2000,Campanha Luiz Paulo Conde 2000,PROPAGANDA PARTIDÁRIA,PREFEITO,,RJ,SIM,Rio de Janeiro,SIM,Sim,NÃO,NÃO,SIM,NÃO,NÃO,NÃO,NÃO,NÃO,NÃO,NÃO,NÃO,NÃO,NÃO,NÃO,NÃO,NÃO,NÃO,NÃO,NÃO,NÃO,NÃO,NÃO,NÃO,NÃO,NÃO,NÃO,NÃO,NÃO,NÃO,NÃO,NÃO,NÃO,NÃO,NÃO,NÃO,NÃO,NÃO,NÃO,NÃO,SIM,NÃO,NÃO,NÃO,NÃO,NÃO,NÃO,NÃO,NÃO,NÃO,NÃO,NÃO,NÃO,NÃO,NÃO,NÃO,NÃO,NÃO,NÃO,NÃO,NÃO,NÃO,NÃO,NÃO,NÃO,NÃO,NÃO,NÃO,NÃO,NÃO,NÃO,NÃO,NÃO,NÃO,,
12/20/2019 18:37:41,2000,10/09/2000,HGPE partidário e SPOTS,SPOT,,,BRASIL,NÃO,,SIM,Sim,NÃO,SIM,SIM,SIM,NÃO,NÃO,NÃO,NÃO,NÃO,NÃO,NÃO,NÃO,NÃO,NÃO,NÃO,NÃO,NÃO,NÃO,NÃO,NÃO,NÃO,NÃO,NÃO,NÃO,NÃO,NÃO,NÃO,NÃO,NÃO,NÃO,NÃO,NÃO,NÃO,NÃO,NÃO,NÃO,NÃO,NÃO,NÃO,NÃO,NÃO,NÃO,NÃO,NÃO,NÃO,NÃO,NÃO,NÃO,NÃO,NÃO,NÃO,NÃO,NÃO,NÃO,NÃO,NÃO,NÃO,NÃO,NÃO,NÃO,NÃO,NÃO,NÃO,NÃO,NÃO,NÃO,NÃO,NÃO,NÃO,NÃO,NÃO,NÃO,NÃO,,
1/13/2020 11:10:02,2002,14/10/2002,Lula 2º turno 2002 - 1.2/02,HGPE,PRESIDENTE,,BRASIL,NÃO,,SIM,Sim,NÃO,SIM,SIM,SIM,NÃO,NÃO,NÃO,NÃO,NÃO,SIM,NÃO,SIM,NÃO,NÃO,NÃO,NÃO,NÃO,NÃO,NÃO,NÃO,NÃO,NÃO,NÃO,NÃO,NÃO,NÃO,NÃO,NÃO,NÃO,NÃO,NÃO,NÃO,NÃO,NÃO,NÃO,NÃO,NÃO,NÃO,NÃO,NÃO,NÃO,NÃO,NÃO,NÃO,NÃO,NÃO,NÃO,NÃO,NÃO,NÃO,NÃO,NÃO,NÃO,NÃO,NÃO,NÃO,NÃO,NÃO,NÃO,NÃO,NÃO,NÃO,NÃO,NÃO,NÃO,NÃO,NÃO,NÃO,NÃO,NÃO,NÃO,NÃO,NÃO,,
1/13/2020 11:16:48,2002,20/08/2002,Lula 2002 - 1.2/02 DVD I,HGPE,PRESIDENTE,,BRASIL,NÃO,,SIM,Sim,SIM,SIM,SIM,SIM,NÃO,NÃO,NÃO,NÃO,NÃO,NÃO,NÃO,NÃO,NÃO,NÃO,NÃO,NÃO,NÃO,NÃO,NÃO,NÃO,NÃO,NÃO,NÃO,NÃO,NÃO,NÃO,NÃO,NÃO,NÃO,NÃO,NÃO,NÃO,NÃO,NÃO,NÃO,NÃO,NÃO,NÃO,NÃO,NÃO,NÃO,NÃO,NÃO,NÃO,NÃO,NÃO,NÃO,NÃO,NÃO,NÃO,NÃO,NÃO,NÃO,NÃO,NÃO,NÃO,NÃO,NÃO,NÃO,NÃO,NÃO,NÃO,NÃO,NÃO,NÃO,NÃO,NÃO,NÃO,NÃO,NÃO,NÃO,NÃO,NÃO,,
1/13/2020 11:23:23,2002,14/09/2002,Lula 2002 - 1.2/02 DVD II ,HGPE,PRESIDENTE,,BRASIL,NÃO,,SIM,Sim,SIM,SIM,SIM,SIM,NÃO,NÃO,NÃO,NÃO,NÃO,NÃO,NÃO,NÃO,NÃO,NÃO,NÃO,NÃO,NÃO,NÃO,NÃO,NÃO,NÃO,NÃO,NÃO,NÃO,NÃO,NÃO,NÃO,NÃO,NÃO,NÃO,NÃO,NÃO,NÃO,NÃO,NÃO,NÃO,NÃO,NÃO,NÃO,NÃO,NÃO,NÃO,NÃO,NÃO,NÃO,NÃO,NÃO,NÃO,NÃO,NÃO,NÃO,NÃO,NÃO,NÃO,NÃO,NÃO,NÃO,NÃO,NÃO,NÃO,NÃO,NÃO,NÃO,NÃO,NÃO,NÃO,NÃO,NÃO,NÃO,NÃO,NÃO,NÃO,NÃO,,
1/13/2020 11:29:24,2002,14/10/2002,Lula 2002 - 1.2/02 DVD III,HGPE,PRESIDENTE,,BRASIL,NÃO,,SIM,Sim,NÃO,SIM,SIM,SIM,NÃO,NÃO,NÃO,NÃO,NÃO,SIM,NÃO,SIM,NÃO,NÃO,NÃO,NÃO,NÃO,NÃO,NÃO,NÃO,NÃO,NÃO,NÃO,NÃO,NÃO,NÃO,NÃO,NÃO,NÃO,NÃO,NÃO,NÃO,NÃO,NÃO,NÃO,NÃO,NÃO,NÃO,NÃO,NÃO,NÃO,NÃO,NÃO,NÃO,NÃO,NÃO,NÃO,NÃO,NÃO,NÃO,NÃO,NÃO,NÃO,NÃO,NÃO,NÃO,NÃO,NÃO,NÃO,NÃO,NÃO,NÃO,NÃO,NÃO,NÃO,NÃO,NÃO,NÃO,NÃO,NÃO,NÃO,NÃO,NÃO,,
1/13/2020 11:37:51,2002,20/08/2002,Serra 2002 - 1.5/02 DVD I,HGPE,PRESIDENTE,,BRASIL,NÃO,,SIM,Sim,SIM,SIM,SIM,NÃO,SIM,NÃO,NÃO,NÃO,SIM,SIM,NÃO,NÃO,NÃO,NÃO,NÃO,NÃO,NÃO,NÃO,NÃO,NÃO,NÃO,NÃO,NÃO,NÃO,NÃO,SIM,NÃO,NÃO,NÃO,NÃO,NÃO,NÃO,NÃO,NÃO,NÃO,NÃO,NÃO,NÃO,NÃO,NÃO,NÃO,NÃO,NÃO,NÃO,NÃO,NÃO,NÃO,NÃO,NÃO,NÃO,NÃO,NÃO,NÃO,NÃO,NÃO,NÃO,NÃO,NÃO,NÃO,NÃO,NÃO,NÃO,NÃO,NÃO,NÃO,NÃO,NÃO,NÃO,NÃO,NÃO,NÃO,NÃO,NÃO,,
1/13/2020 11:56:28,2002,31/08/2002,Serra 2002 - 1.5/02 DVD II,HGPE,PRESIDENTE,,BRASIL,NÃO,,SIM,Sim,SIM,SIM,SIM,NÃO,SIM,NÃO,NÃO,NÃO,SIM,NÃO,NÃO,NÃO,NÃO,NÃO,NÃO,NÃO,NÃO,NÃO,NÃO,NÃO,NÃO,NÃO,NÃO,NÃO,NÃO,SIM,NÃO,NÃO,NÃO,NÃO,NÃO,NÃO,NÃO,NÃO,NÃO,NÃO,NÃO,NÃO,NÃO,NÃO,NÃO,NÃO,NÃO,NÃO,NÃO,NÃO,NÃO,NÃO,NÃO,NÃO,NÃO,NÃO,NÃO,NÃO,NÃO,NÃO,NÃO,NÃO,NÃO,NÃO,NÃO,NÃO,NÃO,NÃO,NÃO,NÃO,NÃO,NÃO,NÃO,NÃO,NÃO,NÃO,NÃO,,
1/13/2020 12:08:18,2002,12/09/2002,Serra 2002 - 1.5/02 DVD III,HGPE,PRESIDENTE,,BRASIL,NÃO,,SIM,Sim,NÃO,SIM,SIM,SIM,SIM,NÃO,NÃO,NÃO,SIM,NÃO,NÃO,NÃO,NÃO,NÃO,NÃO,NÃO,NÃO,NÃO,NÃO,NÃO,NÃO,NÃO,NÃO,NÃO,NÃO,SIM,NÃO,NÃO,NÃO,NÃO,NÃO,NÃO,NÃO,NÃO,NÃO,NÃO,NÃO,NÃO,NÃO,NÃO,NÃO,NÃO,NÃO,NÃO,NÃO,NÃO,NÃO,NÃO,NÃO,NÃO,NÃO,NÃO,NÃO,NÃO,NÃO,NÃO,NÃO,NÃO,NÃO,NÃO,NÃO,NÃO,NÃO,NÃO,NÃO,NÃO,NÃO,NÃO,NÃO,NÃO,NÃO,NÃO,NÃO,,
1/13/2020 12:15:45,2002,24/09/2002,Serra 2002 - 1.5/02 DVD IV,HGPE,PRESIDENTE,,BRASIL,NÃO,,SIM,Sim,NÃO,SIM,SIM,NÃO,SIM,NÃO,NÃO,NÃO,SIM,NÃO,NÃO,NÃO,NÃO,NÃO,NÃO,NÃO,NÃO,NÃO,NÃO,NÃO,NÃO,NÃO,NÃO,NÃO,NÃO,NÃO,NÃO,NÃO,NÃO,NÃO,NÃO,NÃO,NÃO,NÃO,NÃO,NÃO,NÃO,NÃO,NÃO,NÃO,NÃO,NÃO,NÃO,NÃO,NÃO,NÃO,NÃO,NÃO,NÃO,NÃO,NÃO,NÃO,NÃO,NÃO,NÃO,NÃO,NÃO,NÃO,NÃO,NÃO,NÃO,NÃO,NÃO,NÃO,NÃO,NÃO,NÃO,NÃO,NÃO,NÃO,NÃO,NÃO,NÃO,,
1/13/2020 12:24:52,2002,14/10/2002,Serra 2002 - 1.5/02 DVD V,HGPE,PRESIDENTE,,BRASIL,NÃO,,SIM,Sim,NÃO,SIM,SIM,SIM,SIM,NÃO,NÃO,NÃO,SIM,SIM,NÃO,SIM,NÃO,NÃO,NÃO,NÃO,NÃO,NÃO,NÃO,NÃO,NÃO,NÃO,NÃO,NÃO,NÃO,NÃO,NÃO,NÃO,NÃO,NÃO,NÃO,NÃO,NÃO,NÃO,NÃO,NÃO,NÃO,NÃO,NÃO,NÃO,NÃO,NÃO,NÃO,NÃO,NÃO,NÃO,NÃO,NÃO,NÃO,NÃO,NÃO,NÃO,NÃO,NÃO,NÃO,NÃO,NÃO,NÃO,NÃO,NÃO,NÃO,NÃO,NÃO,NÃO,NÃO,NÃO,NÃO,NÃO,NÃO,NÃO,NÃO,NÃO,NÃO,,
1/13/2020 12:34:55,2002,24/10/2002,Serra 2002 - 1.5/02 DVD VI,HGPE,PRESIDENTE,,BRASIL,NÃO,,SIM,Sim,NÃO,SIM,SIM,NÃO,SIM,NÃO,NÃO,NÃO,SIM,NÃO,NÃO,NÃO,NÃO,NÃO,NÃO,NÃO,NÃO,NÃO,NÃO,NÃO,NÃO,NÃO,NÃO,NÃO,NÃO,NÃO,NÃO,NÃO,NÃO,NÃO,NÃO,NÃO,NÃO,NÃO,NÃO,NÃO,NÃO,NÃO,NÃO,NÃO,NÃO,NÃO,NÃO,NÃO,NÃO,NÃO,NÃO,NÃO,NÃO,NÃO,NÃO,NÃO,NÃO,NÃO,NÃO,NÃO,NÃO,NÃO,NÃO,NÃO,NÃO,NÃO,NÃO,NÃO,NÃO,NÃO,NÃO,NÃO,NÃO,NÃO,NÃO,NÃO,NÃO,,
1/13/2020 12:51:53,2002,04/03/2002,"Partidário/entrevista 001,002,003/02 (A)",SPOT,"GOVERNADOR, DEPUTADO FEDERAL",,"RJ, SP",NÃO,,SIM,Sim,NÃO,SIM,SIM,SIM,SIM,NÃO,NÃO,NÃO,SIM,NÃO,NÃO,SIM,NÃO,NÃO,NÃO,NÃO,NÃO,NÃO,NÃO,NÃO,NÃO,NÃO,NÃO,NÃO,NÃO,NÃO,NÃO,NÃO,NÃO,NÃO,NÃO,NÃO,NÃO,NÃO,NÃO,NÃO,NÃO,NÃO,NÃO,SIM,NÃO,NÃO,NÃO,NÃO,NÃO,NÃO,NÃO,NÃO,NÃO,NÃO,NÃO,NÃO,NÃO,NÃO,NÃO,NÃO,NÃO,NÃO,NÃO,NÃO,NÃO,NÃO,NÃO,NÃO,NÃO,NÃO,NÃO,NÃO,NÃO,NÃO,NÃO,NÃO,NÃO,,
1/13/2020 13:06:50,2002,21/08/2002,Rosinha 2002 - 2.1.1/02,HGPE,,,RJ,NÃO,,SIM,Sim,SIM,NÃO,SIM,NÃO,NÃO,NÃO,NÃO,NÃO,NÃO,NÃO,NÃO,SIM,NÃO,NÃO,NÃO,NÃO,NÃO,NÃO,NÃO,NÃO,SIM,NÃO,SIM,NÃO,NÃO,NÃO,SIM,NÃO,NÃO,NÃO,NÃO,NÃO,NÃO,NÃO,NÃO,NÃO,NÃO,NÃO,NÃO,SIM,NÃO,NÃO,NÃO,NÃO,NÃO,NÃO,NÃO,NÃO,NÃO,NÃO,NÃO,NÃO,SIM,NÃO,NÃO,NÃO,NÃO,NÃO,NÃO,NÃO,NÃO,NÃO,NÃO,NÃO,NÃO,NÃO,NÃO,NÃO,NÃO,NÃO,NÃO,NÃO,NÃO,,
1/13/2020 13:37:20,2002,04/03/2002,"Partidário/entrevista 003(B),004/02",SPOT,PRESIDENTE,,BRASIL,NÃO,,SIM,Sim,NÃO,SIM,SIM,NÃO,SIM,NÃO,NÃO,NÃO,NÃO,NÃO,NÃO,NÃO,NÃO,NÃO,NÃO,NÃO,NÃO,NÃO,NÃO,NÃO,NÃO,NÃO,NÃO,NÃO,NÃO,NÃO,NÃO,NÃO,NÃO,NÃO,NÃO,NÃO,NÃO,NÃO,NÃO,NÃO,NÃO,NÃO,NÃO,NÃO,NÃO,NÃO,NÃO,NÃO,NÃO,NÃO,NÃO,NÃO,NÃO,NÃO,NÃO,NÃO,NÃO,NÃO,NÃO,NÃO,NÃO,NÃO,NÃO,NÃO,NÃO,NÃO,NÃO,NÃO,NÃO,NÃO,NÃO,NÃO,NÃO,NÃO,NÃO,NÃO,NÃO,,
1/13/2020 13:44:35,2002,06/03/2002,Propaganda partidária 2002 - 005/02,PROPAGANDA PARTIDÁRIA,PRESIDENTE,,BRASIL,NÃO,,SIM,Sim,NÃO,SIM,SIM,NÃO,SIM,NÃO,NÃO,NÃO,NÃO,NÃO,NÃO,NÃO,NÃO,NÃO,NÃO,NÃO,NÃO,NÃO,NÃO,NÃO,NÃO,NÃO,NÃO,NÃO,NÃO,NÃO,NÃO,NÃO,NÃO,NÃO,NÃO,NÃO,NÃO,NÃO,NÃO,NÃO,NÃO,NÃO,NÃO,NÃO,NÃO,NÃO,NÃO,NÃO,NÃO,NÃO,NÃO,NÃO,NÃO,NÃO,NÃO,NÃO,NÃO,NÃO,NÃO,NÃO,NÃO,NÃO,NÃO,NÃO,NÃO,NÃO,NÃO,NÃO,NÃO,NÃO,NÃO,NÃO,NÃO,NÃO,NÃO,NÃO,NÃO,,
1/13/2020 13:53:59,2002,11/03/2002,Garotinho - 006/02A,ENTREVISTA,"GOVERNADOR, DEPUTADO FEDERAL",,RJ,SIM,Rio de Janeiro,SIM,Sim,NÃO,SIM,SIM,NÃO,SIM,NÃO,NÃO,NÃO,SIM,NÃO,NÃO,SIM,NÃO,NÃO,NÃO,NÃO,NÃO,NÃO,NÃO,NÃO,NÃO,NÃO,NÃO,NÃO,NÃO,NÃO,NÃO,NÃO,NÃO,NÃO,NÃO,NÃO,NÃO,NÃO,NÃO,NÃO,NÃO,NÃO,NÃO,NÃO,NÃO,NÃO,NÃO,NÃO,NÃO,NÃO,NÃO,NÃO,NÃO,NÃO,NÃO,NÃO,NÃO,NÃO,NÃO,NÃO,NÃO,NÃO,NÃO,NÃO,NÃO,NÃO,NÃO,NÃO,NÃO,NÃO,NÃO,NÃO,NÃO,NÃO,NÃO,NÃO,NÃO,,
1/13/2020 13:59:13,2002,11/03/2002,Garotinho - 006/02B,ENTREVISTA,DEPUTADO FEDERAL,,RJ,NÃO,,SIM,Sim,NÃO,SIM,SIM,NÃO,SIM,NÃO,NÃO,NÃO,NÃO,NÃO,NÃO,NÃO,NÃO,NÃO,NÃO,NÃO,NÃO,NÃO,NÃO,NÃO,NÃO,NÃO,NÃO,NÃO,NÃO,NÃO,NÃO,NÃO,NÃO,NÃO,NÃO,NÃO,NÃO,NÃO,NÃO,NÃO,NÃO,NÃO,NÃO,NÃO,NÃO,NÃO,NÃO,NÃO,NÃO,NÃO,NÃO,NÃO,NÃO,NÃO,NÃO,NÃO,NÃO,NÃO,NÃO,NÃO,NÃO,NÃO,NÃO,NÃO,NÃO,NÃO,NÃO,NÃO,NÃO,NÃO,NÃO,NÃO,NÃO,NÃO,NÃO,NÃO,NÃO,,
1/13/2020 14:08:10,2002,08/04/2002,Propaganda partidária - 007/02,PROPAGANDA PARTIDÁRIA,PRESIDENTE,,BRASIL,NÃO,,SIM,Sim,NÃO,SIM,SIM,SIM,NÃO,NÃO,NÃO,NÃO,NÃO,NÃO,NÃO,NÃO,NÃO,NÃO,NÃO,NÃO,NÃO,NÃO,NÃO,NÃO,NÃO,NÃO,NÃO,NÃO,NÃO,NÃO,NÃO,NÃO,NÃO,NÃO,NÃO,NÃO,NÃO,NÃO,NÃO,NÃO,NÃO,NÃO,NÃO,NÃO,NÃO,NÃO,NÃO,NÃO,NÃO,NÃO,NÃO,NÃO,NÃO,NÃO,NÃO,NÃO,NÃO,NÃO,NÃO,NÃO,NÃO,NÃO,NÃO,NÃO,NÃO,NÃO,NÃO,NÃO,NÃO,NÃO,NÃO,NÃO,NÃO,NÃO,NÃO,NÃO,NÃO,,
1/13/2020 14:21:15,2002,30/04/2002,Ciro Gomes/ Enéas - 008/02,ENTREVISTA,,,,NÃO,,SIM,Sim,NÃO,SIM,SIM,NÃO,NÃO,NÃO,NÃO,NÃO,NÃO,SIM,NÃO,NÃO,NÃO,NÃO,NÃO,NÃO,NÃO,NÃO,NÃO,NÃO,NÃO,NÃO,NÃO,NÃO,NÃO,NÃO,NÃO,NÃO,NÃO,NÃO,NÃO,NÃO,NÃO,NÃO,NÃO,NÃO,NÃO,NÃO,NÃO,NÃO,NÃO,NÃO,NÃO,NÃO,NÃO,NÃO,NÃO,SIM,NÃO,NÃO,NÃO,NÃO,NÃO,NÃO,NÃO,NÃO,NÃO,NÃO,NÃO,NÃO,NÃO,NÃO,NÃO,NÃO,NÃO,NÃO,NÃO,NÃO,NÃO,NÃO,NÃO,NÃO,NÃO,,
1/13/2020 14:36:55,2002,04/04/2002,"Partidário e propaganda partidária 009/010,011,012/02",SPOT,"PRESIDENTE, GOVERNADOR, DEPUTADO FEDERAL",,"BRASIL, RJ",NÃO,,SIM,Sim,NÃO,SIM,SIM,SIM,NÃO,SIM,NÃO,NÃO,NÃO,NÃO,NÃO,NÃO,NÃO,NÃO,NÃO,NÃO,NÃO,NÃO,NÃO,NÃO,NÃO,NÃO,NÃO,NÃO,NÃO,NÃO,NÃO,NÃO,NÃO,NÃO,NÃO,NÃO,NÃO,NÃO,NÃO,NÃO,NÃO,SIM,NÃO,SIM,NÃO,NÃO,NÃO,NÃO,NÃO,NÃO,NÃO,NÃO,NÃO,NÃO,NÃO,NÃO,NÃO,NÃO,NÃO,NÃO,NÃO,NÃO,NÃO,NÃO,NÃO,NÃO,NÃO,NÃO,NÃO,NÃO,NÃO,NÃO,NÃO,NÃO,NÃO,NÃO,NÃO,,
1/13/2020 15:13:04,2002,07/05/2002,2002 - 013/02,ENTREVISTA,,,,NÃO,,SIM,Sim,NÃO,SIM,SIM,SIM,NÃO,NÃO,NÃO,NÃO,NÃO,NÃO,NÃO,SIM,NÃO,NÃO,NÃO,NÃO,NÃO,NÃO,NÃO,NÃO,NÃO,NÃO,NÃO,NÃO,NÃO,NÃO,NÃO,NÃO,NÃO,NÃO,NÃO,NÃO,NÃO,NÃO,NÃO,NÃO,NÃO,NÃO,NÃO,NÃO,NÃO,NÃO,NÃO,NÃO,NÃO,NÃO,NÃO,NÃO,NÃO,NÃO,NÃO,NÃO,NÃO,NÃO,NÃO,NÃO,NÃO,NÃO,NÃO,NÃO,NÃO,NÃO,NÃO,NÃO,NÃO,NÃO,NÃO,NÃO,NÃO,NÃO,NÃO,NÃO,NÃO,,
1/13/2020 15:18:50,2002,02/05/2002,Propaganda partidária - 014/02,PROPAGANDA PARTIDÁRIA,,,,NÃO,,SIM,Sim,NÃO,SIM,SIM,SIM,SIM,NÃO,NÃO,NÃO,SIM,SIM,NÃO,SIM,NÃO,NÃO,NÃO,NÃO,NÃO,NÃO,NÃO,NÃO,NÃO,NÃO,NÃO,NÃO,NÃO,NÃO,NÃO,NÃO,NÃO,NÃO,NÃO,NÃO,NÃO,NÃO,NÃO,NÃO,NÃO,NÃO,NÃO,NÃO,NÃO,NÃO,NÃO,NÃO,NÃO,NÃO,NÃO,NÃO,NÃO,NÃO,NÃO,NÃO,NÃO,NÃO,NÃO,NÃO,NÃO,NÃO,NÃO,NÃO,NÃO,NÃO,NÃO,NÃO,NÃO,NÃO,NÃO,NÃO,NÃO,NÃO,NÃO,NÃO,NÃO,,
1/13/2020 15:28:33,2002,01/05/2002,Partidário - 016/02,SPOT,"PRESIDENTE, SENADOR",,"BRASIL, RJ",NÃO,,SIM,Sim,NÃO,SIM,SIM,NÃO,SIM,SIM,NÃO,NÃO,NÃO,NÃO,NÃO,SIM,SIM,NÃO,NÃO,NÃO,NÃO,NÃO,NÃO,NÃO,NÃO,NÃO,NÃO,NÃO,NÃO,NÃO,NÃO,NÃO,NÃO,NÃO,NÃO,NÃO,NÃO,NÃO,NÃO,NÃO,NÃO,NÃO,NÃO,NÃO,NÃO,NÃO,NÃO,NÃO,NÃO,NÃO,NÃO,NÃO,NÃO,NÃO,NÃO,NÃO,NÃO,NÃO,NÃO,NÃO,NÃO,NÃO,NÃO,NÃO,NÃO,NÃO,NÃO,NÃO,NÃO,NÃO,NÃO,NÃO,NÃO,NÃO,NÃO,NÃO,NÃO,,
1/13/2020 15:37:13,2002,26/05/2002,Ciro Gomes/ Garotinho 018/02A,ENTREVISTA,,,,NÃO,,SIM,Sim,NÃO,SIM,SIM,NÃO,NÃO,NÃO,NÃO,NÃO,NÃO,SIM,NÃO,NÃO,NÃO,NÃO,NÃO,NÃO,NÃO,NÃO,NÃO,NÃO,NÃO,NÃO,NÃO,NÃO,NÃO,NÃO,NÃO,NÃO,NÃO,NÃO,NÃO,NÃO,NÃO,NÃO,NÃO,NÃO,NÃO,NÃO,NÃO,NÃO,NÃO,NÃO,NÃO,NÃO,NÃO,NÃO,NÃO,NÃO,NÃO,NÃO,NÃO,NÃO,NÃO,NÃO,NÃO,NÃO,NÃO,NÃO,NÃO,NÃO,NÃO,NÃO,NÃO,NÃO,NÃO,NÃO,NÃO,NÃO,NÃO,NÃO,NÃO,NÃO,NÃO,,
1/13/2020 15:41:37,2002,26/05/2002,Ciro Gomes/ Garotinho - 018/02B,ENTREVISTA,,,,NÃO,,SIM,Sim,NÃO,SIM,SIM,SIM,NÃO,NÃO,NÃO,NÃO,NÃO,NÃO,NÃO,SIM,NÃO,NÃO,NÃO,NÃO,NÃO,NÃO,NÃO,NÃO,NÃO,NÃO,NÃO,NÃO,NÃO,NÃO,NÃO,NÃO,NÃO,NÃO,NÃO,NÃO,NÃO,NÃO,NÃO,NÃO,NÃO,NÃO,NÃO,NÃO,NÃO,NÃO,NÃO,NÃO,NÃO,NÃO,NÃO,NÃO,NÃO,NÃO,NÃO,NÃO,NÃO,NÃO,NÃO,NÃO,NÃO,NÃO,NÃO,NÃO,NÃO,NÃO,NÃO,NÃO,NÃO,NÃO,NÃO,NÃO,NÃO,NÃO,NÃO,NÃO,NÃO,,
1/13/2020 15:47:59,2002,,José Serra - 019/02,ENTREVISTA,PRESIDENTE,,BRASIL,NÃO,,SIM,Sim,NÃO,SIM,SIM,NÃO,SIM,NÃO,NÃO,NÃO,NÃO,NÃO,NÃO,NÃO,NÃO,NÃO,NÃO,NÃO,NÃO,NÃO,NÃO,NÃO,NÃO,NÃO,NÃO,NÃO,NÃO,NÃO,NÃO,NÃO,NÃO,NÃO,NÃO,NÃO,NÃO,NÃO,NÃO,NÃO,NÃO,NÃO,NÃO,NÃO,NÃO,NÃO,NÃO,NÃO,NÃO,NÃO,NÃO,NÃO,NÃO,NÃO,NÃO,NÃO,NÃO,NÃO,NÃO,NÃO,NÃO,NÃO,NÃO,NÃO,NÃO,NÃO,NÃO,NÃO,NÃO,NÃO,NÃO,NÃO,NÃO,NÃO,NÃO,NÃO,NÃO,,
1/13/2020 15:56:47,2002,27/06/2002,Telejornal - 020/00A,TELEJORNAL,,,,NÃO,,SIM,Sim,NÃO,SIM,SIM,NÃO,NÃO,NÃO,NÃO,NÃO,NÃO,NÃO,NÃO,NÃO,NÃO,NÃO,NÃO,NÃO,NÃO,NÃO,NÃO,NÃO,NÃO,NÃO,NÃO,NÃO,NÃO,NÃO,NÃO,NÃO,NÃO,NÃO,NÃO,NÃO,NÃO,NÃO,NÃO,NÃO,NÃO,NÃO,NÃO,NÃO,NÃO,NÃO,NÃO,NÃO,NÃO,NÃO,NÃO,NÃO,NÃO,NÃO,NÃO,NÃO,NÃO,NÃO,NÃO,NÃO,NÃO,NÃO,NÃO,NÃO,NÃO,NÃO,NÃO,NÃO,NÃO,NÃO,NÃO,NÃO,NÃO,NÃO,NÃO,NÃO,NÃO,,
1/13/2020 16:01:44,2002,30/06/2002,Telejornal - 020/02B,TELEJORNAL,,,,NÃO,,SIM,Sim,NÃO,SIM,SIM,NÃO,SIM,NÃO,NÃO,NÃO,NÃO,SIM,NÃO,SIM,NÃO,NÃO,NÃO,NÃO,NÃO,NÃO,NÃO,NÃO,NÃO,NÃO,NÃO,NÃO,NÃO,NÃO,NÃO,NÃO,NÃO,NÃO,NÃO,NÃO,NÃO,NÃO,NÃO,NÃO,NÃO,NÃO,NÃO,NÃO,NÃO,NÃO,NÃO,NÃO,NÃO,NÃO,NÃO,NÃO,NÃO,NÃO,NÃO,NÃO,NÃO,NÃO,NÃO,NÃO,NÃO,NÃO,NÃO,NÃO,NÃO,NÃO,NÃO,NÃO,NÃO,NÃO,NÃO,NÃO,NÃO,NÃO,NÃO,NÃO,NÃO,,
1/13/2020 16:12:26,2002,08/07/2002,Telejornal - 021/02B,TELEJORNAL,,,,NÃO,,SIM,Sim,NÃO,SIM,SIM,NÃO,SIM,NÃO,NÃO,NÃO,NÃO,SIM,NÃO,SIM,NÃO,NÃO,NÃO,NÃO,NÃO,NÃO,NÃO,NÃO,NÃO,NÃO,NÃO,NÃO,NÃO,NÃO,NÃO,NÃO,NÃO,NÃO,NÃO,NÃO,NÃO,NÃO,NÃO,NÃO,NÃO,NÃO,NÃO,NÃO,NÃO,NÃO,NÃO,NÃO,NÃO,NÃO,NÃO,NÃO,NÃO,NÃO,NÃO,NÃO,NÃO,NÃO,NÃO,NÃO,NÃO,NÃO,NÃO,NÃO,NÃO,NÃO,NÃO,NÃO,NÃO,NÃO,NÃO,NÃO,NÃO,NÃO,NÃO,NÃO,NÃO,,
1/14/2020 11:35:46,2002,08/07/2002,Telejornal - 021/02C,TELEJORNAL,PRESIDENTE,,BRASIL,NÃO,,SIM,Sim,NÃO,SIM,SIM,NÃO,SIM,NÃO,NÃO,NÃO,NÃO,SIM,NÃO,SIM,NÃO,NÃO,NÃO,NÃO,NÃO,NÃO,NÃO,NÃO,NÃO,NÃO,NÃO,NÃO,NÃO,NÃO,NÃO,NÃO,NÃO,NÃO,NÃO,NÃO,NÃO,NÃO,NÃO,NÃO,NÃO,NÃO,NÃO,NÃO,NÃO,NÃO,NÃO,NÃO,NÃO,NÃO,NÃO,NÃO,NÃO,NÃO,NÃO,NÃO,NÃO,NÃO,NÃO,NÃO,NÃO,NÃO,NÃO,NÃO,NÃO,NÃO,NÃO,NÃO,NÃO,NÃO,NÃO,NÃO,NÃO,NÃO,NÃO,NÃO,NÃO,,
1/14/2020 11:41:33,2002,11/07/2002,Telejornal - 022/02A,TELEJORNAL,PRESIDENTE,,BRASIL,NÃO,,SIM,Sim,NÃO,SIM,SIM,SIM,NÃO,NÃO,NÃO,NÃO,NÃO,NÃO,NÃO,NÃO,NÃO,NÃO,NÃO,NÃO,NÃO,NÃO,NÃO,NÃO,NÃO,NÃO,NÃO,NÃO,NÃO,NÃO,NÃO,NÃO,NÃO,NÃO,NÃO,NÃO,NÃO,NÃO,NÃO,NÃO,NÃO,NÃO,NÃO,NÃO,NÃO,NÃO,NÃO,NÃO,NÃO,NÃO,NÃO,NÃO,NÃO,NÃO,NÃO,NÃO,NÃO,NÃO,NÃO,NÃO,NÃO,NÃO,NÃO,NÃO,NÃO,NÃO,NÃO,NÃO,NÃO,NÃO,NÃO,NÃO,NÃO,NÃO,NÃO,NÃO,NÃO,,
1/14/2020 11:47:39,2002,11/07/2002,Telejornal - 022/02B,TELEJORNAL,PRESIDENTE,,BRASIL,NÃO,,SIM,Sim,NÃO,SIM,SIM,SIM,NÃO,NÃO,NÃO,NÃO,NÃO,SIM,NÃO,NÃO,NÃO,NÃO,NÃO,NÃO,NÃO,NÃO,NÃO,NÃO,NÃO,NÃO,NÃO,NÃO,NÃO,NÃO,NÃO,NÃO,NÃO,NÃO,NÃO,NÃO,NÃO,NÃO,NÃO,NÃO,NÃO,NÃO,NÃO,NÃO,NÃO,NÃO,NÃO,NÃO,NÃO,NÃO,NÃO,NÃO,NÃO,NÃO,NÃO,NÃO,NÃO,NÃO,NÃO,NÃO,NÃO,NÃO,NÃO,NÃO,NÃO,NÃO,NÃO,NÃO,NÃO,NÃO,NÃO,NÃO,NÃO,NÃO,NÃO,NÃO,NÃO,,
1/14/2020 11:52:05,2002,11/07/2002,Telejornal - 022/02C,TELEJORNAL,PRESIDENTE,,BRASIL,NÃO,,SIM,Sim,NÃO,SIM,SIM,NÃO,NÃO,NÃO,NÃO,NÃO,NÃO,NÃO,NÃO,SIM,NÃO,NÃO,NÃO,NÃO,NÃO,NÃO,NÃO,NÃO,NÃO,NÃO,NÃO,NÃO,NÃO,NÃO,NÃO,NÃO,NÃO,NÃO,NÃO,NÃO,NÃO,NÃO,NÃO,NÃO,NÃO,NÃO,NÃO,NÃO,NÃO,NÃO,NÃO,NÃO,NÃO,NÃO,NÃO,NÃO,NÃO,NÃO,NÃO,NÃO,NÃO,NÃO,NÃO,NÃO,NÃO,NÃO,NÃO,NÃO,NÃO,NÃO,NÃO,NÃO,NÃO,NÃO,NÃO,NÃO,NÃO,NÃO,NÃO,NÃO,NÃO,,
1/14/2020 11:56:59,2002,11/07/2002,Telejornal - 022/02D,TELEJORNAL,PRESIDENTE,,BRASIL,NÃO,,SIM,Sim,NÃO,SIM,SIM,SIM,SIM,NÃO,NÃO,NÃO,NÃO,SIM,NÃO,SIM,NÃO,NÃO,NÃO,NÃO,NÃO,NÃO,NÃO,NÃO,NÃO,NÃO,NÃO,NÃO,NÃO,NÃO,NÃO,NÃO,NÃO,NÃO,NÃO,NÃO,NÃO,NÃO,NÃO,NÃO,NÃO,NÃO,NÃO,NÃO,NÃO,NÃO,NÃO,NÃO,NÃO,NÃO,NÃO,NÃO,NÃO,NÃO,NÃO,NÃO,NÃO,NÃO,NÃO,NÃO,NÃO,NÃO,NÃO,NÃO,NÃO,NÃO,NÃO,NÃO,NÃO,NÃO,NÃO,NÃO,NÃO,NÃO,NÃO,NÃO,NÃO,,
1/14/2020 12:02:03,2002,15/07/2002,Telejornal - 023/02A,TELEJORNAL,PRESIDENTE,,BRASIL,NÃO,,SIM,Sim,NÃO,SIM,SIM,SIM,SIM,NÃO,NÃO,NÃO,NÃO,NÃO,NÃO,SIM,NÃO,NÃO,NÃO,NÃO,NÃO,NÃO,NÃO,NÃO,NÃO,NÃO,NÃO,NÃO,NÃO,NÃO,NÃO,NÃO,NÃO,NÃO,NÃO,NÃO,NÃO,NÃO,NÃO,NÃO,NÃO,NÃO,NÃO,NÃO,NÃO,NÃO,NÃO,NÃO,NÃO,NÃO,NÃO,NÃO,NÃO,NÃO,NÃO,NÃO,NÃO,NÃO,NÃO,NÃO,NÃO,NÃO,NÃO,NÃO,NÃO,NÃO,NÃO,NÃO,NÃO,NÃO,NÃO,NÃO,NÃO,NÃO,NÃO,NÃO,NÃO,,
1/14/2020 12:10:51,2002,17/07/2002,Telejornal - 023/02B,TELEJORNAL,PRESIDENTE,,BRASIL,NÃO,,SIM,Sim,NÃO,SIM,SIM,NÃO,NÃO,NÃO,NÃO,NÃO,NÃO,SIM,NÃO,NÃO,NÃO,NÃO,NÃO,NÃO,NÃO,NÃO,NÃO,NÃO,NÃO,NÃO,NÃO,NÃO,NÃO,NÃO,NÃO,NÃO,NÃO,NÃO,NÃO,NÃO,NÃO,NÃO,NÃO,NÃO,NÃO,NÃO,NÃO,NÃO,NÃO,NÃO,NÃO,NÃO,NÃO,NÃO,NÃO,NÃO,NÃO,NÃO,NÃO,NÃO,NÃO,NÃO,NÃO,NÃO,NÃO,NÃO,NÃO,NÃO,NÃO,NÃO,NÃO,NÃO,NÃO,NÃO,NÃO,NÃO,NÃO,NÃO,NÃO,NÃO,NÃO,,
1/14/2020 12:16:31,2002,15/07/2002,Telejornal - 023/02C,TELEJORNAL,PRESIDENTE,,BRASIL,NÃO,,SIM,Sim,NÃO,SIM,SIM,SIM,SIM,NÃO,NÃO,NÃO,NÃO,SIM,NÃO,SIM,NÃO,NÃO,NÃO,NÃO,NÃO,NÃO,NÃO,NÃO,NÃO,NÃO,NÃO,NÃO,NÃO,NÃO,NÃO,NÃO,NÃO,NÃO,NÃO,NÃO,NÃO,NÃO,NÃO,NÃO,NÃO,NÃO,NÃO,NÃO,NÃO,NÃO,NÃO,NÃO,NÃO,NÃO,NÃO,NÃO,NÃO,NÃO,NÃO,NÃO,NÃO,NÃO,NÃO,NÃO,NÃO,NÃO,NÃO,NÃO,NÃO,NÃO,NÃO,NÃO,NÃO,NÃO,NÃO,NÃO,NÃO,NÃO,NÃO,NÃO,NÃO,,
1/14/2020 12:21:04,2002,22/07/2002,Telejornal - 024/02A,TELEJORNAL,,,,NÃO,,SIM,Sim,NÃO,SIM,SIM,NÃO,NÃO,NÃO,NÃO,NÃO,NÃO,NÃO,NÃO,NÃO,NÃO,NÃO,NÃO,NÃO,NÃO,NÃO,NÃO,NÃO,NÃO,NÃO,NÃO,NÃO,NÃO,NÃO,NÃO,NÃO,NÃO,NÃO,NÃO,NÃO,NÃO,NÃO,NÃO,NÃO,NÃO,NÃO,NÃO,NÃO,NÃO,NÃO,NÃO,NÃO,NÃO,NÃO,NÃO,NÃO,NÃO,NÃO,NÃO,NÃO,NÃO,NÃO,NÃO,NÃO,NÃO,NÃO,NÃO,NÃO,NÃO,NÃO,NÃO,NÃO,NÃO,NÃO,NÃO,NÃO,NÃO,NÃO,NÃO,NÃO,NÃO,,
1/14/2020 12:26:33,2002,22/07/2002,Telejornal - 024/02B,TELEJORNAL,PRESIDENTE,,BRASIL,NÃO,,SIM,Sim,NÃO,SIM,SIM,NÃO,NÃO,NÃO,NÃO,NÃO,NÃO,SIM,NÃO,SIM,NÃO,NÃO,NÃO,NÃO,NÃO,NÃO,NÃO,NÃO,NÃO,NÃO,NÃO,NÃO,NÃO,NÃO,NÃO,NÃO,NÃO,NÃO,NÃO,NÃO,NÃO,NÃO,NÃO,NÃO,NÃO,NÃO,NÃO,NÃO,NÃO,NÃO,NÃO,NÃO,NÃO,NÃO,NÃO,NÃO,NÃO,NÃO,NÃO,NÃO,NÃO,NÃO,NÃO,NÃO,NÃO,NÃO,NÃO,NÃO,NÃO,NÃO,NÃO,NÃO,NÃO,NÃO,NÃO,NÃO,NÃO,NÃO,NÃO,NÃO,NÃO,,
1/14/2020 12:32:48,2002,22/07/2002,Telejornal - 024/02C,TELEJORNAL,PRESIDENTE,,BRASIL,NÃO,,SIM,Sim,NÃO,SIM,SIM,SIM,SIM,NÃO,NÃO,NÃO,NÃO,SIM,NÃO,SIM,NÃO,NÃO,NÃO,NÃO,NÃO,NÃO,NÃO,NÃO,NÃO,NÃO,NÃO,NÃO,NÃO,NÃO,NÃO,NÃO,NÃO,NÃO,NÃO,NÃO,NÃO,NÃO,NÃO,NÃO,NÃO,NÃO,NÃO,NÃO,NÃO,NÃO,NÃO,NÃO,NÃO,NÃO,NÃO,NÃO,NÃO,NÃO,NÃO,NÃO,NÃO,NÃO,NÃO,NÃO,NÃO,NÃO,NÃO,NÃO,NÃO,NÃO,NÃO,NÃO,NÃO,NÃO,NÃO,NÃO,NÃO,NÃO,NÃO,NÃO,NÃO,,
1/14/2020 12:39:51,2002,23/07/2002,Telejornal - 024/02D,TELEJORNAL,PRESIDENTE,,BRASIL,NÃO,,SIM,Sim,NÃO,NÃO,SIM,SIM,SIM,NÃO,NÃO,NÃO,NÃO,SIM,NÃO,SIM,NÃO,NÃO,NÃO,NÃO,NÃO,NÃO,NÃO,NÃO,NÃO,NÃO,NÃO,NÃO,NÃO,NÃO,NÃO,NÃO,NÃO,NÃO,NÃO,NÃO,NÃO,NÃO,NÃO,NÃO,NÃO,NÃO,NÃO,NÃO,NÃO,NÃO,NÃO,NÃO,NÃO,NÃO,NÃO,NÃO,NÃO,NÃO,NÃO,NÃO,NÃO,NÃO,NÃO,NÃO,NÃO,NÃO,NÃO,NÃO,NÃO,NÃO,NÃO,NÃO,NÃO,NÃO,NÃO,NÃO,NÃO,NÃO,NÃO,NÃO,NÃO,,
1/14/2020 14:18:34,2002,24/07/2002,Telejornal - 025/02A,TELEJORNAL,PRESIDENTE,,BRASIL,NÃO,,SIM,Sim,NÃO,SIM,SIM,SIM,SIM,NÃO,NÃO,NÃO,NÃO,NÃO,NÃO,NÃO,NÃO,NÃO,NÃO,NÃO,NÃO,NÃO,NÃO,NÃO,NÃO,NÃO,NÃO,NÃO,NÃO,NÃO,NÃO,NÃO,NÃO,NÃO,NÃO,NÃO,NÃO,NÃO,NÃO,NÃO,NÃO,NÃO,NÃO,NÃO,NÃO,NÃO,NÃO,NÃO,NÃO,NÃO,NÃO,NÃO,NÃO,NÃO,NÃO,NÃO,NÃO,NÃO,NÃO,NÃO,NÃO,NÃO,NÃO,NÃO,NÃO,NÃO,NÃO,NÃO,NÃO,NÃO,NÃO,NÃO,NÃO,NÃO,NÃO,NÃO,NÃO,,
1/14/2020 14:22:50,2002,24/07/2002,Telejornal - 025/02B,TELEJORNAL,PRESIDENTE,,BRASIL,NÃO,,SIM,Sim,NÃO,SIM,SIM,SIM,SIM,NÃO,NÃO,NÃO,NÃO,NÃO,NÃO,SIM,NÃO,NÃO,NÃO,NÃO,NÃO,NÃO,NÃO,NÃO,NÃO,NÃO,NÃO,NÃO,NÃO,NÃO,NÃO,NÃO,NÃO,NÃO,NÃO,NÃO,NÃO,NÃO,NÃO,NÃO,NÃO,NÃO,NÃO,NÃO,NÃO,NÃO,NÃO,NÃO,NÃO,NÃO,NÃO,NÃO,NÃO,NÃO,NÃO,NÃO,NÃO,NÃO,NÃO,NÃO,NÃO,NÃO,NÃO,NÃO,NÃO,NÃO,NÃO,NÃO,NÃO,NÃO,NÃO,NÃO,NÃO,NÃO,NÃO,NÃO,NÃO,,
1/14/2020 14:28:10,2002,24/07/2002,Telejornal - 025/02C,TELEJORNAL,PRESIDENTE,,BRASIL,NÃO,,SIM,Sim,NÃO,SIM,SIM,NÃO,SIM,NÃO,NÃO,NÃO,NÃO,SIM,NÃO,SIM,NÃO,NÃO,NÃO,NÃO,NÃO,NÃO,NÃO,NÃO,NÃO,NÃO,NÃO,NÃO,NÃO,NÃO,NÃO,NÃO,NÃO,NÃO,NÃO,NÃO,NÃO,NÃO,NÃO,NÃO,NÃO,NÃO,NÃO,NÃO,NÃO,NÃO,NÃO,NÃO,NÃO,NÃO,NÃO,NÃO,NÃO,NÃO,NÃO,NÃO,NÃO,NÃO,NÃO,NÃO,NÃO,NÃO,NÃO,NÃO,NÃO,NÃO,NÃO,NÃO,NÃO,NÃO,NÃO,NÃO,NÃO,NÃO,NÃO,NÃO,NÃO,,
1/14/2020 14:33:09,2002,29/07/2002,Telejornal - 026/02A,TELEJORNAL,PRESIDENTE,,BRASIL,NÃO,,SIM,Sim,NÃO,SIM,SIM,NÃO,SIM,NÃO,NÃO,NÃO,NÃO,SIM,NÃO,SIM,NÃO,NÃO,NÃO,NÃO,NÃO,NÃO,NÃO,NÃO,NÃO,NÃO,NÃO,NÃO,NÃO,NÃO,NÃO,NÃO,NÃO,NÃO,NÃO,NÃO,NÃO,NÃO,NÃO,NÃO,NÃO,NÃO,NÃO,NÃO,NÃO,NÃO,NÃO,NÃO,NÃO,NÃO,NÃO,NÃO,NÃO,NÃO,NÃO,NÃO,NÃO,NÃO,NÃO,NÃO,NÃO,NÃO,NÃO,NÃO,NÃO,NÃO,NÃO,NÃO,NÃO,NÃO,NÃO,NÃO,NÃO,NÃO,NÃO,NÃO,NÃO,,
1/14/2020 14:37:41,2002,29/08/2002,Telejornal - 026/02B,TELEJORNAL,PRESIDENTE,,BRASIL,NÃO,,SIM,Sim,NÃO,SIM,SIM,NÃO,SIM,NÃO,NÃO,NÃO,NÃO,SIM,NÃO,NÃO,NÃO,NÃO,NÃO,NÃO,NÃO,NÃO,NÃO,NÃO,NÃO,NÃO,NÃO,NÃO,NÃO,NÃO,NÃO,NÃO,NÃO,NÃO,NÃO,NÃO,NÃO,NÃO,NÃO,NÃO,NÃO,NÃO,NÃO,NÃO,NÃO,NÃO,NÃO,NÃO,NÃO,NÃO,NÃO,NÃO,NÃO,NÃO,NÃO,NÃO,NÃO,NÃO,NÃO,NÃO,NÃO,NÃO,NÃO,NÃO,NÃO,NÃO,NÃO,NÃO,NÃO,NÃO,NÃO,NÃO,NÃO,NÃO,NÃO,NÃO,NÃO,,
1/15/2020 11:55:04,2002,29/07/2002,Telejornal - 026/02C,TELEJORNAL,PRESIDENTE,,BRASIL,NÃO,,SIM,Sim,NÃO,SIM,SIM,SIM,SIM,NÃO,NÃO,NÃO,NÃO,SIM,NÃO,SIM,NÃO,NÃO,NÃO,NÃO,NÃO,NÃO,NÃO,NÃO,NÃO,NÃO,NÃO,NÃO,NÃO,NÃO,NÃO,NÃO,NÃO,NÃO,NÃO,NÃO,NÃO,NÃO,NÃO,NÃO,NÃO,NÃO,NÃO,NÃO,NÃO,NÃO,NÃO,NÃO,NÃO,NÃO,NÃO,NÃO,NÃO,NÃO,NÃO,NÃO,NÃO,NÃO,NÃO,NÃO,NÃO,NÃO,NÃO,NÃO,NÃO,NÃO,NÃO,NÃO,NÃO,NÃO,NÃO,NÃO,NÃO,NÃO,NÃO,NÃO,NÃO,,
1/15/2020 12:00:12,2002,08/07/2002,Telejornal - 027/02A,TELEJORNAL,PRESIDENTE,,BRASIL,NÃO,,SIM,Sim,NÃO,SIM,SIM,SIM,NÃO,NÃO,NÃO,NÃO,NÃO,NÃO,NÃO,NÃO,NÃO,NÃO,NÃO,NÃO,NÃO,NÃO,NÃO,NÃO,NÃO,NÃO,NÃO,NÃO,NÃO,NÃO,NÃO,NÃO,NÃO,NÃO,NÃO,NÃO,NÃO,NÃO,NÃO,NÃO,NÃO,NÃO,NÃO,NÃO,NÃO,NÃO,NÃO,NÃO,NÃO,NÃO,NÃO,NÃO,NÃO,NÃO,NÃO,NÃO,NÃO,NÃO,NÃO,NÃO,NÃO,NÃO,NÃO,NÃO,NÃO,NÃO,NÃO,NÃO,NÃO,NÃO,NÃO,NÃO,NÃO,NÃO,NÃO,NÃO,NÃO,,
1/15/2020 12:06:36,2002,08/07/2002,Telejornal - 027/02B,TELEJORNAL,PRESIDENTE,,BRASIL,NÃO,,SIM,Sim,NÃO,SIM,SIM,NÃO,SIM,NÃO,NÃO,NÃO,NÃO,SIM,NÃO,SIM,NÃO,NÃO,NÃO,NÃO,NÃO,NÃO,NÃO,NÃO,NÃO,NÃO,NÃO,NÃO,NÃO,NÃO,NÃO,NÃO,NÃO,NÃO,NÃO,NÃO,NÃO,NÃO,NÃO,NÃO,NÃO,NÃO,NÃO,NÃO,NÃO,NÃO,NÃO,NÃO,NÃO,NÃO,NÃO,NÃO,NÃO,NÃO,NÃO,NÃO,NÃO,NÃO,NÃO,NÃO,NÃO,NÃO,NÃO,NÃO,NÃO,NÃO,NÃO,NÃO,NÃO,NÃO,NÃO,NÃO,NÃO,NÃO,NÃO,NÃO,NÃO,,
1/15/2020 12:20:18,2002,08/07/2002,Telejornal - 027/02C,TELEJORNAL,PRESIDENTE,,BRASIL,NÃO,,SIM,Sim,NÃO,SIM,SIM,SIM,SIM,NÃO,NÃO,NÃO,NÃO,SIM,NÃO,SIM,NÃO,NÃO,NÃO,NÃO,NÃO,NÃO,NÃO,NÃO,NÃO,NÃO,NÃO,NÃO,NÃO,NÃO,NÃO,NÃO,NÃO,NÃO,NÃO,NÃO,NÃO,NÃO,NÃO,NÃO,NÃO,NÃO,NÃO,NÃO,NÃO,NÃO,NÃO,NÃO,NÃO,NÃO,NÃO,NÃO,NÃO,NÃO,NÃO,NÃO,NÃO,NÃO,NÃO,NÃO,NÃO,NÃO,NÃO,NÃO,NÃO,NÃO,NÃO,NÃO,NÃO,NÃO,NÃO,NÃO,NÃO,NÃO,NÃO,NÃO,NÃO,,
1/15/2020 12:25:15,2002,08/07/2002,Telejornal - 027/02D,TELEJORNAL,PRESIDENTE,,BRASIL,NÃO,,SIM,Sim,NÃO,SIM,SIM,SIM,SIM,NÃO,NÃO,NÃO,NÃO,SIM,NÃO,SIM,NÃO,NÃO,NÃO,NÃO,NÃO,NÃO,NÃO,NÃO,NÃO,NÃO,NÃO,NÃO,NÃO,NÃO,NÃO,NÃO,NÃO,NÃO,NÃO,NÃO,NÃO,NÃO,NÃO,NÃO,NÃO,NÃO,NÃO,NÃO,NÃO,NÃO,NÃO,NÃO,NÃO,NÃO,NÃO,NÃO,NÃO,NÃO,NÃO,NÃO,NÃO,NÃO,NÃO,NÃO,NÃO,NÃO,NÃO,NÃO,NÃO,NÃO,NÃO,NÃO,NÃO,NÃO,NÃO,NÃO,NÃO,NÃO,NÃO,NÃO,NÃO,,
1/15/2020 12:32:06,2002,19/07/2002,Telejornal - 028/02A,TELEJORNAL,PRESIDENTE,,BRASIL,NÃO,,SIM,Sim,NÃO,SIM,SIM,SIM,SIM,NÃO,NÃO,NÃO,NÃO,SIM,NÃO,SIM,NÃO,NÃO,NÃO,NÃO,NÃO,NÃO,NÃO,NÃO,NÃO,NÃO,NÃO,NÃO,NÃO,NÃO,NÃO,NÃO,NÃO,NÃO,NÃO,NÃO,NÃO,NÃO,NÃO,NÃO,NÃO,NÃO,NÃO,NÃO,NÃO,NÃO,NÃO,NÃO,NÃO,NÃO,NÃO,NÃO,NÃO,NÃO,NÃO,NÃO,NÃO,NÃO,NÃO,NÃO,NÃO,NÃO,NÃO,NÃO,NÃO,NÃO,NÃO,NÃO,NÃO,NÃO,NÃO,NÃO,NÃO,NÃO,NÃO,NÃO,NÃO,,
1/15/2020 12:37:39,2002,19/07/2002,Telejornal - 028/02B,TELEJORNAL,PRESIDENTE,,BRASIL,NÃO,,SIM,Sim,NÃO,SIM,SIM,SIM,SIM,NÃO,NÃO,NÃO,NÃO,SIM,NÃO,SIM,NÃO,NÃO,NÃO,NÃO,NÃO,NÃO,NÃO,NÃO,NÃO,NÃO,NÃO,NÃO,NÃO,NÃO,NÃO,NÃO,NÃO,NÃO,NÃO,NÃO,NÃO,NÃO,NÃO,NÃO,NÃO,NÃO,NÃO,NÃO,NÃO,NÃO,NÃO,NÃO,NÃO,NÃO,NÃO,NÃO,NÃO,NÃO,NÃO,NÃO,NÃO,NÃO,NÃO,NÃO,NÃO,NÃO,NÃO,NÃO,NÃO,NÃO,NÃO,NÃO,NÃO,NÃO,NÃO,NÃO,NÃO,NÃO,NÃO,NÃO,NÃO,,
1/15/2020 12:48:32,2002,19/07/2002,Telejornal - 028/02C,TELEJORNAL,PRESIDENTE,,BRASIL,NÃO,,SIM,Sim,NÃO,SIM,SIM,SIM,SIM,NÃO,NÃO,NÃO,NÃO,SIM,NÃO,SIM,NÃO,NÃO,NÃO,NÃO,NÃO,NÃO,NÃO,NÃO,NÃO,NÃO,NÃO,NÃO,NÃO,NÃO,NÃO,NÃO,NÃO,NÃO,NÃO,NÃO,NÃO,NÃO,NÃO,NÃO,NÃO,NÃO,NÃO,NÃO,NÃO,NÃO,NÃO,NÃO,NÃO,NÃO,NÃO,NÃO,NÃO,NÃO,NÃO,NÃO,NÃO,NÃO,NÃO,NÃO,NÃO,NÃO,NÃO,NÃO,NÃO,NÃO,NÃO,NÃO,NÃO,NÃO,NÃO,NÃO,NÃO,NÃO,NÃO,NÃO,NÃO,,
1/15/2020 12:55:59,2002,19/07/2002,Telejornal - 028/02D,TELEJORNAL,PRESIDENTE,,BRASIL,NÃO,,SIM,Sim,NÃO,SIM,SIM,NÃO,NÃO,NÃO,NÃO,NÃO,NÃO,SIM,NÃO,NÃO,NÃO,NÃO,NÃO,NÃO,NÃO,NÃO,NÃO,NÃO,NÃO,NÃO,NÃO,NÃO,NÃO,NÃO,NÃO,NÃO,NÃO,NÃO,NÃO,NÃO,NÃO,NÃO,NÃO,NÃO,NÃO,NÃO,NÃO,NÃO,NÃO,NÃO,NÃO,NÃO,NÃO,NÃO,NÃO,NÃO,NÃO,NÃO,NÃO,NÃO,NÃO,NÃO,NÃO,NÃO,NÃO,NÃO,NÃO,NÃO,NÃO,NÃO,NÃO,NÃO,NÃO,NÃO,NÃO,NÃO,NÃO,NÃO,NÃO,NÃO,NÃO,,
1/15/2020 13:02:07,2002,26/08/2002,Telejornal - 029/02A,TELEJORNAL,PRESIDENTE,,BRASIL,NÃO,,SIM,Sim,NÃO,SIM,SIM,SIM,SIM,NÃO,NÃO,NÃO,NÃO,SIM,NÃO,SIM,NÃO,NÃO,NÃO,NÃO,NÃO,NÃO,NÃO,NÃO,NÃO,NÃO,NÃO,NÃO,NÃO,NÃO,NÃO,NÃO,NÃO,NÃO,NÃO,NÃO,NÃO,NÃO,NÃO,NÃO,NÃO,NÃO,NÃO,NÃO,NÃO,NÃO,NÃO,NÃO,NÃO,NÃO,NÃO,NÃO,NÃO,NÃO,NÃO,NÃO,NÃO,NÃO,NÃO,NÃO,NÃO,NÃO,NÃO,NÃO,NÃO,NÃO,NÃO,NÃO,NÃO,NÃO,NÃO,NÃO,NÃO,NÃO,NÃO,NÃO,NÃO,,
1/15/2020 13:05:17,2002,26/07/2002,Telejornal - 029/02B,TELEJORNAL,PRESIDENTE,,BRASIL,NÃO,,SIM,Sim,NÃO,SIM,SIM,SIM,SIM,NÃO,NÃO,NÃO,NÃO,SIM,NÃO,SIM,NÃO,NÃO,NÃO,NÃO,NÃO,NÃO,NÃO,NÃO,NÃO,NÃO,NÃO,NÃO,NÃO,NÃO,NÃO,NÃO,NÃO,NÃO,NÃO,NÃO,NÃO,NÃO,NÃO,NÃO,NÃO,NÃO,NÃO,NÃO,NÃO,NÃO,NÃO,NÃO,NÃO,NÃO,NÃO,NÃO,NÃO,NÃO,NÃO,NÃO,NÃO,NÃO,NÃO,NÃO,NÃO,NÃO,NÃO,NÃO,NÃO,NÃO,NÃO,NÃO,NÃO,NÃO,NÃO,NÃO,NÃO,NÃO,NÃO,NÃO,NÃO,,
1/15/2020 13:24:10,2002,26/07/2002,Telejornal - 029/02C,TELEJORNAL,PRESIDENTE,,BRASIL,NÃO,,SIM,Sim,NÃO,SIM,SIM,SIM,SIM,NÃO,NÃO,NÃO,NÃO,SIM,NÃO,SIM,NÃO,NÃO,NÃO,NÃO,NÃO,NÃO,NÃO,NÃO,NÃO,NÃO,NÃO,NÃO,NÃO,NÃO,NÃO,NÃO,NÃO,NÃO,NÃO,NÃO,NÃO,NÃO,NÃO,NÃO,NÃO,NÃO,NÃO,NÃO,NÃO,NÃO,NÃO,NÃO,NÃO,NÃO,NÃO,NÃO,NÃO,NÃO,NÃO,NÃO,NÃO,NÃO,NÃO,NÃO,NÃO,NÃO,NÃO,NÃO,NÃO,NÃO,NÃO,NÃO,NÃO,NÃO,NÃO,NÃO,NÃO,NÃO,NÃO,NÃO,NÃO,,
1/15/2020 13:33:46,2002,26/07/2002,Telejornal - 029/02D,TELEJORNAL,PRESIDENTE,,BRASIL,NÃO,,SIM,Sim,NÃO,SIM,SIM,SIM,SIM,NÃO,NÃO,NÃO,NÃO,SIM,NÃO,SIM,NÃO,NÃO,NÃO,NÃO,NÃO,NÃO,NÃO,NÃO,NÃO,NÃO,NÃO,NÃO,NÃO,NÃO,NÃO,NÃO,NÃO,NÃO,NÃO,NÃO,NÃO,NÃO,NÃO,NÃO,NÃO,NÃO,NÃO,NÃO,NÃO,NÃO,NÃO,NÃO,NÃO,NÃO,NÃO,NÃO,NÃO,NÃO,NÃO,NÃO,NÃO,NÃO,NÃO,NÃO,NÃO,NÃO,NÃO,NÃO,NÃO,NÃO,NÃO,NÃO,NÃO,NÃO,NÃO,NÃO,NÃO,NÃO,NÃO,NÃO,NÃO,,
1/15/2020 13:39:22,2002,24/07/2002,Telejornal - 030/02,TELEJORNAL,PRESIDENTE,,BRASIL,NÃO,,SIM,Sim,NÃO,SIM,SIM,NÃO,NÃO,NÃO,NÃO,NÃO,NÃO,NÃO,NÃO,NÃO,NÃO,NÃO,NÃO,NÃO,NÃO,NÃO,NÃO,NÃO,NÃO,NÃO,NÃO,NÃO,NÃO,NÃO,NÃO,NÃO,NÃO,NÃO,NÃO,NÃO,NÃO,NÃO,NÃO,NÃO,NÃO,NÃO,NÃO,NÃO,NÃO,NÃO,NÃO,NÃO,NÃO,NÃO,NÃO,NÃO,NÃO,NÃO,NÃO,NÃO,NÃO,NÃO,NÃO,NÃO,NÃO,NÃO,NÃO,NÃO,NÃO,NÃO,NÃO,NÃO,NÃO,NÃO,NÃO,NÃO,NÃO,NÃO,NÃO,NÃO,NÃO,,
1/15/2020 13:50:19,2002,01/08/2002,Telejornal - 031/02A,TELEJORNAL,PRESIDENTE,,BRASIL,NÃO,,SIM,Sim,NÃO,SIM,SIM,SIM,SIM,NÃO,NÃO,NÃO,NÃO,SIM,NÃO,SIM,NÃO,NÃO,NÃO,NÃO,NÃO,NÃO,NÃO,NÃO,NÃO,NÃO,NÃO,NÃO,NÃO,NÃO,NÃO,NÃO,NÃO,NÃO,NÃO,NÃO,NÃO,NÃO,NÃO,NÃO,NÃO,NÃO,NÃO,NÃO,NÃO,NÃO,NÃO,NÃO,NÃO,NÃO,NÃO,NÃO,NÃO,NÃO,NÃO,NÃO,NÃO,NÃO,NÃO,NÃO,NÃO,NÃO,NÃO,NÃO,NÃO,NÃO,NÃO,NÃO,NÃO,NÃO,NÃO,NÃO,NÃO,NÃO,NÃO,NÃO,NÃO,,
1/15/2020 14:01:08,2002,05/08/2002,Telejornal - 032/02A,TELEJORNAL,PRESIDENTE,,BRASIL,NÃO,,SIM,Sim,NÃO,SIM,SIM,SIM,SIM,NÃO,NÃO,NÃO,NÃO,SIM,NÃO,SIM,NÃO,NÃO,NÃO,NÃO,NÃO,NÃO,NÃO,NÃO,NÃO,NÃO,NÃO,NÃO,NÃO,NÃO,NÃO,NÃO,NÃO,NÃO,NÃO,NÃO,NÃO,NÃO,NÃO,NÃO,NÃO,NÃO,NÃO,NÃO,NÃO,NÃO,NÃO,NÃO,NÃO,NÃO,NÃO,NÃO,NÃO,NÃO,NÃO,NÃO,NÃO,NÃO,NÃO,NÃO,NÃO,NÃO,NÃO,NÃO,NÃO,NÃO,NÃO,NÃO,NÃO,NÃO,NÃO,NÃO,NÃO,NÃO,NÃO,NÃO,NÃO,,
1/15/2020 14:09:22,2002,05/08/2002,Telejornal - 032/02B,TELEJORNAL,PRESIDENTE,,BRASIL,NÃO,,SIM,Sim,NÃO,SIM,SIM,SIM,SIM,NÃO,NÃO,NÃO,NÃO,SIM,NÃO,SIM,NÃO,NÃO,NÃO,NÃO,NÃO,NÃO,NÃO,NÃO,NÃO,NÃO,NÃO,NÃO,NÃO,NÃO,NÃO,NÃO,NÃO,NÃO,NÃO,NÃO,NÃO,NÃO,NÃO,NÃO,NÃO,NÃO,NÃO,NÃO,NÃO,NÃO,NÃO,NÃO,NÃO,NÃO,NÃO,NÃO,NÃO,NÃO,NÃO,NÃO,NÃO,NÃO,NÃO,NÃO,NÃO,NÃO,NÃO,NÃO,NÃO,NÃO,NÃO,NÃO,NÃO,NÃO,NÃO,NÃO,NÃO,NÃO,NÃO,NÃO,NÃO,,
1/15/2020 14:21:06,2002,05/08/2002,Telejornal - 032/02C,TELEJORNAL,PRESIDENTE,,BRASIL,NÃO,,SIM,Sim,NÃO,SIM,SIM,SIM,SIM,NÃO,NÃO,NÃO,NÃO,SIM,NÃO,SIM,NÃO,NÃO,NÃO,NÃO,NÃO,NÃO,NÃO,NÃO,NÃO,NÃO,NÃO,NÃO,NÃO,NÃO,NÃO,NÃO,NÃO,NÃO,NÃO,NÃO,NÃO,NÃO,NÃO,NÃO,NÃO,NÃO,NÃO,NÃO,NÃO,NÃO,NÃO,NÃO,NÃO,NÃO,NÃO,NÃO,NÃO,NÃO,NÃO,NÃO,NÃO,NÃO,NÃO,NÃO,NÃO,NÃO,NÃO,NÃO,NÃO,NÃO,NÃO,NÃO,NÃO,NÃO,NÃO,NÃO,NÃO,NÃO,NÃO,NÃO,NÃO,,
1/15/2020 14:26:04,2002,12/08/2002,Telejornal - 033/02A,TELEJORNAL,PRESIDENTE,,BRASIL,NÃO,,SIM,Sim,NÃO,SIM,SIM,SIM,SIM,NÃO,NÃO,NÃO,NÃO,SIM,NÃO,SIM,NÃO,NÃO,NÃO,NÃO,NÃO,NÃO,NÃO,NÃO,NÃO,NÃO,NÃO,NÃO,NÃO,NÃO,NÃO,NÃO,NÃO,NÃO,NÃO,NÃO,NÃO,NÃO,NÃO,NÃO,NÃO,NÃO,NÃO,NÃO,NÃO,NÃO,NÃO,NÃO,NÃO,NÃO,NÃO,NÃO,NÃO,NÃO,NÃO,NÃO,NÃO,NÃO,NÃO,NÃO,NÃO,NÃO,NÃO,NÃO,NÃO,NÃO,NÃO,NÃO,NÃO,NÃO,NÃO,NÃO,NÃO,NÃO,NÃO,NÃO,NÃO,,
1/15/2020 14:41:22,2002,12/08/2002,Telejornal - 033/02B,TELEJORNAL,PRESIDENTE,,BRASIL,NÃO,,SIM,Sim,NÃO,SIM,SIM,SIM,SIM,NÃO,NÃO,NÃO,NÃO,SIM,NÃO,SIM,NÃO,NÃO,NÃO,NÃO,NÃO,NÃO,NÃO,NÃO,NÃO,NÃO,NÃO,NÃO,NÃO,NÃO,NÃO,NÃO,NÃO,NÃO,NÃO,NÃO,NÃO,NÃO,NÃO,NÃO,NÃO,NÃO,NÃO,NÃO,NÃO,NÃO,NÃO,NÃO,NÃO,NÃO,NÃO,NÃO,NÃO,NÃO,NÃO,NÃO,NÃO,NÃO,NÃO,NÃO,NÃO,NÃO,NÃO,NÃO,NÃO,NÃO,NÃO,NÃO,NÃO,NÃO,NÃO,NÃO,NÃO,NÃO,NÃO,NÃO,NÃO,,
1/15/2020 15:17:46,2002,12/08/2002,Telejornal - 033/02C,TELEJORNAL,PRESIDENTE,,BRASIL,NÃO,,SIM,Sim,NÃO,SIM,SIM,SIM,SIM,NÃO,NÃO,NÃO,NÃO,SIM,NÃO,SIM,NÃO,NÃO,NÃO,NÃO,NÃO,NÃO,NÃO,NÃO,NÃO,NÃO,NÃO,NÃO,NÃO,NÃO,NÃO,NÃO,NÃO,NÃO,NÃO,NÃO,NÃO,NÃO,NÃO,NÃO,NÃO,NÃO,NÃO,NÃO,NÃO,NÃO,NÃO,NÃO,NÃO,NÃO,NÃO,NÃO,NÃO,NÃO,NÃO,NÃO,NÃO,NÃO,NÃO,NÃO,NÃO,NÃO,NÃO,NÃO,NÃO,NÃO,NÃO,NÃO,NÃO,NÃO,NÃO,NÃO,NÃO,NÃO,NÃO,NÃO,NÃO,,
1/15/2020 15:30:09,2002,19/08/2002,Telejornal - 034/02A,TELEJORNAL,PRESIDENTE,,BRASIL,NÃO,,SIM,Sim,NÃO,SIM,SIM,SIM,SIM,NÃO,NÃO,NÃO,NÃO,SIM,NÃO,SIM,NÃO,NÃO,NÃO,NÃO,NÃO,NÃO,NÃO,NÃO,NÃO,NÃO,NÃO,NÃO,NÃO,NÃO,NÃO,NÃO,NÃO,NÃO,NÃO,NÃO,NÃO,NÃO,NÃO,NÃO,NÃO,NÃO,NÃO,NÃO,NÃO,NÃO,NÃO,NÃO,NÃO,NÃO,NÃO,NÃO,NÃO,NÃO,NÃO,NÃO,NÃO,NÃO,NÃO,NÃO,NÃO,NÃO,NÃO,NÃO,NÃO,NÃO,NÃO,NÃO,NÃO,NÃO,NÃO,NÃO,NÃO,NÃO,NÃO,NÃO,NÃO,,
1/15/2020 15:40:19,2002,19/08/2002,Telejornal - 034/02B,TELEJORNAL,PRESIDENTE,,BRASIL,NÃO,,SIM,Sim,NÃO,SIM,SIM,SIM,SIM,NÃO,NÃO,NÃO,NÃO,SIM,NÃO,SIM,NÃO,NÃO,NÃO,NÃO,NÃO,NÃO,NÃO,NÃO,NÃO,NÃO,NÃO,NÃO,NÃO,NÃO,NÃO,NÃO,NÃO,NÃO,NÃO,NÃO,NÃO,NÃO,NÃO,NÃO,NÃO,NÃO,NÃO,NÃO,NÃO,NÃO,NÃO,NÃO,NÃO,NÃO,NÃO,NÃO,NÃO,NÃO,NÃO,NÃO,NÃO,NÃO,NÃO,NÃO,NÃO,NÃO,NÃO,NÃO,NÃO,NÃO,NÃO,NÃO,NÃO,NÃO,NÃO,NÃO,NÃO,NÃO,NÃO,NÃO,NÃO,,
1/15/2020 15:48:17,2002,13/08/2002,Telejornal - 034/02C,TELEJORNAL,PRESIDENTE,,BRASIL,NÃO,,SIM,Sim,NÃO,SIM,SIM,SIM,SIM,NÃO,NÃO,NÃO,NÃO,SIM,NÃO,SIM,NÃO,NÃO,NÃO,NÃO,NÃO,NÃO,NÃO,NÃO,NÃO,NÃO,NÃO,NÃO,NÃO,NÃO,NÃO,NÃO,NÃO,NÃO,NÃO,NÃO,NÃO,NÃO,NÃO,NÃO,NÃO,NÃO,NÃO,NÃO,NÃO,NÃO,NÃO,NÃO,NÃO,NÃO,NÃO,NÃO,NÃO,NÃO,NÃO,NÃO,NÃO,NÃO,NÃO,NÃO,NÃO,NÃO,NÃO,NÃO,NÃO,NÃO,NÃO,NÃO,NÃO,NÃO,NÃO,NÃO,NÃO,NÃO,NÃO,NÃO,NÃO,,
1/15/2020 16:01:24,2002,26/08/2002,Telejornal - 035/02A,TELEJORNAL,PRESIDENTE,,BRASIL,NÃO,,SIM,Sim,NÃO,SIM,SIM,SIM,SIM,NÃO,NÃO,NÃO,NÃO,SIM,NÃO,SIM,NÃO,NÃO,NÃO,NÃO,NÃO,NÃO,NÃO,NÃO,NÃO,NÃO,NÃO,NÃO,NÃO,NÃO,NÃO,NÃO,NÃO,NÃO,NÃO,NÃO,NÃO,NÃO,NÃO,NÃO,NÃO,NÃO,NÃO,NÃO,NÃO,NÃO,NÃO,NÃO,NÃO,NÃO,NÃO,NÃO,NÃO,NÃO,NÃO,NÃO,NÃO,NÃO,NÃO,NÃO,NÃO,NÃO,NÃO,NÃO,NÃO,NÃO,NÃO,NÃO,NÃO,NÃO,NÃO,NÃO,NÃO,NÃO,NÃO,NÃO,NÃO,,
1/15/2020 16:07:28,2002,26/08/2002,Telejornal - 035/02B,TELEJORNAL,PRESIDENTE,,BRASIL,NÃO,,SIM,Sim,NÃO,SIM,SIM,SIM,SIM,NÃO,NÃO,NÃO,NÃO,SIM,NÃO,SIM,NÃO,NÃO,NÃO,NÃO,NÃO,NÃO,NÃO,NÃO,NÃO,NÃO,NÃO,NÃO,NÃO,NÃO,NÃO,NÃO,NÃO,NÃO,NÃO,NÃO,NÃO,NÃO,NÃO,NÃO,NÃO,NÃO,NÃO,NÃO,NÃO,NÃO,NÃO,NÃO,NÃO,NÃO,NÃO,NÃO,NÃO,NÃO,NÃO,NÃO,NÃO,NÃO,NÃO,NÃO,NÃO,NÃO,NÃO,NÃO,NÃO,NÃO,NÃO,NÃO,NÃO,NÃO,NÃO,NÃO,NÃO,NÃO,NÃO,NÃO,NÃO,,
1/15/2020 16:21:33,2002,26/08/2002,Telejornal - 035/02C,TELEJORNAL,PRESIDENTE,,BRASIL,NÃO,,SIM,Sim,NÃO,SIM,SIM,SIM,SIM,NÃO,NÃO,NÃO,NÃO,SIM,NÃO,SIM,NÃO,NÃO,NÃO,NÃO,NÃO,NÃO,NÃO,NÃO,NÃO,NÃO,NÃO,NÃO,NÃO,NÃO,NÃO,NÃO,NÃO,NÃO,NÃO,NÃO,NÃO,NÃO,NÃO,NÃO,NÃO,NÃO,NÃO,NÃO,NÃO,NÃO,NÃO,NÃO,NÃO,NÃO,NÃO,NÃO,NÃO,NÃO,NÃO,NÃO,NÃO,NÃO,NÃO,NÃO,NÃO,NÃO,NÃO,NÃO,NÃO,NÃO,NÃO,NÃO,NÃO,NÃO,NÃO,NÃO,NÃO,NÃO,NÃO,NÃO,NÃO,,
1/15/2020 16:26:54,2002,26/08/2002,Telejornal - 035/02D,TELEJORNAL,PRESIDENTE,,BRASIL,NÃO,,SIM,Sim,NÃO,SIM,SIM,SIM,SIM,NÃO,NÃO,NÃO,NÃO,SIM,NÃO,SIM,NÃO,NÃO,NÃO,NÃO,NÃO,NÃO,NÃO,NÃO,NÃO,NÃO,NÃO,NÃO,NÃO,NÃO,NÃO,NÃO,NÃO,NÃO,NÃO,NÃO,NÃO,NÃO,NÃO,NÃO,NÃO,NÃO,NÃO,NÃO,NÃO,NÃO,NÃO,NÃO,NÃO,NÃO,NÃO,NÃO,NÃO,NÃO,NÃO,NÃO,NÃO,NÃO,NÃO,NÃO,NÃO,NÃO,NÃO,NÃO,NÃO,NÃO,NÃO,NÃO,NÃO,NÃO,NÃO,NÃO,NÃO,NÃO,NÃO,NÃO,NÃO,,
1/15/2020 16:34:45,2002,02/09/2002,Telejornal - 036/02A,TELEJORNAL,"PRESIDENTE, DEPUTADO FEDERAL",,"BRASIL, RJ",NÃO,,SIM,Sim,NÃO,SIM,SIM,SIM,SIM,NÃO,NÃO,NÃO,NÃO,SIM,NÃO,SIM,NÃO,NÃO,NÃO,NÃO,NÃO,NÃO,NÃO,NÃO,NÃO,NÃO,NÃO,NÃO,NÃO,NÃO,NÃO,NÃO,NÃO,NÃO,NÃO,NÃO,NÃO,NÃO,NÃO,NÃO,NÃO,NÃO,NÃO,NÃO,NÃO,NÃO,NÃO,NÃO,NÃO,NÃO,NÃO,NÃO,NÃO,NÃO,NÃO,NÃO,NÃO,NÃO,NÃO,NÃO,NÃO,NÃO,NÃO,NÃO,NÃO,NÃO,NÃO,NÃO,NÃO,NÃO,NÃO,NÃO,NÃO,NÃO,NÃO,NÃO,NÃO,,
1/15/2020 16:41:55,2002,02/09/2002,Telejornal - 036/02B,TELEJORNAL,PRESIDENTE,,BRASIL,NÃO,,SIM,Sim,NÃO,SIM,SIM,SIM,SIM,NÃO,NÃO,NÃO,NÃO,SIM,NÃO,SIM,NÃO,NÃO,NÃO,NÃO,NÃO,NÃO,NÃO,NÃO,NÃO,NÃO,NÃO,NÃO,NÃO,NÃO,NÃO,NÃO,NÃO,NÃO,NÃO,NÃO,NÃO,NÃO,NÃO,NÃO,NÃO,NÃO,NÃO,NÃO,NÃO,NÃO,NÃO,NÃO,NÃO,NÃO,NÃO,NÃO,NÃO,NÃO,NÃO,NÃO,NÃO,NÃO,NÃO,NÃO,NÃO,NÃO,NÃO,NÃO,NÃO,NÃO,NÃO,NÃO,NÃO,NÃO,NÃO,NÃO,NÃO,NÃO,NÃO,NÃO,NÃO,,
1/15/2020 16:47:50,2002,02/09/2002,Telejornal - 036/02C,TELEJORNAL,PRESIDENTE,,BRASIL,NÃO,,SIM,Sim,NÃO,SIM,SIM,SIM,SIM,NÃO,NÃO,NÃO,NÃO,SIM,NÃO,SIM,NÃO,NÃO,NÃO,NÃO,NÃO,NÃO,NÃO,NÃO,NÃO,NÃO,NÃO,NÃO,NÃO,NÃO,NÃO,NÃO,NÃO,NÃO,NÃO,NÃO,NÃO,NÃO,NÃO,NÃO,NÃO,NÃO,NÃO,NÃO,NÃO,NÃO,NÃO,NÃO,NÃO,NÃO,NÃO,NÃO,NÃO,NÃO,NÃO,NÃO,NÃO,NÃO,NÃO,NÃO,NÃO,NÃO,NÃO,NÃO,NÃO,NÃO,NÃO,NÃO,NÃO,NÃO,NÃO,NÃO,NÃO,NÃO,NÃO,NÃO,NÃO,,
1/16/2020 14:37:31,2002,09/09/2002,Telejornal - 037/02A,TELEJORNAL,PRESIDENTE,,BRASIL,NÃO,,SIM,Sim,NÃO,SIM,SIM,SIM,SIM,NÃO,NÃO,NÃO,NÃO,SIM,NÃO,SIM,NÃO,NÃO,NÃO,NÃO,NÃO,NÃO,NÃO,NÃO,NÃO,NÃO,NÃO,NÃO,NÃO,NÃO,NÃO,NÃO,NÃO,NÃO,NÃO,NÃO,NÃO,NÃO,NÃO,NÃO,NÃO,NÃO,NÃO,NÃO,NÃO,NÃO,NÃO,NÃO,NÃO,NÃO,NÃO,NÃO,NÃO,NÃO,NÃO,NÃO,NÃO,NÃO,NÃO,NÃO,NÃO,NÃO,NÃO,NÃO,NÃO,NÃO,NÃO,NÃO,NÃO,NÃO,NÃO,NÃO,NÃO,NÃO,NÃO,NÃO,NÃO,,
1/16/2020 14:44:56,2002,09/09/2002,Telejornal - 037/02B,TELEJORNAL,PRESIDENTE,,BRASIL,NÃO,,SIM,Sim,NÃO,SIM,SIM,SIM,SIM,NÃO,NÃO,NÃO,NÃO,SIM,NÃO,SIM,NÃO,NÃO,NÃO,NÃO,NÃO,NÃO,NÃO,NÃO,NÃO,NÃO,NÃO,NÃO,NÃO,NÃO,NÃO,NÃO,NÃO,NÃO,NÃO,NÃO,NÃO,NÃO,NÃO,NÃO,NÃO,NÃO,NÃO,NÃO,NÃO,NÃO,NÃO,NÃO,NÃO,NÃO,NÃO,NÃO,NÃO,NÃO,NÃO,NÃO,NÃO,NÃO,NÃO,NÃO,NÃO,NÃO,NÃO,NÃO,NÃO,NÃO,NÃO,NÃO,NÃO,NÃO,NÃO,NÃO,NÃO,NÃO,NÃO,NÃO,NÃO,,
1/16/2020 14:50:24,2002,09/09/2002,Telejornal - 037/02C,TELEJORNAL,PRESIDENTE,,BRASIL,NÃO,,SIM,Sim,NÃO,SIM,SIM,SIM,SIM,NÃO,NÃO,NÃO,NÃO,SIM,NÃO,SIM,NÃO,NÃO,NÃO,NÃO,NÃO,NÃO,NÃO,NÃO,NÃO,NÃO,NÃO,NÃO,NÃO,NÃO,NÃO,NÃO,NÃO,NÃO,NÃO,NÃO,NÃO,NÃO,NÃO,NÃO,NÃO,NÃO,NÃO,NÃO,NÃO,NÃO,NÃO,NÃO,NÃO,NÃO,NÃO,NÃO,NÃO,NÃO,NÃO,NÃO,NÃO,NÃO,NÃO,NÃO,NÃO,NÃO,NÃO,NÃO,NÃO,NÃO,NÃO,NÃO,NÃO,NÃO,NÃO,NÃO,NÃO,NÃO,NÃO,NÃO,NÃO,,
1/16/2020 15:20:18,2002,16/09/2002,Telejornal - 038/02,TELEJORNAL,"PREFEITO, VEREADOR","O DVD não é a gravação de um telejornal, mas sim HGPE",SP,SIM,São Paulo,SIM,Sim,NÃO,SIM,SIM,SIM,SIM,SIM,SIM,NÃO,SIM,SIM,NÃO,SIM,SIM,SIM,SIM,SIM,NÃO,SIM,SIM,SIM,NÃO,SIM,SIM,SIM,SIM,SIM,SIM,SIM,NÃO,NÃO,NÃO,NÃO,NÃO,NÃO,NÃO,NÃO,NÃO,SIM,SIM,SIM,SIM,NÃO,NÃO,NÃO,NÃO,NÃO,NÃO,SIM,SIM,NÃO,NÃO,NÃO,SIM,NÃO,NÃO,NÃO,NÃO,NÃO,NÃO,NÃO,NÃO,NÃO,NÃO,NÃO,NÃO,NÃO,NÃO,NÃO,NÃO,NÃO,NÃO,NÃO,NÃO,,
1/16/2020 15:29:57,2002,16/09/2002,Telejornal - 038/02A,TELEJORNAL,PRESIDENTE,,BRASIL,NÃO,,SIM,Sim,NÃO,SIM,SIM,SIM,SIM,NÃO,NÃO,NÃO,NÃO,SIM,NÃO,SIM,NÃO,NÃO,NÃO,NÃO,NÃO,NÃO,NÃO,NÃO,NÃO,NÃO,NÃO,NÃO,NÃO,NÃO,NÃO,NÃO,NÃO,NÃO,NÃO,NÃO,NÃO,NÃO,NÃO,NÃO,NÃO,NÃO,NÃO,NÃO,NÃO,NÃO,NÃO,NÃO,NÃO,NÃO,NÃO,NÃO,NÃO,NÃO,NÃO,NÃO,NÃO,NÃO,NÃO,NÃO,NÃO,NÃO,NÃO,NÃO,NÃO,NÃO,NÃO,NÃO,NÃO,NÃO,NÃO,NÃO,NÃO,NÃO,NÃO,NÃO,NÃO,,
1/16/2020 15:37:14,2002,16/09/2002,Telejornal - 038/02B,TELEJORNAL,PRESIDENTE,,BRASIL,NÃO,,SIM,Sim,NÃO,SIM,SIM,SIM,SIM,NÃO,NÃO,NÃO,NÃO,SIM,NÃO,SIM,NÃO,NÃO,NÃO,NÃO,NÃO,NÃO,NÃO,NÃO,NÃO,NÃO,NÃO,NÃO,NÃO,NÃO,NÃO,NÃO,NÃO,NÃO,NÃO,NÃO,NÃO,NÃO,NÃO,NÃO,NÃO,NÃO,NÃO,NÃO,NÃO,NÃO,NÃO,NÃO,NÃO,NÃO,NÃO,NÃO,NÃO,NÃO,NÃO,NÃO,NÃO,NÃO,NÃO,NÃO,NÃO,NÃO,NÃO,NÃO,NÃO,NÃO,NÃO,NÃO,NÃO,NÃO,NÃO,NÃO,NÃO,NÃO,NÃO,NÃO,NÃO,,
1/16/2020 15:51:19,2002,16/09/2002,Telejornal - 038/02C,TELEJORNAL,PRESIDENTE,,BRASIL,NÃO,,SIM,Sim,NÃO,SIM,SIM,SIM,SIM,NÃO,NÃO,NÃO,NÃO,SIM,NÃO,SIM,NÃO,NÃO,NÃO,NÃO,NÃO,NÃO,NÃO,NÃO,NÃO,NÃO,NÃO,NÃO,NÃO,NÃO,NÃO,NÃO,NÃO,NÃO,NÃO,NÃO,NÃO,NÃO,NÃO,NÃO,NÃO,NÃO,NÃO,NÃO,NÃO,NÃO,NÃO,NÃO,NÃO,NÃO,NÃO,NÃO,NÃO,NÃO,NÃO,NÃO,NÃO,NÃO,NÃO,NÃO,NÃO,NÃO,NÃO,NÃO,NÃO,NÃO,NÃO,NÃO,NÃO,NÃO,NÃO,NÃO,NÃO,NÃO,NÃO,NÃO,NÃO,,
1/16/2020 15:57:49,2002,16/09/2002,Telejornal - 038/02D,TELEJORNAL,PRESIDENTE,,BRASIL,NÃO,,SIM,Sim,NÃO,SIM,SIM,SIM,SIM,NÃO,NÃO,NÃO,NÃO,SIM,NÃO,SIM,NÃO,NÃO,NÃO,NÃO,NÃO,NÃO,NÃO,NÃO,NÃO,NÃO,NÃO,NÃO,NÃO,NÃO,NÃO,NÃO,NÃO,NÃO,NÃO,NÃO,NÃO,NÃO,NÃO,NÃO,NÃO,NÃO,NÃO,NÃO,NÃO,NÃO,NÃO,NÃO,NÃO,NÃO,NÃO,NÃO,NÃO,NÃO,NÃO,NÃO,NÃO,NÃO,NÃO,NÃO,NÃO,NÃO,NÃO,NÃO,NÃO,NÃO,NÃO,NÃO,NÃO,NÃO,NÃO,NÃO,NÃO,NÃO,NÃO,NÃO,NÃO,,
1/16/2020 16:02:47,2002,23/09/2002,Telejornal - 039/02A,TELEJORNAL,PRESIDENTE,,BRASIL,NÃO,,SIM,Sim,NÃO,SIM,SIM,SIM,SIM,NÃO,NÃO,NÃO,NÃO,SIM,NÃO,SIM,NÃO,NÃO,NÃO,NÃO,NÃO,NÃO,NÃO,NÃO,NÃO,NÃO,NÃO,NÃO,NÃO,NÃO,NÃO,NÃO,NÃO,NÃO,NÃO,NÃO,NÃO,NÃO,NÃO,NÃO,NÃO,NÃO,NÃO,NÃO,NÃO,NÃO,NÃO,NÃO,NÃO,NÃO,NÃO,NÃO,NÃO,NÃO,NÃO,NÃO,NÃO,NÃO,NÃO,NÃO,NÃO,NÃO,NÃO,NÃO,NÃO,NÃO,NÃO,NÃO,NÃO,NÃO,NÃO,NÃO,NÃO,NÃO,NÃO,NÃO,NÃO,,
1/16/2020 16:07:14,2002,23/09/2002,Telejornal - 039/02B,TELEJORNAL,PRESIDENTE,,BRASIL,NÃO,,SIM,Sim,NÃO,SIM,SIM,SIM,SIM,NÃO,NÃO,NÃO,NÃO,SIM,NÃO,SIM,NÃO,NÃO,NÃO,NÃO,NÃO,NÃO,NÃO,NÃO,NÃO,NÃO,NÃO,NÃO,NÃO,NÃO,NÃO,NÃO,NÃO,NÃO,NÃO,NÃO,NÃO,NÃO,NÃO,NÃO,NÃO,NÃO,NÃO,NÃO,NÃO,NÃO,NÃO,NÃO,NÃO,NÃO,NÃO,NÃO,NÃO,NÃO,NÃO,NÃO,NÃO,NÃO,NÃO,NÃO,NÃO,NÃO,NÃO,NÃO,NÃO,NÃO,NÃO,NÃO,NÃO,NÃO,NÃO,NÃO,NÃO,NÃO,NÃO,NÃO,NÃO,,
1/16/2020 16:12:22,2002,29/09/2002,Telejornal - 039/02C,TELEJORNAL,PRESIDENTE,,BRASIL,NÃO,,SIM,Sim,NÃO,SIM,SIM,SIM,SIM,NÃO,NÃO,NÃO,NÃO,SIM,NÃO,SIM,NÃO,NÃO,NÃO,NÃO,NÃO,NÃO,NÃO,NÃO,NÃO,NÃO,NÃO,NÃO,NÃO,NÃO,NÃO,NÃO,NÃO,NÃO,NÃO,NÃO,NÃO,NÃO,NÃO,NÃO,NÃO,NÃO,NÃO,NÃO,NÃO,NÃO,NÃO,NÃO,NÃO,NÃO,NÃO,NÃO,NÃO,NÃO,NÃO,NÃO,NÃO,NÃO,NÃO,NÃO,NÃO,NÃO,NÃO,NÃO,NÃO,NÃO,NÃO,NÃO,NÃO,NÃO,NÃO,NÃO,NÃO,NÃO,NÃO,NÃO,NÃO,,
1/16/2020 16:31:43,2002,30/09/2002,Telejornal - 040/02,TELEJORNAL,PREFEITO,"O DVD não é a gravação de um telejornal, mas sim HGPE",SP,SIM,São Paulo,SIM,Sim,NÃO,SIM,SIM,SIM,SIM,SIM,SIM,NÃO,SIM,SIM,NÃO,SIM,SIM,SIM,SIM,SIM,NÃO,SIM,SIM,SIM,SIM,SIM,SIM,SIM,SIM,SIM,SIM,SIM,NÃO,NÃO,NÃO,NÃO,NÃO,NÃO,NÃO,NÃO,NÃO,SIM,SIM,SIM,SIM,NÃO,NÃO,NÃO,NÃO,NÃO,NÃO,SIM,SIM,NÃO,NÃO,NÃO,SIM,NÃO,NÃO,NÃO,NÃO,NÃO,NÃO,NÃO,NÃO,NÃO,NÃO,NÃO,NÃO,NÃO,NÃO,NÃO,NÃO,NÃO,NÃO,NÃO,NÃO,,
1/16/2020 16:45:12,2002,30/09/2002,Telejornal - 040/02A,TELEJORNAL,PRESIDENTE,,BRASIL,NÃO,,SIM,Sim,NÃO,SIM,SIM,SIM,SIM,NÃO,NÃO,NÃO,NÃO,SIM,NÃO,SIM,NÃO,NÃO,NÃO,NÃO,NÃO,NÃO,NÃO,NÃO,NÃO,NÃO,NÃO,NÃO,NÃO,NÃO,NÃO,NÃO,NÃO,NÃO,NÃO,NÃO,NÃO,NÃO,NÃO,NÃO,NÃO,NÃO,NÃO,NÃO,NÃO,NÃO,NÃO,NÃO,NÃO,NÃO,NÃO,NÃO,NÃO,NÃO,NÃO,NÃO,NÃO,NÃO,NÃO,NÃO,NÃO,NÃO,NÃO,NÃO,NÃO,NÃO,NÃO,NÃO,NÃO,NÃO,NÃO,NÃO,NÃO,NÃO,NÃO,NÃO,NÃO,,
1/16/2020 16:53:14,2002,30/09/2002,Telejornal - 040/02B,TELEJORNAL,"PRESIDENTE, DEPUTADO FEDERAL, DEPUTADO ESTADUAL",,"BRASIL, SP",NÃO,,SIM,Sim,NÃO,SIM,SIM,SIM,SIM,NÃO,NÃO,NÃO,NÃO,SIM,NÃO,SIM,NÃO,NÃO,NÃO,NÃO,NÃO,SIM,NÃO,NÃO,NÃO,NÃO,NÃO,NÃO,NÃO,NÃO,NÃO,NÃO,NÃO,NÃO,NÃO,NÃO,NÃO,NÃO,NÃO,NÃO,NÃO,NÃO,NÃO,NÃO,NÃO,NÃO,NÃO,NÃO,NÃO,NÃO,NÃO,NÃO,NÃO,NÃO,NÃO,NÃO,NÃO,NÃO,NÃO,NÃO,NÃO,NÃO,NÃO,NÃO,NÃO,NÃO,NÃO,NÃO,NÃO,NÃO,NÃO,NÃO,NÃO,NÃO,NÃO,NÃO,NÃO,,
1/16/2020 17:00:21,2002,05/08/2002,Telejornal - 041/02A,TELEJORNAL,"PRESIDENTE, GOVERNADOR",,"BRASIL, RJ",SIM,Rio de Janeiro,SIM,Sim,NÃO,SIM,SIM,SIM,SIM,NÃO,NÃO,NÃO,NÃO,SIM,NÃO,SIM,NÃO,NÃO,NÃO,NÃO,NÃO,NÃO,NÃO,NÃO,NÃO,NÃO,NÃO,NÃO,NÃO,NÃO,NÃO,NÃO,NÃO,NÃO,NÃO,NÃO,NÃO,NÃO,NÃO,NÃO,NÃO,NÃO,NÃO,SIM,NÃO,NÃO,NÃO,NÃO,NÃO,NÃO,NÃO,NÃO,NÃO,NÃO,NÃO,NÃO,NÃO,NÃO,NÃO,NÃO,NÃO,NÃO,NÃO,NÃO,NÃO,NÃO,NÃO,NÃO,NÃO,NÃO,NÃO,NÃO,NÃO,NÃO,NÃO,NÃO,NÃO,,
1/16/2020 17:09:51,2002,05/08/2002,Telejornal - 041/02B,TELEJORNAL,"PRESIDENTE, GOVERNADOR",,"BRASIL, RJ",NÃO,,SIM,Sim,NÃO,SIM,SIM,NÃO,NÃO,SIM,NÃO,NÃO,NÃO,SIM,NÃO,NÃO,NÃO,NÃO,NÃO,NÃO,NÃO,NÃO,NÃO,NÃO,NÃO,NÃO,NÃO,NÃO,NÃO,NÃO,NÃO,NÃO,NÃO,NÃO,NÃO,NÃO,NÃO,NÃO,NÃO,NÃO,NÃO,NÃO,NÃO,NÃO,NÃO,NÃO,NÃO,NÃO,NÃO,NÃO,NÃO,NÃO,NÃO,NÃO,NÃO,NÃO,NÃO,NÃO,NÃO,NÃO,NÃO,NÃO,NÃO,NÃO,NÃO,NÃO,NÃO,NÃO,NÃO,NÃO,NÃO,NÃO,NÃO,NÃO,NÃO,NÃO,NÃO,,
1/16/2020 17:20:25,2002,05/08/2002,Telejornal - 041/02C,TELEJORNAL,PRESIDENTE,,BRASIL,NÃO,,SIM,Sim,NÃO,SIM,SIM,SIM,SIM,NÃO,NÃO,NÃO,NÃO,SIM,NÃO,SIM,NÃO,NÃO,NÃO,NÃO,NÃO,NÃO,NÃO,NÃO,NÃO,NÃO,NÃO,NÃO,NÃO,NÃO,NÃO,NÃO,NÃO,NÃO,NÃO,NÃO,NÃO,NÃO,NÃO,NÃO,NÃO,NÃO,NÃO,NÃO,NÃO,NÃO,NÃO,NÃO,NÃO,NÃO,NÃO,NÃO,NÃO,NÃO,NÃO,NÃO,NÃO,NÃO,NÃO,NÃO,NÃO,NÃO,NÃO,NÃO,NÃO,NÃO,NÃO,NÃO,NÃO,NÃO,NÃO,NÃO,NÃO,NÃO,NÃO,NÃO,NÃO,,
1/16/2020 17:30:16,2002,07/08/2002,Telejornal - 042/02A,TELEJORNAL,PRESIDENTE,,BRASIL,NÃO,,SIM,Sim,NÃO,SIM,SIM,SIM,SIM,NÃO,NÃO,NÃO,NÃO,SIM,NÃO,NÃO,NÃO,NÃO,NÃO,NÃO,NÃO,NÃO,NÃO,NÃO,NÃO,NÃO,NÃO,NÃO,NÃO,NÃO,NÃO,NÃO,NÃO,NÃO,NÃO,NÃO,NÃO,NÃO,NÃO,NÃO,NÃO,NÃO,NÃO,NÃO,NÃO,NÃO,NÃO,NÃO,NÃO,NÃO,NÃO,NÃO,NÃO,NÃO,NÃO,NÃO,NÃO,NÃO,NÃO,NÃO,NÃO,NÃO,NÃO,NÃO,NÃO,NÃO,NÃO,NÃO,NÃO,NÃO,NÃO,NÃO,NÃO,NÃO,NÃO,NÃO,NÃO,,
1/16/2020 17:38:30,2002,07/08/2002,Telejornal - 042/02B,TELEJORNAL,"PRESIDENTE, GOVERNADOR",,"BRASIL, RJ",NÃO,Rio de Janeiro,SIM,Sim,NÃO,SIM,SIM,SIM,SIM,NÃO,NÃO,NÃO,NÃO,NÃO,NÃO,NÃO,NÃO,NÃO,NÃO,NÃO,NÃO,NÃO,NÃO,NÃO,NÃO,NÃO,NÃO,NÃO,NÃO,NÃO,NÃO,NÃO,NÃO,NÃO,NÃO,NÃO,NÃO,NÃO,NÃO,NÃO,NÃO,NÃO,NÃO,NÃO,NÃO,NÃO,NÃO,NÃO,NÃO,NÃO,NÃO,NÃO,NÃO,NÃO,NÃO,NÃO,NÃO,NÃO,NÃO,NÃO,NÃO,NÃO,NÃO,NÃO,NÃO,NÃO,NÃO,NÃO,NÃO,NÃO,NÃO,NÃO,NÃO,NÃO,NÃO,NÃO,NÃO,,
1/16/2020 17:50:01,2002,07/08/2002,Telejornal - 042/02C,TELEJORNAL,PRESIDENTE,,BRASIL,NÃO,,SIM,Sim,NÃO,SIM,SIM,SIM,SIM,NÃO,NÃO,NÃO,NÃO,NÃO,NÃO,SIM,NÃO,NÃO,NÃO,NÃO,NÃO,NÃO,NÃO,NÃO,NÃO,NÃO,NÃO,NÃO,NÃO,NÃO,NÃO,NÃO,NÃO,NÃO,NÃO,NÃO,NÃO,NÃO,NÃO,NÃO,NÃO,NÃO,NÃO,NÃO,NÃO,NÃO,NÃO,NÃO,NÃO,NÃO,NÃO,NÃO,NÃO,NÃO,NÃO,NÃO,NÃO,NÃO,NÃO,NÃO,NÃO,NÃO,NÃO,NÃO,NÃO,NÃO,NÃO,NÃO,NÃO,NÃO,NÃO,NÃO,NÃO,NÃO,NÃO,NÃO,NÃO,,
1/16/2020 17:57:33,2002,08/08/2002,Telejornal/Debate - 043/02A,TELEJORNAL,PRESIDENTE,,BRASIL,NÃO,,SIM,Sim,NÃO,SIM,SIM,SIM,SIM,NÃO,NÃO,NÃO,NÃO,SIM,NÃO,SIM,NÃO,NÃO,NÃO,NÃO,NÃO,NÃO,NÃO,NÃO,NÃO,NÃO,NÃO,NÃO,NÃO,NÃO,NÃO,NÃO,NÃO,NÃO,NÃO,NÃO,NÃO,NÃO,NÃO,NÃO,NÃO,NÃO,NÃO,NÃO,NÃO,NÃO,NÃO,NÃO,NÃO,NÃO,NÃO,NÃO,NÃO,NÃO,NÃO,NÃO,NÃO,NÃO,NÃO,NÃO,NÃO,NÃO,NÃO,NÃO,NÃO,NÃO,NÃO,NÃO,NÃO,NÃO,NÃO,NÃO,NÃO,NÃO,NÃO,NÃO,NÃO,,
1/16/2020 18:03:53,2002,12/08/2002,Telejornal - 044/02A,TELEJORNAL,PRESIDENTE,,BRASIL,NÃO,,NÃO,Sim,NÃO,SIM,SIM,SIM,SIM,NÃO,NÃO,NÃO,NÃO,SIM,NÃO,SIM,NÃO,NÃO,NÃO,NÃO,NÃO,NÃO,NÃO,NÃO,NÃO,NÃO,NÃO,NÃO,NÃO,NÃO,NÃO,NÃO,NÃO,NÃO,NÃO,NÃO,NÃO,NÃO,NÃO,NÃO,NÃO,NÃO,NÃO,NÃO,NÃO,NÃO,NÃO,NÃO,NÃO,NÃO,NÃO,NÃO,NÃO,NÃO,NÃO,NÃO,NÃO,NÃO,NÃO,NÃO,NÃO,NÃO,NÃO,NÃO,NÃO,NÃO,NÃO,NÃO,NÃO,NÃO,NÃO,NÃO,NÃO,NÃO,NÃO,NÃO,NÃO,,
1/16/2020 18:17:56,2002,12/08/2002,Telejornal - 044/02B,TELEJORNAL,PRESIDENTE,,BRASIL,NÃO,,SIM,Sim,NÃO,SIM,SIM,SIM,SIM,NÃO,NÃO,NÃO,NÃO,SIM,NÃO,SIM,NÃO,NÃO,NÃO,NÃO,NÃO,NÃO,NÃO,NÃO,NÃO,NÃO,NÃO,NÃO,NÃO,NÃO,NÃO,NÃO,NÃO,NÃO,NÃO,NÃO,NÃO,NÃO,NÃO,NÃO,NÃO,NÃO,NÃO,NÃO,NÃO,NÃO,NÃO,NÃO,NÃO,NÃO,NÃO,NÃO,NÃO,NÃO,NÃO,NÃO,NÃO,NÃO,NÃO,NÃO,NÃO,NÃO,NÃO,NÃO,NÃO,NÃO,NÃO,NÃO,NÃO,NÃO,NÃO,NÃO,NÃO,NÃO,NÃO,NÃO,NÃO,,
1/16/2020 18:26:50,2002,16/08/2002,Telejornal - 045/02A,TELEJORNAL,PRESIDENTE,,BRASIL,NÃO,,SIM,Sim,NÃO,SIM,SIM,SIM,SIM,NÃO,NÃO,NÃO,NÃO,SIM,NÃO,SIM,SIM,NÃO,NÃO,NÃO,NÃO,NÃO,NÃO,NÃO,NÃO,NÃO,NÃO,NÃO,NÃO,NÃO,NÃO,NÃO,NÃO,NÃO,NÃO,NÃO,NÃO,NÃO,NÃO,NÃO,NÃO,NÃO,NÃO,NÃO,NÃO,NÃO,NÃO,NÃO,NÃO,NÃO,NÃO,NÃO,NÃO,NÃO,NÃO,NÃO,NÃO,NÃO,NÃO,NÃO,NÃO,NÃO,NÃO,NÃO,NÃO,NÃO,NÃO,NÃO,NÃO,NÃO,NÃO,NÃO,NÃO,NÃO,NÃO,NÃO,NÃO,,
1/16/2020 18:32:55,2002,16/08/2002,Telejornal - 045/02B,TELEJORNAL,PRESIDENTE,"O DVD não é a gravação de um telejornal, mas sim um DEBATE entre vice presidentes",BRASIL,NÃO,,SIM,Sim,NÃO,SIM,SIM,SIM,SIM,NÃO,NÃO,NÃO,NÃO,SIM,NÃO,SIM,NÃO,NÃO,NÃO,NÃO,NÃO,NÃO,NÃO,NÃO,NÃO,NÃO,NÃO,NÃO,NÃO,NÃO,NÃO,NÃO,NÃO,NÃO,NÃO,NÃO,NÃO,NÃO,NÃO,NÃO,NÃO,NÃO,NÃO,NÃO,NÃO,NÃO,NÃO,NÃO,NÃO,NÃO,NÃO,NÃO,NÃO,NÃO,NÃO,NÃO,NÃO,NÃO,NÃO,NÃO,NÃO,NÃO,NÃO,NÃO,NÃO,NÃO,NÃO,NÃO,NÃO,NÃO,NÃO,NÃO,NÃO,NÃO,NÃO,NÃO,NÃO,,
1/17/2020 14:11:30,2002,16/08/2002,Telejornal - 045/02C,TELEJORNAL,PRESIDENTE,"O DVD não é a gravação de um telejornal, mas sim um DEBATE entre vice presidentes",BRASIL,NÃO,,SIM,Sim,NÃO,SIM,SIM,SIM,SIM,NÃO,NÃO,NÃO,NÃO,SIM,NÃO,SIM,NÃO,NÃO,NÃO,NÃO,NÃO,NÃO,NÃO,NÃO,NÃO,NÃO,NÃO,NÃO,NÃO,NÃO,NÃO,NÃO,NÃO,NÃO,NÃO,NÃO,NÃO,NÃO,NÃO,NÃO,NÃO,NÃO,NÃO,NÃO,NÃO,NÃO,NÃO,NÃO,NÃO,NÃO,NÃO,NÃO,NÃO,NÃO,NÃO,NÃO,NÃO,NÃO,NÃO,NÃO,NÃO,NÃO,NÃO,NÃO,NÃO,NÃO,NÃO,NÃO,NÃO,NÃO,NÃO,NÃO,NÃO,NÃO,NÃO,NÃO,NÃO,,
1/17/2020 14:20:35,2002,16/08/2002,Telejornal - 045/02D,TELEJORNAL,PRESIDENTE,,BRASIL,NÃO,,SIM,Sim,NÃO,SIM,SIM,SIM,SIM,NÃO,NÃO,NÃO,NÃO,SIM,NÃO,SIM,NÃO,NÃO,NÃO,NÃO,NÃO,NÃO,NÃO,NÃO,NÃO,NÃO,NÃO,NÃO,NÃO,NÃO,NÃO,NÃO,NÃO,NÃO,NÃO,NÃO,NÃO,NÃO,NÃO,NÃO,NÃO,NÃO,NÃO,NÃO,NÃO,NÃO,NÃO,NÃO,NÃO,NÃO,NÃO,NÃO,NÃO,NÃO,NÃO,NÃO,NÃO,NÃO,NÃO,NÃO,NÃO,NÃO,NÃO,NÃO,NÃO,NÃO,NÃO,NÃO,NÃO,NÃO,NÃO,NÃO,NÃO,NÃO,NÃO,NÃO,NÃO,,
1/17/2020 15:01:37,2002,20/08/2002,Eleitorais 2002 - 046/02,SPOT,"PRESIDENTE, GOVERNADOR, SENADOR, DEPUTADO FEDERAL, DEPUTADO ESTADUAL",,"BRASIL, RJ",NÃO,,SIM,Sim,NÃO,SIM,SIM,SIM,SIM,SIM,NÃO,NÃO,SIM,SIM,NÃO,SIM,NÃO,NÃO,SIM,NÃO,NÃO,NÃO,NÃO,NÃO,NÃO,NÃO,NÃO,NÃO,NÃO,NÃO,NÃO,NÃO,NÃO,NÃO,NÃO,NÃO,NÃO,NÃO,NÃO,NÃO,NÃO,NÃO,NÃO,SIM,NÃO,NÃO,NÃO,NÃO,NÃO,NÃO,NÃO,NÃO,NÃO,NÃO,NÃO,NÃO,NÃO,NÃO,NÃO,NÃO,NÃO,NÃO,NÃO,NÃO,NÃO,NÃO,NÃO,NÃO,NÃO,NÃO,NÃO,NÃO,NÃO,NÃO,NÃO,NÃO,NÃO,,
1/21/2020 11:36:02,2002,25/08/2002,Eleitorais 2002 - 047/02,SPOT,"PRESIDENTE, GOVERNADOR, SENADOR, DEPUTADO FEDERAL, DEPUTADO ESTADUAL",,"BRASIL, RJ",NÃO,Rio de Janeiro,SIM,Sim,NÃO,SIM,SIM,SIM,SIM,SIM,SIM,NÃO,SIM,SIM,NÃO,SIM,NÃO,NÃO,SIM,NÃO,NÃO,SIM,NÃO,NÃO,NÃO,NÃO,SIM,SIM,NÃO,NÃO,NÃO,NÃO,NÃO,NÃO,NÃO,NÃO,NÃO,NÃO,NÃO,NÃO,NÃO,NÃO,NÃO,SIM,NÃO,NÃO,NÃO,NÃO,NÃO,NÃO,NÃO,NÃO,SIM,NÃO,NÃO,NÃO,NÃO,NÃO,NÃO,NÃO,NÃO,NÃO,NÃO,NÃO,NÃO,NÃO,NÃO,NÃO,NÃO,NÃO,NÃO,NÃO,NÃO,NÃO,NÃO,NÃO,NÃO,,
1/21/2020 12:05:35,2002,20/08/2002,JN - 048/02A,HGPE,"PRESIDENTE, SENADOR, DEPUTADO FEDERAL",,"BRASIL, RJ",NÃO,,SIM,Sim,SIM,SIM,SIM,SIM,SIM,NÃO,SIM,NÃO,SIM,SIM,NÃO,SIM,SIM,SIM,NÃO,SIM,NÃO,SIM,SIM,SIM,SIM,SIM,SIM,SIM,SIM,NÃO,SIM,SIM,NÃO,NÃO,NÃO,NÃO,NÃO,NÃO,NÃO,NÃO,NÃO,SIM,NÃO,SIM,SIM,NÃO,NÃO,NÃO,NÃO,NÃO,NÃO,SIM,SIM,NÃO,NÃO,NÃO,SIM,NÃO,NÃO,NÃO,NÃO,NÃO,NÃO,NÃO,NÃO,NÃO,NÃO,NÃO,NÃO,NÃO,NÃO,NÃO,NÃO,NÃO,NÃO,NÃO,NÃO,,
1/21/2020 12:30:00,2002,20/08/2002,HGPE - 049/02,HGPE,"PRESIDENTE, SENADOR, DEPUTADO FEDERAL",,"BRASIL, RJ",NÃO,,SIM,Sim,SIM,SIM,SIM,SIM,SIM,NÃO,SIM,NÃO,SIM,SIM,NÃO,SIM,SIM,SIM,NÃO,SIM,NÃO,SIM,SIM,SIM,NÃO,SIM,SIM,SIM,SIM,SIM,SIM,SIM,NÃO,NÃO,NÃO,NÃO,NÃO,NÃO,NÃO,NÃO,NÃO,SIM,NÃO,SIM,SIM,NÃO,NÃO,NÃO,NÃO,NÃO,NÃO,SIM,SIM,NÃO,NÃO,NÃO,SIM,NÃO,NÃO,NÃO,NÃO,NÃO,NÃO,NÃO,NÃO,NÃO,NÃO,NÃO,NÃO,NÃO,NÃO,NÃO,NÃO,NÃO,NÃO,NÃO,NÃO,,
1/21/2020 12:51:29,2002,20/08/2002,HGPE - 048/02B,HGPE,DEPUTADO FEDERAL,,RJ,NÃO,,NÃO,Sim,NÃO,SIM,SIM,SIM,SIM,SIM,SIM,NÃO,SIM,SIM,NÃO,SIM,SIM,SIM,SIM,SIM,NÃO,SIM,SIM,SIM,SIM,SIM,SIM,SIM,SIM,SIM,SIM,SIM,NÃO,NÃO,NÃO,NÃO,NÃO,NÃO,NÃO,NÃO,NÃO,SIM,NÃO,SIM,SIM,NÃO,NÃO,NÃO,NÃO,NÃO,NÃO,SIM,SIM,NÃO,NÃO,NÃO,SIM,NÃO,NÃO,NÃO,NÃO,NÃO,NÃO,NÃO,NÃO,NÃO,NÃO,NÃO,NÃO,NÃO,NÃO,NÃO,NÃO,NÃO,NÃO,NÃO,NÃO,,
1/21/2020 13:18:11,2002,21/08/2002,JN - 050/02,HGPE,"PRESIDENTE, GOVERNADOR, SENADOR, DEPUTADO ESTADUAL",,"BRASIL, RJ",SIM,"Rio de Janeiro, Niterói",SIM,Sim,NÃO,SIM,SIM,SIM,SIM,SIM,SIM,NÃO,SIM,SIM,NÃO,SIM,SIM,SIM,SIM,NÃO,NÃO,NÃO,SIM,NÃO,NÃO,SIM,SIM,SIM,NÃO,NÃO,SIM,SIM,NÃO,NÃO,NÃO,NÃO,NÃO,NÃO,NÃO,NÃO,NÃO,SIM,NÃO,SIM,SIM,NÃO,NÃO,NÃO,NÃO,NÃO,NÃO,SIM,SIM,NÃO,NÃO,NÃO,SIM,NÃO,NÃO,NÃO,NÃO,NÃO,NÃO,NÃO,NÃO,NÃO,NÃO,NÃO,NÃO,NÃO,NÃO,NÃO,NÃO,NÃO,NÃO,NÃO,NÃO,,
1/22/2020 12:39:05,2002,22/08/2002,JN - 051/02,HGPE,"PRESIDENTE, GOVERNADOR, SENADOR, DEPUTADO FEDERAL",,"BRASIL, RJ",NÃO,Rio de Janeiro,SIM,Sim,SIM,SIM,SIM,SIM,SIM,SIM,SIM,NÃO,SIM,SIM,NÃO,SIM,SIM,SIM,SIM,SIM,NÃO,SIM,SIM,NÃO,SIM,SIM,SIM,SIM,SIM,SIM,SIM,SIM,NÃO,NÃO,NÃO,NÃO,NÃO,NÃO,NÃO,NÃO,NÃO,SIM,NÃO,SIM,SIM,NÃO,NÃO,NÃO,NÃO,NÃO,NÃO,SIM,SIM,NÃO,NÃO,NÃO,SIM,NÃO,NÃO,NÃO,NÃO,NÃO,NÃO,NÃO,NÃO,NÃO,NÃO,NÃO,NÃO,NÃO,NÃO,NÃO,NÃO,NÃO,NÃO,NÃO,NÃO,,
1/22/2020 13:08:00,2002,22/08/2002,JN - 051/02B,HGPE,"PRESIDENTE, GOVERNADOR, SENADOR, DEPUTADO FEDERAL",,"BRASIL, RJ",NÃO,Rio de Janeiro,SIM,Sim,SIM,SIM,SIM,SIM,SIM,SIM,SIM,NÃO,SIM,SIM,NÃO,SIM,SIM,SIM,SIM,SIM,NÃO,SIM,SIM,SIM,SIM,SIM,SIM,SIM,SIM,SIM,SIM,SIM,NÃO,NÃO,NÃO,NÃO,NÃO,NÃO,NÃO,NÃO,NÃO,SIM,NÃO,SIM,SIM,NÃO,NÃO,NÃO,NÃO,NÃO,NÃO,SIM,SIM,NÃO,NÃO,NÃO,SIM,NÃO,NÃO,NÃO,NÃO,NÃO,NÃO,NÃO,NÃO,NÃO,NÃO,NÃO,NÃO,NÃO,NÃO,NÃO,NÃO,NÃO,NÃO,NÃO,NÃO,,
1/22/2020 13:28:14,2002,23/08/2002,JN - 052/02,HGPE,"PRESIDENTE, GOVERNADOR, DEPUTADO ESTADUAL",,"BRASIL, RJ",SIM,"Rio de Janeiro, Niterói",SIM,Sim,NÃO,SIM,SIM,SIM,SIM,SIM,SIM,NÃO,SIM,SIM,NÃO,SIM,SIM,SIM,SIM,NÃO,NÃO,SIM,SIM,SIM,SIM,SIM,SIM,SIM,SIM,NÃO,SIM,SIM,NÃO,NÃO,NÃO,NÃO,NÃO,NÃO,NÃO,NÃO,NÃO,SIM,NÃO,SIM,SIM,NÃO,NÃO,NÃO,NÃO,NÃO,NÃO,SIM,SIM,NÃO,NÃO,NÃO,SIM,NÃO,NÃO,NÃO,NÃO,NÃO,NÃO,NÃO,NÃO,NÃO,NÃO,NÃO,NÃO,NÃO,NÃO,NÃO,NÃO,NÃO,NÃO,NÃO,NÃO,,
1/22/2020 13:47:41,2002,24/08/2002,JN - 053/02A,HGPE,"PRESIDENTE, GOVERNADOR, DEPUTADO FEDERAL",,"BRASIL, RJ",NÃO,Rio de Janeiro,SIM,Sim,SIM,SIM,SIM,SIM,SIM,SIM,NÃO,NÃO,SIM,SIM,NÃO,SIM,SIM,SIM,SIM,NÃO,NÃO,SIM,SIM,SIM,NÃO,SIM,SIM,SIM,NÃO,SIM,SIM,SIM,NÃO,NÃO,NÃO,NÃO,NÃO,NÃO,NÃO,NÃO,NÃO,SIM,NÃO,SIM,SIM,NÃO,NÃO,NÃO,NÃO,NÃO,NÃO,SIM,SIM,NÃO,NÃO,NÃO,SIM,NÃO,NÃO,NÃO,NÃO,NÃO,NÃO,NÃO,NÃO,NÃO,NÃO,NÃO,NÃO,NÃO,NÃO,NÃO,NÃO,NÃO,NÃO,NÃO,NÃO,,
1/22/2020 14:08:16,2002,24/08/2002,JN - 053/02B,HGPE,"SENADOR, DEPUTADO FEDERAL",,RJ,NÃO,,SIM,Sim,NÃO,SIM,SIM,SIM,SIM,SIM,SIM,NÃO,SIM,SIM,NÃO,SIM,SIM,SIM,SIM,SIM,NÃO,SIM,SIM,SIM,SIM,SIM,SIM,SIM,SIM,SIM,SIM,SIM,NÃO,NÃO,NÃO,NÃO,NÃO,NÃO,NÃO,NÃO,NÃO,SIM,NÃO,NÃO,SIM,NÃO,NÃO,NÃO,NÃO,NÃO,NÃO,SIM,SIM,NÃO,NÃO,NÃO,SIM,NÃO,NÃO,NÃO,NÃO,NÃO,NÃO,NÃO,NÃO,NÃO,NÃO,NÃO,NÃO,NÃO,NÃO,NÃO,NÃO,NÃO,NÃO,NÃO,NÃO,,
1/22/2020 14:32:21,2002,26/08/2002,JN - 054/02,HGPE,"PRESIDENTE, GOVERNADOR, SENADOR, DEPUTADO FEDERAL, DEPUTADO ESTADUAL",,"BRASIL, RJ, SP",SIM,"São Paulo, Rio de Janeiro, Niterói",SIM,Sim,NÃO,SIM,SIM,SIM,SIM,SIM,SIM,NÃO,SIM,SIM,NÃO,SIM,SIM,SIM,SIM,NÃO,NÃO,SIM,NÃO,SIM,SIM,SIM,SIM,NÃO,NÃO,NÃO,NÃO,SIM,NÃO,NÃO,NÃO,NÃO,NÃO,NÃO,NÃO,NÃO,NÃO,SIM,NÃO,SIM,SIM,NÃO,NÃO,NÃO,NÃO,NÃO,NÃO,SIM,SIM,NÃO,NÃO,NÃO,SIM,NÃO,NÃO,NÃO,NÃO,NÃO,NÃO,NÃO,NÃO,NÃO,NÃO,NÃO,NÃO,NÃO,NÃO,NÃO,NÃO,NÃO,NÃO,NÃO,NÃO,,
1/22/2020 14:58:48,2002,27/08/2002,JN - 055/02A,HGPE,"PRESIDENTE, GOVERNADOR, SENADOR, DEPUTADO FEDERAL",,"BRASIL, RJ",SIM,Rio de Janeiro,SIM,Sim,SIM,SIM,SIM,SIM,SIM,SIM,SIM,NÃO,SIM,SIM,NÃO,SIM,SIM,SIM,SIM,SIM,NÃO,SIM,SIM,SIM,SIM,SIM,SIM,SIM,SIM,SIM,SIM,SIM,NÃO,NÃO,NÃO,NÃO,NÃO,NÃO,NÃO,NÃO,NÃO,SIM,NÃO,SIM,SIM,NÃO,NÃO,NÃO,NÃO,NÃO,NÃO,SIM,SIM,NÃO,NÃO,NÃO,SIM,NÃO,NÃO,NÃO,NÃO,NÃO,NÃO,NÃO,NÃO,NÃO,NÃO,NÃO,NÃO,NÃO,NÃO,NÃO,NÃO,NÃO,NÃO,NÃO,NÃO,,
1/22/2020 15:49:14,2002,27/08/2002,JN - 055/02B,HGPE,"SENADOR, DEPUTADO FEDERAL",,RJ,NÃO,,SIM,Sim,NÃO,SIM,SIM,SIM,SIM,SIM,SIM,NÃO,SIM,SIM,NÃO,SIM,SIM,SIM,SIM,SIM,NÃO,SIM,SIM,NÃO,SIM,SIM,SIM,SIM,NÃO,SIM,SIM,SIM,NÃO,NÃO,NÃO,NÃO,NÃO,NÃO,NÃO,NÃO,NÃO,SIM,NÃO,SIM,NÃO,NÃO,NÃO,NÃO,NÃO,NÃO,NÃO,SIM,SIM,NÃO,NÃO,NÃO,SIM,NÃO,NÃO,NÃO,NÃO,NÃO,NÃO,NÃO,NÃO,NÃO,NÃO,NÃO,NÃO,NÃO,NÃO,NÃO,NÃO,NÃO,NÃO,NÃO,NÃO,,
1/22/2020 16:11:57,2002,28/08/2002,JN - 056/02,HGPE,"PRESIDENTE, GOVERNADOR, SENADOR, DEPUTADO ESTADUAL",,"BRASIL, RJ, SP",SIM,"Rio de Janeiro, Niterói",SIM,Sim,NÃO,SIM,SIM,SIM,SIM,SIM,SIM,NÃO,SIM,SIM,NÃO,SIM,SIM,SIM,SIM,SIM,NÃO,NÃO,SIM,SIM,NÃO,SIM,SIM,SIM,NÃO,SIM,NÃO,SIM,NÃO,NÃO,NÃO,NÃO,NÃO,NÃO,NÃO,NÃO,NÃO,SIM,NÃO,SIM,SIM,NÃO,NÃO,NÃO,NÃO,NÃO,NÃO,SIM,SIM,NÃO,SIM,NÃO,SIM,NÃO,NÃO,NÃO,NÃO,NÃO,NÃO,NÃO,NÃO,NÃO,NÃO,NÃO,NÃO,NÃO,NÃO,NÃO,NÃO,NÃO,NÃO,NÃO,NÃO,,
1/22/2020 16:33:03,2002,29/08/2002,JN - 057/02A,HGPE,"PRESIDENTE, SENADOR, DEPUTADO FEDERAL",,"BRASIL, RJ",NÃO,,SIM,Sim,SIM,SIM,SIM,SIM,SIM,SIM,NÃO,NÃO,SIM,SIM,NÃO,SIM,SIM,SIM,SIM,SIM,NÃO,SIM,SIM,SIM,SIM,SIM,SIM,NÃO,SIM,SIM,SIM,SIM,NÃO,NÃO,NÃO,NÃO,NÃO,NÃO,NÃO,NÃO,NÃO,SIM,NÃO,SIM,SIM,NÃO,NÃO,NÃO,NÃO,NÃO,NÃO,SIM,SIM,NÃO,NÃO,NÃO,SIM,NÃO,NÃO,NÃO,NÃO,NÃO,NÃO,NÃO,NÃO,NÃO,NÃO,NÃO,NÃO,NÃO,NÃO,NÃO,NÃO,NÃO,NÃO,NÃO,NÃO,,
1/22/2020 16:49:05,2002,29/08/2002,JN - 057/02B,HGPE,"PRESIDENTE, SENADOR, DEPUTADO FEDERAL",,"BRASIL, RJ",NÃO,,SIM,Sim,SIM,SIM,SIM,SIM,SIM,SIM,SIM,NÃO,SIM,SIM,NÃO,SIM,SIM,SIM,SIM,SIM,NÃO,SIM,SIM,NÃO,NÃO,NÃO,SIM,SIM,SIM,SIM,SIM,SIM,NÃO,NÃO,NÃO,NÃO,NÃO,NÃO,NÃO,NÃO,NÃO,SIM,NÃO,SIM,SIM,NÃO,NÃO,NÃO,NÃO,NÃO,NÃO,NÃO,SIM,NÃO,NÃO,NÃO,SIM,NÃO,NÃO,NÃO,NÃO,NÃO,NÃO,NÃO,NÃO,NÃO,NÃO,NÃO,NÃO,NÃO,NÃO,NÃO,NÃO,NÃO,NÃO,NÃO,NÃO,,
1/22/2020 17:11:10,2002,30/08/2002,JN - 058/02A,HGPE,"PRESIDENTE, GOVERNADOR, SENADOR",,"BRASIL, RJ",SIM,"Rio de Janeiro, Niterói",SIM,Sim,NÃO,SIM,SIM,SIM,SIM,SIM,NÃO,NÃO,SIM,SIM,NÃO,SIM,SIM,SIM,NÃO,NÃO,NÃO,SIM,SIM,SIM,SIM,SIM,SIM,NÃO,NÃO,SIM,SIM,NÃO,NÃO,NÃO,NÃO,NÃO,NÃO,NÃO,NÃO,NÃO,NÃO,SIM,NÃO,SIM,SIM,NÃO,NÃO,NÃO,NÃO,NÃO,NÃO,SIM,SIM,NÃO,NÃO,NÃO,SIM,NÃO,NÃO,NÃO,NÃO,NÃO,NÃO,NÃO,NÃO,NÃO,NÃO,NÃO,NÃO,NÃO,NÃO,NÃO,NÃO,NÃO,NÃO,NÃO,NÃO,,
1/22/2020 17:19:15,2002,30/08/2002,JN - 058/02B,DEBATE,,É um debate entre Cientistas Políticos,,NÃO,,SIM,Sim,NÃO,SIM,SIM,NÃO,NÃO,NÃO,NÃO,NÃO,NÃO,NÃO,NÃO,NÃO,NÃO,NÃO,NÃO,NÃO,NÃO,NÃO,NÃO,NÃO,NÃO,NÃO,NÃO,NÃO,NÃO,NÃO,NÃO,NÃO,NÃO,NÃO,NÃO,NÃO,NÃO,NÃO,NÃO,NÃO,NÃO,NÃO,NÃO,NÃO,NÃO,NÃO,NÃO,NÃO,NÃO,NÃO,NÃO,NÃO,NÃO,NÃO,NÃO,NÃO,NÃO,NÃO,NÃO,NÃO,NÃO,NÃO,NÃO,NÃO,NÃO,NÃO,NÃO,NÃO,NÃO,NÃO,NÃO,NÃO,NÃO,NÃO,NÃO,NÃO,NÃO,,
1/22/2020 17:34:30,2002,31/08/2002,JN - 059/02A,HGPE,"PRESIDENTE, SENADOR, DEPUTADO FEDERAL",,"BRASIL, RJ",NÃO,,SIM,Sim,SIM,SIM,SIM,SIM,SIM,SIM,NÃO,NÃO,SIM,SIM,NÃO,SIM,SIM,SIM,SIM,SIM,NÃO,SIM,SIM,SIM,SIM,SIM,SIM,SIM,NÃO,SIM,SIM,SIM,NÃO,NÃO,NÃO,NÃO,NÃO,NÃO,NÃO,NÃO,NÃO,SIM,NÃO,SIM,SIM,NÃO,NÃO,NÃO,NÃO,NÃO,NÃO,SIM,SIM,NÃO,NÃO,NÃO,SIM,NÃO,NÃO,NÃO,NÃO,NÃO,NÃO,NÃO,NÃO,NÃO,NÃO,NÃO,NÃO,NÃO,NÃO,NÃO,NÃO,NÃO,NÃO,NÃO,NÃO,,
1/22/2020 17:54:52,2002,31/08/2002,JN - 059/02B,HGPE,"PRESIDENTE, GOVERNADOR, SENADOR, DEPUTADO FEDERAL",,"BRASIL, RJ",SIM,Rio de Janeiro,SIM,Sim,SIM,SIM,SIM,SIM,SIM,SIM,SIM,NÃO,SIM,SIM,NÃO,SIM,SIM,SIM,SIM,SIM,NÃO,SIM,SIM,SIM,NÃO,NÃO,SIM,SIM,SIM,SIM,SIM,SIM,NÃO,NÃO,NÃO,NÃO,NÃO,NÃO,NÃO,NÃO,NÃO,SIM,NÃO,SIM,SIM,NÃO,NÃO,NÃO,NÃO,NÃO,NÃO,SIM,SIM,NÃO,NÃO,NÃO,SIM,NÃO,NÃO,NÃO,NÃO,NÃO,NÃO,NÃO,NÃO,NÃO,NÃO,NÃO,NÃO,NÃO,NÃO,NÃO,NÃO,NÃO,NÃO,NÃO,NÃO,,
1/22/2020 18:07:05,2002,02/09/2002,Presidente - 060/02A,DEBATE,PRESIDENTE,,BRASIL,NÃO,,SIM,Sim,NÃO,SIM,SIM,SIM,SIM,SIM,SIM,NÃO,SIM,SIM,NÃO,SIM,NÃO,NÃO,SIM,SIM,NÃO,NÃO,NÃO,NÃO,SIM,NÃO,NÃO,NÃO,SIM,NÃO,NÃO,NÃO,NÃO,NÃO,NÃO,NÃO,NÃO,NÃO,NÃO,NÃO,NÃO,SIM,NÃO,NÃO,NÃO,NÃO,NÃO,NÃO,NÃO,NÃO,NÃO,NÃO,NÃO,NÃO,NÃO,NÃO,SIM,NÃO,NÃO,NÃO,NÃO,NÃO,NÃO,NÃO,NÃO,NÃO,NÃO,NÃO,NÃO,NÃO,NÃO,NÃO,NÃO,NÃO,NÃO,NÃO,NÃO,,
1/22/2020 18:16:27,2002,02/09/2002,Presidente - 060/02B,DEBATE,PRESIDENTE,,BRASIL,NÃO,,SIM,Sim,NÃO,SIM,SIM,SIM,SIM,SIM,SIM,NÃO,SIM,SIM,NÃO,SIM,NÃO,NÃO,SIM,SIM,NÃO,NÃO,NÃO,NÃO,SIM,NÃO,NÃO,NÃO,SIM,NÃO,NÃO,NÃO,NÃO,NÃO,NÃO,NÃO,NÃO,NÃO,NÃO,NÃO,NÃO,SIM,NÃO,NÃO,NÃO,NÃO,NÃO,NÃO,NÃO,NÃO,NÃO,NÃO,NÃO,NÃO,NÃO,NÃO,SIM,NÃO,NÃO,NÃO,NÃO,NÃO,NÃO,NÃO,NÃO,NÃO,NÃO,NÃO,NÃO,NÃO,NÃO,NÃO,NÃO,NÃO,NÃO,NÃO,NÃO,,
1/22/2020 18:42:11,2002,02/09/2002,JN - 061/02,HGPE,"PRESIDENTE, GOVERNADOR, SENADOR, DEPUTADO ESTADUAL",,"BRASIL, RJ, SP",SIM,"São Paulo, Rio de Janeiro, Niterói",SIM,Sim,NÃO,SIM,SIM,SIM,SIM,SIM,NÃO,NÃO,SIM,SIM,NÃO,SIM,SIM,SIM,SIM,SIM,NÃO,NÃO,SIM,SIM,SIM,SIM,SIM,NÃO,NÃO,SIM,SIM,SIM,NÃO,NÃO,NÃO,NÃO,NÃO,NÃO,NÃO,NÃO,NÃO,SIM,NÃO,SIM,SIM,NÃO,NÃO,NÃO,NÃO,NÃO,NÃO,SIM,SIM,NÃO,NÃO,NÃO,SIM,NÃO,NÃO,NÃO,NÃO,NÃO,NÃO,NÃO,NÃO,NÃO,NÃO,NÃO,NÃO,NÃO,NÃO,NÃO,NÃO,NÃO,NÃO,NÃO,NÃO,,
1/22/2020 19:09:27,2002,03/09/2002,JN - 062/02A,HGPE,"PRESIDENTE, SENADOR, DEPUTADO FEDERAL",,"BRASIL, RJ",NÃO,,NÃO,Sim,SIM,SIM,SIM,SIM,SIM,SIM,SIM,NÃO,SIM,SIM,NÃO,SIM,SIM,SIM,SIM,SIM,NÃO,SIM,SIM,SIM,SIM,SIM,SIM,NÃO,NÃO,SIM,SIM,SIM,NÃO,NÃO,NÃO,NÃO,NÃO,NÃO,NÃO,NÃO,NÃO,SIM,NÃO,SIM,SIM,NÃO,NÃO,NÃO,NÃO,NÃO,NÃO,SIM,SIM,NÃO,NÃO,NÃO,SIM,NÃO,NÃO,NÃO,NÃO,NÃO,NÃO,NÃO,NÃO,NÃO,NÃO,NÃO,NÃO,NÃO,NÃO,NÃO,NÃO,NÃO,NÃO,NÃO,NÃO,,
1/23/2020 17:14:08,2002,03/09/2002,JN-  062/02B,HGPE,"GOVERNADOR, SENADOR, DEPUTADO FEDERAL",,RJ,NÃO,Rio de Janeiro,SIM,Sim,NÃO,SIM,SIM,SIM,SIM,SIM,SIM,NÃO,SIM,SIM,NÃO,SIM,SIM,SIM,SIM,SIM,NÃO,SIM,SIM,SIM,SIM,SIM,SIM,SIM,SIM,SIM,SIM,SIM,NÃO,NÃO,NÃO,NÃO,NÃO,NÃO,NÃO,NÃO,NÃO,SIM,NÃO,SIM,SIM,NÃO,NÃO,NÃO,NÃO,NÃO,NÃO,SIM,SIM,NÃO,NÃO,NÃO,SIM,NÃO,NÃO,NÃO,NÃO,NÃO,NÃO,NÃO,NÃO,NÃO,NÃO,NÃO,NÃO,NÃO,NÃO,NÃO,NÃO,NÃO,NÃO,NÃO,NÃO,,
1/23/2020 17:48:54,2002,04/09/2002,JN - 063/02,HGPE,"PRESIDENTE, GOVERNADOR, SENADOR, DEPUTADO ESTADUAL",,"BRASIL, RJ",SIM,"Niterói, Rio de Janeiro",SIM,Sim,NÃO,SIM,SIM,SIM,SIM,SIM,SIM,NÃO,SIM,SIM,NÃO,SIM,SIM,SIM,SIM,SIM,NÃO,NÃO,SIM,SIM,SIM,SIM,SIM,NÃO,SIM,SIM,SIM,SIM,NÃO,NÃO,NÃO,NÃO,NÃO,NÃO,NÃO,NÃO,NÃO,SIM,NÃO,SIM,SIM,NÃO,NÃO,NÃO,NÃO,NÃO,NÃO,SIM,SIM,NÃO,NÃO,NÃO,SIM,NÃO,NÃO,NÃO,NÃO,NÃO,NÃO,NÃO,NÃO,NÃO,NÃO,NÃO,NÃO,NÃO,NÃO,NÃO,NÃO,NÃO,NÃO,NÃO,NÃO,,
1/23/2020 18:11:09,2002,23/08/2002,Eleitorais - 064/02,SPOT,"PRESIDENTE, GOVERNADOR, SENADOR, DEPUTADO FEDERAL, DEPUTADO ESTADUAL",,"BRASIL, RJ",SIM,"Niterói, Rio de Janeiro",SIM,Sim,NÃO,SIM,SIM,SIM,SIM,SIM,SIM,NÃO,SIM,SIM,NÃO,SIM,SIM,SIM,SIM,SIM,NÃO,NÃO,SIM,NÃO,SIM,NÃO,SIM,NÃO,NÃO,SIM,SIM,SIM,NÃO,NÃO,NÃO,NÃO,NÃO,NÃO,NÃO,NÃO,NÃO,SIM,NÃO,SIM,NÃO,NÃO,NÃO,NÃO,NÃO,NÃO,NÃO,SIM,NÃO,NÃO,NÃO,NÃO,SIM,NÃO,NÃO,NÃO,NÃO,NÃO,NÃO,NÃO,NÃO,NÃO,NÃO,NÃO,NÃO,NÃO,NÃO,NÃO,NÃO,NÃO,NÃO,NÃO,NÃO,,
1/23/2020 18:29:47,2002,31/08/2002,Eleitorais - 065/02,SPOT,"PRESIDENTE, GOVERNADOR, SENADOR, DEPUTADO FEDERAL, DEPUTADO ESTADUAL",,"BRASIL, RJ",SIM,"Niterói, Rio de Janeiro",SIM,Sim,SIM,SIM,SIM,SIM,SIM,SIM,SIM,NÃO,SIM,SIM,NÃO,SIM,NÃO,NÃO,SIM,SIM,NÃO,NÃO,SIM,NÃO,SIM,SIM,SIM,NÃO,NÃO,NÃO,SIM,NÃO,NÃO,NÃO,NÃO,NÃO,NÃO,NÃO,NÃO,NÃO,NÃO,NÃO,NÃO,SIM,NÃO,NÃO,NÃO,NÃO,NÃO,NÃO,NÃO,NÃO,NÃO,NÃO,NÃO,NÃO,NÃO,NÃO,NÃO,NÃO,NÃO,NÃO,NÃO,NÃO,NÃO,NÃO,NÃO,NÃO,NÃO,NÃO,NÃO,NÃO,NÃO,NÃO,NÃO,NÃO,NÃO,,
1/23/2020 18:50:25,2002,04/09/2002,JG/ JN - 066/02A,HGPE,"PRESIDENTE, GOVERNADOR, DEPUTADO FEDERAL, DEPUTADO ESTADUAL",,"BRASIL, RJ",SIM,Rio de Janeiro,SIM,Sim,SIM,SIM,SIM,SIM,SIM,SIM,SIM,NÃO,SIM,SIM,NÃO,SIM,SIM,SIM,SIM,SIM,NÃO,SIM,NÃO,NÃO,NÃO,SIM,SIM,SIM,SIM,SIM,SIM,SIM,NÃO,NÃO,NÃO,NÃO,NÃO,NÃO,NÃO,NÃO,NÃO,SIM,NÃO,SIM,NÃO,NÃO,NÃO,NÃO,NÃO,NÃO,NÃO,SIM,SIM,NÃO,NÃO,NÃO,SIM,NÃO,NÃO,NÃO,NÃO,NÃO,NÃO,NÃO,NÃO,NÃO,NÃO,NÃO,NÃO,NÃO,NÃO,NÃO,NÃO,NÃO,NÃO,NÃO,NÃO,,
1/24/2020 16:34:04,2002,04/09/2002,JG/ JN - 066/02B,HGPE,"PRESIDENTE, GOVERNADOR, DEPUTADO FEDERAL",,"BRASIL, RJ",SIM,Rio de Janeiro,SIM,Sim,NÃO,SIM,SIM,SIM,SIM,SIM,SIM,NÃO,SIM,SIM,NÃO,SIM,SIM,SIM,SIM,SIM,NÃO,SIM,SIM,SIM,SIM,SIM,SIM,SIM,SIM,SIM,SIM,SIM,NÃO,NÃO,NÃO,NÃO,NÃO,NÃO,NÃO,NÃO,NÃO,SIM,NÃO,SIM,SIM,NÃO,NÃO,NÃO,NÃO,NÃO,NÃO,SIM,SIM,NÃO,NÃO,NÃO,SIM,NÃO,NÃO,NÃO,NÃO,NÃO,NÃO,NÃO,NÃO,NÃO,NÃO,NÃO,NÃO,NÃO,NÃO,NÃO,NÃO,NÃO,NÃO,NÃO,NÃO,,
1/24/2020 17:09:55,2002,06/09/2002,JN - 067/02,HGPE,"PRESIDENTE, GOVERNADOR, SENADOR, DEPUTADO ESTADUAL",,"BRASIL, RJ",SIM,Rio de Janeiro,SIM,Sim,NÃO,SIM,SIM,SIM,SIM,SIM,SIM,NÃO,SIM,SIM,NÃO,SIM,SIM,SIM,SIM,NÃO,NÃO,SIM,SIM,SIM,NÃO,SIM,SIM,NÃO,NÃO,SIM,SIM,SIM,NÃO,NÃO,NÃO,NÃO,NÃO,NÃO,NÃO,NÃO,NÃO,SIM,NÃO,SIM,SIM,NÃO,NÃO,NÃO,NÃO,NÃO,NÃO,SIM,SIM,NÃO,NÃO,NÃO,SIM,NÃO,NÃO,NÃO,NÃO,NÃO,NÃO,NÃO,NÃO,NÃO,NÃO,NÃO,NÃO,NÃO,NÃO,NÃO,NÃO,NÃO,NÃO,NÃO,NÃO,,
1/24/2020 18:06:09,2002,07/09/2002,JN - 068/02A,HGPE,"PRESIDENTE, SENADOR, DEPUTADO FEDERAL",,"BRASIL, RJ",NÃO,,SIM,Sim,NÃO,SIM,SIM,SIM,SIM,SIM,SIM,NÃO,SIM,SIM,NÃO,SIM,SIM,SIM,SIM,SIM,NÃO,SIM,SIM,SIM,SIM,SIM,SIM,SIM,SIM,SIM,SIM,SIM,NÃO,NÃO,NÃO,NÃO,NÃO,NÃO,NÃO,NÃO,NÃO,SIM,NÃO,SIM,SIM,NÃO,NÃO,NÃO,NÃO,NÃO,NÃO,SIM,SIM,NÃO,NÃO,NÃO,SIM,NÃO,NÃO,NÃO,NÃO,NÃO,NÃO,NÃO,NÃO,NÃO,NÃO,NÃO,NÃO,NÃO,NÃO,NÃO,NÃO,NÃO,NÃO,NÃO,NÃO,,
1/24/2020 18:29:22,2002,07/09/2002,JN - 068/02B,HGPE,"PRESIDENTE, GOVERNADOR, SENADOR, DEPUTADO FEDERAL",,"BRASIL, RJ",SIM,Rio de Janeiro,SIM,Sim,SIM,SIM,SIM,SIM,SIM,SIM,SIM,NÃO,SIM,SIM,NÃO,SIM,SIM,SIM,SIM,SIM,NÃO,SIM,SIM,NÃO,SIM,SIM,SIM,SIM,SIM,SIM,SIM,SIM,NÃO,NÃO,NÃO,NÃO,NÃO,NÃO,NÃO,NÃO,NÃO,SIM,NÃO,SIM,SIM,NÃO,NÃO,NÃO,NÃO,NÃO,NÃO,SIM,SIM,NÃO,NÃO,NÃO,SIM,NÃO,NÃO,NÃO,NÃO,NÃO,NÃO,NÃO,NÃO,NÃO,NÃO,NÃO,NÃO,NÃO,NÃO,NÃO,NÃO,NÃO,NÃO,NÃO,NÃO,,
1/24/2020 18:56:54,2002,09/09/2002,JN - 069/02,HGPE,"PRESIDENTE, GOVERNADOR, SENADOR, DEPUTADO ESTADUAL",,"BRASIL, RJ",SIM,"Rio de Janeiro, Niterói",SIM,Sim,SIM,SIM,SIM,SIM,SIM,SIM,SIM,NÃO,SIM,SIM,NÃO,SIM,SIM,SIM,SIM,SIM,NÃO,SIM,SIM,SIM,SIM,NÃO,SIM,SIM,NÃO,SIM,SIM,SIM,NÃO,NÃO,NÃO,NÃO,NÃO,NÃO,NÃO,NÃO,NÃO,SIM,NÃO,SIM,SIM,NÃO,NÃO,NÃO,NÃO,NÃO,NÃO,SIM,SIM,NÃO,NÃO,NÃO,SIM,NÃO,NÃO,NÃO,NÃO,NÃO,NÃO,NÃO,NÃO,NÃO,NÃO,NÃO,NÃO,NÃO,NÃO,NÃO,NÃO,NÃO,NÃO,NÃO,NÃO,,
1/28/2020 13:15:43,2002,10/09/2002,JN - 070/02,HGPE,"PRESIDENTE, GOVERNADOR, SENADOR, DEPUTADO FEDERAL",,"BRASIL, RJ",NÃO,,NÃO,Sim,SIM,SIM,SIM,SIM,SIM,SIM,SIM,NÃO,SIM,SIM,NÃO,SIM,SIM,SIM,SIM,SIM,NÃO,SIM,SIM,SIM,SIM,SIM,SIM,SIM,NÃO,SIM,SIM,SIM,NÃO,NÃO,NÃO,NÃO,NÃO,NÃO,NÃO,NÃO,NÃO,SIM,NÃO,SIM,SIM,NÃO,NÃO,NÃO,NÃO,NÃO,NÃO,SIM,SIM,NÃO,NÃO,NÃO,SIM,NÃO,NÃO,NÃO,NÃO,NÃO,NÃO,NÃO,NÃO,NÃO,NÃO,NÃO,NÃO,NÃO,NÃO,NÃO,NÃO,NÃO,NÃO,NÃO,NÃO,,
1/28/2020 13:45:44,2002,11/09/2002,JN - 071/02,HGPE,"PRESIDENTE, GOVERNADOR, SENADOR, DEPUTADO ESTADUAL",,"BRASIL, RJ",SIM,"Rio de Janeiro, Niterói",SIM,Sim,NÃO,SIM,SIM,SIM,SIM,SIM,SIM,NÃO,SIM,SIM,NÃO,SIM,SIM,SIM,SIM,NÃO,NÃO,SIM,SIM,SIM,NÃO,SIM,SIM,NÃO,NÃO,SIM,NÃO,SIM,NÃO,NÃO,NÃO,NÃO,NÃO,NÃO,NÃO,NÃO,NÃO,SIM,NÃO,SIM,SIM,NÃO,NÃO,NÃO,NÃO,NÃO,NÃO,SIM,SIM,NÃO,NÃO,NÃO,SIM,NÃO,NÃO,NÃO,NÃO,NÃO,NÃO,NÃO,NÃO,NÃO,NÃO,NÃO,NÃO,NÃO,NÃO,NÃO,NÃO,NÃO,NÃO,NÃO,NÃO,,
1/28/2020 14:42:53,2002,12/09/2002,JN - 072/02A,HGPE,"PRESIDENTE, GOVERNADOR, DEPUTADO FEDERAL",,"BRASIL, RJ",SIM,Rio de Janeiro,SIM,Sim,SIM,SIM,SIM,SIM,SIM,SIM,NÃO,NÃO,SIM,SIM,NÃO,SIM,SIM,SIM,SIM,SIM,NÃO,SIM,SIM,SIM,SIM,SIM,SIM,SIM,NÃO,SIM,NÃO,SIM,NÃO,NÃO,NÃO,NÃO,NÃO,NÃO,NÃO,NÃO,NÃO,SIM,NÃO,SIM,SIM,NÃO,NÃO,NÃO,NÃO,NÃO,NÃO,SIM,SIM,NÃO,NÃO,NÃO,SIM,NÃO,NÃO,NÃO,NÃO,NÃO,NÃO,NÃO,NÃO,NÃO,NÃO,NÃO,NÃO,NÃO,NÃO,NÃO,NÃO,NÃO,NÃO,NÃO,NÃO,,
1/28/2020 14:56:32,2002,12/09/2002,JN - 072/02B,HGPE,DEPUTADO FEDERAL,,RJ,NÃO,,SIM,Sim,NÃO,NÃO,SIM,SIM,SIM,SIM,SIM,NÃO,SIM,SIM,NÃO,SIM,SIM,SIM,SIM,SIM,NÃO,SIM,SIM,SIM,SIM,SIM,SIM,SIM,SIM,SIM,NÃO,SIM,NÃO,SIM,NÃO,NÃO,NÃO,NÃO,NÃO,NÃO,NÃO,SIM,NÃO,SIM,SIM,NÃO,NÃO,NÃO,NÃO,NÃO,NÃO,SIM,SIM,NÃO,NÃO,NÃO,SIM,NÃO,NÃO,NÃO,NÃO,NÃO,NÃO,NÃO,NÃO,NÃO,NÃO,NÃO,NÃO,NÃO,NÃO,NÃO,NÃO,NÃO,NÃO,NÃO,NÃO,,
1/28/2020 15:20:54,2002,13/09/2002,JN - 073/02,HGPE,"PRESIDENTE, GOVERNADOR, SENADOR, DEPUTADO ESTADUAL",,"BRASIL, RJ",SIM,"Rio de Janeiro, Niterói",SIM,Sim,NÃO,SIM,SIM,SIM,SIM,SIM,SIM,NÃO,SIM,SIM,NÃO,SIM,SIM,SIM,SIM,NÃO,NÃO,SIM,SIM,SIM,SIM,NÃO,SIM,SIM,SIM,NÃO,SIM,SIM,NÃO,NÃO,NÃO,NÃO,NÃO,NÃO,NÃO,NÃO,NÃO,SIM,NÃO,SIM,SIM,NÃO,NÃO,NÃO,NÃO,NÃO,NÃO,SIM,SIM,NÃO,NÃO,NÃO,SIM,NÃO,NÃO,NÃO,NÃO,NÃO,NÃO,NÃO,NÃO,NÃO,NÃO,NÃO,NÃO,NÃO,NÃO,NÃO,NÃO,NÃO,NÃO,NÃO,NÃO,,
1/28/2020 15:45:45,2002,14/09/2002,JN - 074/02A,HGPE,"PRESIDENTE, SENADOR, DEPUTADO FEDERAL",,"BRASIL, RJ",NÃO,,SIM,Sim,SIM,SIM,SIM,SIM,SIM,SIM,SIM,NÃO,SIM,SIM,NÃO,SIM,SIM,SIM,SIM,SIM,NÃO,SIM,SIM,SIM,SIM,NÃO,SIM,NÃO,SIM,SIM,SIM,SIM,NÃO,NÃO,NÃO,NÃO,NÃO,NÃO,NÃO,NÃO,NÃO,NÃO,NÃO,SIM,SIM,NÃO,NÃO,NÃO,NÃO,NÃO,NÃO,SIM,SIM,NÃO,NÃO,NÃO,SIM,NÃO,NÃO,NÃO,NÃO,NÃO,NÃO,NÃO,NÃO,NÃO,NÃO,NÃO,NÃO,NÃO,NÃO,NÃO,NÃO,NÃO,NÃO,NÃO,NÃO,,
1/28/2020 16:01:01,2002,14/09/2002,JN - 074/02B,HGPE,"GOVERNADOR, DEPUTADO FEDERAL",,RJ,SIM,Rio de Janeiro,SIM,Sim,NÃO,NÃO,SIM,NÃO,SIM,SIM,SIM,NÃO,SIM,SIM,NÃO,SIM,SIM,SIM,SIM,SIM,NÃO,SIM,SIM,SIM,SIM,SIM,SIM,SIM,NÃO,NÃO,NÃO,SIM,NÃO,NÃO,NÃO,NÃO,NÃO,NÃO,NÃO,NÃO,NÃO,SIM,NÃO,SIM,SIM,NÃO,NÃO,NÃO,NÃO,NÃO,NÃO,SIM,SIM,NÃO,NÃO,NÃO,SIM,NÃO,NÃO,NÃO,NÃO,NÃO,NÃO,NÃO,NÃO,NÃO,NÃO,NÃO,NÃO,NÃO,NÃO,NÃO,NÃO,NÃO,NÃO,NÃO,NÃO,,
1/28/2020 16:33:19,2002,16/09/2002,JN - 075/02,HGPE,"PRESIDENTE, GOVERNADOR, SENADOR, DEPUTADO ESTADUAL",,"BRASIL, RJ",SIM,"Rio de Janeiro, Niterói",SIM,Sim,NÃO,SIM,SIM,SIM,SIM,SIM,SIM,NÃO,SIM,SIM,NÃO,SIM,SIM,SIM,SIM,SIM,NÃO,SIM,SIM,NÃO,SIM,SIM,SIM,NÃO,SIM,NÃO,NÃO,SIM,NÃO,NÃO,NÃO,NÃO,NÃO,NÃO,NÃO,NÃO,NÃO,SIM,NÃO,SIM,SIM,NÃO,NÃO,NÃO,NÃO,NÃO,NÃO,SIM,SIM,NÃO,NÃO,NÃO,SIM,NÃO,NÃO,NÃO,NÃO,NÃO,NÃO,NÃO,NÃO,NÃO,NÃO,NÃO,NÃO,NÃO,NÃO,NÃO,NÃO,NÃO,NÃO,NÃO,NÃO,,
1/28/2020 16:55:25,2002,17/09/2002,JN - 076/02A,HGPE,"PRESIDENTE, DEPUTADO FEDERAL",,"BRASIL, RJ",NÃO,,SIM,Sim,SIM,SIM,SIM,SIM,SIM,SIM,SIM,NÃO,SIM,SIM,NÃO,SIM,SIM,SIM,SIM,SIM,NÃO,SIM,SIM,SIM,SIM,SIM,SIM,SIM,SIM,SIM,SIM,SIM,NÃO,NÃO,NÃO,NÃO,NÃO,NÃO,NÃO,NÃO,NÃO,SIM,NÃO,SIM,SIM,NÃO,NÃO,NÃO,NÃO,NÃO,NÃO,SIM,SIM,NÃO,NÃO,NÃO,SIM,NÃO,NÃO,NÃO,NÃO,NÃO,NÃO,NÃO,NÃO,NÃO,NÃO,NÃO,NÃO,NÃO,NÃO,NÃO,NÃO,NÃO,NÃO,NÃO,NÃO,,
1/28/2020 17:14:33,2002,17/09/2002,JN - 076/02B,HGPE,"PRESIDENTE, DEPUTADO FEDERAL, DEPUTADO ESTADUAL",,BRASIL,NÃO,,SIM,Sim,SIM,SIM,SIM,SIM,NÃO,SIM,SIM,NÃO,SIM,SIM,NÃO,SIM,SIM,SIM,SIM,SIM,NÃO,SIM,SIM,SIM,SIM,SIM,SIM,NÃO,NÃO,NÃO,SIM,SIM,NÃO,NÃO,NÃO,NÃO,NÃO,NÃO,NÃO,NÃO,NÃO,SIM,NÃO,SIM,SIM,NÃO,NÃO,NÃO,NÃO,NÃO,NÃO,SIM,SIM,NÃO,NÃO,NÃO,SIM,NÃO,NÃO,NÃO,NÃO,NÃO,NÃO,NÃO,NÃO,NÃO,NÃO,NÃO,NÃO,NÃO,NÃO,NÃO,NÃO,NÃO,NÃO,NÃO,NÃO,,
1/28/2020 17:31:50,2002,18/09/2002,JN - 077/02,HGPE,"PRESIDENTE, GOVERNADOR, SENADOR, DEPUTADO ESTADUAL",,"BRASIL, RJ",SIM,"Rio de Janeiro, Niterói",SIM,Sim,NÃO,SIM,SIM,SIM,SIM,SIM,SIM,NÃO,SIM,SIM,NÃO,SIM,SIM,SIM,SIM,NÃO,NÃO,SIM,SIM,SIM,NÃO,NÃO,SIM,SIM,SIM,NÃO,NÃO,SIM,NÃO,NÃO,NÃO,NÃO,NÃO,NÃO,NÃO,NÃO,NÃO,SIM,NÃO,SIM,SIM,NÃO,NÃO,NÃO,NÃO,NÃO,NÃO,SIM,SIM,NÃO,NÃO,NÃO,NÃO,NÃO,NÃO,NÃO,NÃO,NÃO,NÃO,NÃO,NÃO,NÃO,NÃO,NÃO,NÃO,NÃO,NÃO,NÃO,NÃO,NÃO,NÃO,NÃO,NÃO,,
1/28/2020 17:46:51,2002,19/09/2002,JN - 078/02A,HGPE,"PRESIDENTE, DEPUTADO FEDERAL",,"BRASIL, RJ",NÃO,,SIM,Sim,SIM,SIM,SIM,SIM,SIM,SIM,SIM,NÃO,SIM,SIM,NÃO,SIM,SIM,SIM,SIM,SIM,NÃO,SIM,SIM,SIM,SIM,SIM,SIM,SIM,SIM,SIM,SIM,SIM,NÃO,NÃO,NÃO,NÃO,NÃO,NÃO,NÃO,NÃO,NÃO,SIM,NÃO,SIM,SIM,NÃO,NÃO,NÃO,NÃO,NÃO,NÃO,SIM,SIM,NÃO,NÃO,NÃO,NÃO,NÃO,NÃO,NÃO,NÃO,NÃO,NÃO,NÃO,NÃO,NÃO,NÃO,NÃO,NÃO,NÃO,NÃO,NÃO,NÃO,NÃO,NÃO,NÃO,NÃO,,
1/28/2020 18:03:04,2002,19/09/2002,JN - 078/02B,HGPE,"PRESIDENTE, DEPUTADO FEDERAL",,"BRASIL, RJ",NÃO,,SIM,Sim,SIM,SIM,SIM,SIM,SIM,SIM,SIM,NÃO,SIM,SIM,NÃO,SIM,SIM,SIM,SIM,SIM,NÃO,SIM,SIM,SIM,SIM,SIM,SIM,SIM,SIM,SIM,SIM,SIM,NÃO,NÃO,NÃO,NÃO,NÃO,NÃO,NÃO,NÃO,NÃO,SIM,NÃO,SIM,SIM,NÃO,NÃO,NÃO,NÃO,NÃO,NÃO,SIM,SIM,NÃO,NÃO,NÃO,SIM,NÃO,NÃO,NÃO,NÃO,NÃO,NÃO,NÃO,NÃO,NÃO,NÃO,NÃO,NÃO,NÃO,NÃO,NÃO,NÃO,NÃO,NÃO,NÃO,NÃO,,
1/28/2020 18:20:52,2002,20/09/2002,JN - 079/02,HGPE,"PRESIDENTE, GOVERNADOR, SENADOR, DEPUTADO ESTADUAL",,"BRASIL, RJ",SIM,"Rio de Janeiro, Niterói",SIM,Sim,NÃO,SIM,SIM,SIM,SIM,SIM,SIM,NÃO,SIM,SIM,NÃO,SIM,SIM,SIM,SIM,NÃO,NÃO,SIM,SIM,SIM,SIM,SIM,SIM,NÃO,SIM,SIM,SIM,SIM,NÃO,NÃO,NÃO,NÃO,NÃO,NÃO,NÃO,NÃO,NÃO,SIM,NÃO,SIM,SIM,NÃO,NÃO,NÃO,NÃO,NÃO,NÃO,SIM,SIM,NÃO,NÃO,NÃO,SIM,NÃO,NÃO,NÃO,NÃO,NÃO,NÃO,NÃO,NÃO,NÃO,NÃO,NÃO,NÃO,NÃO,NÃO,NÃO,NÃO,NÃO,NÃO,NÃO,NÃO,,
1/30/2020 16:21:17,2002,21/09/2002,JN - 080/02A,HGPE,"PRESIDENTE, DEPUTADO FEDERAL","O HD externo da gravação apresenta defeito, em alguns momentos trava","BRASIL, RJ",NÃO,,NÃO,Sim,SIM,SIM,SIM,SIM,SIM,SIM,SIM,NÃO,SIM,SIM,NÃO,SIM,SIM,SIM,SIM,SIM,NÃO,SIM,SIM,SIM,SIM,SIM,SIM,SIM,SIM,SIM,NÃO,SIM,NÃO,NÃO,NÃO,NÃO,NÃO,NÃO,NÃO,NÃO,NÃO,SIM,NÃO,SIM,SIM,NÃO,NÃO,NÃO,NÃO,NÃO,NÃO,SIM,SIM,NÃO,NÃO,NÃO,SIM,NÃO,NÃO,NÃO,NÃO,NÃO,NÃO,NÃO,NÃO,NÃO,NÃO,NÃO,NÃO,NÃO,NÃO,NÃO,NÃO,NÃO,NÃO,NÃO,NÃO,,
1/30/2020 16:45:17,2002,21/09/2002,JN - 080/02B,HGPE,"PRESIDENTE, DEPUTADO FEDERAL",,"BRASIL, RJ",NÃO,,SIM,Sim,SIM,SIM,SIM,NÃO,SIM,SIM,SIM,NÃO,SIM,SIM,NÃO,SIM,SIM,SIM,SIM,SIM,NÃO,SIM,SIM,SIM,SIM,SIM,SIM,SIM,SIM,SIM,SIM,SIM,NÃO,NÃO,NÃO,NÃO,NÃO,NÃO,NÃO,NÃO,NÃO,SIM,NÃO,SIM,SIM,NÃO,NÃO,NÃO,NÃO,NÃO,NÃO,SIM,SIM,NÃO,NÃO,NÃO,SIM,NÃO,NÃO,NÃO,NÃO,NÃO,NÃO,NÃO,NÃO,NÃO,NÃO,NÃO,NÃO,NÃO,NÃO,NÃO,NÃO,NÃO,NÃO,NÃO,NÃO,,
1/30/2020 17:08:07,2002,23/09/2002,JN - 081/02A,HGPE,"PRESIDENTE, GOVERNADOR, SENADOR, DEPUTADO ESTADUAL",,"BRASIL, RJ",SIM,"Rio de Janeiro, Niterói",SIM,Sim,NÃO,SIM,SIM,SIM,SIM,SIM,NÃO,NÃO,SIM,SIM,NÃO,SIM,SIM,SIM,NÃO,NÃO,NÃO,SIM,NÃO,NÃO,SIM,SIM,SIM,NÃO,NÃO,SIM,SIM,SIM,NÃO,NÃO,NÃO,NÃO,NÃO,NÃO,NÃO,NÃO,NÃO,SIM,NÃO,SIM,SIM,NÃO,NÃO,NÃO,NÃO,NÃO,NÃO,SIM,SIM,NÃO,NÃO,NÃO,SIM,NÃO,NÃO,NÃO,NÃO,NÃO,NÃO,NÃO,NÃO,NÃO,NÃO,NÃO,NÃO,NÃO,NÃO,NÃO,NÃO,NÃO,NÃO,NÃO,NÃO,,
1/30/2020 17:22:06,2002,23/09/2002,JN - 081/02B,HGPE,,,,NÃO,,SIM,Sim,NÃO,NÃO,SIM,NÃO,NÃO,NÃO,NÃO,NÃO,NÃO,NÃO,NÃO,NÃO,NÃO,NÃO,NÃO,NÃO,NÃO,NÃO,NÃO,NÃO,NÃO,NÃO,NÃO,NÃO,NÃO,NÃO,NÃO,NÃO,NÃO,NÃO,NÃO,NÃO,NÃO,NÃO,NÃO,NÃO,NÃO,NÃO,NÃO,NÃO,NÃO,NÃO,NÃO,NÃO,NÃO,NÃO,NÃO,NÃO,NÃO,NÃO,NÃO,NÃO,NÃO,NÃO,NÃO,NÃO,NÃO,NÃO,NÃO,NÃO,NÃO,NÃO,NÃO,NÃO,NÃO,NÃO,NÃO,NÃO,NÃO,NÃO,NÃO,NÃO,NÃO,,
1/30/2020 17:43:41,2002,24/09/2002,JN - 082/02A,HGPE,"PRESIDENTE, DEPUTADO FEDERAL",,"BRASIL, RJ",NÃO,,SIM,Sim,SIM,SIM,SIM,SIM,SIM,SIM,NÃO,NÃO,SIM,SIM,NÃO,SIM,SIM,NÃO,SIM,SIM,NÃO,SIM,NÃO,SIM,SIM,SIM,SIM,SIM,NÃO,SIM,NÃO,SIM,NÃO,NÃO,NÃO,NÃO,NÃO,NÃO,NÃO,NÃO,NÃO,SIM,NÃO,SIM,NÃO,NÃO,NÃO,NÃO,NÃO,NÃO,NÃO,SIM,SIM,NÃO,NÃO,NÃO,NÃO,NÃO,NÃO,NÃO,NÃO,NÃO,NÃO,NÃO,NÃO,NÃO,NÃO,NÃO,NÃO,NÃO,NÃO,NÃO,NÃO,NÃO,NÃO,NÃO,NÃO,,
1/30/2020 18:01:35,2002,24/09/2002,JN - 02/02B,HGPE,"PRESIDENTE, GOVERNADOR, DEPUTADO FEDERAL",,"BRASIL, RJ",SIM,"Rio de Janeiro, Niterói",SIM,Sim,SIM,SIM,SIM,SIM,SIM,SIM,SIM,NÃO,SIM,SIM,NÃO,SIM,SIM,SIM,SIM,SIM,NÃO,SIM,SIM,SIM,SIM,SIM,SIM,SIM,SIM,SIM,NÃO,SIM,NÃO,NÃO,NÃO,NÃO,NÃO,NÃO,NÃO,NÃO,NÃO,SIM,NÃO,SIM,SIM,NÃO,NÃO,NÃO,NÃO,NÃO,NÃO,SIM,SIM,NÃO,NÃO,NÃO,SIM,NÃO,NÃO,NÃO,NÃO,NÃO,NÃO,NÃO,NÃO,NÃO,NÃO,NÃO,NÃO,NÃO,NÃO,NÃO,NÃO,NÃO,NÃO,NÃO,NÃO,,
1/30/2020 18:23:38,2002,25/09/2002,JN - 083/02A & B,HGPE,"PRESIDENTE, GOVERNADOR, SENADOR, DEPUTADO FEDERAL, DEPUTADO ESTADUAL",,"BRASIL, RJ",SIM,"Rio de Janeiro, Niterói",SIM,Sim,NÃO,SIM,SIM,SIM,SIM,SIM,SIM,NÃO,SIM,SIM,NÃO,SIM,SIM,SIM,SIM,SIM,NÃO,NÃO,SIM,SIM,SIM,SIM,SIM,NÃO,SIM,SIM,NÃO,SIM,NÃO,NÃO,NÃO,NÃO,NÃO,NÃO,NÃO,NÃO,NÃO,SIM,NÃO,SIM,SIM,NÃO,NÃO,NÃO,NÃO,NÃO,NÃO,SIM,SIM,NÃO,NÃO,NÃO,SIM,NÃO,NÃO,NÃO,NÃO,NÃO,NÃO,NÃO,NÃO,NÃO,NÃO,NÃO,NÃO,NÃO,NÃO,NÃO,NÃO,NÃO,NÃO,NÃO,NÃO,,
3/5/2020 13:08:34,2002,26/09/2002,JN - 084/02A,HGPE,"PRESIDENTE, GOVERNADOR, SENADOR, DEPUTADO FEDERAL",,"BRASIL, RJ",SIM,Rio de Janeiro,SIM,Sim,SIM,SIM,SIM,SIM,SIM,SIM,SIM,NÃO,SIM,SIM,NÃO,SIM,SIM,SIM,SIM,SIM,NÃO,SIM,SIM,SIM,SIM,SIM,SIM,SIM,SIM,SIM,SIM,SIM,NÃO,NÃO,NÃO,NÃO,NÃO,NÃO,NÃO,NÃO,NÃO,SIM,NÃO,SIM,SIM,NÃO,NÃO,NÃO,NÃO,NÃO,NÃO,SIM,SIM,NÃO,NÃO,NÃO,SIM,NÃO,NÃO,NÃO,NÃO,NÃO,NÃO,NÃO,NÃO,NÃO,NÃO,NÃO,NÃO,NÃO,NÃO,NÃO,NÃO,NÃO,NÃO,NÃO,NÃO,,
3/5/2020 13:25:00,2002,26/09/2002,JN - 084/02B,HGPE,"GOVERNADOR, DEPUTADO FEDERAL, DEPUTADO ESTADUAL",,RJ,SIM,Niterói,SIM,Sim,NÃO,NÃO,SIM,SIM,SIM,SIM,SIM,NÃO,SIM,SIM,NÃO,SIM,SIM,SIM,SIM,SIM,NÃO,SIM,SIM,SIM,SIM,SIM,SIM,SIM,SIM,SIM,NÃO,SIM,NÃO,NÃO,NÃO,NÃO,NÃO,NÃO,NÃO,NÃO,NÃO,SIM,NÃO,SIM,NÃO,NÃO,NÃO,NÃO,NÃO,NÃO,NÃO,SIM,SIM,NÃO,NÃO,NÃO,SIM,NÃO,NÃO,NÃO,NÃO,NÃO,NÃO,NÃO,NÃO,NÃO,NÃO,NÃO,NÃO,NÃO,NÃO,NÃO,NÃO,NÃO,NÃO,NÃO,NÃO,,
3/5/2020 13:51:57,2002,27/09/2002,JN - 085/02,HGPE,"PRESIDENTE, GOVERNADOR, SENADOR, DEPUTADO FEDERAL, DEPUTADO ESTADUAL",,BRASIL,SIM,"Rio de Janeiro, Niterói",SIM,Sim,NÃO,SIM,SIM,SIM,SIM,SIM,SIM,NÃO,SIM,SIM,NÃO,SIM,SIM,SIM,SIM,NÃO,NÃO,SIM,SIM,SIM,SIM,NÃO,SIM,SIM,SIM,SIM,NÃO,NÃO,NÃO,NÃO,NÃO,NÃO,NÃO,NÃO,NÃO,NÃO,NÃO,SIM,NÃO,SIM,SIM,NÃO,NÃO,NÃO,NÃO,NÃO,NÃO,SIM,SIM,NÃO,NÃO,NÃO,SIM,NÃO,NÃO,NÃO,NÃO,NÃO,NÃO,NÃO,NÃO,NÃO,NÃO,NÃO,NÃO,NÃO,NÃO,NÃO,NÃO,NÃO,NÃO,NÃO,NÃO,,
3/5/2020 14:13:49,2002,28/09/2002,JN - 086/02A,HGPE,"PRESIDENTE, DEPUTADO FEDERAL",,BRASIL,NÃO,,SIM,Sim,SIM,SIM,SIM,SIM,SIM,SIM,SIM,NÃO,SIM,SIM,NÃO,SIM,SIM,SIM,SIM,SIM,NÃO,SIM,SIM,SIM,SIM,SIM,SIM,SIM,SIM,SIM,SIM,SIM,NÃO,NÃO,NÃO,NÃO,NÃO,NÃO,NÃO,NÃO,NÃO,SIM,NÃO,SIM,NÃO,NÃO,NÃO,NÃO,NÃO,NÃO,NÃO,SIM,SIM,NÃO,NÃO,NÃO,SIM,NÃO,NÃO,NÃO,NÃO,NÃO,NÃO,NÃO,NÃO,NÃO,NÃO,NÃO,NÃO,NÃO,NÃO,NÃO,NÃO,NÃO,NÃO,NÃO,NÃO,,
3/5/2020 15:01:25,2002,28/09/2002,JN - 086/02B,HGPE,"PRESIDENTE, DEPUTADO FEDERAL",,"BRASIL, RJ",NÃO,,SIM,Sim,SIM,SIM,SIM,SIM,SIM,SIM,SIM,NÃO,SIM,SIM,NÃO,SIM,SIM,SIM,SIM,SIM,NÃO,SIM,SIM,SIM,SIM,SIM,SIM,SIM,SIM,SIM,SIM,SIM,NÃO,NÃO,NÃO,NÃO,NÃO,NÃO,NÃO,NÃO,NÃO,SIM,NÃO,SIM,SIM,NÃO,NÃO,NÃO,NÃO,NÃO,NÃO,SIM,SIM,NÃO,NÃO,NÃO,SIM,NÃO,NÃO,NÃO,NÃO,NÃO,NÃO,NÃO,NÃO,NÃO,NÃO,NÃO,NÃO,NÃO,NÃO,NÃO,NÃO,NÃO,NÃO,NÃO,NÃO,,
3/5/2020 16:09:29,2002,30/09/2002,JN - 087/02A,HGPE,"GOVERNADOR, SENADOR, DEPUTADO ESTADUAL",,RJ,NÃO,,SIM,Sim,NÃO,SIM,SIM,SIM,SIM,SIM,SIM,NÃO,SIM,SIM,NÃO,SIM,SIM,SIM,SIM,SIM,NÃO,SIM,NÃO,SIM,SIM,SIM,SIM,NÃO,SIM,SIM,SIM,SIM,NÃO,NÃO,NÃO,NÃO,NÃO,NÃO,NÃO,NÃO,NÃO,SIM,NÃO,SIM,SIM,NÃO,NÃO,NÃO,NÃO,NÃO,NÃO,SIM,SIM,NÃO,NÃO,NÃO,SIM,NÃO,NÃO,NÃO,NÃO,NÃO,NÃO,NÃO,NÃO,NÃO,NÃO,NÃO,NÃO,NÃO,NÃO,NÃO,NÃO,NÃO,NÃO,NÃO,NÃO,,
3/5/2020 16:37:03,2002,01/10/2002,JN - 088/02A,HGPE,"PRESIDENTE, DEPUTADO FEDERAL",,"BRASIL, RJ",NÃO,,SIM,Sim,SIM,SIM,SIM,SIM,SIM,SIM,SIM,NÃO,SIM,SIM,NÃO,SIM,SIM,SIM,SIM,SIM,NÃO,SIM,SIM,SIM,SIM,NÃO,SIM,SIM,SIM,SIM,SIM,SIM,NÃO,NÃO,NÃO,NÃO,NÃO,NÃO,NÃO,NÃO,NÃO,SIM,NÃO,SIM,SIM,NÃO,NÃO,NÃO,NÃO,NÃO,NÃO,SIM,SIM,NÃO,NÃO,NÃO,SIM,NÃO,NÃO,NÃO,NÃO,NÃO,NÃO,NÃO,NÃO,NÃO,NÃO,NÃO,NÃO,NÃO,NÃO,NÃO,NÃO,NÃO,NÃO,NÃO,NÃO,,
3/9/2020 17:21:15,2002,01/10/2002,JN - 088/02B,HGPE,"PRESIDENTE, DEPUTADO FEDERAL",,"BRASIL, RJ",NÃO,,SIM,Sim,SIM,SIM,SIM,SIM,SIM,SIM,SIM,NÃO,SIM,SIM,NÃO,SIM,SIM,SIM,SIM,SIM,NÃO,SIM,SIM,SIM,SIM,NÃO,SIM,SIM,SIM,SIM,SIM,SIM,NÃO,NÃO,NÃO,NÃO,NÃO,NÃO,NÃO,NÃO,NÃO,SIM,NÃO,SIM,SIM,NÃO,NÃO,NÃO,NÃO,NÃO,NÃO,SIM,SIM,NÃO,NÃO,NÃO,SIM,NÃO,NÃO,NÃO,NÃO,NÃO,NÃO,NÃO,NÃO,NÃO,NÃO,NÃO,NÃO,NÃO,NÃO,NÃO,NÃO,NÃO,NÃO,NÃO,NÃO,,
3/9/2020 17:52:57,2002,02/10/2002,JN - 089/02,HGPE,"PRESIDENTE, GOVERNADOR, SENADOR, DEPUTADO ESTADUAL",,"BRASIL, RJ",NÃO,,SIM,Sim,NÃO,SIM,SIM,SIM,SIM,SIM,SIM,NÃO,SIM,SIM,NÃO,SIM,SIM,SIM,SIM,SIM,NÃO,SIM,SIM,SIM,SIM,SIM,SIM,NÃO,SIM,SIM,SIM,SIM,NÃO,NÃO,NÃO,NÃO,NÃO,NÃO,NÃO,NÃO,NÃO,SIM,NÃO,SIM,SIM,NÃO,NÃO,NÃO,NÃO,NÃO,NÃO,SIM,SIM,NÃO,NÃO,NÃO,NÃO,NÃO,NÃO,NÃO,NÃO,NÃO,NÃO,NÃO,NÃO,NÃO,NÃO,NÃO,NÃO,NÃO,NÃO,NÃO,NÃO,NÃO,NÃO,NÃO,NÃO,,
3/9/2020 18:29:06,2002,03/10/2002,JN - 090/02B,HGPE,"PRESIDENTE, DEPUTADO FEDERAL",Apresenta defeito a partir de 17 minutos,"BRASIL, RJ",NÃO,,SIM,Sim,SIM,SIM,SIM,SIM,SIM,SIM,SIM,NÃO,SIM,SIM,NÃO,SIM,SIM,SIM,SIM,SIM,NÃO,SIM,SIM,SIM,SIM,NÃO,SIM,SIM,SIM,SIM,SIM,SIM,NÃO,NÃO,NÃO,NÃO,NÃO,NÃO,NÃO,NÃO,NÃO,SIM,NÃO,SIM,SIM,NÃO,NÃO,NÃO,NÃO,NÃO,NÃO,SIM,SIM,NÃO,NÃO,NÃO,SIM,NÃO,NÃO,NÃO,NÃO,NÃO,NÃO,NÃO,NÃO,NÃO,NÃO,NÃO,NÃO,NÃO,NÃO,NÃO,NÃO,NÃO,NÃO,NÃO,NÃO,,
3/10/2020 12:51:24,2002,14/10/2002,JN - 091/02,HGPE,PRESIDENTE,,BRASIL,NÃO,,SIM,Sim,NÃO,SIM,SIM,SIM,SIM,NÃO,NÃO,NÃO,SIM,SIM,NÃO,SIM,NÃO,NÃO,NÃO,NÃO,NÃO,NÃO,NÃO,NÃO,NÃO,NÃO,NÃO,NÃO,NÃO,NÃO,NÃO,NÃO,NÃO,NÃO,NÃO,NÃO,NÃO,NÃO,NÃO,NÃO,NÃO,NÃO,NÃO,NÃO,NÃO,NÃO,NÃO,NÃO,NÃO,NÃO,NÃO,NÃO,NÃO,NÃO,NÃO,NÃO,NÃO,NÃO,NÃO,NÃO,NÃO,NÃO,NÃO,NÃO,NÃO,NÃO,NÃO,NÃO,NÃO,NÃO,NÃO,NÃO,NÃO,NÃO,NÃO,NÃO,NÃO,,
3/10/2020 14:13:25,2002,03/10/2002,Debate presidenciáveis - 092/02A,DEBATE,PRESIDENTE,,BRASIL,NÃO,,SIM,Sim,NÃO,SIM,SIM,SIM,SIM,NÃO,NÃO,NÃO,SIM,SIM,NÃO,SIM,NÃO,NÃO,NÃO,NÃO,NÃO,NÃO,NÃO,NÃO,NÃO,NÃO,NÃO,NÃO,NÃO,NÃO,NÃO,NÃO,NÃO,NÃO,NÃO,NÃO,NÃO,NÃO,NÃO,NÃO,NÃO,NÃO,NÃO,NÃO,NÃO,NÃO,NÃO,NÃO,NÃO,NÃO,NÃO,NÃO,NÃO,NÃO,NÃO,NÃO,NÃO,NÃO,NÃO,NÃO,NÃO,NÃO,NÃO,NÃO,NÃO,NÃO,NÃO,NÃO,NÃO,NÃO,NÃO,NÃO,NÃO,NÃO,NÃO,NÃO,NÃO,,
3/10/2020 14:19:06,2002,03/10/2002,Debate presidenciáveis - 092/02B,DEBATE,PRESIDENTE,,BRASIL,NÃO,,SIM,Sim,NÃO,SIM,SIM,SIM,SIM,NÃO,NÃO,NÃO,SIM,SIM,NÃO,SIM,NÃO,NÃO,NÃO,NÃO,NÃO,NÃO,NÃO,NÃO,NÃO,NÃO,NÃO,NÃO,NÃO,NÃO,NÃO,NÃO,NÃO,NÃO,NÃO,NÃO,NÃO,NÃO,NÃO,NÃO,NÃO,NÃO,NÃO,NÃO,NÃO,NÃO,NÃO,NÃO,NÃO,NÃO,NÃO,NÃO,NÃO,NÃO,NÃO,NÃO,NÃO,NÃO,NÃO,NÃO,NÃO,NÃO,NÃO,NÃO,NÃO,NÃO,NÃO,NÃO,NÃO,NÃO,NÃO,NÃO,NÃO,NÃO,NÃO,NÃO,NÃO,,
3/10/2020 14:29:56,2002,19/07/2002,Jornal Nacional - 093/02,TELEJORNAL,PRESIDENTE,,BRASIL,NÃO,,SIM,Sim,NÃO,SIM,SIM,SIM,SIM,NÃO,NÃO,NÃO,SIM,SIM,NÃO,SIM,NÃO,NÃO,NÃO,NÃO,NÃO,NÃO,NÃO,NÃO,NÃO,NÃO,NÃO,NÃO,NÃO,NÃO,NÃO,NÃO,NÃO,NÃO,NÃO,NÃO,NÃO,NÃO,NÃO,NÃO,NÃO,NÃO,NÃO,NÃO,NÃO,NÃO,NÃO,NÃO,NÃO,NÃO,NÃO,NÃO,NÃO,NÃO,NÃO,NÃO,NÃO,NÃO,NÃO,NÃO,NÃO,NÃO,NÃO,NÃO,NÃO,NÃO,NÃO,NÃO,NÃO,NÃO,NÃO,NÃO,NÃO,NÃO,NÃO,NÃO,NÃO,,
3/10/2020 14:38:48,2002,20/07/2002,Jornal Nacional - 094/02,TELEJORNAL,PRESIDENTE,,BRASIL,NÃO,,SIM,Sim,NÃO,SIM,SIM,SIM,SIM,NÃO,NÃO,NÃO,SIM,SIM,NÃO,SIM,NÃO,NÃO,NÃO,NÃO,NÃO,NÃO,NÃO,NÃO,NÃO,NÃO,NÃO,NÃO,NÃO,NÃO,NÃO,NÃO,NÃO,NÃO,NÃO,NÃO,NÃO,NÃO,NÃO,NÃO,NÃO,NÃO,NÃO,NÃO,NÃO,NÃO,NÃO,NÃO,NÃO,NÃO,NÃO,NÃO,NÃO,NÃO,NÃO,NÃO,NÃO,NÃO,NÃO,NÃO,NÃO,NÃO,NÃO,NÃO,NÃO,NÃO,NÃO,NÃO,NÃO,NÃO,NÃO,NÃO,NÃO,NÃO,NÃO,NÃO,NÃO,,
3/10/2020 14:49:13,2002,17/10/2002,Jornal Nacional - 095/02A,TELEJORNAL,PRESIDENTE,,BRASIL,NÃO,,SIM,Sim,NÃO,SIM,SIM,SIM,SIM,NÃO,NÃO,NÃO,SIM,NÃO,NÃO,NÃO,NÃO,NÃO,NÃO,NÃO,NÃO,NÃO,NÃO,NÃO,NÃO,NÃO,NÃO,NÃO,NÃO,NÃO,NÃO,NÃO,NÃO,NÃO,NÃO,NÃO,NÃO,NÃO,NÃO,NÃO,NÃO,NÃO,NÃO,NÃO,NÃO,NÃO,NÃO,NÃO,NÃO,NÃO,NÃO,NÃO,NÃO,NÃO,NÃO,NÃO,NÃO,NÃO,NÃO,NÃO,NÃO,NÃO,NÃO,NÃO,NÃO,NÃO,NÃO,NÃO,NÃO,NÃO,NÃO,NÃO,NÃO,NÃO,NÃO,NÃO,NÃO,,
3/10/2020 14:58:42,2002,23/10/2002,Jornal Nacional - 096/02,TELEJORNAL,PRESIDENTE,,BRASIL,NÃO,,SIM,Sim,NÃO,SIM,SIM,SIM,SIM,NÃO,NÃO,NÃO,SIM,NÃO,NÃO,NÃO,NÃO,NÃO,NÃO,NÃO,NÃO,NÃO,NÃO,NÃO,NÃO,NÃO,NÃO,NÃO,NÃO,NÃO,NÃO,NÃO,NÃO,NÃO,NÃO,NÃO,NÃO,NÃO,NÃO,NÃO,NÃO,NÃO,NÃO,NÃO,NÃO,NÃO,NÃO,NÃO,NÃO,NÃO,NÃO,NÃO,NÃO,NÃO,NÃO,NÃO,NÃO,NÃO,NÃO,NÃO,NÃO,NÃO,NÃO,NÃO,NÃO,NÃO,NÃO,NÃO,NÃO,NÃO,NÃO,NÃO,NÃO,NÃO,NÃO,NÃO,NÃO,,
3/10/2020 15:04:32,2002,14/10/2002,Roda Viva - José Serra 097/02,ENTREVISTA,PRESIDENTE,,BRASIL,NÃO,,SIM,Sim,NÃO,SIM,SIM,NÃO,SIM,NÃO,NÃO,NÃO,SIM,NÃO,NÃO,NÃO,NÃO,NÃO,NÃO,NÃO,NÃO,NÃO,NÃO,NÃO,NÃO,NÃO,NÃO,NÃO,NÃO,NÃO,NÃO,NÃO,NÃO,NÃO,NÃO,NÃO,NÃO,NÃO,NÃO,NÃO,NÃO,NÃO,NÃO,NÃO,NÃO,NÃO,NÃO,NÃO,NÃO,NÃO,NÃO,NÃO,NÃO,NÃO,NÃO,NÃO,NÃO,NÃO,NÃO,NÃO,NÃO,NÃO,NÃO,NÃO,NÃO,NÃO,NÃO,NÃO,NÃO,NÃO,NÃO,NÃO,NÃO,NÃO,NÃO,NÃO,NÃO,,
3/10/2020 15:09:54,2002,02/10/2002,Debate Governador RJ - 098/02A,DEBATE,GOVERNADOR,,RJ,NÃO,,SIM,Sim,NÃO,SIM,SIM,SIM,NÃO,SIM,NÃO,NÃO,NÃO,NÃO,NÃO,SIM,NÃO,NÃO,NÃO,NÃO,NÃO,NÃO,NÃO,NÃO,NÃO,NÃO,NÃO,NÃO,NÃO,NÃO,NÃO,NÃO,NÃO,NÃO,NÃO,NÃO,NÃO,NÃO,NÃO,NÃO,NÃO,NÃO,NÃO,SIM,NÃO,NÃO,NÃO,NÃO,NÃO,NÃO,NÃO,NÃO,NÃO,NÃO,NÃO,NÃO,NÃO,NÃO,NÃO,NÃO,NÃO,NÃO,NÃO,NÃO,NÃO,NÃO,NÃO,NÃO,NÃO,NÃO,NÃO,NÃO,NÃO,NÃO,NÃO,NÃO,NÃO,,
3/10/2020 15:15:53,2002,02/10/2002,Debate governador RJ - 098/02B,DEBATE,GOVERNADOR,,RJ,NÃO,,SIM,Sim,NÃO,SIM,SIM,SIM,NÃO,SIM,NÃO,NÃO,NÃO,NÃO,NÃO,SIM,NÃO,NÃO,NÃO,NÃO,NÃO,NÃO,NÃO,NÃO,NÃO,NÃO,NÃO,NÃO,NÃO,NÃO,NÃO,NÃO,NÃO,NÃO,NÃO,NÃO,NÃO,NÃO,NÃO,NÃO,NÃO,NÃO,NÃO,SIM,NÃO,NÃO,NÃO,NÃO,NÃO,NÃO,NÃO,NÃO,NÃO,NÃO,NÃO,NÃO,NÃO,NÃO,NÃO,NÃO,NÃO,NÃO,NÃO,NÃO,NÃO,NÃO,NÃO,NÃO,NÃO,NÃO,NÃO,NÃO,NÃO,NÃO,NÃO,NÃO,NÃO,,
3/10/2020 15:24:28,2002,04/10/2002,Jornal Nacional - 099/02A,TELEJORNAL,PRESIDENTE,,BRASIL,NÃO,,SIM,Sim,NÃO,SIM,SIM,SIM,SIM,NÃO,NÃO,NÃO,SIM,SIM,NÃO,SIM,NÃO,NÃO,NÃO,NÃO,NÃO,NÃO,NÃO,NÃO,NÃO,NÃO,NÃO,NÃO,NÃO,NÃO,NÃO,NÃO,NÃO,NÃO,NÃO,NÃO,NÃO,NÃO,NÃO,NÃO,NÃO,NÃO,NÃO,NÃO,NÃO,NÃO,NÃO,NÃO,NÃO,NÃO,NÃO,NÃO,NÃO,NÃO,NÃO,NÃO,NÃO,NÃO,NÃO,NÃO,NÃO,NÃO,NÃO,NÃO,NÃO,NÃO,NÃO,NÃO,NÃO,NÃO,NÃO,NÃO,NÃO,NÃO,NÃO,NÃO,NÃO,,
3/10/2020 15:29:39,2002,04/10/2002,Jornal Nacional - 099/02B,TELEJORNAL,PRESIDENTE,,BRASIL,NÃO,,SIM,Sim,NÃO,SIM,SIM,SIM,SIM,NÃO,NÃO,NÃO,SIM,SIM,NÃO,SIM,NÃO,NÃO,NÃO,NÃO,NÃO,NÃO,NÃO,NÃO,NÃO,NÃO,NÃO,NÃO,NÃO,NÃO,NÃO,NÃO,NÃO,NÃO,NÃO,NÃO,NÃO,NÃO,NÃO,NÃO,NÃO,NÃO,NÃO,NÃO,NÃO,NÃO,NÃO,NÃO,NÃO,NÃO,NÃO,NÃO,NÃO,NÃO,NÃO,NÃO,NÃO,NÃO,NÃO,NÃO,NÃO,NÃO,NÃO,NÃO,NÃO,NÃO,NÃO,NÃO,NÃO,NÃO,NÃO,NÃO,NÃO,NÃO,NÃO,NÃO,NÃO,,
3/11/2020 16:24:48,2002,20/10/2002,Entrevista José Serra/Lula - 102/02,ENTREVISTA,PRESIDENTE,,BRASIL,NÃO,,SIM,Sim,NÃO,SIM,SIM,SIM,SIM,NÃO,NÃO,NÃO,SIM,NÃO,NÃO,NÃO,NÃO,NÃO,NÃO,NÃO,NÃO,NÃO,NÃO,NÃO,NÃO,NÃO,NÃO,NÃO,NÃO,NÃO,NÃO,NÃO,NÃO,NÃO,NÃO,NÃO,NÃO,NÃO,NÃO,NÃO,NÃO,NÃO,NÃO,NÃO,NÃO,NÃO,NÃO,NÃO,NÃO,NÃO,NÃO,NÃO,NÃO,NÃO,NÃO,NÃO,NÃO,NÃO,NÃO,NÃO,NÃO,NÃO,NÃO,NÃO,NÃO,NÃO,NÃO,NÃO,NÃO,NÃO,NÃO,NÃO,NÃO,NÃO,NÃO,NÃO,NÃO,,
3/11/2020 16:35:49,2002,07/10/2002,Jornal da Record - 104/02A,ENTREVISTA,PRESIDENTE,,BRASIL,NÃO,,SIM,Sim,NÃO,SIM,SIM,SIM,SIM,NÃO,NÃO,NÃO,SIM,SIM,NÃO,SIM,NÃO,NÃO,NÃO,NÃO,NÃO,NÃO,NÃO,NÃO,NÃO,NÃO,NÃO,NÃO,NÃO,NÃO,NÃO,NÃO,NÃO,NÃO,NÃO,NÃO,NÃO,NÃO,NÃO,NÃO,NÃO,NÃO,NÃO,NÃO,NÃO,NÃO,NÃO,NÃO,NÃO,NÃO,NÃO,NÃO,NÃO,NÃO,NÃO,NÃO,NÃO,NÃO,NÃO,NÃO,NÃO,NÃO,NÃO,NÃO,NÃO,NÃO,NÃO,NÃO,NÃO,NÃO,NÃO,NÃO,NÃO,NÃO,NÃO,NÃO,NÃO,,
3/11/2020 16:52:09,2002,07/10/2002,Jornal da Record - 104/02B,ENTREVISTA,PRESIDENTE,,BRASIL,NÃO,,SIM,Sim,NÃO,SIM,SIM,SIM,SIM,NÃO,NÃO,NÃO,SIM,NÃO,NÃO,SIM,NÃO,NÃO,NÃO,NÃO,NÃO,NÃO,NÃO,NÃO,NÃO,NÃO,NÃO,NÃO,NÃO,NÃO,NÃO,NÃO,NÃO,NÃO,NÃO,NÃO,NÃO,NÃO,NÃO,NÃO,NÃO,NÃO,NÃO,NÃO,NÃO,NÃO,NÃO,NÃO,NÃO,NÃO,NÃO,NÃO,NÃO,NÃO,NÃO,NÃO,NÃO,NÃO,NÃO,NÃO,NÃO,NÃO,NÃO,NÃO,NÃO,NÃO,NÃO,NÃO,NÃO,NÃO,NÃO,NÃO,NÃO,NÃO,NÃO,NÃO,NÃO,,
3/11/2020 16:59:05,2002,07/10/2002,Jornal da Record - 104/02D,TELEJORNAL,"PRESIDENTE, GOVERNADOR",,"BRASIL, SP",NÃO,,SIM,Sim,NÃO,SIM,SIM,SIM,SIM,NÃO,NÃO,NÃO,SIM,NÃO,NÃO,NÃO,NÃO,NÃO,NÃO,NÃO,NÃO,NÃO,NÃO,NÃO,NÃO,NÃO,NÃO,NÃO,NÃO,NÃO,NÃO,NÃO,NÃO,NÃO,NÃO,NÃO,NÃO,NÃO,NÃO,NÃO,NÃO,NÃO,NÃO,NÃO,NÃO,NÃO,NÃO,NÃO,NÃO,NÃO,NÃO,NÃO,NÃO,NÃO,NÃO,NÃO,NÃO,NÃO,NÃO,NÃO,NÃO,NÃO,NÃO,NÃO,NÃO,NÃO,NÃO,NÃO,NÃO,NÃO,NÃO,NÃO,NÃO,NÃO,NÃO,NÃO,NÃO,,
3/11/2020 17:08:34,2002,14/10/2002,Jornal da Record - 105/02A,TELEJORNAL,PRESIDENTE,,BRASIL,NÃO,,SIM,Sim,NÃO,SIM,SIM,SIM,SIM,NÃO,NÃO,NÃO,SIM,NÃO,NÃO,NÃO,NÃO,NÃO,NÃO,NÃO,NÃO,NÃO,NÃO,NÃO,NÃO,NÃO,NÃO,NÃO,NÃO,NÃO,NÃO,NÃO,NÃO,NÃO,NÃO,NÃO,NÃO,NÃO,NÃO,NÃO,NÃO,NÃO,NÃO,NÃO,NÃO,NÃO,NÃO,NÃO,NÃO,NÃO,NÃO,NÃO,NÃO,NÃO,NÃO,NÃO,NÃO,NÃO,NÃO,NÃO,NÃO,NÃO,NÃO,NÃO,NÃO,NÃO,NÃO,NÃO,NÃO,NÃO,NÃO,NÃO,NÃO,NÃO,NÃO,NÃO,NÃO,,
3/11/2020 17:14:36,2002,14/10/2002,Jornal da Record - 105/02C,TELEJORNAL,PRESIDENTE,,BRASIL,NÃO,,SIM,Sim,NÃO,SIM,SIM,SIM,SIM,NÃO,NÃO,NÃO,SIM,NÃO,NÃO,NÃO,NÃO,NÃO,NÃO,NÃO,NÃO,NÃO,NÃO,NÃO,NÃO,NÃO,NÃO,NÃO,NÃO,NÃO,NÃO,NÃO,NÃO,NÃO,NÃO,NÃO,NÃO,NÃO,NÃO,NÃO,NÃO,NÃO,NÃO,NÃO,NÃO,NÃO,NÃO,NÃO,NÃO,NÃO,NÃO,NÃO,NÃO,NÃO,NÃO,NÃO,NÃO,NÃO,NÃO,NÃO,NÃO,NÃO,NÃO,NÃO,NÃO,NÃO,NÃO,NÃO,NÃO,NÃO,NÃO,NÃO,NÃO,NÃO,NÃO,NÃO,NÃO,,
3/11/2020 17:23:49,2002,21/10/2002,Jornal da Record - 106/02A,ENTREVISTA,PRESIDENTE,,BRASIL,NÃO,,SIM,Sim,NÃO,SIM,SIM,SIM,SIM,NÃO,NÃO,NÃO,SIM,SIM,NÃO,NÃO,NÃO,NÃO,NÃO,NÃO,NÃO,NÃO,NÃO,NÃO,NÃO,NÃO,NÃO,NÃO,NÃO,NÃO,NÃO,NÃO,NÃO,NÃO,NÃO,NÃO,NÃO,NÃO,NÃO,NÃO,NÃO,NÃO,NÃO,NÃO,NÃO,NÃO,NÃO,NÃO,NÃO,NÃO,NÃO,NÃO,NÃO,NÃO,NÃO,NÃO,NÃO,NÃO,NÃO,NÃO,NÃO,NÃO,NÃO,NÃO,NÃO,NÃO,NÃO,NÃO,NÃO,NÃO,NÃO,NÃO,NÃO,NÃO,NÃO,NÃO,NÃO,,
3/11/2020 17:30:25,2002,21/10/2002,Jornal da Record - 106/02B,TELEJORNAL,PRESIDENTE,,BRASIL,NÃO,,SIM,Sim,NÃO,SIM,SIM,SIM,SIM,NÃO,NÃO,NÃO,SIM,NÃO,NÃO,NÃO,NÃO,NÃO,NÃO,NÃO,NÃO,NÃO,NÃO,NÃO,NÃO,NÃO,NÃO,NÃO,NÃO,NÃO,NÃO,NÃO,NÃO,NÃO,NÃO,NÃO,NÃO,NÃO,NÃO,NÃO,NÃO,NÃO,NÃO,NÃO,NÃO,NÃO,NÃO,NÃO,NÃO,NÃO,NÃO,NÃO,NÃO,NÃO,NÃO,NÃO,NÃO,NÃO,NÃO,NÃO,NÃO,NÃO,NÃO,NÃO,NÃO,NÃO,NÃO,NÃO,NÃO,NÃO,NÃO,NÃO,NÃO,NÃO,NÃO,NÃO,NÃO,,
3/11/2020 17:38:14,2002,25/10/2002,Jornal da Record - 107/02,TELEJORNAL,PRESIDENTE,,BRASIL,NÃO,,SIM,Sim,NÃO,SIM,SIM,SIM,SIM,NÃO,NÃO,NÃO,SIM,NÃO,NÃO,NÃO,NÃO,NÃO,NÃO,NÃO,NÃO,NÃO,NÃO,NÃO,NÃO,NÃO,NÃO,NÃO,NÃO,NÃO,NÃO,NÃO,NÃO,NÃO,NÃO,NÃO,NÃO,NÃO,NÃO,NÃO,NÃO,NÃO,NÃO,NÃO,NÃO,NÃO,NÃO,NÃO,NÃO,NÃO,NÃO,NÃO,NÃO,NÃO,NÃO,NÃO,NÃO,NÃO,NÃO,NÃO,NÃO,NÃO,NÃO,NÃO,NÃO,NÃO,NÃO,NÃO,NÃO,NÃO,NÃO,NÃO,NÃO,NÃO,NÃO,NÃO,NÃO,,
3/11/2020 17:52:07,2002,25/10/2002,Debate 2º turno - 108/02 e 109/02,DEBATE,PRESIDENTE,A seleção dos outros vídeos do CD estão com defeito,BRASIL,NÃO,,SIM,Sim,NÃO,SIM,SIM,SIM,SIM,NÃO,NÃO,NÃO,SIM,NÃO,NÃO,NÃO,NÃO,NÃO,NÃO,NÃO,NÃO,NÃO,NÃO,NÃO,NÃO,NÃO,NÃO,NÃO,NÃO,NÃO,NÃO,NÃO,NÃO,NÃO,NÃO,NÃO,NÃO,NÃO,NÃO,NÃO,NÃO,NÃO,NÃO,NÃO,NÃO,NÃO,NÃO,NÃO,NÃO,NÃO,NÃO,NÃO,NÃO,NÃO,NÃO,NÃO,NÃO,NÃO,NÃO,NÃO,NÃO,NÃO,NÃO,NÃO,NÃO,NÃO,NÃO,NÃO,NÃO,NÃO,NÃO,NÃO,NÃO,NÃO,NÃO,NÃO,NÃO,,
3/11/2020 18:00:12,2002,28/10/2002,Telejornal - 110/02A,TELEJORNAL,"PRESIDENTE, GOVERNADOR",,"BRASIL, RJ",NÃO,,SIM,Sim,NÃO,SIM,SIM,SIM,NÃO,NÃO,NÃO,NÃO,NÃO,NÃO,NÃO,SIM,NÃO,NÃO,NÃO,NÃO,NÃO,NÃO,NÃO,NÃO,NÃO,NÃO,NÃO,NÃO,NÃO,NÃO,NÃO,NÃO,NÃO,NÃO,NÃO,NÃO,NÃO,NÃO,NÃO,NÃO,NÃO,NÃO,NÃO,NÃO,NÃO,NÃO,NÃO,NÃO,NÃO,NÃO,NÃO,NÃO,NÃO,NÃO,NÃO,NÃO,NÃO,NÃO,NÃO,NÃO,NÃO,NÃO,NÃO,NÃO,NÃO,NÃO,NÃO,NÃO,NÃO,NÃO,NÃO,NÃO,NÃO,NÃO,NÃO,NÃO,NÃO,,
3/11/2020 18:15:08,2002,28/10/2002,Telejornal - 110/02B,TELEJORNAL,PRESIDENTE,,BRASIL,NÃO,,SIM,Sim,NÃO,SIM,SIM,SIM,NÃO,NÃO,NÃO,NÃO,NÃO,NÃO,NÃO,NÃO,NÃO,NÃO,NÃO,NÃO,NÃO,NÃO,NÃO,NÃO,NÃO,NÃO,NÃO,NÃO,NÃO,NÃO,NÃO,NÃO,NÃO,NÃO,NÃO,NÃO,NÃO,NÃO,NÃO,NÃO,NÃO,NÃO,NÃO,NÃO,NÃO,NÃO,NÃO,NÃO,NÃO,NÃO,NÃO,NÃO,NÃO,NÃO,NÃO,NÃO,NÃO,NÃO,NÃO,NÃO,NÃO,NÃO,NÃO,NÃO,NÃO,NÃO,NÃO,NÃO,NÃO,NÃO,NÃO,NÃO,NÃO,NÃO,NÃO,NÃO,NÃO,,
3/11/2020 18:20:39,2002,28/10/2002,Jornal Nacional/2ª parte - 111/02,TELEJORNAL,PRESIDENTE,,BRASIL,NÃO,,SIM,Sim,NÃO,SIM,SIM,SIM,SIM,NÃO,NÃO,NÃO,SIM,NÃO,NÃO,NÃO,NÃO,NÃO,NÃO,NÃO,NÃO,NÃO,NÃO,NÃO,NÃO,NÃO,NÃO,NÃO,NÃO,NÃO,NÃO,NÃO,NÃO,NÃO,NÃO,NÃO,NÃO,NÃO,NÃO,NÃO,NÃO,NÃO,NÃO,NÃO,NÃO,NÃO,NÃO,NÃO,NÃO,NÃO,NÃO,NÃO,NÃO,NÃO,NÃO,NÃO,NÃO,NÃO,NÃO,NÃO,NÃO,NÃO,NÃO,NÃO,NÃO,NÃO,NÃO,NÃO,NÃO,NÃO,NÃO,NÃO,NÃO,NÃO,NÃO,NÃO,NÃO,,
3/12/2020 11:36:05,2002,15/10/2002,Jornal Nacional - 112/02,HGPE,PRESIDENTE,,BRASIL,NÃO,,SIM,Sim,NÃO,SIM,SIM,SIM,SIM,NÃO,NÃO,NÃO,SIM,NÃO,NÃO,NÃO,NÃO,NÃO,NÃO,NÃO,NÃO,NÃO,NÃO,NÃO,NÃO,NÃO,NÃO,NÃO,NÃO,NÃO,NÃO,NÃO,NÃO,NÃO,NÃO,NÃO,NÃO,NÃO,NÃO,NÃO,NÃO,NÃO,NÃO,NÃO,NÃO,NÃO,NÃO,NÃO,NÃO,NÃO,NÃO,NÃO,NÃO,NÃO,NÃO,NÃO,NÃO,NÃO,NÃO,NÃO,NÃO,NÃO,NÃO,NÃO,NÃO,NÃO,NÃO,NÃO,NÃO,NÃO,NÃO,NÃO,NÃO,NÃO,NÃO,NÃO,NÃO,,
3/12/2020 11:50:22,2002,16/10/2002,Jornal Nacional - 113/02,HGPE,PRESIDENTE,,BRASIL,NÃO,,SIM,Sim,NÃO,SIM,SIM,SIM,SIM,NÃO,NÃO,NÃO,SIM,NÃO,NÃO,NÃO,NÃO,NÃO,NÃO,NÃO,NÃO,NÃO,NÃO,NÃO,NÃO,NÃO,NÃO,NÃO,NÃO,NÃO,NÃO,NÃO,NÃO,NÃO,NÃO,NÃO,NÃO,NÃO,NÃO,NÃO,NÃO,NÃO,NÃO,NÃO,NÃO,NÃO,NÃO,NÃO,NÃO,NÃO,NÃO,NÃO,NÃO,NÃO,NÃO,NÃO,NÃO,NÃO,NÃO,NÃO,NÃO,NÃO,NÃO,NÃO,NÃO,NÃO,NÃO,NÃO,NÃO,NÃO,NÃO,NÃO,NÃO,NÃO,NÃO,NÃO,NÃO,,
3/12/2020 12:00:55,2002,17/10/2002,114/02,HGPE,PRESIDENTE,,BRASIL,NÃO,,SIM,Sim,NÃO,SIM,SIM,SIM,SIM,NÃO,NÃO,NÃO,SIM,NÃO,NÃO,NÃO,NÃO,NÃO,NÃO,NÃO,NÃO,NÃO,NÃO,NÃO,NÃO,NÃO,NÃO,NÃO,NÃO,NÃO,NÃO,NÃO,NÃO,NÃO,NÃO,NÃO,NÃO,NÃO,NÃO,NÃO,NÃO,NÃO,NÃO,NÃO,NÃO,NÃO,NÃO,NÃO,NÃO,NÃO,NÃO,NÃO,NÃO,NÃO,NÃO,NÃO,NÃO,NÃO,NÃO,NÃO,NÃO,NÃO,NÃO,NÃO,NÃO,NÃO,NÃO,NÃO,NÃO,NÃO,NÃO,NÃO,NÃO,NÃO,NÃO,NÃO,NÃO,,
3/12/2020 12:12:23,2002,18/10/2002,115/02,HGPE,PRESIDENTE,,BRASIL,NÃO,,SIM,Sim,NÃO,SIM,SIM,SIM,SIM,NÃO,NÃO,NÃO,SIM,NÃO,NÃO,NÃO,NÃO,NÃO,NÃO,NÃO,NÃO,NÃO,NÃO,NÃO,NÃO,NÃO,NÃO,NÃO,NÃO,NÃO,NÃO,NÃO,NÃO,NÃO,NÃO,NÃO,NÃO,NÃO,NÃO,NÃO,NÃO,NÃO,NÃO,NÃO,NÃO,NÃO,NÃO,NÃO,NÃO,NÃO,NÃO,NÃO,NÃO,NÃO,NÃO,NÃO,NÃO,NÃO,NÃO,NÃO,NÃO,NÃO,NÃO,NÃO,NÃO,NÃO,NÃO,NÃO,NÃO,NÃO,NÃO,NÃO,NÃO,NÃO,NÃO,NÃO,NÃO,,
3/12/2020 12:24:01,2002,20/10/2002,116/02,HGPE,PRESIDENTE,,BRASIL,NÃO,,SIM,Sim,NÃO,SIM,SIM,SIM,SIM,NÃO,NÃO,NÃO,SIM,NÃO,NÃO,NÃO,NÃO,NÃO,NÃO,NÃO,NÃO,NÃO,NÃO,NÃO,NÃO,NÃO,NÃO,NÃO,NÃO,NÃO,NÃO,NÃO,NÃO,NÃO,NÃO,NÃO,NÃO,NÃO,NÃO,NÃO,NÃO,NÃO,NÃO,NÃO,NÃO,NÃO,NÃO,NÃO,NÃO,NÃO,NÃO,NÃO,NÃO,NÃO,NÃO,NÃO,NÃO,NÃO,NÃO,NÃO,NÃO,NÃO,NÃO,NÃO,NÃO,NÃO,NÃO,NÃO,NÃO,NÃO,NÃO,NÃO,NÃO,NÃO,NÃO,NÃO,NÃO,,
3/12/2020 12:29:54,2002,21/10/2002,117/02,HGPE,PRESIDENTE,,BRASIL,NÃO,,SIM,Sim,NÃO,SIM,SIM,SIM,SIM,NÃO,NÃO,NÃO,SIM,NÃO,NÃO,NÃO,NÃO,NÃO,NÃO,NÃO,NÃO,NÃO,NÃO,NÃO,NÃO,NÃO,NÃO,NÃO,NÃO,NÃO,NÃO,NÃO,NÃO,NÃO,NÃO,NÃO,NÃO,NÃO,NÃO,NÃO,NÃO,NÃO,NÃO,NÃO,NÃO,NÃO,NÃO,NÃO,NÃO,NÃO,NÃO,NÃO,NÃO,NÃO,NÃO,NÃO,NÃO,NÃO,NÃO,NÃO,NÃO,NÃO,NÃO,NÃO,NÃO,NÃO,NÃO,NÃO,NÃO,NÃO,NÃO,NÃO,NÃO,NÃO,NÃO,NÃO,NÃO,,
3/12/2020 12:34:34,2002,22/10/2002,118/02,HGPE,PRESIDENTE,,BRASIL,NÃO,,SIM,Sim,NÃO,SIM,SIM,SIM,SIM,NÃO,NÃO,NÃO,SIM,NÃO,NÃO,NÃO,NÃO,NÃO,NÃO,NÃO,NÃO,NÃO,NÃO,NÃO,NÃO,NÃO,NÃO,NÃO,NÃO,NÃO,NÃO,NÃO,NÃO,NÃO,NÃO,NÃO,NÃO,NÃO,NÃO,NÃO,NÃO,NÃO,NÃO,NÃO,NÃO,NÃO,NÃO,NÃO,NÃO,NÃO,NÃO,NÃO,NÃO,NÃO,NÃO,NÃO,NÃO,NÃO,NÃO,NÃO,NÃO,NÃO,NÃO,NÃO,NÃO,NÃO,NÃO,NÃO,NÃO,NÃO,NÃO,NÃO,NÃO,NÃO,NÃO,NÃO,NÃO,,
3/12/2020 12:41:12,2002,22/10/2002,119/02,HGPE,PRESIDENTE,,BRASIL,NÃO,,SIM,Sim,NÃO,SIM,SIM,SIM,SIM,NÃO,NÃO,NÃO,SIM,NÃO,NÃO,NÃO,NÃO,NÃO,NÃO,NÃO,NÃO,NÃO,NÃO,NÃO,NÃO,NÃO,NÃO,NÃO,NÃO,NÃO,NÃO,NÃO,NÃO,NÃO,NÃO,NÃO,NÃO,NÃO,NÃO,NÃO,NÃO,NÃO,NÃO,NÃO,NÃO,NÃO,NÃO,NÃO,NÃO,NÃO,NÃO,NÃO,NÃO,NÃO,NÃO,NÃO,NÃO,NÃO,NÃO,NÃO,NÃO,NÃO,NÃO,NÃO,NÃO,NÃO,NÃO,NÃO,NÃO,NÃO,NÃO,NÃO,NÃO,NÃO,NÃO,NÃO,NÃO,,
3/12/2020 12:45:49,2002,24/10/2002,Jornal Nacional - 120/02,HGPE,PRESIDENTE,,BRASIL,NÃO,,SIM,Sim,NÃO,SIM,SIM,SIM,SIM,NÃO,NÃO,NÃO,SIM,NÃO,NÃO,NÃO,NÃO,NÃO,NÃO,NÃO,NÃO,NÃO,NÃO,NÃO,NÃO,NÃO,NÃO,NÃO,NÃO,NÃO,NÃO,NÃO,NÃO,NÃO,NÃO,NÃO,NÃO,NÃO,NÃO,NÃO,NÃO,NÃO,NÃO,NÃO,NÃO,NÃO,NÃO,NÃO,NÃO,NÃO,NÃO,NÃO,NÃO,NÃO,NÃO,NÃO,NÃO,NÃO,NÃO,NÃO,NÃO,NÃO,NÃO,NÃO,NÃO,NÃO,NÃO,NÃO,NÃO,NÃO,NÃO,NÃO,NÃO,NÃO,NÃO,NÃO,NÃO,,
3/12/2020 12:56:27,2002,24/10/2002,"JN - 121, 122, 123 e 124/02",HGPE,,O CD não roda no computador,,NÃO,,SIM,Não,NÃO,NÃO,SIM,NÃO,NÃO,NÃO,NÃO,NÃO,NÃO,NÃO,NÃO,NÃO,NÃO,NÃO,NÃO,NÃO,NÃO,NÃO,NÃO,NÃO,NÃO,NÃO,NÃO,NÃO,NÃO,NÃO,NÃO,NÃO,NÃO,NÃO,NÃO,NÃO,NÃO,NÃO,NÃO,NÃO,NÃO,NÃO,NÃO,NÃO,NÃO,NÃO,NÃO,NÃO,NÃO,NÃO,NÃO,NÃO,NÃO,NÃO,NÃO,NÃO,NÃO,NÃO,NÃO,NÃO,NÃO,NÃO,NÃO,NÃO,NÃO,NÃO,NÃO,NÃO,NÃO,NÃO,NÃO,NÃO,NÃO,NÃO,NÃO,NÃO,NÃO,,
3/12/2020 13:03:09,2002,25/10/2002,Jornal Nacional - 122/02,HGPE,PRESIDENTE,,BRASIL,NÃO,,SIM,Sim,NÃO,NÃO,SIM,SIM,SIM,NÃO,NÃO,NÃO,SIM,NÃO,NÃO,NÃO,NÃO,NÃO,NÃO,NÃO,NÃO,NÃO,NÃO,NÃO,NÃO,NÃO,NÃO,NÃO,NÃO,NÃO,NÃO,NÃO,NÃO,NÃO,NÃO,NÃO,NÃO,NÃO,NÃO,NÃO,NÃO,NÃO,NÃO,NÃO,NÃO,NÃO,NÃO,NÃO,NÃO,NÃO,NÃO,NÃO,NÃO,NÃO,NÃO,NÃO,NÃO,NÃO,NÃO,NÃO,NÃO,NÃO,NÃO,NÃO,NÃO,NÃO,NÃO,NÃO,NÃO,NÃO,NÃO,NÃO,NÃO,NÃO,NÃO,NÃO,NÃO,,
3/12/2020 13:12:01,2002,24/10/2002,"125, 126, 127, 128/02",HGPE,PRESIDENTE,,BRASIL,NÃO,,SIM,Sim,NÃO,NÃO,SIM,SIM,SIM,NÃO,NÃO,NÃO,SIM,NÃO,NÃO,NÃO,NÃO,NÃO,NÃO,NÃO,NÃO,NÃO,NÃO,NÃO,NÃO,NÃO,NÃO,NÃO,NÃO,NÃO,NÃO,NÃO,NÃO,NÃO,NÃO,NÃO,NÃO,NÃO,NÃO,NÃO,NÃO,NÃO,NÃO,NÃO,NÃO,NÃO,NÃO,NÃO,NÃO,NÃO,NÃO,NÃO,NÃO,NÃO,NÃO,NÃO,NÃO,NÃO,NÃO,NÃO,NÃO,NÃO,NÃO,NÃO,NÃO,NÃO,NÃO,NÃO,NÃO,NÃO,NÃO,NÃO,NÃO,NÃO,NÃO,NÃO,NÃO,,
3/12/2020 13:17:01,2002,04/08/2002,Debate - 129/02A,DEBATE,PRESIDENTE,,BRASIL,NÃO,,SIM,Sim,NÃO,NÃO,SIM,SIM,SIM,NÃO,NÃO,NÃO,SIM,SIM,NÃO,SIM,NÃO,NÃO,NÃO,NÃO,NÃO,NÃO,NÃO,NÃO,NÃO,NÃO,NÃO,NÃO,NÃO,NÃO,NÃO,NÃO,NÃO,NÃO,NÃO,NÃO,NÃO,NÃO,NÃO,NÃO,NÃO,NÃO,NÃO,NÃO,NÃO,NÃO,NÃO,NÃO,NÃO,NÃO,NÃO,NÃO,NÃO,NÃO,NÃO,NÃO,NÃO,NÃO,NÃO,NÃO,NÃO,NÃO,NÃO,NÃO,NÃO,NÃO,NÃO,NÃO,NÃO,NÃO,NÃO,NÃO,NÃO,NÃO,NÃO,NÃO,NÃO,,
3/12/2020 13:26:37,2002,04/08/2002,Debate - 129/02B,DEBATE,PRESIDENTE,,BRASIL,NÃO,,SIM,Sim,NÃO,NÃO,SIM,SIM,SIM,NÃO,NÃO,NÃO,SIM,SIM,NÃO,SIM,NÃO,NÃO,NÃO,NÃO,NÃO,NÃO,NÃO,NÃO,NÃO,NÃO,NÃO,NÃO,NÃO,NÃO,NÃO,NÃO,NÃO,NÃO,NÃO,NÃO,NÃO,NÃO,NÃO,NÃO,NÃO,NÃO,NÃO,NÃO,NÃO,NÃO,NÃO,NÃO,NÃO,NÃO,NÃO,NÃO,NÃO,NÃO,NÃO,NÃO,NÃO,NÃO,NÃO,NÃO,NÃO,NÃO,NÃO,NÃO,NÃO,NÃO,NÃO,NÃO,NÃO,NÃO,NÃO,NÃO,NÃO,NÃO,NÃO,NÃO,NÃO,,
3/12/2020 13:52:31,2002,08/09/2002,"Spots - 130, 131, 132, 133, 134 e 135/02",SPOT,"PRESIDENTE, GOVERNADOR, SENADOR, DEPUTADO FEDERAL, DEPUTADO ESTADUAL",,"BRASIL, RJ",NÃO,,SIM,Sim,NÃO,NÃO,SIM,SIM,SIM,SIM,SIM,NÃO,SIM,SIM,NÃO,SIM,SIM,SIM,SIM,SIM,NÃO,NÃO,SIM,SIM,NÃO,SIM,SIM,NÃO,NÃO,SIM,NÃO,SIM,NÃO,NÃO,NÃO,NÃO,NÃO,NÃO,NÃO,NÃO,NÃO,SIM,NÃO,SIM,SIM,NÃO,NÃO,NÃO,NÃO,NÃO,NÃO,SIM,SIM,NÃO,NÃO,NÃO,SIM,NÃO,NÃO,NÃO,NÃO,NÃO,NÃO,NÃO,NÃO,NÃO,NÃO,NÃO,NÃO,NÃO,NÃO,NÃO,NÃO,NÃO,NÃO,NÃO,NÃO,,
3/12/2020 15:16:34,2002,17/09/2002,"Spots - 136, 137, 138, 139 e 140/02",SPOT,"PRESIDENTE, GOVERNADOR, SENADOR, DEPUTADO FEDERAL, DEPUTADO ESTADUAL",,"BRASIL, RJ",NÃO,,SIM,Sim,NÃO,NÃO,SIM,SIM,SIM,SIM,SIM,NÃO,SIM,SIM,NÃO,SIM,SIM,SIM,NÃO,SIM,NÃO,SIM,NÃO,NÃO,NÃO,NÃO,NÃO,SIM,NÃO,SIM,NÃO,SIM,NÃO,NÃO,NÃO,NÃO,NÃO,NÃO,NÃO,NÃO,NÃO,SIM,NÃO,SIM,SIM,NÃO,NÃO,NÃO,NÃO,NÃO,NÃO,SIM,NÃO,NÃO,NÃO,NÃO,SIM,NÃO,NÃO,NÃO,NÃO,NÃO,NÃO,NÃO,NÃO,NÃO,NÃO,NÃO,NÃO,NÃO,NÃO,NÃO,NÃO,NÃO,NÃO,NÃO,NÃO,,
4/9/2020 22:32:59,2010,01/10/2010,001/10,HGPE,"GOVERNADOR, SENADOR, DEPUTADO ESTADUAL",,RS,NÃO,,SIM,Sim,SIM,SIM,SIM,SIM,SIM,SIM,SIM,SIM,SIM,NÃO,SIM,SIM,SIM,SIM,SIM,SIM,SIM,NÃO,NÃO,NÃO,SIM,NÃO,NÃO,SIM,SIM,NÃO,SIM,NÃO,SIM,NÃO,NÃO,NÃO,NÃO,NÃO,NÃO,NÃO,SIM,NÃO,NÃO,NÃO,NÃO,NÃO,NÃO,NÃO,NÃO,NÃO,NÃO,NÃO,SIM,NÃO,NÃO,NÃO,NÃO,NÃO,NÃO,NÃO,NÃO,NÃO,NÃO,NÃO,NÃO,NÃO,NÃO,NÃO,NÃO,NÃO,NÃO,NÃO,NÃO,NÃO,NÃO,NÃO,NÃO,,
4/9/2020 22:44:24,2010,02/10/2010,002/10,HGPE,"PRESIDENTE, DEPUTADO FEDERAL",,"BRASIL, RS",NÃO,,SIM,Sim,SIM,SIM,SIM,SIM,SIM,SIM,SIM,SIM,SIM,SIM,SIM,SIM,SIM,SIM,SIM,SIM,SIM,SIM,NÃO,SIM,SIM,NÃO,NÃO,SIM,SIM,SIM,SIM,SIM,NÃO,NÃO,NÃO,NÃO,NÃO,NÃO,NÃO,NÃO,SIM,NÃO,NÃO,NÃO,NÃO,NÃO,NÃO,NÃO,NÃO,NÃO,NÃO,NÃO,NÃO,NÃO,NÃO,NÃO,NÃO,NÃO,NÃO,NÃO,NÃO,NÃO,NÃO,NÃO,NÃO,NÃO,NÃO,NÃO,NÃO,NÃO,NÃO,NÃO,NÃO,NÃO,NÃO,NÃO,NÃO,,
4/9/2020 22:53:29,2010,03/10/2010,003/10,HGPE,"GOVERNADOR, SENADOR, DEPUTADO ESTADUAL",,RS,NÃO,,SIM,Sim,SIM,SIM,SIM,SIM,SIM,SIM,SIM,SIM,SIM,NÃO,SIM,SIM,SIM,SIM,SIM,SIM,SIM,NÃO,NÃO,SIM,SIM,NÃO,NÃO,NÃO,SIM,NÃO,SIM,NÃO,SIM,NÃO,NÃO,NÃO,NÃO,NÃO,NÃO,NÃO,SIM,NÃO,NÃO,NÃO,NÃO,NÃO,NÃO,NÃO,NÃO,NÃO,NÃO,NÃO,SIM,NÃO,NÃO,NÃO,NÃO,NÃO,NÃO,NÃO,NÃO,NÃO,NÃO,NÃO,NÃO,NÃO,NÃO,NÃO,NÃO,NÃO,NÃO,NÃO,NÃO,NÃO,NÃO,NÃO,NÃO,,
4/9/2020 23:00:19,2010,04/10/2020,004/10,HGPE,"PRESIDENTE, DEPUTADO FEDERAL",,"BRASIL, RS",NÃO,,SIM,Sim,SIM,SIM,SIM,SIM,SIM,SIM,SIM,SIM,SIM,SIM,SIM,SIM,SIM,SIM,SIM,SIM,SIM,SIM,NÃO,SIM,SIM,NÃO,SIM,SIM,SIM,NÃO,SIM,NÃO,NÃO,NÃO,NÃO,NÃO,NÃO,NÃO,NÃO,NÃO,SIM,NÃO,NÃO,NÃO,NÃO,NÃO,NÃO,NÃO,NÃO,NÃO,NÃO,NÃO,NÃO,NÃO,NÃO,NÃO,NÃO,NÃO,NÃO,NÃO,NÃO,NÃO,NÃO,NÃO,NÃO,NÃO,NÃO,NÃO,NÃO,NÃO,NÃO,NÃO,NÃO,NÃO,NÃO,NÃO,NÃO,,
4/9/2020 23:08:18,2010,05/10/2010,005/10,HGPE,"PRESIDENTE, GOVERNADOR, SENADOR, DEPUTADO ESTADUAL",,"BRASIL, RS",NÃO,,SIM,Sim,SIM,SIM,SIM,SIM,SIM,SIM,SIM,SIM,SIM,SIM,SIM,SIM,SIM,SIM,SIM,SIM,SIM,NÃO,NÃO,NÃO,SIM,NÃO,NÃO,SIM,SIM,NÃO,SIM,NÃO,NÃO,NÃO,NÃO,NÃO,NÃO,NÃO,NÃO,NÃO,SIM,NÃO,NÃO,NÃO,NÃO,NÃO,NÃO,NÃO,NÃO,NÃO,NÃO,NÃO,SIM,NÃO,NÃO,NÃO,NÃO,NÃO,NÃO,NÃO,NÃO,NÃO,NÃO,NÃO,NÃO,NÃO,NÃO,NÃO,NÃO,NÃO,NÃO,NÃO,NÃO,NÃO,NÃO,NÃO,NÃO,,
4/9/2020 23:28:49,2010,06/12/2010,006/10,HGPE,"GOVERNADOR, SENADOR, DEPUTADO ESTADUAL",,RS,NÃO,,SIM,Sim,SIM,SIM,SIM,SIM,SIM,SIM,SIM,SIM,SIM,NÃO,SIM,SIM,SIM,SIM,SIM,SIM,SIM,NÃO,NÃO,SIM,SIM,NÃO,NÃO,SIM,SIM,NÃO,SIM,NÃO,SIM,NÃO,NÃO,NÃO,NÃO,NÃO,NÃO,NÃO,SIM,NÃO,NÃO,NÃO,NÃO,NÃO,NÃO,NÃO,NÃO,NÃO,NÃO,NÃO,SIM,NÃO,NÃO,NÃO,NÃO,NÃO,NÃO,NÃO,NÃO,NÃO,NÃO,NÃO,NÃO,NÃO,NÃO,NÃO,NÃO,NÃO,NÃO,NÃO,NÃO,NÃO,NÃO,NÃO,NÃO,,
4/9/2020 23:35:19,2010,07/10/2010,007/10,HGPE,"PRESIDENTE, DEPUTADO FEDERAL",,RS,NÃO,,SIM,Sim,SIM,SIM,SIM,SIM,SIM,SIM,SIM,SIM,SIM,SIM,SIM,SIM,SIM,SIM,SIM,SIM,SIM,SIM,NÃO,SIM,SIM,NÃO,SIM,SIM,SIM,SIM,SIM,NÃO,NÃO,NÃO,NÃO,NÃO,NÃO,NÃO,NÃO,NÃO,SIM,NÃO,NÃO,NÃO,NÃO,NÃO,NÃO,NÃO,NÃO,NÃO,NÃO,NÃO,SIM,NÃO,NÃO,NÃO,NÃO,NÃO,NÃO,NÃO,NÃO,NÃO,NÃO,NÃO,NÃO,NÃO,NÃO,NÃO,NÃO,NÃO,NÃO,NÃO,NÃO,NÃO,NÃO,NÃO,NÃO,,
4/9/2020 23:40:21,2010,08/10/2010,008/10,HGPE,"PRESIDENTE, DEPUTADO FEDERAL",,RS,NÃO,,SIM,Sim,SIM,SIM,SIM,SIM,SIM,SIM,SIM,SIM,SIM,SIM,SIM,SIM,SIM,SIM,SIM,SIM,SIM,SIM,NÃO,SIM,NÃO,NÃO,NÃO,SIM,SIM,SIM,SIM,NÃO,NÃO,NÃO,NÃO,NÃO,NÃO,NÃO,NÃO,NÃO,SIM,NÃO,NÃO,NÃO,NÃO,NÃO,NÃO,NÃO,NÃO,NÃO,NÃO,NÃO,NÃO,NÃO,NÃO,NÃO,NÃO,NÃO,NÃO,NÃO,NÃO,NÃO,NÃO,NÃO,NÃO,NÃO,NÃO,NÃO,NÃO,NÃO,NÃO,NÃO,NÃO,NÃO,NÃO,NÃO,NÃO,,
4/15/2020 22:40:55,2010,09/10/2010,009/10,HGPE,"GOVERNADOR, SENADOR, DEPUTADO ESTADUAL",,RS,NÃO,,SIM,Sim,SIM,SIM,SIM,SIM,SIM,SIM,SIM,SIM,SIM,SIM,SIM,SIM,SIM,SIM,SIM,SIM,SIM,NÃO,NÃO,SIM,SIM,NÃO,NÃO,SIM,SIM,NÃO,SIM,NÃO,NÃO,NÃO,NÃO,NÃO,NÃO,NÃO,NÃO,NÃO,SIM,NÃO,NÃO,NÃO,NÃO,NÃO,NÃO,NÃO,NÃO,NÃO,NÃO,NÃO,SIM,NÃO,NÃO,NÃO,NÃO,NÃO,NÃO,NÃO,NÃO,NÃO,NÃO,NÃO,NÃO,NÃO,NÃO,NÃO,NÃO,NÃO,NÃO,NÃO,NÃO,NÃO,NÃO,NÃO,NÃO,,
4/15/2020 22:45:11,2010,10/10/2010,010/10,HGPE,"PRESIDENTE, GOVERNADOR, SENADOR, DEPUTADO ESTADUAL",,"BRASIL, RS",NÃO,,SIM,Sim,SIM,SIM,SIM,SIM,SIM,SIM,SIM,SIM,SIM,SIM,SIM,SIM,SIM,SIM,SIM,SIM,SIM,NÃO,NÃO,NÃO,SIM,NÃO,NÃO,NÃO,SIM,NÃO,SIM,NÃO,NÃO,NÃO,NÃO,NÃO,NÃO,NÃO,NÃO,NÃO,SIM,NÃO,NÃO,NÃO,NÃO,NÃO,NÃO,NÃO,NÃO,NÃO,NÃO,NÃO,SIM,NÃO,NÃO,NÃO,NÃO,NÃO,NÃO,NÃO,NÃO,NÃO,NÃO,NÃO,NÃO,NÃO,NÃO,NÃO,NÃO,NÃO,NÃO,NÃO,NÃO,NÃO,NÃO,NÃO,NÃO,,
4/15/2020 22:47:24,2010,11/10/2010,011/10,HGPE,PRESIDENTE,A gravação só tem 1 minuto,BRASIL,NÃO,,SIM,Não,SIM,SIM,SIM,NÃO,NÃO,NÃO,NÃO,NÃO,NÃO,NÃO,NÃO,NÃO,NÃO,SIM,NÃO,NÃO,NÃO,NÃO,NÃO,NÃO,NÃO,NÃO,NÃO,NÃO,NÃO,NÃO,NÃO,NÃO,NÃO,NÃO,NÃO,NÃO,NÃO,NÃO,NÃO,NÃO,NÃO,NÃO,NÃO,NÃO,NÃO,NÃO,NÃO,NÃO,NÃO,NÃO,NÃO,NÃO,NÃO,NÃO,NÃO,NÃO,NÃO,NÃO,NÃO,NÃO,NÃO,NÃO,NÃO,NÃO,NÃO,NÃO,NÃO,NÃO,NÃO,NÃO,NÃO,NÃO,NÃO,NÃO,NÃO,NÃO,NÃO,,
4/15/2020 22:52:06,2010,12/10/2010,012/10,HGPE,"PRESIDENTE, GOVERNADOR, SENADOR, DEPUTADO ESTADUAL",,"BRASIL, RS",NÃO,,SIM,Sim,SIM,SIM,SIM,SIM,NÃO,SIM,SIM,NÃO,SIM,SIM,SIM,SIM,SIM,SIM,SIM,SIM,SIM,SIM,NÃO,SIM,NÃO,NÃO,SIM,SIM,SIM,NÃO,SIM,SIM,SIM,NÃO,NÃO,NÃO,NÃO,NÃO,NÃO,NÃO,SIM,NÃO,NÃO,NÃO,NÃO,NÃO,NÃO,NÃO,NÃO,NÃO,NÃO,NÃO,SIM,NÃO,NÃO,NÃO,NÃO,NÃO,NÃO,NÃO,NÃO,NÃO,NÃO,NÃO,NÃO,NÃO,NÃO,NÃO,NÃO,NÃO,NÃO,NÃO,NÃO,NÃO,NÃO,NÃO,NÃO,,
4/18/2020 15:05:03,2010,13/10/2010,013/10,HGPE,"PRESIDENTE, GOVERNADOR",,"BRASIL, RS",NÃO,,SIM,Sim,SIM,SIM,SIM,SIM,SIM,NÃO,NÃO,NÃO,NÃO,NÃO,NÃO,NÃO,NÃO,NÃO,NÃO,NÃO,NÃO,NÃO,NÃO,NÃO,NÃO,NÃO,SIM,NÃO,NÃO,NÃO,NÃO,NÃO,NÃO,NÃO,NÃO,NÃO,NÃO,NÃO,NÃO,NÃO,NÃO,NÃO,NÃO,NÃO,NÃO,NÃO,NÃO,NÃO,NÃO,NÃO,NÃO,NÃO,NÃO,NÃO,NÃO,NÃO,NÃO,NÃO,NÃO,NÃO,NÃO,NÃO,NÃO,NÃO,NÃO,NÃO,NÃO,NÃO,NÃO,NÃO,NÃO,NÃO,NÃO,NÃO,NÃO,NÃO,NÃO,,
4/18/2020 15:07:46,2010,14/10/2010,014/10,HGPE,"PRESIDENTE, GOVERNADOR",,"BRASIL, RS",NÃO,,SIM,Sim,SIM,SIM,SIM,SIM,SIM,NÃO,NÃO,NÃO,NÃO,NÃO,NÃO,NÃO,NÃO,NÃO,NÃO,NÃO,NÃO,NÃO,NÃO,NÃO,NÃO,NÃO,SIM,NÃO,NÃO,NÃO,NÃO,NÃO,NÃO,NÃO,NÃO,NÃO,NÃO,NÃO,NÃO,NÃO,NÃO,NÃO,NÃO,NÃO,NÃO,NÃO,NÃO,NÃO,NÃO,NÃO,NÃO,NÃO,NÃO,NÃO,NÃO,NÃO,NÃO,NÃO,NÃO,NÃO,NÃO,NÃO,NÃO,NÃO,NÃO,NÃO,NÃO,NÃO,NÃO,NÃO,NÃO,NÃO,NÃO,NÃO,NÃO,NÃO,NÃO,,
4/18/2020 15:13:17,2010,15/10/2010,015/10,HGPE,"PRESIDENTE, DEPUTADO FEDERAL",,"BRASIL, RS",NÃO,,SIM,Sim,SIM,SIM,SIM,SIM,SIM,SIM,NÃO,NÃO,SIM,SIM,SIM,NÃO,SIM,SIM,SIM,SIM,SIM,SIM,NÃO,SIM,NÃO,SIM,SIM,SIM,SIM,SIM,SIM,NÃO,SIM,NÃO,NÃO,NÃO,NÃO,NÃO,NÃO,NÃO,SIM,NÃO,NÃO,NÃO,NÃO,NÃO,NÃO,NÃO,NÃO,NÃO,NÃO,NÃO,NÃO,NÃO,NÃO,NÃO,NÃO,NÃO,NÃO,NÃO,NÃO,NÃO,NÃO,NÃO,NÃO,NÃO,NÃO,NÃO,NÃO,NÃO,NÃO,NÃO,NÃO,NÃO,NÃO,NÃO,NÃO,,
4/18/2020 15:18:15,2010,16/10/2010,016/10,HGPE,"GOVERNADOR, DEPUTADO ESTADUAL",,RS,NÃO,,SIM,Sim,SIM,SIM,SIM,SIM,SIM,SIM,SIM,SIM,SIM,SIM,SIM,SIM,SIM,SIM,NÃO,SIM,SIM,NÃO,NÃO,SIM,SIM,NÃO,NÃO,NÃO,SIM,NÃO,SIM,NÃO,NÃO,NÃO,NÃO,NÃO,NÃO,NÃO,NÃO,NÃO,SIM,NÃO,NÃO,NÃO,NÃO,NÃO,NÃO,NÃO,NÃO,NÃO,NÃO,NÃO,NÃO,NÃO,NÃO,NÃO,NÃO,NÃO,NÃO,NÃO,NÃO,NÃO,NÃO,NÃO,NÃO,NÃO,NÃO,NÃO,NÃO,NÃO,NÃO,NÃO,NÃO,NÃO,NÃO,NÃO,NÃO,,
4/18/2020 15:22:57,2010,17/10/2010,017/10,HGPE,"GOVERNADOR, DEPUTADO ESTADUAL",,RS,NÃO,,SIM,Sim,SIM,SIM,SIM,SIM,SIM,SIM,SIM,SIM,SIM,SIM,SIM,SIM,SIM,SIM,NÃO,SIM,SIM,NÃO,NÃO,SIM,SIM,NÃO,NÃO,NÃO,SIM,NÃO,SIM,NÃO,NÃO,NÃO,NÃO,NÃO,NÃO,NÃO,NÃO,NÃO,SIM,NÃO,NÃO,NÃO,NÃO,NÃO,NÃO,NÃO,NÃO,NÃO,NÃO,NÃO,NÃO,NÃO,NÃO,NÃO,NÃO,NÃO,NÃO,NÃO,NÃO,NÃO,NÃO,NÃO,NÃO,NÃO,NÃO,NÃO,NÃO,NÃO,NÃO,NÃO,NÃO,NÃO,NÃO,NÃO,NÃO,,
4/19/2020 17:03:30,2010,18/10/2010,018/10,HGPE,"GOVERNADOR, DEPUTADO ESTADUAL",,RS,NÃO,,SIM,Sim,SIM,SIM,SIM,SIM,SIM,SIM,SIM,SIM,SIM,NÃO,SIM,SIM,SIM,SIM,NÃO,SIM,SIM,NÃO,NÃO,NÃO,SIM,NÃO,NÃO,SIM,SIM,NÃO,NÃO,NÃO,NÃO,NÃO,NÃO,NÃO,NÃO,NÃO,NÃO,NÃO,NÃO,NÃO,NÃO,NÃO,NÃO,NÃO,NÃO,NÃO,NÃO,NÃO,NÃO,NÃO,NÃO,NÃO,NÃO,NÃO,NÃO,NÃO,NÃO,NÃO,NÃO,NÃO,NÃO,NÃO,NÃO,NÃO,NÃO,NÃO,NÃO,NÃO,NÃO,NÃO,NÃO,NÃO,NÃO,NÃO,NÃO,,
4/19/2020 17:08:54,2010,19/10/2010,019/10,HGPE,PRESIDENTE,,BRASIL,NÃO,,SIM,Sim,SIM,SIM,SIM,SIM,SIM,SIM,SIM,SIM,SIM,SIM,SIM,SIM,SIM,SIM,SIM,SIM,SIM,SIM,NÃO,SIM,SIM,NÃO,SIM,SIM,SIM,SIM,SIM,NÃO,NÃO,NÃO,NÃO,NÃO,NÃO,NÃO,NÃO,NÃO,SIM,NÃO,NÃO,NÃO,NÃO,NÃO,NÃO,NÃO,NÃO,NÃO,NÃO,NÃO,SIM,NÃO,NÃO,NÃO,NÃO,NÃO,NÃO,NÃO,NÃO,NÃO,NÃO,NÃO,NÃO,NÃO,NÃO,NÃO,NÃO,NÃO,NÃO,NÃO,NÃO,NÃO,NÃO,NÃO,NÃO,,
4/19/2020 17:13:01,2010,20/10/2010,020/10,HGPE,"GOVERNADOR, SENADOR, DEPUTADO ESTADUAL",,RS,NÃO,,SIM,Sim,SIM,SIM,SIM,SIM,SIM,SIM,SIM,SIM,SIM,SIM,SIM,SIM,SIM,SIM,SIM,SIM,SIM,NÃO,NÃO,SIM,SIM,NÃO,SIM,SIM,SIM,NÃO,SIM,NÃO,SIM,NÃO,NÃO,NÃO,NÃO,NÃO,NÃO,NÃO,SIM,NÃO,NÃO,NÃO,NÃO,NÃO,NÃO,NÃO,NÃO,NÃO,NÃO,NÃO,SIM,NÃO,NÃO,NÃO,NÃO,NÃO,NÃO,NÃO,NÃO,NÃO,NÃO,NÃO,NÃO,NÃO,NÃO,NÃO,NÃO,NÃO,NÃO,NÃO,NÃO,NÃO,NÃO,NÃO,NÃO,,
4/19/2020 17:16:49,2010,21/10/2010,021/10,HGPE,"PRESIDENTE, DEPUTADO FEDERAL",,"BRASIL, RS",NÃO,,SIM,Sim,SIM,SIM,SIM,SIM,SIM,SIM,SIM,SIM,SIM,SIM,SIM,SIM,SIM,SIM,SIM,SIM,SIM,SIM,NÃO,NÃO,SIM,NÃO,SIM,SIM,SIM,SIM,SIM,NÃO,NÃO,NÃO,NÃO,NÃO,NÃO,NÃO,NÃO,NÃO,SIM,NÃO,NÃO,NÃO,NÃO,NÃO,NÃO,NÃO,NÃO,NÃO,NÃO,NÃO,SIM,NÃO,NÃO,NÃO,NÃO,NÃO,NÃO,NÃO,NÃO,NÃO,NÃO,NÃO,NÃO,NÃO,NÃO,NÃO,NÃO,NÃO,NÃO,NÃO,NÃO,NÃO,NÃO,NÃO,NÃO,,
4/19/2020 17:20:58,2010,22/10/2010,022/10,HGPE,"PRESIDENTE, DEPUTADO FEDERAL",,"BRASIL, RS",NÃO,,SIM,Sim,SIM,SIM,SIM,SIM,SIM,SIM,SIM,SIM,SIM,SIM,SIM,SIM,SIM,SIM,SIM,SIM,SIM,SIM,NÃO,NÃO,SIM,NÃO,SIM,SIM,SIM,SIM,SIM,NÃO,NÃO,NÃO,NÃO,NÃO,NÃO,NÃO,NÃO,NÃO,SIM,NÃO,NÃO,NÃO,NÃO,NÃO,NÃO,NÃO,NÃO,NÃO,NÃO,NÃO,SIM,NÃO,NÃO,NÃO,NÃO,NÃO,NÃO,NÃO,NÃO,NÃO,NÃO,NÃO,NÃO,NÃO,NÃO,NÃO,NÃO,NÃO,NÃO,NÃO,NÃO,NÃO,NÃO,NÃO,NÃO,,
4/19/2020 17:28:05,2010,23/10/2010,023/10,HGPE,"PRESIDENTE, DEPUTADO FEDERAL",,"BRASIL, RS",NÃO,,SIM,Sim,SIM,SIM,SIM,SIM,SIM,SIM,SIM,SIM,SIM,SIM,SIM,SIM,SIM,SIM,SIM,SIM,NÃO,SIM,NÃO,SIM,SIM,NÃO,NÃO,SIM,SIM,SIM,SIM,NÃO,SIM,NÃO,NÃO,NÃO,NÃO,NÃO,NÃO,NÃO,SIM,NÃO,NÃO,NÃO,NÃO,NÃO,NÃO,NÃO,NÃO,NÃO,NÃO,NÃO,NÃO,NÃO,NÃO,NÃO,NÃO,NÃO,NÃO,NÃO,NÃO,NÃO,NÃO,NÃO,NÃO,NÃO,NÃO,NÃO,NÃO,NÃO,NÃO,NÃO,NÃO,NÃO,NÃO,NÃO,NÃO,,
4/19/2020 17:32:03,2010,24/10/2010,024/10,HGPE,"GOVERNADOR, SENADOR, DEPUTADO ESTADUAL",,RS,NÃO,,SIM,Sim,SIM,SIM,SIM,SIM,SIM,SIM,SIM,SIM,SIM,NÃO,SIM,SIM,SIM,SIM,SIM,SIM,SIM,NÃO,NÃO,SIM,SIM,SIM,SIM,SIM,SIM,NÃO,SIM,NÃO,NÃO,NÃO,NÃO,NÃO,NÃO,NÃO,NÃO,NÃO,SIM,NÃO,NÃO,NÃO,NÃO,NÃO,NÃO,NÃO,NÃO,NÃO,NÃO,NÃO,NÃO,NÃO,NÃO,NÃO,NÃO,NÃO,NÃO,NÃO,NÃO,NÃO,NÃO,NÃO,NÃO,NÃO,NÃO,NÃO,NÃO,NÃO,NÃO,NÃO,NÃO,NÃO,NÃO,NÃO,NÃO,,
4/19/2020 17:35:54,2010,25/10/2010,025/10,HGPE,"PRESIDENTE, DEPUTADO FEDERAL",,"BRASIL, RS",NÃO,,SIM,Sim,SIM,SIM,SIM,SIM,SIM,SIM,SIM,SIM,SIM,SIM,SIM,SIM,SIM,SIM,SIM,SIM,SIM,SIM,NÃO,SIM,SIM,SIM,NÃO,SIM,SIM,SIM,SIM,NÃO,NÃO,NÃO,NÃO,NÃO,NÃO,NÃO,NÃO,NÃO,SIM,NÃO,NÃO,NÃO,NÃO,NÃO,NÃO,NÃO,NÃO,NÃO,NÃO,NÃO,NÃO,NÃO,NÃO,NÃO,NÃO,NÃO,NÃO,NÃO,NÃO,NÃO,NÃO,NÃO,NÃO,NÃO,NÃO,NÃO,NÃO,NÃO,NÃO,NÃO,NÃO,NÃO,NÃO,NÃO,NÃO,,
4/24/2020 15:42:33,2010,26/10/2010,026/10,HGPE,"GOVERNADOR, SENADOR, DEPUTADO ESTADUAL",,RS,NÃO,,SIM,Sim,SIM,SIM,SIM,SIM,SIM,SIM,SIM,SIM,SIM,NÃO,SIM,SIM,SIM,SIM,SIM,SIM,SIM,NÃO,NÃO,NÃO,SIM,NÃO,NÃO,SIM,SIM,NÃO,SIM,NÃO,SIM,NÃO,NÃO,NÃO,NÃO,NÃO,NÃO,NÃO,SIM,NÃO,NÃO,NÃO,NÃO,NÃO,NÃO,NÃO,NÃO,NÃO,NÃO,NÃO,NÃO,NÃO,NÃO,NÃO,NÃO,NÃO,NÃO,NÃO,NÃO,NÃO,NÃO,NÃO,NÃO,NÃO,NÃO,NÃO,NÃO,NÃO,NÃO,NÃO,NÃO,NÃO,NÃO,NÃO,NÃO,,
4/24/2020 15:47:25,2010,27/10/2020,027/10,HGPE,"PRESIDENTE, DEPUTADO FEDERAL",,"BRASIL, RS",NÃO,,SIM,Sim,SIM,SIM,SIM,SIM,SIM,SIM,SIM,SIM,SIM,SIM,SIM,SIM,SIM,SIM,SIM,SIM,SIM,SIM,NÃO,SIM,SIM,NÃO,SIM,SIM,SIM,SIM,SIM,NÃO,NÃO,NÃO,NÃO,NÃO,NÃO,NÃO,NÃO,NÃO,SIM,NÃO,NÃO,NÃO,NÃO,NÃO,NÃO,NÃO,NÃO,NÃO,NÃO,NÃO,NÃO,NÃO,NÃO,NÃO,NÃO,NÃO,NÃO,NÃO,NÃO,NÃO,NÃO,NÃO,NÃO,NÃO,NÃO,NÃO,NÃO,NÃO,NÃO,NÃO,NÃO,NÃO,NÃO,NÃO,NÃO,,
4/24/2020 15:52:21,2010,28/10/2010,028/10,HGPE,"GOVERNADOR, SENADOR, DEPUTADO ESTADUAL",,RS,NÃO,,SIM,Sim,SIM,SIM,SIM,SIM,SIM,SIM,SIM,SIM,SIM,SIM,SIM,SIM,SIM,SIM,SIM,SIM,SIM,NÃO,NÃO,SIM,SIM,NÃO,NÃO,SIM,SIM,NÃO,SIM,NÃO,NÃO,NÃO,NÃO,NÃO,NÃO,NÃO,NÃO,NÃO,SIM,NÃO,NÃO,NÃO,NÃO,NÃO,NÃO,NÃO,NÃO,NÃO,NÃO,NÃO,SIM,NÃO,NÃO,NÃO,NÃO,NÃO,NÃO,NÃO,NÃO,NÃO,NÃO,NÃO,NÃO,NÃO,NÃO,NÃO,NÃO,NÃO,NÃO,NÃO,NÃO,NÃO,NÃO,NÃO,NÃO,,
4/24/2020 15:58:13,2010,29/10/2010,029/10,HGPE,"PRESIDENTE, DEPUTADO FEDERAL",,"BRASIL, RS",NÃO,,SIM,Sim,SIM,SIM,SIM,SIM,SIM,SIM,SIM,SIM,SIM,SIM,SIM,SIM,SIM,SIM,SIM,SIM,SIM,SIM,NÃO,SIM,SIM,SIM,SIM,SIM,SIM,SIM,SIM,NÃO,NÃO,NÃO,NÃO,NÃO,NÃO,NÃO,NÃO,NÃO,SIM,NÃO,NÃO,NÃO,NÃO,NÃO,NÃO,NÃO,NÃO,NÃO,NÃO,NÃO,NÃO,NÃO,NÃO,NÃO,NÃO,NÃO,NÃO,NÃO,NÃO,NÃO,NÃO,NÃO,NÃO,NÃO,NÃO,NÃO,NÃO,NÃO,NÃO,NÃO,NÃO,NÃO,NÃO,NÃO,NÃO,,
4/24/2020 16:03:19,2010,30/10/2010,030/10,HGPE,"GOVERNADOR, SENADOR, DEPUTADO ESTADUAL",,RS,NÃO,,SIM,Sim,SIM,SIM,SIM,SIM,SIM,SIM,SIM,SIM,SIM,NÃO,SIM,SIM,SIM,SIM,SIM,SIM,SIM,NÃO,NÃO,SIM,SIM,NÃO,SIM,SIM,SIM,NÃO,SIM,NÃO,NÃO,NÃO,NÃO,NÃO,NÃO,NÃO,NÃO,NÃO,SIM,NÃO,NÃO,NÃO,NÃO,NÃO,NÃO,NÃO,NÃO,NÃO,NÃO,NÃO,SIM,NÃO,NÃO,NÃO,NÃO,NÃO,NÃO,NÃO,NÃO,NÃO,NÃO,NÃO,NÃO,NÃO,NÃO,NÃO,NÃO,NÃO,NÃO,NÃO,NÃO,NÃO,NÃO,NÃO,NÃO,,
4/24/2020 16:08:12,2010,31/10/2010,031/10,HGPE,"PRESIDENTE, DEPUTADO FEDERAL",,"BRASIL, RS",NÃO,,SIM,Sim,SIM,SIM,SIM,SIM,SIM,SIM,SIM,SIM,SIM,SIM,SIM,SIM,SIM,SIM,SIM,SIM,SIM,SIM,NÃO,SIM,SIM,SIM,NÃO,SIM,SIM,SIM,SIM,NÃO,NÃO,NÃO,NÃO,NÃO,NÃO,NÃO,NÃO,NÃO,SIM,NÃO,NÃO,NÃO,NÃO,NÃO,NÃO,NÃO,NÃO,NÃO,NÃO,NÃO,NÃO,NÃO,NÃO,NÃO,NÃO,NÃO,NÃO,NÃO,NÃO,NÃO,NÃO,NÃO,NÃO,NÃO,NÃO,NÃO,NÃO,NÃO,NÃO,NÃO,NÃO,NÃO,NÃO,NÃO,NÃO,,
4/24/2020 16:14:02,2010,01/11/2010,032/10,HGPE,"GOVERNADOR, SENADOR, DEPUTADO ESTADUAL",,RS,NÃO,,SIM,Sim,SIM,SIM,SIM,SIM,SIM,SIM,SIM,SIM,SIM,SIM,SIM,SIM,SIM,SIM,SIM,SIM,SIM,NÃO,NÃO,SIM,SIM,NÃO,NÃO,SIM,SIM,NÃO,SIM,NÃO,SIM,NÃO,NÃO,NÃO,NÃO,NÃO,NÃO,NÃO,SIM,NÃO,NÃO,NÃO,NÃO,NÃO,NÃO,NÃO,NÃO,NÃO,NÃO,NÃO,NÃO,NÃO,NÃO,NÃO,NÃO,NÃO,NÃO,NÃO,NÃO,NÃO,NÃO,NÃO,NÃO,NÃO,NÃO,NÃO,NÃO,NÃO,NÃO,NÃO,NÃO,NÃO,NÃO,NÃO,NÃO,,
4/24/2020 16:18:47,2010,02/11/2010,033/10,HGPE,"PRESIDENTE, DEPUTADO FEDERAL",,"BRASIL, RS",NÃO,,SIM,Sim,SIM,SIM,SIM,SIM,SIM,SIM,SIM,SIM,SIM,SIM,SIM,SIM,SIM,SIM,SIM,SIM,SIM,SIM,NÃO,SIM,SIM,NÃO,NÃO,SIM,NÃO,SIM,SIM,SIM,NÃO,NÃO,NÃO,NÃO,NÃO,NÃO,NÃO,NÃO,SIM,NÃO,NÃO,NÃO,NÃO,NÃO,NÃO,NÃO,NÃO,NÃO,NÃO,NÃO,NÃO,NÃO,NÃO,NÃO,NÃO,NÃO,NÃO,NÃO,NÃO,NÃO,NÃO,NÃO,NÃO,NÃO,NÃO,NÃO,NÃO,NÃO,NÃO,NÃO,NÃO,NÃO,NÃO,NÃO,NÃO,,
4/24/2020 16:23:55,2010,03/11/2010,034/10,HGPE,"GOVERNADOR, SENADOR, DEPUTADO ESTADUAL",,RS,NÃO,,SIM,Sim,SIM,SIM,SIM,SIM,SIM,SIM,SIM,SIM,SIM,SIM,SIM,SIM,SIM,SIM,SIM,SIM,SIM,NÃO,NÃO,SIM,SIM,NÃO,SIM,SIM,SIM,NÃO,SIM,NÃO,NÃO,NÃO,NÃO,NÃO,NÃO,NÃO,NÃO,NÃO,SIM,NÃO,NÃO,NÃO,NÃO,NÃO,NÃO,NÃO,NÃO,NÃO,NÃO,NÃO,NÃO,NÃO,NÃO,NÃO,NÃO,NÃO,NÃO,NÃO,NÃO,NÃO,NÃO,NÃO,NÃO,NÃO,NÃO,NÃO,NÃO,NÃO,NÃO,NÃO,NÃO,NÃO,NÃO,NÃO,NÃO,,
4/24/2020 16:28:29,2010,04/11/2010,035/10,HGPE,"PRESIDENTE, DEPUTADO FEDERAL",,"BRASIL, RS",NÃO,,SIM,Sim,SIM,SIM,SIM,SIM,SIM,SIM,SIM,SIM,SIM,SIM,SIM,SIM,SIM,SIM,SIM,SIM,SIM,SIM,NÃO,NÃO,SIM,NÃO,SIM,SIM,SIM,SIM,SIM,NÃO,NÃO,NÃO,NÃO,NÃO,NÃO,NÃO,NÃO,NÃO,SIM,NÃO,NÃO,NÃO,NÃO,NÃO,NÃO,NÃO,NÃO,NÃO,NÃO,NÃO,SIM,NÃO,NÃO,NÃO,NÃO,NÃO,NÃO,NÃO,NÃO,NÃO,NÃO,NÃO,NÃO,NÃO,NÃO,NÃO,NÃO,NÃO,NÃO,NÃO,NÃO,NÃO,NÃO,NÃO,NÃO,,
4/24/2020 16:33:21,2010,05/11/2010,036/10,HGPE,"GOVERNADOR, SENADOR, DEPUTADO ESTADUAL",,RS,NÃO,,SIM,Sim,SIM,SIM,SIM,SIM,SIM,SIM,SIM,SIM,SIM,SIM,SIM,SIM,SIM,SIM,SIM,SIM,SIM,NÃO,NÃO,NÃO,SIM,NÃO,NÃO,SIM,SIM,NÃO,SIM,NÃO,SIM,NÃO,NÃO,NÃO,NÃO,NÃO,NÃO,NÃO,SIM,NÃO,NÃO,NÃO,NÃO,NÃO,NÃO,NÃO,NÃO,NÃO,NÃO,NÃO,NÃO,NÃO,NÃO,NÃO,NÃO,NÃO,NÃO,NÃO,NÃO,NÃO,NÃO,NÃO,NÃO,NÃO,NÃO,NÃO,NÃO,NÃO,NÃO,NÃO,NÃO,NÃO,NÃO,NÃO,NÃO,,
4/24/2020 16:38:13,2010,06/11/2010,037/10,HGPE,"GOVERNADOR, SENADOR, DEPUTADO ESTADUAL",,RS,NÃO,,SIM,Sim,SIM,SIM,SIM,SIM,SIM,SIM,SIM,NÃO,SIM,SIM,SIM,SIM,SIM,SIM,SIM,SIM,SIM,NÃO,NÃO,SIM,SIM,SIM,SIM,NÃO,SIM,SIM,SIM,NÃO,SIM,NÃO,NÃO,NÃO,NÃO,NÃO,NÃO,NÃO,SIM,SIM,NÃO,NÃO,NÃO,NÃO,NÃO,NÃO,NÃO,NÃO,NÃO,NÃO,NÃO,NÃO,NÃO,NÃO,NÃO,NÃO,NÃO,NÃO,NÃO,NÃO,NÃO,NÃO,NÃO,NÃO,NÃO,NÃO,NÃO,NÃO,NÃO,NÃO,NÃO,NÃO,NÃO,NÃO,NÃO,,
4/24/2020 16:44:09,2010,07/11/2010,038/10,HGPE,"GOVERNADOR, SENADOR, DEPUTADO ESTADUAL",,RS,NÃO,,SIM,Sim,SIM,SIM,SIM,SIM,SIM,SIM,SIM,NÃO,SIM,SIM,SIM,SIM,SIM,SIM,SIM,SIM,SIM,SIM,NÃO,SIM,SIM,SIM,SIM,NÃO,SIM,SIM,NÃO,SIM,SIM,NÃO,NÃO,NÃO,NÃO,NÃO,NÃO,NÃO,SIM,SIM,NÃO,NÃO,NÃO,NÃO,NÃO,NÃO,NÃO,NÃO,NÃO,NÃO,SIM,NÃO,NÃO,NÃO,NÃO,NÃO,NÃO,NÃO,NÃO,NÃO,NÃO,NÃO,NÃO,NÃO,NÃO,NÃO,NÃO,NÃO,NÃO,NÃO,NÃO,NÃO,NÃO,NÃO,NÃO,,
4/24/2020 16:47:33,2010,17/08/2010,039/10,HGPE,PRESIDENTE,,BRASIL,NÃO,,SIM,Sim,SIM,SIM,SIM,SIM,SIM,NÃO,NÃO,NÃO,NÃO,NÃO,NÃO,NÃO,SIM,SIM,NÃO,SIM,SIM,SIM,NÃO,NÃO,NÃO,NÃO,NÃO,SIM,NÃO,SIM,NÃO,NÃO,NÃO,NÃO,NÃO,NÃO,NÃO,NÃO,NÃO,NÃO,NÃO,NÃO,NÃO,NÃO,NÃO,NÃO,NÃO,NÃO,NÃO,NÃO,NÃO,NÃO,NÃO,NÃO,NÃO,NÃO,NÃO,NÃO,NÃO,NÃO,NÃO,NÃO,NÃO,NÃO,NÃO,NÃO,NÃO,NÃO,NÃO,NÃO,NÃO,NÃO,NÃO,NÃO,NÃO,NÃO,NÃO,,
5/14/2020 13:04:25,2010,19/08/2010,040/10,HGPE,"GOVERNADOR, SENADOR, DEPUTADO ESTADUAL",,RS,NÃO,,SIM,Sim,SIM,SIM,SIM,SIM,SIM,SIM,SIM,SIM,SIM,SIM,SIM,SIM,SIM,SIM,SIM,SIM,SIM,SIM,NÃO,NÃO,SIM,SIM,SIM,NÃO,SIM,SIM,NÃO,NÃO,SIM,NÃO,NÃO,NÃO,NÃO,NÃO,NÃO,NÃO,SIM,NÃO,NÃO,NÃO,NÃO,NÃO,NÃO,NÃO,NÃO,NÃO,NÃO,NÃO,NÃO,NÃO,NÃO,NÃO,NÃO,NÃO,NÃO,NÃO,NÃO,NÃO,NÃO,NÃO,NÃO,NÃO,NÃO,NÃO,NÃO,NÃO,NÃO,NÃO,NÃO,NÃO,NÃO,NÃO,NÃO,,
5/14/2020 13:07:33,2010,20/08/2010,041/10,HGPE,PRESIDENTE,,BRASIL,NÃO,,SIM,Sim,SIM,SIM,SIM,SIM,SIM,NÃO,NÃO,NÃO,NÃO,NÃO,NÃO,NÃO,SIM,SIM,NÃO,SIM,SIM,SIM,NÃO,NÃO,NÃO,NÃO,NÃO,SIM,NÃO,SIM,NÃO,NÃO,NÃO,NÃO,NÃO,NÃO,NÃO,NÃO,NÃO,NÃO,NÃO,NÃO,NÃO,NÃO,NÃO,NÃO,NÃO,NÃO,NÃO,NÃO,NÃO,NÃO,NÃO,NÃO,NÃO,NÃO,NÃO,NÃO,NÃO,NÃO,NÃO,NÃO,NÃO,NÃO,NÃO,NÃO,NÃO,NÃO,NÃO,NÃO,NÃO,NÃO,NÃO,NÃO,NÃO,NÃO,NÃO,,
5/14/2020 13:13:23,2010,21/08/2010,042/10,HGPE,"GOVERNADOR, SENADOR, DEPUTADO ESTADUAL",,SP,NÃO,,SIM,Sim,SIM,SIM,SIM,SIM,SIM,SIM,SIM,SIM,SIM,SIM,SIM,SIM,SIM,SIM,SIM,SIM,SIM,SIM,NÃO,SIM,SIM,SIM,SIM,NÃO,SIM,SIM,NÃO,SIM,SIM,NÃO,NÃO,NÃO,NÃO,NÃO,NÃO,NÃO,SIM,NÃO,NÃO,NÃO,NÃO,NÃO,NÃO,NÃO,NÃO,NÃO,NÃO,NÃO,SIM,NÃO,NÃO,NÃO,NÃO,NÃO,NÃO,NÃO,NÃO,NÃO,NÃO,NÃO,NÃO,NÃO,NÃO,NÃO,NÃO,NÃO,NÃO,NÃO,NÃO,NÃO,NÃO,NÃO,NÃO,,
5/14/2020 13:20:21,2010,22/08/2010,043/10,HGPE,PRESIDENTE,,BRASIL,NÃO,,SIM,Sim,SIM,SIM,SIM,SIM,SIM,NÃO,NÃO,NÃO,NÃO,NÃO,NÃO,NÃO,SIM,SIM,NÃO,SIM,SIM,SIM,NÃO,NÃO,NÃO,NÃO,NÃO,SIM,NÃO,SIM,NÃO,NÃO,NÃO,NÃO,NÃO,NÃO,NÃO,NÃO,NÃO,NÃO,NÃO,NÃO,NÃO,NÃO,NÃO,NÃO,NÃO,NÃO,NÃO,NÃO,NÃO,NÃO,NÃO,NÃO,NÃO,NÃO,NÃO,NÃO,NÃO,NÃO,NÃO,NÃO,NÃO,NÃO,NÃO,NÃO,NÃO,NÃO,NÃO,NÃO,NÃO,NÃO,NÃO,NÃO,NÃO,NÃO,NÃO,,
5/14/2020 13:25:23,2010,23/08/2010,045/10,HGPE,"GOVERNADOR, SENADOR, DEPUTADO ESTADUAL",,SP,NÃO,,SIM,Sim,SIM,SIM,SIM,SIM,SIM,SIM,SIM,SIM,SIM,SIM,SIM,SIM,SIM,SIM,SIM,SIM,SIM,SIM,NÃO,SIM,SIM,SIM,SIM,NÃO,SIM,SIM,NÃO,SIM,SIM,NÃO,NÃO,NÃO,NÃO,NÃO,NÃO,NÃO,SIM,NÃO,NÃO,NÃO,NÃO,NÃO,NÃO,NÃO,NÃO,NÃO,NÃO,NÃO,NÃO,NÃO,NÃO,NÃO,NÃO,NÃO,NÃO,NÃO,NÃO,NÃO,NÃO,NÃO,NÃO,NÃO,NÃO,NÃO,NÃO,NÃO,NÃO,NÃO,NÃO,NÃO,NÃO,NÃO,NÃO,,
5/14/2020 13:27:16,2010,24/08/2010,046/10,HGPE,,Não aparece nenhum partido,,NÃO,,SIM,Sim,SIM,SIM,SIM,NÃO,NÃO,NÃO,NÃO,NÃO,NÃO,NÃO,NÃO,NÃO,NÃO,NÃO,NÃO,NÃO,NÃO,NÃO,NÃO,NÃO,NÃO,NÃO,NÃO,NÃO,NÃO,NÃO,NÃO,NÃO,NÃO,NÃO,NÃO,NÃO,NÃO,NÃO,NÃO,NÃO,NÃO,NÃO,NÃO,NÃO,NÃO,NÃO,NÃO,NÃO,NÃO,NÃO,NÃO,NÃO,NÃO,NÃO,NÃO,NÃO,NÃO,NÃO,NÃO,NÃO,NÃO,NÃO,NÃO,NÃO,NÃO,NÃO,NÃO,NÃO,NÃO,NÃO,NÃO,NÃO,NÃO,NÃO,NÃO,NÃO,NÃO,,
5/14/2020 13:29:30,2010,25/08/2010,047/10,TELEJORNAL,PRESIDENTE,,BRASIL,NÃO,,SIM,Sim,SIM,SIM,SIM,NÃO,NÃO,NÃO,NÃO,NÃO,NÃO,NÃO,NÃO,NÃO,SIM,NÃO,NÃO,NÃO,NÃO,NÃO,NÃO,NÃO,NÃO,NÃO,NÃO,NÃO,NÃO,NÃO,NÃO,NÃO,NÃO,NÃO,NÃO,NÃO,NÃO,NÃO,NÃO,NÃO,NÃO,NÃO,NÃO,NÃO,NÃO,NÃO,NÃO,NÃO,NÃO,NÃO,NÃO,NÃO,NÃO,NÃO,NÃO,NÃO,NÃO,NÃO,NÃO,NÃO,NÃO,NÃO,NÃO,NÃO,NÃO,NÃO,NÃO,NÃO,NÃO,NÃO,NÃO,NÃO,NÃO,NÃO,NÃO,NÃO,NÃO,,
5/14/2020 13:31:24,2010,26/08/2010,048/10,TELEJORNAL,PRESIDENTE,,BRASIL,NÃO,,SIM,Sim,SIM,SIM,SIM,SIM,NÃO,NÃO,NÃO,NÃO,NÃO,NÃO,NÃO,NÃO,NÃO,NÃO,NÃO,NÃO,NÃO,NÃO,NÃO,NÃO,NÃO,NÃO,NÃO,NÃO,NÃO,NÃO,NÃO,NÃO,SIM,NÃO,NÃO,NÃO,NÃO,NÃO,NÃO,NÃO,NÃO,NÃO,NÃO,NÃO,NÃO,NÃO,NÃO,NÃO,NÃO,NÃO,NÃO,NÃO,NÃO,NÃO,NÃO,NÃO,NÃO,NÃO,NÃO,NÃO,NÃO,NÃO,NÃO,NÃO,NÃO,NÃO,NÃO,NÃO,NÃO,NÃO,NÃO,NÃO,NÃO,NÃO,NÃO,NÃO,NÃO,,
5/14/2020 13:35:26,2010,27/08/2010,049/10,DIREÇÃO NACIONAL DO PARTIDO,,,,NÃO,,SIM,Sim,SIM,SIM,SIM,NÃO,NÃO,NÃO,NÃO,NÃO,NÃO,NÃO,NÃO,NÃO,NÃO,NÃO,NÃO,NÃO,NÃO,NÃO,NÃO,SIM,NÃO,NÃO,NÃO,NÃO,NÃO,NÃO,NÃO,NÃO,NÃO,NÃO,NÃO,NÃO,NÃO,NÃO,NÃO,NÃO,NÃO,NÃO,NÃO,NÃO,NÃO,NÃO,NÃO,NÃO,NÃO,NÃO,NÃO,NÃO,NÃO,NÃO,NÃO,NÃO,NÃO,NÃO,NÃO,NÃO,NÃO,NÃO,NÃO,NÃO,NÃO,NÃO,NÃO,NÃO,NÃO,NÃO,NÃO,NÃO,NÃO,NÃO,NÃO,NÃO,NÃO,,
5/14/2020 13:40:31,2010,28/08/2010,050/10,HGPE,"PRESIDENTE, DEPUTADO DISTRITAL",,"BRASIL, DF",NÃO,,SIM,Sim,SIM,SIM,SIM,SIM,SIM,SIM,SIM,SIM,SIM,SIM,SIM,SIM,SIM,SIM,SIM,SIM,SIM,SIM,NÃO,SIM,SIM,SIM,SIM,SIM,SIM,SIM,NÃO,SIM,SIM,NÃO,NÃO,NÃO,NÃO,NÃO,NÃO,NÃO,SIM,NÃO,NÃO,NÃO,NÃO,NÃO,NÃO,NÃO,NÃO,NÃO,NÃO,NÃO,NÃO,NÃO,NÃO,NÃO,NÃO,NÃO,NÃO,NÃO,NÃO,NÃO,NÃO,NÃO,NÃO,NÃO,NÃO,NÃO,NÃO,NÃO,NÃO,NÃO,NÃO,NÃO,NÃO,NÃO,NÃO,,
5/14/2020 13:48:44,2010,29/08/2010,051/10,HGPE,"GOVERNADOR, SENADOR, DEPUTADO DISTRITAL",,DF,NÃO,,SIM,Sim,SIM,SIM,SIM,SIM,SIM,SIM,SIM,SIM,SIM,SIM,SIM,SIM,SIM,SIM,SIM,SIM,SIM,SIM,NÃO,SIM,SIM,SIM,SIM,SIM,SIM,SIM,SIM,SIM,SIM,NÃO,NÃO,NÃO,NÃO,NÃO,NÃO,NÃO,SIM,NÃO,NÃO,NÃO,NÃO,NÃO,NÃO,NÃO,NÃO,NÃO,NÃO,NÃO,SIM,NÃO,NÃO,NÃO,NÃO,NÃO,NÃO,NÃO,NÃO,NÃO,NÃO,NÃO,NÃO,NÃO,NÃO,NÃO,NÃO,NÃO,NÃO,NÃO,NÃO,NÃO,NÃO,NÃO,NÃO,,
5/14/2020 13:54:12,2010,30/08/2010,052/10,HGPE,"GOVERNADOR, SENADOR, DEPUTADO DISTRITAL",,DF,NÃO,,SIM,Sim,SIM,SIM,SIM,SIM,SIM,SIM,SIM,SIM,SIM,SIM,SIM,SIM,SIM,SIM,SIM,SIM,SIM,SIM,NÃO,NÃO,SIM,SIM,SIM,SIM,SIM,SIM,SIM,SIM,SIM,NÃO,NÃO,NÃO,NÃO,NÃO,NÃO,NÃO,SIM,NÃO,NÃO,NÃO,NÃO,NÃO,NÃO,NÃO,NÃO,NÃO,NÃO,NÃO,NÃO,NÃO,NÃO,NÃO,NÃO,NÃO,NÃO,NÃO,NÃO,NÃO,NÃO,NÃO,NÃO,NÃO,NÃO,NÃO,NÃO,NÃO,NÃO,NÃO,NÃO,NÃO,NÃO,NÃO,NÃO,,
5/14/2020 14:01:26,2010,01/09/2010,053/10,HGPE,"GOVERNADOR, SENADOR, DEPUTADO DISTRITAL",,DF,NÃO,,SIM,Sim,SIM,SIM,SIM,SIM,SIM,SIM,SIM,SIM,SIM,SIM,SIM,SIM,SIM,SIM,SIM,SIM,SIM,SIM,NÃO,NÃO,SIM,SIM,SIM,SIM,SIM,SIM,SIM,SIM,SIM,NÃO,NÃO,NÃO,NÃO,NÃO,NÃO,NÃO,SIM,NÃO,NÃO,NÃO,NÃO,NÃO,NÃO,NÃO,NÃO,NÃO,NÃO,NÃO,NÃO,NÃO,NÃO,NÃO,NÃO,NÃO,NÃO,NÃO,NÃO,NÃO,NÃO,NÃO,NÃO,NÃO,NÃO,NÃO,NÃO,NÃO,NÃO,NÃO,NÃO,NÃO,NÃO,NÃO,NÃO,,
5/14/2020 14:03:37,2010,02/09/2010,054/10,HGPE,,A gravação só tem 15 segundos,,NÃO,,SIM,Não,SIM,SIM,NÃO,SIM,NÃO,NÃO,NÃO,NÃO,NÃO,NÃO,NÃO,NÃO,NÃO,NÃO,NÃO,NÃO,NÃO,NÃO,NÃO,NÃO,NÃO,NÃO,NÃO,NÃO,NÃO,NÃO,NÃO,NÃO,NÃO,NÃO,NÃO,NÃO,NÃO,NÃO,NÃO,NÃO,NÃO,NÃO,NÃO,NÃO,NÃO,NÃO,NÃO,NÃO,NÃO,NÃO,NÃO,NÃO,NÃO,NÃO,NÃO,NÃO,NÃO,NÃO,NÃO,NÃO,NÃO,NÃO,NÃO,NÃO,NÃO,NÃO,NÃO,NÃO,NÃO,NÃO,NÃO,NÃO,NÃO,NÃO,NÃO,NÃO,NÃO,,
5/14/2020 14:06:21,2010,03/09/2010,056/10,HGPE,PRESIDENTE,A gravação tem apenas 1 minuto,BRASIL,NÃO,,SIM,Não,SIM,SIM,NÃO,SIM,NÃO,NÃO,NÃO,NÃO,NÃO,NÃO,NÃO,NÃO,NÃO,NÃO,NÃO,NÃO,NÃO,NÃO,NÃO,NÃO,NÃO,NÃO,NÃO,NÃO,NÃO,NÃO,NÃO,NÃO,NÃO,NÃO,NÃO,NÃO,NÃO,NÃO,NÃO,NÃO,NÃO,NÃO,NÃO,NÃO,NÃO,NÃO,NÃO,NÃO,NÃO,NÃO,NÃO,NÃO,NÃO,NÃO,NÃO,NÃO,NÃO,NÃO,NÃO,NÃO,NÃO,NÃO,NÃO,NÃO,NÃO,NÃO,NÃO,NÃO,NÃO,NÃO,NÃO,NÃO,NÃO,NÃO,NÃO,NÃO,NÃO,,
5/14/2020 14:11:09,2010,04/09/2010,057/10,DEBATE,PRESIDENTE,,BRASIL,NÃO,,SIM,Sim,SIM,SIM,SIM,SIM,SIM,NÃO,NÃO,NÃO,NÃO,NÃO,NÃO,NÃO,NÃO,NÃO,NÃO,NÃO,NÃO,NÃO,NÃO,NÃO,NÃO,NÃO,NÃO,NÃO,NÃO,NÃO,NÃO,NÃO,NÃO,NÃO,NÃO,NÃO,NÃO,NÃO,NÃO,NÃO,NÃO,NÃO,NÃO,NÃO,NÃO,NÃO,NÃO,NÃO,NÃO,NÃO,NÃO,NÃO,NÃO,NÃO,NÃO,NÃO,NÃO,NÃO,NÃO,NÃO,NÃO,NÃO,NÃO,NÃO,NÃO,NÃO,NÃO,NÃO,NÃO,NÃO,NÃO,NÃO,NÃO,NÃO,NÃO,NÃO,NÃO,,
5/14/2020 14:13:54,2010,05/09/2010,058/10,HGPE,,A gravação tem apenas 30 segundos,,NÃO,,SIM,Não,SIM,SIM,NÃO,NÃO,NÃO,SIM,NÃO,NÃO,NÃO,NÃO,NÃO,NÃO,NÃO,NÃO,NÃO,NÃO,NÃO,NÃO,NÃO,NÃO,NÃO,NÃO,NÃO,NÃO,NÃO,NÃO,NÃO,NÃO,NÃO,NÃO,NÃO,NÃO,NÃO,NÃO,NÃO,NÃO,NÃO,NÃO,NÃO,NÃO,NÃO,NÃO,NÃO,NÃO,NÃO,NÃO,NÃO,NÃO,NÃO,NÃO,NÃO,NÃO,NÃO,NÃO,NÃO,NÃO,NÃO,NÃO,NÃO,NÃO,NÃO,NÃO,NÃO,NÃO,NÃO,NÃO,NÃO,NÃO,NÃO,NÃO,NÃO,NÃO,NÃO,,
5/14/2020 14:15:59,2010,06/09/2010,059/10,HGPE,,A gravação tem apenas 30 segundos,,NÃO,,SIM,Não,SIM,SIM,NÃO,NÃO,NÃO,NÃO,NÃO,SIM,NÃO,NÃO,NÃO,NÃO,NÃO,NÃO,NÃO,NÃO,NÃO,NÃO,NÃO,NÃO,NÃO,NÃO,NÃO,NÃO,NÃO,NÃO,NÃO,NÃO,NÃO,NÃO,NÃO,NÃO,NÃO,NÃO,NÃO,NÃO,NÃO,NÃO,NÃO,NÃO,NÃO,NÃO,NÃO,NÃO,NÃO,NÃO,NÃO,NÃO,NÃO,NÃO,NÃO,NÃO,NÃO,NÃO,NÃO,NÃO,NÃO,NÃO,NÃO,NÃO,NÃO,NÃO,NÃO,NÃO,NÃO,NÃO,NÃO,NÃO,NÃO,NÃO,NÃO,NÃO,NÃO,,
5/14/2020 14:18:52,2010,07/09/2010,060/10,HGPE,"PRESIDENTE, GOVERNADOR",,"BRASIL, DF",NÃO,,SIM,Sim,SIM,SIM,SIM,SIM,SIM,NÃO,NÃO,NÃO,NÃO,NÃO,NÃO,NÃO,NÃO,NÃO,NÃO,NÃO,NÃO,NÃO,NÃO,NÃO,NÃO,NÃO,SIM,NÃO,NÃO,NÃO,NÃO,NÃO,NÃO,NÃO,NÃO,NÃO,NÃO,NÃO,NÃO,NÃO,NÃO,NÃO,NÃO,NÃO,NÃO,NÃO,NÃO,NÃO,NÃO,NÃO,NÃO,NÃO,NÃO,NÃO,NÃO,NÃO,NÃO,NÃO,NÃO,NÃO,NÃO,NÃO,NÃO,NÃO,NÃO,NÃO,NÃO,NÃO,NÃO,NÃO,NÃO,NÃO,NÃO,NÃO,NÃO,NÃO,NÃO,,
5/14/2020 14:21:13,2010,08/09/2010,061/10,HGPE,"PRESIDENTE, GOVERNADOR",,"BRASIL, DF",NÃO,,SIM,Sim,SIM,SIM,SIM,SIM,SIM,NÃO,NÃO,NÃO,NÃO,NÃO,NÃO,NÃO,NÃO,NÃO,NÃO,NÃO,NÃO,NÃO,NÃO,NÃO,NÃO,NÃO,SIM,NÃO,NÃO,NÃO,NÃO,NÃO,NÃO,NÃO,NÃO,NÃO,NÃO,NÃO,NÃO,NÃO,NÃO,NÃO,NÃO,NÃO,NÃO,NÃO,NÃO,NÃO,NÃO,NÃO,NÃO,NÃO,NÃO,NÃO,NÃO,NÃO,NÃO,NÃO,NÃO,NÃO,NÃO,NÃO,NÃO,NÃO,NÃO,NÃO,NÃO,NÃO,NÃO,NÃO,NÃO,NÃO,NÃO,NÃO,NÃO,NÃO,NÃO,,
5/14/2020 15:18:22,2010,09/09/2010,062/10,HGPE,"PRESIDENTE, DEPUTADO FEDERAL",,"BRASIL, RJ",NÃO,,SIM,Sim,SIM,SIM,SIM,SIM,SIM,SIM,SIM,SIM,SIM,SIM,SIM,SIM,SIM,SIM,SIM,SIM,SIM,SIM,NÃO,SIM,SIM,NÃO,SIM,SIM,SIM,SIM,SIM,SIM,SIM,NÃO,NÃO,NÃO,NÃO,NÃO,NÃO,NÃO,SIM,NÃO,NÃO,NÃO,NÃO,NÃO,NÃO,NÃO,NÃO,NÃO,NÃO,NÃO,SIM,NÃO,NÃO,NÃO,NÃO,NÃO,NÃO,NÃO,NÃO,NÃO,NÃO,NÃO,NÃO,NÃO,NÃO,NÃO,NÃO,NÃO,NÃO,NÃO,NÃO,NÃO,NÃO,NÃO,NÃO,,
5/14/2020 15:23:56,2010,10/09/2010,063/10,HGPE,"PRESIDENTE, GOVERNADOR, SENADOR, DEPUTADO ESTADUAL",,"BRASIL, RJ",NÃO,,SIM,Sim,SIM,SIM,SIM,SIM,SIM,SIM,SIM,SIM,SIM,SIM,SIM,SIM,SIM,SIM,SIM,SIM,SIM,NÃO,NÃO,NÃO,SIM,SIM,SIM,NÃO,SIM,NÃO,SIM,SIM,SIM,NÃO,NÃO,NÃO,NÃO,NÃO,NÃO,NÃO,SIM,NÃO,NÃO,NÃO,NÃO,NÃO,NÃO,NÃO,NÃO,NÃO,NÃO,NÃO,SIM,NÃO,NÃO,NÃO,NÃO,NÃO,NÃO,NÃO,NÃO,NÃO,NÃO,NÃO,NÃO,NÃO,NÃO,NÃO,NÃO,NÃO,NÃO,NÃO,NÃO,NÃO,NÃO,NÃO,NÃO,,
5/14/2020 15:26:59,2010,11/09/2010,064/10,HGPE,,"A gravação tem 13 minutos e 48 segundos, mas não aparece a imagem e não tem áudio. Tem apenas um fundo preto e com interferência.",,NÃO,,SIM,Não,SIM,SIM,NÃO,NÃO,NÃO,NÃO,NÃO,NÃO,NÃO,NÃO,NÃO,NÃO,NÃO,NÃO,NÃO,NÃO,NÃO,NÃO,NÃO,NÃO,NÃO,NÃO,NÃO,NÃO,NÃO,NÃO,NÃO,NÃO,NÃO,NÃO,NÃO,NÃO,NÃO,NÃO,NÃO,NÃO,NÃO,NÃO,NÃO,NÃO,NÃO,NÃO,NÃO,NÃO,NÃO,NÃO,NÃO,NÃO,NÃO,NÃO,NÃO,NÃO,NÃO,NÃO,NÃO,NÃO,NÃO,NÃO,NÃO,NÃO,NÃO,NÃO,NÃO,NÃO,NÃO,NÃO,NÃO,NÃO,NÃO,NÃO,NÃO,NÃO,NÃO,,
5/14/2020 15:31:48,2010,17/08/2010,065/10,HGPE,DEPUTADO FEDERAL,,RJ,NÃO,,SIM,Sim,SIM,SIM,SIM,SIM,SIM,SIM,SIM,SIM,SIM,SIM,SIM,SIM,SIM,SIM,SIM,NÃO,SIM,SIM,NÃO,SIM,SIM,NÃO,SIM,SIM,SIM,NÃO,NÃO,SIM,SIM,NÃO,NÃO,NÃO,NÃO,NÃO,NÃO,NÃO,SIM,NÃO,NÃO,NÃO,NÃO,NÃO,NÃO,NÃO,NÃO,NÃO,NÃO,NÃO,SIM,NÃO,NÃO,NÃO,NÃO,NÃO,NÃO,NÃO,NÃO,NÃO,NÃO,NÃO,NÃO,NÃO,NÃO,NÃO,NÃO,NÃO,NÃO,NÃO,NÃO,NÃO,NÃO,NÃO,NÃO,,
5/14/2020 15:38:35,2010,19/08/2010,066/10,HGPE,"PRESIDENTE, DEPUTADO FEDERAL",,"BRASIL, RJ",NÃO,,SIM,Sim,SIM,SIM,SIM,SIM,SIM,SIM,SIM,SIM,SIM,SIM,SIM,SIM,SIM,SIM,SIM,SIM,SIM,SIM,NÃO,SIM,NÃO,SIM,SIM,SIM,SIM,SIM,NÃO,SIM,SIM,NÃO,NÃO,NÃO,NÃO,NÃO,NÃO,NÃO,SIM,NÃO,NÃO,NÃO,NÃO,NÃO,NÃO,NÃO,NÃO,NÃO,NÃO,NÃO,SIM,NÃO,NÃO,NÃO,NÃO,NÃO,NÃO,NÃO,NÃO,NÃO,NÃO,NÃO,NÃO,NÃO,NÃO,NÃO,NÃO,NÃO,NÃO,NÃO,NÃO,NÃO,NÃO,NÃO,NÃO,,
5/18/2022 13:52:22,2010,8/26/2010,067/10,HGPE,"PRESIDENTE, DEPUTADO FEDERAL",,"BRASIL, RJ",NÃO,,SIM,Sim,SIM,SIM,SIM,SIM,SIM,SIM,SIM,SIM,SIM,SIM,SIM,SIM,SIM,SIM,NÃO,SIM,SIM,SIM,NÃO,NÃO,NÃO,NÃO,SIM,SIM,SIM,NÃO,NÃO,SIM,SIM,NÃO,NÃO,NÃO,NÃO,NÃO,NÃO,NÃO,NÃO,NÃO,NÃO,NÃO,NÃO,NÃO,NÃO,NÃO,NÃO,NÃO,NÃO,NÃO,SIM,NÃO,NÃO,NÃO,NÃO,NÃO,NÃO,NÃO,NÃO,NÃO,NÃO,NÃO,NÃO,NÃO,NÃO,NÃO,NÃO,NÃO,NÃO,NÃO,NÃO,NÃO,NÃO,NÃO,NÃO,,
5/14/2020 15:43:59,2010,21/08/2010,068/10,HGPE,"PRESIDENTE, DEPUTADO FEDERAL",,"BRASIL, RJ",NÃO,,SIM,Sim,SIM,SIM,SIM,SIM,SIM,SIM,SIM,SIM,SIM,SIM,SIM,SIM,SIM,SIM,SIM,SIM,SIM,SIM,NÃO,SIM,SIM,NÃO,SIM,SIM,SIM,SIM,NÃO,SIM,SIM,NÃO,NÃO,NÃO,NÃO,NÃO,NÃO,NÃO,SIM,NÃO,NÃO,NÃO,NÃO,NÃO,NÃO,NÃO,NÃO,NÃO,NÃO,NÃO,SIM,NÃO,NÃO,NÃO,NÃO,NÃO,NÃO,NÃO,NÃO,NÃO,NÃO,NÃO,NÃO,NÃO,NÃO,NÃO,NÃO,NÃO,NÃO,NÃO,NÃO,NÃO,NÃO,NÃO,NÃO,,
5/22/2020 13:05:49,2018,01/10/2018,001/18,HGPE,"DEPUTADO FEDERAL, DEPUTADO ESTADUAL",,RJ,NÃO,,SIM,Sim,SIM,SIM,SIM,SIM,SIM,SIM,SIM,SIM,NÃO,SIM,SIM,SIM,NÃO,SIM,SIM,NÃO,SIM,NÃO,SIM,NÃO,NÃO,NÃO,SIM,SIM,SIM,NÃO,NÃO,SIM,SIM,NÃO,NÃO,SIM,NÃO,NÃO,NÃO,NÃO,SIM,NÃO,NÃO,NÃO,NÃO,SIM,NÃO,NÃO,NÃO,SIM,SIM,NÃO,NÃO,SIM,NÃO,NÃO,NÃO,NÃO,NÃO,NÃO,NÃO,NÃO,NÃO,NÃO,NÃO,NÃO,NÃO,NÃO,NÃO,NÃO,NÃO,NÃO,NÃO,NÃO,NÃO,NÃO,NÃO,,
5/22/2020 13:17:42,2018,02/10/2018,002/18,HGPE,GOVERNADOR,,RJ,NÃO,,SIM,Sim,SIM,SIM,SIM,SIM,NÃO,SIM,NÃO,NÃO,NÃO,NÃO,NÃO,SIM,NÃO,NÃO,NÃO,NÃO,SIM,NÃO,SIM,NÃO,NÃO,NÃO,NÃO,NÃO,NÃO,NÃO,SIM,NÃO,NÃO,NÃO,NÃO,NÃO,NÃO,SIM,NÃO,NÃO,SIM,NÃO,NÃO,NÃO,NÃO,NÃO,NÃO,NÃO,SIM,NÃO,NÃO,NÃO,NÃO,NÃO,NÃO,NÃO,NÃO,NÃO,NÃO,NÃO,NÃO,NÃO,NÃO,NÃO,NÃO,NÃO,NÃO,NÃO,NÃO,NÃO,NÃO,NÃO,NÃO,NÃO,NÃO,NÃO,NÃO,,10/2/2018
5/22/2020 13:31:44,2018,03/10/2018,003/18,HGPE,SENADOR,,RJ,NÃO,,SIM,Sim,SIM,SIM,SIM,SIM,SIM,SIM,NÃO,NÃO,NÃO,NÃO,NÃO,SIM,NÃO,NÃO,NÃO,NÃO,SIM,NÃO,SIM,NÃO,NÃO,NÃO,NÃO,NÃO,NÃO,NÃO,SIM,NÃO,SIM,NÃO,NÃO,NÃO,NÃO,NÃO,SIM,NÃO,SIM,NÃO,NÃO,NÃO,NÃO,NÃO,NÃO,NÃO,SIM,NÃO,NÃO,NÃO,NÃO,NÃO,NÃO,NÃO,NÃO,NÃO,NÃO,NÃO,NÃO,NÃO,NÃO,NÃO,NÃO,NÃO,NÃO,NÃO,NÃO,NÃO,NÃO,NÃO,NÃO,NÃO,NÃO,NÃO,NÃO,,
5/22/2020 13:38:00,2018,04/10/2018,004/18,HGPE,"GOVERNADOR, SENADOR, DEPUTADO ESTADUAL",,RJ,NÃO,,SIM,Sim,SIM,SIM,SIM,SIM,SIM,SIM,SIM,SIM,NÃO,SIM,SIM,SIM,SIM,SIM,SIM,NÃO,SIM,SIM,SIM,NÃO,SIM,SIM,SIM,SIM,SIM,NÃO,SIM,SIM,SIM,NÃO,NÃO,SIM,NÃO,NÃO,SIM,NÃO,SIM,NÃO,NÃO,NÃO,NÃO,SIM,NÃO,NÃO,SIM,SIM,SIM,NÃO,NÃO,SIM,NÃO,NÃO,NÃO,NÃO,NÃO,NÃO,NÃO,NÃO,NÃO,NÃO,NÃO,NÃO,NÃO,NÃO,NÃO,NÃO,NÃO,NÃO,NÃO,NÃO,NÃO,NÃO,NÃO,,
5/22/2020 13:41:58,2018,05/10/2018,005/18,HGPE,"PRESIDENTE, DEPUTADO FEDERAL",,"BRASIL, RJ",NÃO,,SIM,Sim,SIM,SIM,SIM,SIM,SIM,SIM,SIM,SIM,NÃO,SIM,SIM,SIM,SIM,SIM,SIM,NÃO,SIM,SIM,SIM,NÃO,SIM,SIM,SIM,SIM,SIM,NÃO,SIM,SIM,SIM,NÃO,NÃO,SIM,NÃO,SIM,SIM,NÃO,SIM,NÃO,NÃO,NÃO,NÃO,SIM,NÃO,NÃO,SIM,SIM,SIM,NÃO,NÃO,SIM,NÃO,NÃO,NÃO,NÃO,NÃO,NÃO,NÃO,NÃO,NÃO,NÃO,NÃO,NÃO,NÃO,NÃO,NÃO,NÃO,NÃO,NÃO,NÃO,NÃO,NÃO,NÃO,NÃO,,
5/22/2020 13:46:35,2018,06/10/2018,006/18,HGPE,"GOVERNADOR, SENADOR, DEPUTADO ESTADUAL",,RJ,NÃO,,SIM,Sim,SIM,SIM,SIM,SIM,SIM,SIM,SIM,SIM,NÃO,SIM,SIM,SIM,SIM,SIM,SIM,NÃO,SIM,SIM,SIM,NÃO,SIM,SIM,SIM,SIM,SIM,NÃO,SIM,SIM,SIM,NÃO,NÃO,SIM,NÃO,SIM,SIM,NÃO,SIM,NÃO,NÃO,NÃO,NÃO,SIM,NÃO,NÃO,SIM,SIM,SIM,NÃO,NÃO,SIM,NÃO,NÃO,NÃO,NÃO,NÃO,NÃO,NÃO,NÃO,NÃO,NÃO,NÃO,NÃO,NÃO,NÃO,NÃO,NÃO,NÃO,NÃO,NÃO,NÃO,NÃO,NÃO,NÃO,,
5/22/2020 13:51:22,2018,07/10/2018,007/18,HGPE,"GOVERNADOR, SENADOR, DEPUTADO ESTADUAL",,RJ,NÃO,,SIM,Sim,SIM,SIM,SIM,SIM,SIM,SIM,SIM,SIM,NÃO,SIM,SIM,SIM,SIM,SIM,SIM,NÃO,SIM,SIM,SIM,NÃO,SIM,SIM,SIM,SIM,SIM,NÃO,SIM,SIM,SIM,NÃO,NÃO,SIM,NÃO,SIM,SIM,NÃO,SIM,NÃO,NÃO,NÃO,NÃO,SIM,NÃO,NÃO,SIM,SIM,SIM,NÃO,NÃO,SIM,NÃO,NÃO,NÃO,NÃO,NÃO,NÃO,NÃO,NÃO,NÃO,NÃO,NÃO,NÃO,NÃO,NÃO,NÃO,NÃO,NÃO,NÃO,NÃO,NÃO,NÃO,NÃO,NÃO,,
5/22/2020 13:55:34,2018,08/10/2018,008/18,HGPE,"GOVERNADOR, SENADOR, DEPUTADO ESTADUAL",,RJ,NÃO,,SIM,Sim,SIM,SIM,SIM,SIM,SIM,SIM,SIM,SIM,NÃO,SIM,SIM,SIM,SIM,SIM,SIM,NÃO,SIM,SIM,SIM,NÃO,NÃO,SIM,SIM,SIM,NÃO,NÃO,SIM,SIM,SIM,NÃO,NÃO,SIM,NÃO,NÃO,SIM,SIM,SIM,NÃO,NÃO,NÃO,NÃO,SIM,NÃO,NÃO,SIM,SIM,NÃO,NÃO,NÃO,SIM,NÃO,NÃO,NÃO,NÃO,NÃO,NÃO,NÃO,NÃO,NÃO,NÃO,NÃO,NÃO,NÃO,NÃO,NÃO,NÃO,NÃO,NÃO,NÃO,NÃO,NÃO,NÃO,NÃO,,
5/22/2020 13:59:50,2018,09/10/2018,009/18,HGPE,"PRESIDENTE, DEPUTADO FEDERAL",,"BRASIL, RJ",NÃO,,SIM,Sim,SIM,SIM,SIM,SIM,SIM,SIM,SIM,SIM,NÃO,SIM,SIM,SIM,SIM,SIM,SIM,NÃO,SIM,SIM,SIM,NÃO,NÃO,SIM,SIM,SIM,SIM,NÃO,SIM,SIM,SIM,SIM,NÃO,SIM,NÃO,SIM,SIM,SIM,SIM,NÃO,NÃO,NÃO,NÃO,SIM,NÃO,NÃO,SIM,SIM,SIM,NÃO,NÃO,SIM,NÃO,NÃO,NÃO,NÃO,NÃO,NÃO,NÃO,NÃO,NÃO,NÃO,NÃO,NÃO,NÃO,NÃO,NÃO,NÃO,NÃO,NÃO,NÃO,NÃO,NÃO,NÃO,NÃO,,
5/22/2020 14:03:53,2018,10/10/2018,010/18,HGPE,"GOVERNADOR, SENADOR, DEPUTADO ESTADUAL",,RJ,NÃO,,SIM,Sim,SIM,SIM,SIM,SIM,SIM,SIM,SIM,SIM,NÃO,SIM,SIM,SIM,SIM,SIM,SIM,NÃO,SIM,SIM,SIM,NÃO,NÃO,SIM,SIM,SIM,SIM,NÃO,SIM,SIM,SIM,NÃO,NÃO,SIM,NÃO,SIM,SIM,SIM,SIM,NÃO,NÃO,NÃO,NÃO,SIM,NÃO,NÃO,SIM,SIM,SIM,NÃO,NÃO,SIM,NÃO,NÃO,NÃO,NÃO,NÃO,NÃO,NÃO,NÃO,NÃO,NÃO,NÃO,NÃO,NÃO,NÃO,NÃO,NÃO,NÃO,NÃO,NÃO,NÃO,NÃO,NÃO,NÃO,,
5/22/2020 14:07:30,2018,11/10/2018,011/18,HGPE,"PRESIDENTE, DEPUTADO FEDERAL",,"BRASIL, RJ",NÃO,,SIM,Sim,SIM,SIM,SIM,SIM,SIM,SIM,SIM,SIM,NÃO,SIM,SIM,SIM,SIM,SIM,SIM,NÃO,SIM,SIM,SIM,NÃO,NÃO,SIM,SIM,SIM,SIM,NÃO,SIM,SIM,SIM,SIM,NÃO,SIM,NÃO,SIM,SIM,SIM,SIM,NÃO,NÃO,NÃO,NÃO,SIM,NÃO,NÃO,SIM,SIM,SIM,NÃO,NÃO,SIM,NÃO,NÃO,NÃO,NÃO,NÃO,NÃO,NÃO,NÃO,NÃO,NÃO,NÃO,NÃO,NÃO,NÃO,NÃO,NÃO,NÃO,NÃO,NÃO,NÃO,NÃO,NÃO,NÃO,,
5/22/2020 14:11:53,2018,12/10/2018,012/18,HGPE,"GOVERNADOR, SENADOR, DEPUTADO ESTADUAL",,RJ,NÃO,,SIM,Sim,SIM,SIM,SIM,SIM,SIM,SIM,SIM,SIM,NÃO,SIM,SIM,SIM,SIM,SIM,SIM,NÃO,SIM,SIM,SIM,NÃO,NÃO,SIM,SIM,SIM,SIM,NÃO,SIM,SIM,SIM,NÃO,NÃO,SIM,NÃO,SIM,SIM,NÃO,SIM,NÃO,NÃO,NÃO,NÃO,SIM,NÃO,NÃO,SIM,SIM,SIM,NÃO,NÃO,SIM,NÃO,NÃO,NÃO,NÃO,NÃO,NÃO,NÃO,NÃO,NÃO,NÃO,NÃO,NÃO,NÃO,NÃO,NÃO,NÃO,NÃO,NÃO,NÃO,NÃO,NÃO,NÃO,NÃO,,
5/22/2020 14:16:06,2018,13/10/2018,013/18,HGPE,"PRESIDENTE, DEPUTADO FEDERAL",,"BRASIL, RJ",NÃO,,SIM,Sim,SIM,SIM,SIM,SIM,SIM,SIM,SIM,SIM,NÃO,SIM,SIM,SIM,SIM,SIM,SIM,NÃO,SIM,SIM,SIM,NÃO,NÃO,SIM,SIM,SIM,SIM,NÃO,SIM,SIM,SIM,SIM,NÃO,SIM,NÃO,SIM,SIM,SIM,SIM,NÃO,NÃO,NÃO,NÃO,SIM,NÃO,NÃO,SIM,SIM,SIM,NÃO,NÃO,SIM,NÃO,NÃO,NÃO,NÃO,NÃO,NÃO,NÃO,NÃO,NÃO,NÃO,NÃO,NÃO,NÃO,NÃO,NÃO,NÃO,NÃO,NÃO,NÃO,NÃO,NÃO,NÃO,NÃO,,
5/22/2020 14:19:37,2018,14/10/2018,014/18,HGPE,"GOVERNADOR, SENADOR, DEPUTADO ESTADUAL",,RJ,NÃO,,SIM,Sim,SIM,SIM,SIM,SIM,SIM,SIM,SIM,SIM,SIM,SIM,SIM,SIM,SIM,SIM,SIM,NÃO,SIM,SIM,SIM,NÃO,NÃO,SIM,SIM,SIM,SIM,NÃO,NÃO,SIM,SIM,NÃO,NÃO,SIM,NÃO,SIM,SIM,SIM,SIM,NÃO,NÃO,NÃO,NÃO,SIM,NÃO,NÃO,SIM,SIM,SIM,NÃO,NÃO,NÃO,NÃO,NÃO,NÃO,NÃO,NÃO,NÃO,NÃO,NÃO,NÃO,NÃO,NÃO,NÃO,NÃO,NÃO,NÃO,NÃO,NÃO,NÃO,NÃO,NÃO,NÃO,NÃO,NÃO,,
5/22/2020 14:23:03,2018,15/10/2018,015/18,HGPE,"GOVERNADOR, SENADOR, DEPUTADO ESTADUAL",,RJ,NÃO,,SIM,Sim,SIM,SIM,SIM,SIM,SIM,SIM,SIM,SIM,NÃO,SIM,SIM,SIM,SIM,SIM,SIM,NÃO,SIM,SIM,SIM,NÃO,SIM,SIM,SIM,SIM,SIM,NÃO,SIM,SIM,SIM,NÃO,NÃO,SIM,NÃO,NÃO,SIM,NÃO,SIM,NÃO,NÃO,NÃO,NÃO,SIM,NÃO,NÃO,SIM,SIM,SIM,NÃO,NÃO,SIM,NÃO,NÃO,NÃO,NÃO,NÃO,NÃO,NÃO,NÃO,NÃO,NÃO,NÃO,NÃO,NÃO,NÃO,NÃO,NÃO,NÃO,NÃO,NÃO,NÃO,NÃO,NÃO,NÃO,,
5/22/2020 14:26:39,2018,16/10/2018,016/18,HGPE,"PRESIDENTE, DEPUTADO FEDERAL",,"BRASIL, RJ",NÃO,,SIM,Sim,SIM,SIM,SIM,SIM,SIM,SIM,SIM,SIM,NÃO,SIM,SIM,SIM,SIM,SIM,SIM,NÃO,SIM,SIM,SIM,NÃO,NÃO,SIM,SIM,SIM,SIM,NÃO,SIM,SIM,SIM,SIM,NÃO,SIM,NÃO,SIM,SIM,SIM,SIM,NÃO,NÃO,NÃO,NÃO,SIM,NÃO,NÃO,SIM,SIM,SIM,NÃO,NÃO,SIM,NÃO,NÃO,NÃO,NÃO,NÃO,NÃO,NÃO,NÃO,NÃO,NÃO,NÃO,NÃO,NÃO,NÃO,NÃO,NÃO,NÃO,NÃO,NÃO,NÃO,NÃO,NÃO,NÃO,,
5/25/2020 12:28:11,2018,17/10/2018,017/18,HGPE,"GOVERNADOR, SENADOR, DEPUTADO ESTADUAL",,RJ,NÃO,,SIM,Sim,SIM,SIM,SIM,SIM,SIM,SIM,SIM,SIM,SIM,SIM,SIM,SIM,SIM,SIM,SIM,NÃO,SIM,SIM,SIM,NÃO,SIM,SIM,SIM,SIM,SIM,NÃO,SIM,SIM,SIM,NÃO,NÃO,NÃO,NÃO,SIM,SIM,NÃO,SIM,NÃO,NÃO,NÃO,NÃO,SIM,NÃO,NÃO,SIM,SIM,SIM,NÃO,NÃO,NÃO,NÃO,NÃO,NÃO,NÃO,NÃO,NÃO,NÃO,NÃO,NÃO,NÃO,NÃO,NÃO,NÃO,NÃO,NÃO,NÃO,NÃO,NÃO,NÃO,NÃO,NÃO,NÃO,NÃO,,
5/25/2020 12:37:06,2018,18/10/2018,018/18,HGPE,"PRESIDENTE, DEPUTADO FEDERAL",,"BRASIL, RJ",NÃO,,SIM,Sim,SIM,SIM,SIM,SIM,SIM,SIM,SIM,SIM,SIM,SIM,SIM,SIM,SIM,SIM,SIM,NÃO,SIM,SIM,SIM,NÃO,SIM,SIM,SIM,SIM,SIM,NÃO,SIM,SIM,SIM,SIM,NÃO,SIM,NÃO,SIM,SIM,NÃO,SIM,NÃO,NÃO,NÃO,NÃO,SIM,NÃO,NÃO,SIM,SIM,SIM,NÃO,NÃO,NÃO,NÃO,NÃO,NÃO,NÃO,NÃO,NÃO,NÃO,NÃO,NÃO,NÃO,NÃO,NÃO,NÃO,NÃO,NÃO,NÃO,NÃO,NÃO,NÃO,NÃO,NÃO,NÃO,NÃO,,
5/25/2020 12:45:17,2018,19/10/2018,019/18,HGPE,"GOVERNADOR, SENADOR, DEPUTADO ESTADUAL",,RJ,NÃO,,SIM,Sim,SIM,SIM,SIM,SIM,SIM,SIM,SIM,SIM,SIM,SIM,SIM,SIM,SIM,SIM,SIM,NÃO,SIM,SIM,SIM,NÃO,NÃO,SIM,SIM,SIM,SIM,NÃO,SIM,SIM,SIM,NÃO,NÃO,SIM,NÃO,SIM,SIM,NÃO,SIM,NÃO,NÃO,NÃO,NÃO,SIM,NÃO,NÃO,SIM,SIM,SIM,NÃO,NÃO,NÃO,NÃO,NÃO,NÃO,NÃO,NÃO,NÃO,NÃO,NÃO,NÃO,NÃO,NÃO,NÃO,NÃO,NÃO,NÃO,NÃO,NÃO,NÃO,NÃO,NÃO,NÃO,NÃO,NÃO,,
5/25/2020 12:53:28,2018,20/10/2018,020/18,HGPE,"PRESIDENTE, DEPUTADO FEDERAL",,"BRASIL, RJ",NÃO,,SIM,Sim,SIM,SIM,SIM,SIM,SIM,SIM,SIM,SIM,SIM,SIM,SIM,SIM,SIM,SIM,SIM,NÃO,SIM,SIM,SIM,NÃO,NÃO,SIM,SIM,SIM,SIM,NÃO,SIM,SIM,SIM,SIM,NÃO,SIM,NÃO,SIM,SIM,SIM,SIM,NÃO,NÃO,NÃO,NÃO,SIM,NÃO,NÃO,SIM,SIM,SIM,NÃO,NÃO,NÃO,NÃO,NÃO,NÃO,NÃO,NÃO,NÃO,NÃO,NÃO,NÃO,NÃO,NÃO,NÃO,NÃO,NÃO,NÃO,NÃO,NÃO,NÃO,NÃO,NÃO,NÃO,NÃO,NÃO,,
5/25/2020 13:04:14,2018,21/10/2018,021/18,HGPE,"GOVERNADOR, SENADOR, DEPUTADO ESTADUAL",,RJ,NÃO,,SIM,Sim,SIM,SIM,SIM,SIM,SIM,SIM,SIM,SIM,SIM,SIM,SIM,SIM,SIM,SIM,SIM,NÃO,SIM,SIM,SIM,NÃO,SIM,SIM,SIM,SIM,SIM,NÃO,SIM,SIM,SIM,NÃO,NÃO,SIM,NÃO,SIM,SIM,NÃO,SIM,NÃO,NÃO,NÃO,NÃO,SIM,NÃO,NÃO,SIM,SIM,SIM,NÃO,NÃO,NÃO,NÃO,NÃO,NÃO,NÃO,NÃO,NÃO,NÃO,NÃO,NÃO,NÃO,NÃO,NÃO,NÃO,NÃO,NÃO,NÃO,NÃO,NÃO,NÃO,NÃO,NÃO,NÃO,NÃO,,
5/25/2020 13:12:47,2018,22/10/2018,022/18,HGPE,"PRESIDENTE, DEPUTADO FEDERAL",,"BRASIL, RJ",NÃO,,SIM,Sim,SIM,SIM,SIM,SIM,SIM,SIM,SIM,SIM,SIM,SIM,SIM,SIM,SIM,SIM,SIM,NÃO,SIM,SIM,SIM,NÃO,SIM,SIM,SIM,SIM,SIM,NÃO,SIM,SIM,SIM,SIM,NÃO,SIM,NÃO,SIM,SIM,NÃO,SIM,NÃO,NÃO,NÃO,NÃO,SIM,NÃO,NÃO,SIM,SIM,SIM,NÃO,NÃO,NÃO,NÃO,NÃO,NÃO,NÃO,NÃO,NÃO,NÃO,NÃO,NÃO,NÃO,NÃO,NÃO,NÃO,NÃO,NÃO,NÃO,NÃO,NÃO,NÃO,NÃO,NÃO,NÃO,NÃO,,
5/25/2020 13:20:20,2018,23/10/2018,023/18,HGPE,"GOVERNADOR, SENADOR, DEPUTADO ESTADUAL",,RJ,NÃO,,SIM,Sim,SIM,SIM,SIM,SIM,SIM,SIM,SIM,SIM,SIM,SIM,SIM,SIM,NÃO,SIM,SIM,NÃO,SIM,SIM,SIM,NÃO,SIM,SIM,SIM,SIM,SIM,NÃO,SIM,SIM,SIM,NÃO,NÃO,SIM,NÃO,SIM,SIM,NÃO,SIM,NÃO,NÃO,NÃO,NÃO,SIM,NÃO,NÃO,SIM,SIM,SIM,NÃO,NÃO,NÃO,NÃO,NÃO,NÃO,NÃO,NÃO,NÃO,NÃO,NÃO,NÃO,NÃO,NÃO,NÃO,NÃO,NÃO,NÃO,NÃO,NÃO,NÃO,NÃO,NÃO,NÃO,NÃO,NÃO,,
5/25/2020 13:29:13,2018,24/10/2018,024/18,HGPE,"PRESIDENTE, DEPUTADO FEDERAL",,"BRASIL, RJ",NÃO,,SIM,Sim,SIM,SIM,SIM,SIM,SIM,SIM,SIM,SIM,SIM,SIM,SIM,SIM,SIM,SIM,SIM,NÃO,SIM,SIM,SIM,NÃO,NÃO,SIM,SIM,SIM,SIM,NÃO,SIM,SIM,SIM,SIM,NÃO,SIM,NÃO,SIM,SIM,SIM,SIM,NÃO,NÃO,NÃO,NÃO,SIM,NÃO,NÃO,SIM,SIM,SIM,NÃO,NÃO,NÃO,NÃO,NÃO,NÃO,NÃO,NÃO,NÃO,NÃO,NÃO,NÃO,NÃO,NÃO,NÃO,NÃO,NÃO,NÃO,NÃO,NÃO,NÃO,NÃO,NÃO,NÃO,NÃO,NÃO,,
5/25/2020 13:39:32,2018,25/10/2018,025/18,HGPE,"GOVERNADOR, SENADOR, DEPUTADO ESTADUAL",,RJ,NÃO,,SIM,Sim,SIM,SIM,SIM,SIM,SIM,SIM,SIM,SIM,SIM,SIM,SIM,SIM,SIM,SIM,NÃO,NÃO,SIM,SIM,SIM,NÃO,SIM,SIM,SIM,SIM,SIM,NÃO,SIM,SIM,SIM,NÃO,NÃO,SIM,NÃO,SIM,SIM,NÃO,SIM,NÃO,NÃO,NÃO,NÃO,SIM,NÃO,NÃO,SIM,SIM,SIM,NÃO,NÃO,NÃO,NÃO,NÃO,NÃO,NÃO,NÃO,NÃO,NÃO,NÃO,NÃO,NÃO,NÃO,NÃO,NÃO,NÃO,NÃO,NÃO,NÃO,NÃO,NÃO,NÃO,NÃO,NÃO,NÃO,,
5/25/2020 13:46:14,2018,26/10/2018,026/18,HGPE,"PRESIDENTE, DEPUTADO FEDERAL",,"BRASIL, RJ",NÃO,,SIM,Sim,SIM,SIM,SIM,SIM,SIM,SIM,SIM,SIM,SIM,SIM,SIM,SIM,SIM,SIM,SIM,NÃO,SIM,SIM,SIM,NÃO,SIM,SIM,SIM,SIM,SIM,NÃO,SIM,SIM,SIM,SIM,NÃO,SIM,NÃO,SIM,SIM,NÃO,SIM,NÃO,NÃO,NÃO,NÃO,SIM,NÃO,NÃO,SIM,SIM,SIM,NÃO,NÃO,NÃO,NÃO,NÃO,NÃO,NÃO,NÃO,NÃO,NÃO,NÃO,NÃO,NÃO,NÃO,NÃO,NÃO,NÃO,NÃO,NÃO,NÃO,NÃO,NÃO,NÃO,NÃO,NÃO,NÃO,,
5/25/2020 13:53:58,2018,27/10/2018,027/18,HGPE,"GOVERNADOR, SENADOR, DEPUTADO ESTADUAL",,RJ,NÃO,,SIM,Sim,SIM,SIM,SIM,SIM,SIM,SIM,SIM,SIM,SIM,SIM,SIM,SIM,SIM,SIM,SIM,NÃO,SIM,SIM,SIM,NÃO,SIM,SIM,SIM,SIM,SIM,NÃO,SIM,SIM,SIM,NÃO,NÃO,SIM,NÃO,SIM,SIM,NÃO,SIM,NÃO,NÃO,NÃO,NÃO,SIM,NÃO,NÃO,SIM,SIM,SIM,NÃO,NÃO,NÃO,NÃO,NÃO,NÃO,NÃO,NÃO,NÃO,NÃO,NÃO,NÃO,NÃO,NÃO,NÃO,NÃO,NÃO,NÃO,NÃO,NÃO,NÃO,NÃO,NÃO,NÃO,NÃO,NÃO,,
5/25/2020 14:09:50,2018,28/10/2018,028/18,HGPE,"PRESIDENTE, DEPUTADO FEDERAL",,"BRASIL, RJ",NÃO,,SIM,Sim,SIM,SIM,SIM,SIM,SIM,SIM,SIM,SIM,SIM,SIM,SIM,SIM,SIM,SIM,SIM,NÃO,SIM,SIM,SIM,NÃO,NÃO,SIM,SIM,SIM,SIM,NÃO,SIM,SIM,SIM,SIM,NÃO,SIM,NÃO,SIM,SIM,SIM,SIM,NÃO,NÃO,NÃO,NÃO,SIM,NÃO,NÃO,SIM,SIM,SIM,NÃO,NÃO,NÃO,NÃO,NÃO,NÃO,NÃO,NÃO,NÃO,NÃO,NÃO,NÃO,NÃO,NÃO,NÃO,NÃO,NÃO,NÃO,NÃO,NÃO,NÃO,NÃO,NÃO,NÃO,NÃO,NÃO,,
5/25/2020 14:12:24,2018,29/10/2018,029/18,HGPE,"PRESIDENTE, GOVERNADOR",,"BRASIL, RJ",NÃO,,SIM,Sim,SIM,SIM,SIM,SIM,NÃO,NÃO,NÃO,NÃO,NÃO,NÃO,NÃO,NÃO,NÃO,NÃO,NÃO,NÃO,NÃO,NÃO,NÃO,NÃO,NÃO,SIM,SIM,NÃO,NÃO,NÃO,NÃO,NÃO,NÃO,NÃO,NÃO,NÃO,NÃO,NÃO,NÃO,NÃO,SIM,NÃO,NÃO,NÃO,NÃO,NÃO,NÃO,NÃO,NÃO,NÃO,NÃO,NÃO,NÃO,NÃO,NÃO,NÃO,NÃO,NÃO,NÃO,NÃO,NÃO,NÃO,NÃO,NÃO,NÃO,NÃO,NÃO,NÃO,NÃO,NÃO,NÃO,NÃO,NÃO,NÃO,NÃO,NÃO,NÃO,,
5/25/2020 14:14:36,2018,30/10/2018,030/18,HGPE,"PRESIDENTE, GOVERNADOR",,"BRASIL, RJ",NÃO,,SIM,Sim,SIM,SIM,SIM,SIM,NÃO,NÃO,NÃO,NÃO,NÃO,NÃO,NÃO,NÃO,NÃO,NÃO,NÃO,NÃO,NÃO,NÃO,NÃO,NÃO,NÃO,SIM,SIM,NÃO,NÃO,NÃO,NÃO,NÃO,NÃO,NÃO,NÃO,NÃO,NÃO,NÃO,NÃO,NÃO,SIM,NÃO,NÃO,NÃO,NÃO,NÃO,NÃO,NÃO,NÃO,NÃO,NÃO,NÃO,NÃO,NÃO,NÃO,NÃO,NÃO,NÃO,NÃO,NÃO,NÃO,NÃO,NÃO,NÃO,NÃO,NÃO,NÃO,NÃO,NÃO,NÃO,NÃO,NÃO,NÃO,NÃO,NÃO,NÃO,NÃO,,
5/25/2020 14:16:43,2018,31/10/2018,031/18,HGPE,"PRESIDENTE, GOVERNADOR",,"BRASIL, RJ",NÃO,,SIM,Sim,SIM,SIM,SIM,SIM,NÃO,NÃO,NÃO,NÃO,NÃO,NÃO,NÃO,NÃO,NÃO,NÃO,NÃO,NÃO,NÃO,NÃO,NÃO,NÃO,NÃO,SIM,SIM,NÃO,NÃO,NÃO,NÃO,NÃO,NÃO,NÃO,NÃO,NÃO,NÃO,NÃO,NÃO,NÃO,SIM,NÃO,NÃO,NÃO,NÃO,NÃO,NÃO,NÃO,NÃO,NÃO,NÃO,NÃO,NÃO,NÃO,NÃO,NÃO,NÃO,NÃO,NÃO,NÃO,NÃO,NÃO,NÃO,NÃO,NÃO,NÃO,NÃO,NÃO,NÃO,NÃO,NÃO,NÃO,NÃO,NÃO,NÃO,NÃO,NÃO,,
5/25/2020 14:18:59,2018,01/11/2018,032/18,HGPE,"PRESIDENTE, GOVERNADOR",,"BRASIL, RJ",NÃO,,SIM,Sim,SIM,SIM,SIM,SIM,NÃO,NÃO,NÃO,NÃO,NÃO,NÃO,NÃO,NÃO,NÃO,NÃO,NÃO,NÃO,NÃO,NÃO,NÃO,NÃO,NÃO,SIM,SIM,NÃO,NÃO,NÃO,NÃO,NÃO,NÃO,NÃO,NÃO,NÃO,NÃO,NÃO,NÃO,NÃO,SIM,NÃO,NÃO,NÃO,NÃO,NÃO,NÃO,NÃO,NÃO,NÃO,NÃO,NÃO,NÃO,NÃO,NÃO,NÃO,NÃO,NÃO,NÃO,NÃO,NÃO,NÃO,NÃO,NÃO,NÃO,NÃO,NÃO,NÃO,NÃO,NÃO,NÃO,NÃO,NÃO,NÃO,NÃO,NÃO,NÃO,,
5/25/2020 14:20:36,2018,02/11/2018,033/18,HGPE,"PRESIDENTE, GOVERNADOR",,"BRASIL, RJ",NÃO,,SIM,Sim,SIM,SIM,SIM,SIM,NÃO,NÃO,NÃO,NÃO,NÃO,NÃO,NÃO,NÃO,NÃO,NÃO,NÃO,NÃO,NÃO,NÃO,NÃO,NÃO,NÃO,SIM,SIM,NÃO,NÃO,NÃO,NÃO,NÃO,NÃO,NÃO,NÃO,NÃO,NÃO,NÃO,NÃO,NÃO,SIM,NÃO,NÃO,NÃO,NÃO,NÃO,NÃO,NÃO,NÃO,NÃO,NÃO,NÃO,NÃO,NÃO,NÃO,NÃO,NÃO,NÃO,NÃO,NÃO,NÃO,NÃO,NÃO,NÃO,NÃO,NÃO,NÃO,NÃO,NÃO,NÃO,NÃO,NÃO,NÃO,NÃO,NÃO,NÃO,NÃO,,
5/25/2020 14:31:57,2018,03/11/2018,034/18,HGPE,"PRESIDENTE, GOVERNADOR",,"BRASIL, RJ",NÃO,,SIM,Sim,SIM,SIM,SIM,SIM,NÃO,NÃO,NÃO,NÃO,NÃO,NÃO,NÃO,NÃO,NÃO,NÃO,NÃO,NÃO,NÃO,NÃO,NÃO,NÃO,NÃO,SIM,SIM,NÃO,NÃO,NÃO,NÃO,NÃO,NÃO,NÃO,NÃO,NÃO,NÃO,NÃO,NÃO,NÃO,SIM,NÃO,NÃO,NÃO,NÃO,NÃO,NÃO,NÃO,NÃO,NÃO,NÃO,NÃO,NÃO,NÃO,NÃO,NÃO,NÃO,NÃO,NÃO,NÃO,NÃO,NÃO,NÃO,NÃO,NÃO,NÃO,NÃO,NÃO,NÃO,NÃO,NÃO,NÃO,NÃO,NÃO,NÃO,NÃO,NÃO,,
5/25/2020 14:34:53,2018,04/11/2018,035/18,HGPE,"PRESIDENTE, GOVERNADOR",,"BRASIL, RJ",NÃO,,SIM,Sim,SIM,SIM,SIM,SIM,NÃO,NÃO,NÃO,NÃO,NÃO,NÃO,NÃO,NÃO,NÃO,NÃO,NÃO,NÃO,NÃO,NÃO,NÃO,NÃO,NÃO,SIM,SIM,NÃO,NÃO,NÃO,NÃO,NÃO,NÃO,NÃO,NÃO,NÃO,NÃO,NÃO,NÃO,NÃO,SIM,NÃO,NÃO,NÃO,NÃO,NÃO,NÃO,NÃO,NÃO,NÃO,NÃO,NÃO,NÃO,NÃO,NÃO,NÃO,NÃO,NÃO,NÃO,NÃO,NÃO,NÃO,NÃO,NÃO,NÃO,NÃO,NÃO,NÃO,NÃO,NÃO,NÃO,NÃO,NÃO,NÃO,NÃO,NÃO,NÃO,,
5/25/2020 14:36:58,2018,05/11/2018,036/18,HGPE,"PRESIDENTE, GOVERNADOR",,"BRASIL, RJ",NÃO,,SIM,Sim,SIM,SIM,SIM,SIM,NÃO,NÃO,NÃO,NÃO,NÃO,NÃO,NÃO,NÃO,NÃO,NÃO,NÃO,NÃO,NÃO,NÃO,NÃO,NÃO,NÃO,SIM,SIM,NÃO,NÃO,NÃO,NÃO,NÃO,NÃO,NÃO,NÃO,NÃO,NÃO,NÃO,NÃO,NÃO,SIM,NÃO,NÃO,NÃO,NÃO,NÃO,NÃO,NÃO,NÃO,NÃO,NÃO,NÃO,NÃO,NÃO,NÃO,NÃO,NÃO,NÃO,NÃO,NÃO,NÃO,NÃO,NÃO,NÃO,NÃO,NÃO,NÃO,NÃO,NÃO,NÃO,NÃO,NÃO,NÃO,NÃO,NÃO,NÃO,NÃO,,
5/25/2020 14:38:58,2018,06/11/2018,037/18,HGPE,"PRESIDENTE, GOVERNADOR",,"BRASIL, RJ",NÃO,,SIM,Sim,SIM,SIM,SIM,SIM,NÃO,NÃO,NÃO,NÃO,NÃO,NÃO,NÃO,NÃO,NÃO,NÃO,NÃO,NÃO,NÃO,NÃO,NÃO,NÃO,NÃO,SIM,SIM,NÃO,NÃO,NÃO,NÃO,NÃO,NÃO,NÃO,NÃO,NÃO,NÃO,NÃO,NÃO,NÃO,SIM,NÃO,NÃO,NÃO,NÃO,NÃO,NÃO,NÃO,NÃO,NÃO,NÃO,NÃO,NÃO,NÃO,NÃO,NÃO,NÃO,NÃO,NÃO,NÃO,NÃO,NÃO,NÃO,NÃO,NÃO,NÃO,NÃO,NÃO,NÃO,NÃO,NÃO,NÃO,NÃO,NÃO,NÃO,NÃO,NÃO,,
5/25/2020 14:40:44,2018,07/11/2018,038/18,HGPE,"PRESIDENTE, GOVERNADOR",,"BRASIL, RJ",NÃO,,SIM,Sim,SIM,SIM,SIM,SIM,NÃO,NÃO,NÃO,NÃO,NÃO,NÃO,NÃO,NÃO,NÃO,NÃO,NÃO,NÃO,NÃO,NÃO,NÃO,NÃO,NÃO,SIM,SIM,NÃO,NÃO,NÃO,NÃO,NÃO,NÃO,NÃO,NÃO,NÃO,NÃO,NÃO,NÃO,NÃO,SIM,NÃO,NÃO,NÃO,NÃO,NÃO,NÃO,NÃO,NÃO,NÃO,NÃO,NÃO,NÃO,NÃO,NÃO,NÃO,NÃO,NÃO,NÃO,NÃO,NÃO,NÃO,NÃO,NÃO,NÃO,NÃO,NÃO,NÃO,NÃO,NÃO,NÃO,NÃO,NÃO,NÃO,NÃO,NÃO,NÃO,,
5/25/2020 14:42:56,2018,08/11/2018,039/18,HGPE,"PRESIDENTE, GOVERNADOR",,"BRASIL, RJ",NÃO,,SIM,Sim,SIM,SIM,SIM,SIM,NÃO,NÃO,NÃO,NÃO,NÃO,NÃO,NÃO,NÃO,NÃO,NÃO,NÃO,NÃO,NÃO,NÃO,NÃO,NÃO,NÃO,SIM,SIM,NÃO,NÃO,NÃO,NÃO,NÃO,NÃO,NÃO,NÃO,NÃO,NÃO,NÃO,NÃO,NÃO,SIM,NÃO,NÃO,NÃO,NÃO,NÃO,NÃO,NÃO,NÃO,NÃO,NÃO,NÃO,NÃO,NÃO,NÃO,NÃO,NÃO,NÃO,NÃO,NÃO,NÃO,NÃO,NÃO,NÃO,NÃO,NÃO,NÃO,NÃO,NÃO,NÃO,NÃO,NÃO,NÃO,NÃO,NÃO,NÃO,NÃO,,
5/25/2020 14:44:46,2018,09/11/2018,040/18,HGPE,"PRESIDENTE, GOVERNADOR",,"BRASIL, RJ",NÃO,,SIM,Sim,SIM,SIM,SIM,SIM,NÃO,NÃO,NÃO,NÃO,NÃO,NÃO,NÃO,NÃO,NÃO,NÃO,NÃO,NÃO,NÃO,NÃO,NÃO,NÃO,NÃO,SIM,SIM,NÃO,NÃO,NÃO,NÃO,NÃO,NÃO,NÃO,NÃO,NÃO,NÃO,NÃO,NÃO,NÃO,SIM,NÃO,NÃO,NÃO,NÃO,NÃO,NÃO,NÃO,NÃO,NÃO,NÃO,NÃO,NÃO,NÃO,NÃO,NÃO,NÃO,NÃO,NÃO,NÃO,NÃO,NÃO,NÃO,NÃO,NÃO,NÃO,NÃO,NÃO,NÃO,NÃO,NÃO,NÃO,NÃO,NÃO,NÃO,NÃO,NÃO,,
5/25/2020 14:47:41,2018,10/11/2018,041/18,HGPE,"PRESIDENTE, GOVERNADOR",,"BRASIL, RJ",NÃO,,SIM,Sim,SIM,SIM,SIM,SIM,NÃO,NÃO,NÃO,NÃO,NÃO,NÃO,NÃO,NÃO,NÃO,NÃO,NÃO,NÃO,NÃO,NÃO,NÃO,NÃO,NÃO,SIM,SIM,NÃO,NÃO,NÃO,NÃO,NÃO,NÃO,NÃO,NÃO,NÃO,NÃO,NÃO,NÃO,NÃO,SIM,NÃO,NÃO,NÃO,NÃO,NÃO,NÃO,NÃO,NÃO,NÃO,NÃO,NÃO,NÃO,NÃO,NÃO,NÃO,NÃO,NÃO,NÃO,NÃO,NÃO,NÃO,NÃO,NÃO,NÃO,NÃO,NÃO,NÃO,NÃO,NÃO,NÃO,NÃO,NÃO,NÃO,NÃO,NÃO,NÃO,,
6/26/2020 10:38:30,2010,22/08/2020,069/10,HGPE,"PRESIDENTE, DEPUTADO FEDERAL",,"BRASIL, RJ",NÃO,,SIM,Sim,SIM,SIM,SIM,SIM,SIM,SIM,SIM,SIM,SIM,SIM,SIM,SIM,SIM,SIM,SIM,SIM,SIM,SIM,NÃO,SIM,SIM,NÃO,SIM,SIM,SIM,SIM,SIM,SIM,SIM,NÃO,NÃO,NÃO,NÃO,NÃO,NÃO,NÃO,SIM,NÃO,NÃO,NÃO,NÃO,NÃO,NÃO,NÃO,NÃO,NÃO,NÃO,NÃO,SIM,NÃO,NÃO,NÃO,NÃO,NÃO,NÃO,NÃO,NÃO,NÃO,NÃO,NÃO,NÃO,NÃO,NÃO,NÃO,NÃO,NÃO,NÃO,NÃO,NÃO,NÃO,NÃO,NÃO,NÃO,,
6/26/2020 10:57:27,2010,23/08/2010,070/10,HGPE,"PRESIDENTE, DEPUTADO FEDERAL",,"BRASIL, RJ",NÃO,,SIM,Sim,SIM,SIM,SIM,SIM,SIM,SIM,SIM,SIM,SIM,SIM,SIM,SIM,SIM,SIM,SIM,SIM,SIM,SIM,NÃO,SIM,SIM,SIM,SIM,SIM,SIM,SIM,NÃO,SIM,SIM,NÃO,NÃO,NÃO,NÃO,NÃO,NÃO,NÃO,SIM,NÃO,NÃO,NÃO,NÃO,NÃO,NÃO,NÃO,NÃO,NÃO,NÃO,NÃO,SIM,NÃO,NÃO,NÃO,NÃO,NÃO,NÃO,NÃO,NÃO,NÃO,NÃO,NÃO,NÃO,NÃO,NÃO,NÃO,NÃO,NÃO,NÃO,NÃO,NÃO,NÃO,NÃO,NÃO,NÃO,,
6/26/2020 11:03:25,2010,24/08/2010,071/10,HGPE,"GOVERNADOR, SENADOR, DEPUTADO ESTADUAL",,RJ,NÃO,,SIM,Sim,SIM,SIM,SIM,SIM,SIM,SIM,SIM,SIM,SIM,SIM,SIM,SIM,SIM,SIM,SIM,SIM,SIM,SIM,NÃO,SIM,SIM,SIM,SIM,SIM,SIM,NÃO,SIM,SIM,SIM,NÃO,NÃO,NÃO,NÃO,NÃO,NÃO,NÃO,SIM,NÃO,NÃO,NÃO,NÃO,NÃO,NÃO,NÃO,NÃO,NÃO,NÃO,NÃO,SIM,NÃO,NÃO,NÃO,NÃO,NÃO,NÃO,NÃO,NÃO,NÃO,NÃO,NÃO,NÃO,NÃO,NÃO,NÃO,NÃO,NÃO,NÃO,NÃO,NÃO,NÃO,NÃO,NÃO,NÃO,,
6/26/2020 11:06:05,2010,25/08/2010,072/10,TELEJORNAL,PRESIDENTE,O ano é na verdade de 2006,BRASIL,NÃO,,SIM,Sim,SIM,SIM,SIM,SIM,SIM,NÃO,NÃO,NÃO,NÃO,SIM,NÃO,NÃO,NÃO,NÃO,NÃO,NÃO,NÃO,NÃO,NÃO,NÃO,NÃO,NÃO,NÃO,NÃO,NÃO,NÃO,NÃO,NÃO,NÃO,NÃO,NÃO,NÃO,NÃO,NÃO,NÃO,NÃO,NÃO,NÃO,NÃO,SIM,NÃO,NÃO,NÃO,NÃO,NÃO,NÃO,NÃO,NÃO,NÃO,NÃO,NÃO,NÃO,NÃO,NÃO,NÃO,NÃO,NÃO,NÃO,NÃO,NÃO,NÃO,NÃO,NÃO,NÃO,NÃO,NÃO,NÃO,NÃO,NÃO,NÃO,NÃO,NÃO,NÃO,,
6/26/2020 11:09:17,2010,26/08/2010,073/10,TELEJORNAL,PRESIDENTE,O ano é na verdade de 2006,BRASIL,NÃO,,SIM,Sim,SIM,SIM,SIM,SIM,SIM,NÃO,NÃO,NÃO,NÃO,NÃO,NÃO,NÃO,NÃO,NÃO,NÃO,NÃO,NÃO,NÃO,NÃO,NÃO,NÃO,NÃO,NÃO,NÃO,NÃO,NÃO,NÃO,NÃO,NÃO,NÃO,NÃO,NÃO,NÃO,NÃO,NÃO,NÃO,NÃO,NÃO,NÃO,NÃO,NÃO,NÃO,NÃO,NÃO,NÃO,NÃO,NÃO,NÃO,NÃO,NÃO,NÃO,NÃO,NÃO,NÃO,NÃO,NÃO,NÃO,NÃO,NÃO,NÃO,NÃO,NÃO,NÃO,NÃO,NÃO,NÃO,NÃO,NÃO,NÃO,NÃO,NÃO,NÃO,NÃO,,
6/26/2020 11:11:44,2010,27/08/2010,074/10,TELEJORNAL,PRESIDENTE,O ano é na verdade de 2006,BRASIL,NÃO,,SIM,Sim,SIM,SIM,SIM,SIM,SIM,NÃO,NÃO,NÃO,NÃO,NÃO,NÃO,NÃO,NÃO,NÃO,NÃO,NÃO,NÃO,NÃO,NÃO,NÃO,NÃO,NÃO,NÃO,NÃO,NÃO,NÃO,NÃO,NÃO,NÃO,NÃO,NÃO,NÃO,NÃO,NÃO,NÃO,NÃO,NÃO,NÃO,NÃO,NÃO,NÃO,NÃO,NÃO,NÃO,NÃO,NÃO,NÃO,NÃO,NÃO,NÃO,NÃO,NÃO,NÃO,NÃO,NÃO,NÃO,NÃO,NÃO,NÃO,NÃO,NÃO,NÃO,NÃO,NÃO,NÃO,NÃO,NÃO,NÃO,NÃO,NÃO,NÃO,NÃO,NÃO,,
6/26/2020 11:14:10,2010,28/08/2010,075/10,TELEJORNAL,PRESIDENTE,,BRASIL,NÃO,,SIM,Sim,SIM,SIM,SIM,SIM,SIM,SIM,NÃO,NÃO,SIM,NÃO,NÃO,NÃO,NÃO,NÃO,NÃO,NÃO,NÃO,NÃO,NÃO,NÃO,NÃO,NÃO,NÃO,NÃO,NÃO,NÃO,NÃO,NÃO,NÃO,NÃO,NÃO,NÃO,NÃO,NÃO,NÃO,NÃO,NÃO,NÃO,NÃO,NÃO,NÃO,NÃO,NÃO,NÃO,NÃO,NÃO,NÃO,NÃO,NÃO,NÃO,NÃO,NÃO,NÃO,NÃO,NÃO,NÃO,NÃO,NÃO,NÃO,NÃO,NÃO,NÃO,NÃO,NÃO,NÃO,NÃO,NÃO,NÃO,NÃO,NÃO,NÃO,NÃO,NÃO,,
6/26/2020 11:22:13,2010,29/08/2010,076/10,HGPE,"PRESIDENTE, DEPUTADO FEDERAL",,"BRASIL, RJ",NÃO,,SIM,Sim,SIM,SIM,SIM,SIM,SIM,SIM,SIM,SIM,SIM,SIM,SIM,SIM,SIM,SIM,SIM,SIM,SIM,SIM,NÃO,SIM,SIM,SIM,SIM,SIM,SIM,SIM,NÃO,SIM,SIM,NÃO,NÃO,NÃO,NÃO,NÃO,NÃO,NÃO,SIM,NÃO,NÃO,NÃO,NÃO,NÃO,NÃO,NÃO,NÃO,NÃO,NÃO,NÃO,SIM,NÃO,NÃO,NÃO,NÃO,NÃO,NÃO,NÃO,NÃO,NÃO,NÃO,NÃO,NÃO,NÃO,NÃO,NÃO,NÃO,NÃO,NÃO,NÃO,NÃO,NÃO,NÃO,NÃO,NÃO,,
6/26/2020 21:37:20,2010,30/08/2010,077/10,HGPE,"GOVERNADOR, SENADOR, DEPUTADO ESTADUAL",,RJ,NÃO,,SIM,Sim,SIM,SIM,SIM,SIM,SIM,SIM,SIM,SIM,SIM,SIM,SIM,SIM,SIM,SIM,SIM,SIM,SIM,SIM,NÃO,SIM,SIM,SIM,SIM,SIM,NÃO,NÃO,SIM,SIM,SIM,NÃO,NÃO,NÃO,NÃO,NÃO,NÃO,NÃO,SIM,NÃO,NÃO,NÃO,NÃO,NÃO,NÃO,NÃO,NÃO,NÃO,NÃO,NÃO,SIM,NÃO,NÃO,NÃO,NÃO,NÃO,NÃO,NÃO,NÃO,NÃO,NÃO,NÃO,NÃO,NÃO,NÃO,NÃO,NÃO,NÃO,NÃO,NÃO,NÃO,NÃO,NÃO,NÃO,NÃO,,
6/26/2020 21:43:16,2010,01/09/2010,078/10,HGPE,"PRESIDENTE, GOVERNADOR, SENADOR, DEPUTADO ESTADUAL",,"BRASIL, RJ",NÃO,,SIM,Sim,SIM,SIM,SIM,SIM,SIM,SIM,SIM,SIM,SIM,SIM,SIM,SIM,SIM,SIM,SIM,SIM,SIM,NÃO,NÃO,SIM,SIM,SIM,SIM,SIM,SIM,NÃO,SIM,SIM,SIM,NÃO,NÃO,NÃO,NÃO,NÃO,NÃO,NÃO,SIM,NÃO,NÃO,NÃO,NÃO,NÃO,NÃO,NÃO,NÃO,NÃO,NÃO,NÃO,SIM,NÃO,NÃO,NÃO,NÃO,NÃO,NÃO,NÃO,NÃO,NÃO,NÃO,NÃO,NÃO,NÃO,NÃO,NÃO,NÃO,NÃO,NÃO,NÃO,NÃO,NÃO,NÃO,NÃO,NÃO,,
6/26/2020 21:48:17,2010,02/09/2010,079/10,HGPE,"PRESIDENTE, DEPUTADO FEDERAL",,"BRASIL, RJ",NÃO,,SIM,Sim,SIM,SIM,SIM,SIM,SIM,SIM,SIM,SIM,SIM,SIM,SIM,SIM,SIM,SIM,SIM,SIM,SIM,SIM,NÃO,SIM,SIM,SIM,NÃO,SIM,SIM,NÃO,NÃO,SIM,SIM,NÃO,NÃO,NÃO,NÃO,NÃO,NÃO,NÃO,SIM,NÃO,NÃO,NÃO,NÃO,NÃO,NÃO,NÃO,NÃO,NÃO,NÃO,NÃO,SIM,NÃO,NÃO,NÃO,NÃO,NÃO,NÃO,NÃO,NÃO,NÃO,NÃO,NÃO,NÃO,NÃO,NÃO,NÃO,NÃO,NÃO,NÃO,NÃO,NÃO,NÃO,NÃO,NÃO,NÃO,,
6/26/2020 21:54:02,2010,03/09/2010,080/10,HGPE,"GOVERNADOR, SENADOR, DEPUTADO ESTADUAL",,RJ,NÃO,,SIM,Sim,SIM,SIM,SIM,SIM,SIM,SIM,SIM,SIM,SIM,SIM,SIM,SIM,SIM,SIM,SIM,SIM,SIM,SIM,NÃO,SIM,SIM,SIM,SIM,SIM,SIM,NÃO,SIM,SIM,SIM,NÃO,NÃO,NÃO,NÃO,NÃO,NÃO,NÃO,SIM,NÃO,NÃO,NÃO,NÃO,NÃO,NÃO,NÃO,NÃO,NÃO,NÃO,NÃO,SIM,NÃO,NÃO,NÃO,NÃO,NÃO,NÃO,NÃO,NÃO,NÃO,NÃO,NÃO,NÃO,NÃO,NÃO,NÃO,NÃO,NÃO,NÃO,NÃO,NÃO,NÃO,NÃO,NÃO,NÃO,,
6/26/2020 21:59:14,2010,04/09/2010,081/10,HGPE,"GOVERNADOR, SENADOR, DEPUTADO ESTADUAL",,RJ,NÃO,,SIM,Sim,SIM,SIM,SIM,SIM,SIM,SIM,SIM,SIM,SIM,SIM,SIM,SIM,SIM,SIM,SIM,SIM,SIM,SIM,NÃO,SIM,SIM,SIM,SIM,NÃO,SIM,NÃO,SIM,SIM,SIM,NÃO,NÃO,NÃO,NÃO,NÃO,NÃO,NÃO,SIM,NÃO,NÃO,NÃO,NÃO,NÃO,NÃO,NÃO,NÃO,NÃO,NÃO,NÃO,SIM,NÃO,NÃO,NÃO,NÃO,NÃO,NÃO,NÃO,NÃO,NÃO,NÃO,NÃO,NÃO,NÃO,NÃO,NÃO,NÃO,NÃO,NÃO,NÃO,NÃO,NÃO,NÃO,NÃO,NÃO,,
6/26/2020 22:05:23,2010,05/09/2010,082/10,HGPE,"PRESIDENTE, DEPUTADO FEDERAL",,"BRASIL, RJ",NÃO,,SIM,Sim,SIM,SIM,SIM,SIM,SIM,SIM,SIM,SIM,SIM,SIM,SIM,SIM,SIM,SIM,SIM,SIM,SIM,SIM,NÃO,SIM,SIM,NÃO,SIM,SIM,SIM,SIM,SIM,SIM,SIM,NÃO,NÃO,NÃO,NÃO,NÃO,NÃO,NÃO,SIM,NÃO,NÃO,NÃO,NÃO,NÃO,NÃO,NÃO,NÃO,NÃO,NÃO,NÃO,SIM,NÃO,NÃO,NÃO,NÃO,NÃO,NÃO,NÃO,NÃO,NÃO,NÃO,NÃO,NÃO,NÃO,NÃO,NÃO,NÃO,NÃO,NÃO,NÃO,NÃO,NÃO,NÃO,NÃO,NÃO,,
6/26/2020 22:10:02,2010,06/09/2010,083/10,HGPE,"PRESIDENTE, GOVERNADOR, SENADOR, DEPUTADO ESTADUAL",,"BRASIL, RJ",NÃO,,SIM,Sim,SIM,SIM,SIM,SIM,SIM,SIM,SIM,SIM,SIM,SIM,SIM,SIM,SIM,SIM,SIM,SIM,SIM,SIM,NÃO,SIM,SIM,SIM,SIM,NÃO,SIM,NÃO,SIM,SIM,SIM,NÃO,NÃO,NÃO,NÃO,NÃO,NÃO,NÃO,SIM,NÃO,NÃO,NÃO,NÃO,NÃO,NÃO,NÃO,NÃO,NÃO,NÃO,NÃO,SIM,NÃO,NÃO,NÃO,NÃO,NÃO,NÃO,NÃO,NÃO,NÃO,NÃO,NÃO,NÃO,NÃO,NÃO,NÃO,NÃO,NÃO,NÃO,NÃO,NÃO,NÃO,NÃO,NÃO,NÃO,,
6/26/2020 22:14:56,2010,07/09/2010,084/10,HGPE,"GOVERNADOR, SENADOR, DEPUTADO ESTADUAL",,RJ,NÃO,,SIM,Sim,SIM,SIM,SIM,SIM,SIM,SIM,SIM,SIM,SIM,SIM,SIM,SIM,SIM,SIM,SIM,SIM,SIM,SIM,NÃO,SIM,SIM,SIM,SIM,NÃO,SIM,NÃO,SIM,SIM,SIM,NÃO,NÃO,NÃO,NÃO,NÃO,NÃO,NÃO,SIM,NÃO,NÃO,NÃO,NÃO,NÃO,NÃO,NÃO,NÃO,NÃO,NÃO,NÃO,SIM,NÃO,NÃO,NÃO,NÃO,NÃO,NÃO,NÃO,NÃO,NÃO,NÃO,NÃO,NÃO,NÃO,NÃO,NÃO,NÃO,NÃO,NÃO,NÃO,NÃO,NÃO,NÃO,NÃO,NÃO,,
6/26/2020 22:23:32,2010,08/09/2010,085/10,HGPE,"GOVERNADOR, SENADOR, DEPUTADO ESTADUAL",,RJ,NÃO,,SIM,Sim,SIM,SIM,SIM,SIM,SIM,SIM,SIM,SIM,SIM,SIM,SIM,SIM,SIM,SIM,SIM,SIM,SIM,SIM,NÃO,SIM,SIM,SIM,SIM,NÃO,SIM,NÃO,SIM,SIM,SIM,NÃO,NÃO,NÃO,NÃO,NÃO,NÃO,NÃO,SIM,NÃO,NÃO,NÃO,NÃO,NÃO,NÃO,NÃO,NÃO,NÃO,NÃO,NÃO,SIM,NÃO,NÃO,NÃO,NÃO,NÃO,NÃO,NÃO,NÃO,NÃO,NÃO,NÃO,NÃO,NÃO,NÃO,NÃO,NÃO,NÃO,NÃO,NÃO,NÃO,NÃO,NÃO,NÃO,NÃO,,
6/26/2020 22:30:37,2010,09/09/2010,086/10,HGPE,"PRESIDENTE, DEPUTADO FEDERAL",,"BRASIL, RJ",NÃO,,SIM,Sim,SIM,SIM,SIM,SIM,SIM,SIM,SIM,SIM,SIM,SIM,SIM,SIM,SIM,SIM,SIM,SIM,SIM,SIM,NÃO,SIM,SIM,SIM,SIM,SIM,SIM,SIM,NÃO,SIM,SIM,NÃO,NÃO,NÃO,NÃO,NÃO,NÃO,NÃO,SIM,NÃO,NÃO,NÃO,NÃO,NÃO,NÃO,NÃO,NÃO,NÃO,NÃO,NÃO,SIM,NÃO,NÃO,NÃO,NÃO,NÃO,NÃO,NÃO,NÃO,NÃO,NÃO,NÃO,NÃO,NÃO,NÃO,NÃO,NÃO,NÃO,NÃO,NÃO,NÃO,NÃO,NÃO,NÃO,NÃO,,
6/26/2020 22:39:48,2010,10/09/2010,087/10,HGPE,"GOVERNADOR, SENADOR, DEPUTADO ESTADUAL",,RJ,NÃO,,SIM,Sim,SIM,SIM,SIM,SIM,SIM,SIM,SIM,SIM,SIM,SIM,SIM,SIM,SIM,SIM,SIM,SIM,SIM,SIM,NÃO,SIM,SIM,SIM,SIM,NÃO,SIM,NÃO,SIM,SIM,SIM,NÃO,NÃO,NÃO,NÃO,NÃO,NÃO,NÃO,SIM,NÃO,NÃO,NÃO,NÃO,NÃO,NÃO,NÃO,NÃO,NÃO,NÃO,NÃO,SIM,NÃO,NÃO,NÃO,NÃO,NÃO,NÃO,NÃO,NÃO,NÃO,NÃO,NÃO,NÃO,NÃO,NÃO,NÃO,NÃO,NÃO,NÃO,NÃO,NÃO,NÃO,NÃO,NÃO,NÃO,,
6/26/2020 23:19:38,2010,11/09/2010,088/10,HGPE,"GOVERNADOR, SENADOR, DEPUTADO ESTADUAL",,RJ,NÃO,,SIM,Sim,SIM,SIM,SIM,SIM,SIM,SIM,SIM,SIM,SIM,SIM,SIM,SIM,SIM,SIM,SIM,SIM,SIM,SIM,NÃO,NÃO,SIM,SIM,SIM,NÃO,SIM,NÃO,SIM,SIM,SIM,NÃO,NÃO,NÃO,NÃO,NÃO,NÃO,NÃO,SIM,NÃO,NÃO,NÃO,NÃO,NÃO,NÃO,NÃO,NÃO,NÃO,NÃO,NÃO,SIM,NÃO,NÃO,NÃO,NÃO,NÃO,NÃO,NÃO,NÃO,NÃO,NÃO,NÃO,NÃO,NÃO,NÃO,NÃO,NÃO,NÃO,NÃO,NÃO,NÃO,NÃO,NÃO,NÃO,NÃO,,
6/26/2020 23:26:16,2010,12/09/2010,089/10,HGPE,"PRESIDENTE, DEPUTADO FEDERAL",,"BRASIL, RJ",NÃO,,SIM,Sim,SIM,SIM,SIM,SIM,SIM,SIM,SIM,SIM,SIM,SIM,SIM,SIM,SIM,SIM,SIM,SIM,SIM,SIM,NÃO,SIM,SIM,SIM,NÃO,SIM,SIM,SIM,NÃO,SIM,SIM,NÃO,NÃO,NÃO,NÃO,NÃO,NÃO,NÃO,SIM,NÃO,NÃO,NÃO,NÃO,NÃO,NÃO,NÃO,NÃO,NÃO,NÃO,NÃO,SIM,NÃO,NÃO,NÃO,NÃO,NÃO,NÃO,NÃO,NÃO,NÃO,NÃO,NÃO,NÃO,NÃO,NÃO,NÃO,NÃO,NÃO,NÃO,NÃO,NÃO,NÃO,NÃO,NÃO,NÃO,,
6/26/2020 23:28:43,2010,13/09/2010,090/10,OUTRO,,"É apenas o programa da MTV, não há partidos",,NÃO,,SIM,Sim,SIM,SIM,SIM,NÃO,NÃO,NÃO,NÃO,NÃO,NÃO,NÃO,NÃO,NÃO,NÃO,NÃO,NÃO,NÃO,NÃO,NÃO,NÃO,NÃO,NÃO,NÃO,NÃO,NÃO,NÃO,NÃO,NÃO,NÃO,NÃO,NÃO,NÃO,NÃO,NÃO,NÃO,NÃO,NÃO,NÃO,NÃO,NÃO,NÃO,NÃO,NÃO,NÃO,NÃO,NÃO,NÃO,NÃO,NÃO,NÃO,NÃO,NÃO,NÃO,NÃO,NÃO,NÃO,NÃO,NÃO,NÃO,NÃO,NÃO,NÃO,NÃO,NÃO,NÃO,NÃO,NÃO,NÃO,NÃO,NÃO,NÃO,NÃO,NÃO,NÃO,,
6/26/2020 23:33:19,2010,14/09/2010,091/10,HGPE,PRESIDENTE,,BRASIL,NÃO,,SIM,Sim,SIM,SIM,SIM,SIM,SIM,NÃO,NÃO,NÃO,NÃO,NÃO,NÃO,NÃO,SIM,SIM,NÃO,SIM,SIM,SIM,NÃO,NÃO,NÃO,NÃO,NÃO,SIM,NÃO,SIM,NÃO,NÃO,NÃO,NÃO,NÃO,NÃO,NÃO,NÃO,NÃO,NÃO,NÃO,NÃO,NÃO,NÃO,NÃO,NÃO,NÃO,NÃO,NÃO,NÃO,NÃO,NÃO,NÃO,NÃO,NÃO,NÃO,NÃO,NÃO,NÃO,NÃO,NÃO,NÃO,NÃO,NÃO,NÃO,NÃO,NÃO,NÃO,NÃO,NÃO,NÃO,NÃO,NÃO,NÃO,NÃO,NÃO,NÃO,,
6/26/2020 23:37:54,2010,15/09/2010,092/10,HGPE,DEPUTADO ESTADUAL,,RJ,NÃO,,SIM,Sim,SIM,SIM,SIM,SIM,NÃO,NÃO,NÃO,NÃO,NÃO,NÃO,NÃO,NÃO,NÃO,NÃO,NÃO,NÃO,NÃO,NÃO,NÃO,NÃO,NÃO,NÃO,NÃO,NÃO,NÃO,NÃO,NÃO,NÃO,NÃO,NÃO,NÃO,NÃO,NÃO,NÃO,NÃO,NÃO,NÃO,NÃO,NÃO,NÃO,NÃO,NÃO,NÃO,NÃO,NÃO,NÃO,NÃO,NÃO,NÃO,NÃO,NÃO,NÃO,NÃO,NÃO,NÃO,NÃO,NÃO,NÃO,NÃO,NÃO,NÃO,NÃO,NÃO,NÃO,NÃO,NÃO,NÃO,NÃO,NÃO,NÃO,NÃO,NÃO,NÃO,,
6/26/2020 23:44:08,2010,16/09/2010,093/10,HGPE,"GOVERNADOR, SENADOR, DEPUTADO ESTADUAL",,RJ,NÃO,,SIM,Sim,SIM,SIM,SIM,SIM,SIM,SIM,SIM,SIM,SIM,SIM,SIM,SIM,SIM,SIM,SIM,SIM,SIM,NÃO,NÃO,SIM,SIM,SIM,SIM,NÃO,SIM,NÃO,SIM,NÃO,SIM,NÃO,NÃO,NÃO,NÃO,NÃO,NÃO,NÃO,SIM,NÃO,NÃO,NÃO,NÃO,NÃO,NÃO,NÃO,NÃO,NÃO,NÃO,NÃO,SIM,NÃO,NÃO,NÃO,NÃO,NÃO,NÃO,NÃO,NÃO,NÃO,NÃO,NÃO,NÃO,NÃO,NÃO,NÃO,NÃO,NÃO,NÃO,NÃO,NÃO,NÃO,NÃO,NÃO,NÃO,,
6/26/2020 23:50:51,2010,17/09/2010,094/10,HGPE,"PRESIDENTE, DEPUTADO FEDERAL",,"BRASIL, RJ",NÃO,,SIM,Sim,SIM,SIM,SIM,SIM,SIM,SIM,SIM,SIM,SIM,SIM,SIM,SIM,SIM,SIM,SIM,SIM,SIM,SIM,NÃO,SIM,SIM,NÃO,SIM,SIM,SIM,SIM,NÃO,SIM,SIM,NÃO,NÃO,NÃO,NÃO,NÃO,NÃO,NÃO,SIM,NÃO,NÃO,NÃO,NÃO,NÃO,NÃO,NÃO,NÃO,NÃO,NÃO,NÃO,SIM,NÃO,NÃO,NÃO,NÃO,NÃO,NÃO,NÃO,NÃO,NÃO,NÃO,NÃO,NÃO,NÃO,NÃO,NÃO,NÃO,NÃO,NÃO,NÃO,NÃO,NÃO,NÃO,NÃO,NÃO,,
6/26/2020 23:58:30,2010,18/09/2010,095/10,HGPE,"GOVERNADOR, SENADOR, DEPUTADO ESTADUAL",,RJ,NÃO,,SIM,Sim,SIM,SIM,SIM,SIM,SIM,SIM,SIM,SIM,SIM,SIM,SIM,SIM,SIM,SIM,SIM,SIM,SIM,SIM,NÃO,SIM,SIM,SIM,SIM,SIM,SIM,NÃO,SIM,SIM,SIM,NÃO,NÃO,NÃO,NÃO,NÃO,NÃO,NÃO,SIM,NÃO,NÃO,NÃO,NÃO,NÃO,NÃO,NÃO,NÃO,NÃO,NÃO,NÃO,SIM,NÃO,NÃO,NÃO,NÃO,NÃO,NÃO,NÃO,NÃO,NÃO,NÃO,NÃO,NÃO,NÃO,NÃO,NÃO,NÃO,NÃO,NÃO,NÃO,NÃO,NÃO,NÃO,NÃO,NÃO,,
6/27/2020 0:10:55,2010,19/09/2010,096/10,HGPE,"GOVERNADOR, SENADOR, DEPUTADO ESTADUAL",,RJ,NÃO,,SIM,Sim,SIM,SIM,SIM,SIM,SIM,SIM,SIM,SIM,SIM,SIM,SIM,SIM,SIM,SIM,SIM,SIM,SIM,SIM,NÃO,SIM,SIM,SIM,SIM,SIM,SIM,NÃO,SIM,SIM,SIM,NÃO,NÃO,NÃO,NÃO,NÃO,NÃO,NÃO,SIM,NÃO,NÃO,NÃO,NÃO,NÃO,NÃO,NÃO,NÃO,NÃO,NÃO,NÃO,SIM,NÃO,NÃO,NÃO,NÃO,NÃO,NÃO,NÃO,NÃO,NÃO,NÃO,NÃO,NÃO,NÃO,NÃO,NÃO,NÃO,NÃO,NÃO,NÃO,NÃO,NÃO,NÃO,NÃO,NÃO,,
6/27/2020 0:17:22,2010,20/09/2010,098/10,HGPE,PRESIDENTE,,BRASIL,NÃO,,SIM,Sim,SIM,SIM,SIM,SIM,SIM,SIM,SIM,SIM,SIM,SIM,SIM,SIM,SIM,SIM,SIM,SIM,SIM,SIM,NÃO,NÃO,NÃO,NÃO,SIM,SIM,SIM,SIM,NÃO,SIM,SIM,NÃO,NÃO,NÃO,NÃO,NÃO,NÃO,NÃO,SIM,NÃO,NÃO,NÃO,NÃO,NÃO,NÃO,NÃO,NÃO,NÃO,NÃO,NÃO,SIM,NÃO,NÃO,NÃO,NÃO,NÃO,NÃO,NÃO,NÃO,NÃO,NÃO,NÃO,NÃO,NÃO,NÃO,NÃO,NÃO,NÃO,NÃO,NÃO,NÃO,NÃO,NÃO,NÃO,NÃO,,
6/27/2020 0:19:51,2010,21/09/2010,099/10,HGPE,,A gravação tem apenas 35 segundos (incompleto),,NÃO,,SIM,Sim,SIM,SIM,SIM,NÃO,NÃO,NÃO,NÃO,NÃO,NÃO,NÃO,NÃO,NÃO,NÃO,NÃO,NÃO,NÃO,NÃO,NÃO,NÃO,NÃO,NÃO,NÃO,NÃO,NÃO,NÃO,NÃO,NÃO,NÃO,NÃO,NÃO,NÃO,NÃO,NÃO,NÃO,NÃO,NÃO,NÃO,NÃO,NÃO,NÃO,NÃO,NÃO,NÃO,NÃO,NÃO,NÃO,NÃO,NÃO,NÃO,NÃO,NÃO,NÃO,NÃO,NÃO,NÃO,NÃO,NÃO,NÃO,NÃO,NÃO,NÃO,NÃO,NÃO,NÃO,NÃO,NÃO,NÃO,NÃO,NÃO,NÃO,NÃO,NÃO,NÃO,,
6/27/2020 0:26:11,2010,22/09/2010,100/10,HGPE,"PRESIDENTE, DEPUTADO FEDERAL",,"BRASIL, PR",NÃO,,SIM,Sim,SIM,SIM,SIM,SIM,SIM,NÃO,NÃO,NÃO,NÃO,NÃO,SIM,SIM,SIM,SIM,SIM,SIM,SIM,SIM,NÃO,SIM,NÃO,NÃO,NÃO,SIM,NÃO,NÃO,NÃO,NÃO,NÃO,NÃO,NÃO,NÃO,NÃO,NÃO,NÃO,NÃO,SIM,NÃO,NÃO,NÃO,NÃO,NÃO,NÃO,NÃO,NÃO,NÃO,NÃO,NÃO,SIM,NÃO,NÃO,NÃO,NÃO,NÃO,NÃO,NÃO,NÃO,NÃO,NÃO,NÃO,NÃO,NÃO,NÃO,NÃO,NÃO,NÃO,NÃO,NÃO,NÃO,NÃO,NÃO,NÃO,NÃO,,
6/27/2020 0:29:39,2010,23/09/2010,101/10,HGPE,GOVERNADOR,,PR,NÃO,,SIM,Sim,SIM,SIM,SIM,NÃO,SIM,SIM,NÃO,NÃO,NÃO,NÃO,NÃO,NÃO,NÃO,NÃO,NÃO,SIM,NÃO,SIM,NÃO,NÃO,NÃO,NÃO,NÃO,NÃO,NÃO,NÃO,NÃO,NÃO,NÃO,NÃO,NÃO,NÃO,NÃO,NÃO,NÃO,NÃO,NÃO,NÃO,NÃO,NÃO,NÃO,NÃO,NÃO,NÃO,NÃO,NÃO,NÃO,NÃO,NÃO,NÃO,NÃO,NÃO,NÃO,NÃO,NÃO,NÃO,NÃO,NÃO,NÃO,NÃO,NÃO,NÃO,NÃO,NÃO,NÃO,NÃO,NÃO,NÃO,NÃO,NÃO,NÃO,NÃO,NÃO,,
6/27/2020 0:35:25,2010,24/09/2010,102/10,HGPE,"PRESIDENTE, DEPUTADO FEDERAL",A gravação apresenta alguns ruídos e baixa qualidade,"BRASIL, PR",NÃO,,SIM,Sim,SIM,SIM,SIM,SIM,SIM,SIM,SIM,SIM,SIM,SIM,SIM,SIM,SIM,SIM,SIM,SIM,SIM,SIM,NÃO,NÃO,SIM,SIM,SIM,SIM,SIM,SIM,NÃO,SIM,SIM,NÃO,NÃO,NÃO,NÃO,NÃO,NÃO,NÃO,SIM,NÃO,NÃO,NÃO,NÃO,NÃO,NÃO,NÃO,NÃO,NÃO,NÃO,NÃO,SIM,NÃO,NÃO,NÃO,NÃO,NÃO,NÃO,NÃO,NÃO,NÃO,NÃO,NÃO,NÃO,NÃO,NÃO,NÃO,NÃO,NÃO,NÃO,NÃO,NÃO,NÃO,NÃO,NÃO,NÃO,,
6/27/2020 0:37:51,2010,25/09/2010,103/10,TELEJORNAL,PRESIDENTE,A gravação tem apenas 2:57 (incompleta),BRASIL,NÃO,,SIM,Sim,SIM,SIM,SIM,SIM,SIM,NÃO,NÃO,NÃO,NÃO,NÃO,NÃO,NÃO,NÃO,SIM,NÃO,NÃO,NÃO,NÃO,NÃO,NÃO,NÃO,NÃO,NÃO,NÃO,NÃO,NÃO,NÃO,NÃO,NÃO,NÃO,NÃO,NÃO,NÃO,NÃO,NÃO,NÃO,NÃO,NÃO,NÃO,NÃO,NÃO,NÃO,NÃO,NÃO,NÃO,NÃO,NÃO,NÃO,NÃO,NÃO,NÃO,NÃO,NÃO,NÃO,NÃO,NÃO,NÃO,NÃO,NÃO,NÃO,NÃO,NÃO,NÃO,NÃO,NÃO,NÃO,NÃO,NÃO,NÃO,NÃO,NÃO,NÃO,NÃO,,
6/27/2020 0:40:15,2010,26/09/2010,104/10,TELEJORNAL,,A gravação tem apenas 6:26 (incompleta),,NÃO,,SIM,Sim,SIM,SIM,SIM,NÃO,NÃO,NÃO,NÃO,NÃO,NÃO,NÃO,NÃO,NÃO,NÃO,NÃO,NÃO,NÃO,NÃO,NÃO,NÃO,NÃO,NÃO,NÃO,NÃO,NÃO,NÃO,NÃO,NÃO,NÃO,NÃO,NÃO,NÃO,NÃO,NÃO,NÃO,NÃO,NÃO,NÃO,NÃO,NÃO,NÃO,NÃO,NÃO,NÃO,NÃO,NÃO,NÃO,NÃO,NÃO,NÃO,NÃO,NÃO,NÃO,NÃO,NÃO,NÃO,NÃO,NÃO,NÃO,NÃO,NÃO,NÃO,NÃO,NÃO,NÃO,NÃO,NÃO,NÃO,NÃO,NÃO,NÃO,NÃO,NÃO,NÃO,,
6/27/2020 0:45:10,2010,27/09/2010,105/10,HGPE,"PRESIDENTE, GOVERNADOR, SENADOR, DEPUTADO ESTADUAL",,"BRASIL, PR",NÃO,,SIM,Sim,SIM,SIM,SIM,SIM,SIM,SIM,SIM,SIM,SIM,SIM,SIM,SIM,SIM,SIM,SIM,SIM,SIM,SIM,NÃO,SIM,SIM,SIM,SIM,SIM,SIM,NÃO,SIM,NÃO,SIM,NÃO,NÃO,NÃO,NÃO,NÃO,NÃO,NÃO,SIM,NÃO,NÃO,NÃO,NÃO,NÃO,NÃO,NÃO,NÃO,NÃO,NÃO,NÃO,SIM,NÃO,NÃO,NÃO,NÃO,NÃO,NÃO,NÃO,NÃO,NÃO,NÃO,NÃO,NÃO,NÃO,NÃO,NÃO,NÃO,NÃO,NÃO,NÃO,NÃO,NÃO,NÃO,NÃO,NÃO,,
6/27/2020 0:50:18,2010,28/09/2010,106/10,HGPE,"PRESIDENTE, DEPUTADO FEDERAL",,"BRASIL, PR",NÃO,,SIM,Sim,SIM,SIM,SIM,SIM,SIM,SIM,SIM,SIM,SIM,SIM,SIM,SIM,SIM,SIM,SIM,SIM,SIM,SIM,NÃO,SIM,SIM,NÃO,SIM,SIM,SIM,SIM,NÃO,SIM,SIM,NÃO,NÃO,NÃO,NÃO,NÃO,NÃO,NÃO,SIM,NÃO,NÃO,NÃO,NÃO,NÃO,NÃO,NÃO,NÃO,NÃO,NÃO,NÃO,SIM,NÃO,NÃO,NÃO,NÃO,NÃO,NÃO,NÃO,NÃO,NÃO,NÃO,NÃO,NÃO,NÃO,NÃO,NÃO,NÃO,NÃO,NÃO,NÃO,NÃO,NÃO,NÃO,NÃO,NÃO,,
7/3/2020 11:27:45,2010,29/09/2010,107/10,HGPE,"PRESIDENTE, GOVERNADOR, SENADOR, DEPUTADO ESTADUAL",,"BRASIL, PR",NÃO,,SIM,Sim,SIM,SIM,SIM,SIM,SIM,SIM,SIM,SIM,SIM,SIM,SIM,SIM,SIM,SIM,SIM,SIM,SIM,SIM,NÃO,SIM,SIM,SIM,SIM,NÃO,SIM,NÃO,SIM,SIM,NÃO,NÃO,NÃO,NÃO,NÃO,NÃO,NÃO,NÃO,SIM,NÃO,NÃO,NÃO,NÃO,NÃO,NÃO,NÃO,NÃO,NÃO,NÃO,NÃO,SIM,NÃO,NÃO,NÃO,NÃO,NÃO,NÃO,NÃO,NÃO,NÃO,NÃO,NÃO,NÃO,NÃO,NÃO,NÃO,NÃO,NÃO,NÃO,NÃO,NÃO,NÃO,NÃO,NÃO,NÃO,,
7/3/2020 11:30:07,2010,30/09/2010,108/10,HGPE,,A gravação tem apenas 1:12,,NÃO,,SIM,Não,SIM,SIM,SIM,NÃO,NÃO,NÃO,NÃO,NÃO,NÃO,NÃO,NÃO,NÃO,NÃO,NÃO,NÃO,NÃO,NÃO,NÃO,NÃO,NÃO,NÃO,NÃO,NÃO,NÃO,NÃO,NÃO,NÃO,NÃO,NÃO,NÃO,NÃO,NÃO,NÃO,NÃO,NÃO,NÃO,NÃO,NÃO,NÃO,NÃO,NÃO,NÃO,NÃO,NÃO,NÃO,NÃO,NÃO,NÃO,NÃO,NÃO,NÃO,NÃO,NÃO,NÃO,NÃO,NÃO,NÃO,NÃO,NÃO,NÃO,NÃO,NÃO,NÃO,NÃO,NÃO,NÃO,NÃO,NÃO,NÃO,NÃO,NÃO,NÃO,NÃO,,
7/3/2020 11:32:32,2010,01/10/2010,109/10,TELEJORNAL,,A gravação tem apenas 4:11,,NÃO,,SIM,Não,SIM,SIM,SIM,NÃO,NÃO,NÃO,NÃO,NÃO,NÃO,NÃO,NÃO,NÃO,NÃO,NÃO,NÃO,NÃO,NÃO,NÃO,NÃO,NÃO,NÃO,NÃO,NÃO,NÃO,NÃO,NÃO,NÃO,NÃO,NÃO,NÃO,NÃO,NÃO,NÃO,NÃO,NÃO,NÃO,NÃO,NÃO,NÃO,NÃO,NÃO,NÃO,NÃO,NÃO,NÃO,NÃO,NÃO,NÃO,NÃO,NÃO,NÃO,NÃO,NÃO,NÃO,NÃO,NÃO,NÃO,NÃO,NÃO,NÃO,NÃO,NÃO,NÃO,NÃO,NÃO,NÃO,NÃO,NÃO,NÃO,NÃO,NÃO,NÃO,NÃO,,
7/3/2020 11:36:06,2010,02/10/2010,110/10,TELEJORNAL,,A gravação tem apenas 1:07 ,,NÃO,,SIM,Não,SIM,SIM,SIM,NÃO,NÃO,NÃO,NÃO,NÃO,NÃO,NÃO,NÃO,NÃO,NÃO,NÃO,NÃO,NÃO,NÃO,NÃO,NÃO,NÃO,NÃO,NÃO,NÃO,NÃO,NÃO,NÃO,NÃO,NÃO,NÃO,NÃO,NÃO,NÃO,NÃO,NÃO,NÃO,NÃO,NÃO,NÃO,NÃO,NÃO,NÃO,NÃO,NÃO,NÃO,NÃO,NÃO,NÃO,NÃO,NÃO,NÃO,NÃO,NÃO,NÃO,NÃO,NÃO,NÃO,NÃO,NÃO,NÃO,NÃO,NÃO,NÃO,NÃO,NÃO,NÃO,NÃO,NÃO,NÃO,NÃO,NÃO,NÃO,NÃO,NÃO,,
7/3/2020 11:41:52,2010,03/10/2010,111/10,HGPE,"GOVERNADOR, SENADOR, DEPUTADO ESTADUAL",,PR,NÃO,,SIM,Sim,SIM,SIM,SIM,SIM,SIM,SIM,SIM,SIM,SIM,SIM,SIM,SIM,SIM,SIM,SIM,SIM,SIM,SIM,NÃO,SIM,SIM,SIM,SIM,SIM,SIM,NÃO,SIM,SIM,SIM,NÃO,NÃO,NÃO,NÃO,NÃO,NÃO,NÃO,SIM,NÃO,NÃO,NÃO,NÃO,NÃO,NÃO,NÃO,NÃO,NÃO,NÃO,NÃO,SIM,NÃO,NÃO,NÃO,NÃO,NÃO,NÃO,NÃO,NÃO,NÃO,NÃO,NÃO,NÃO,NÃO,NÃO,NÃO,NÃO,NÃO,NÃO,NÃO,NÃO,NÃO,NÃO,NÃO,NÃO,,
7/3/2020 11:46:23,2010,04/10/2010,112/10,HGPE,"PRESIDENTE, GOVERNADOR, DEPUTADO ESTADUAL",,"BRASIL, PR",NÃO,,SIM,Sim,SIM,SIM,SIM,SIM,SIM,SIM,SIM,NÃO,SIM,NÃO,NÃO,SIM,SIM,SIM,NÃO,NÃO,SIM,SIM,NÃO,NÃO,NÃO,NÃO,SIM,SIM,NÃO,SIM,NÃO,NÃO,NÃO,NÃO,NÃO,NÃO,NÃO,NÃO,NÃO,NÃO,NÃO,NÃO,NÃO,NÃO,NÃO,NÃO,NÃO,NÃO,NÃO,NÃO,NÃO,NÃO,NÃO,NÃO,NÃO,NÃO,NÃO,NÃO,NÃO,NÃO,NÃO,NÃO,NÃO,NÃO,NÃO,NÃO,NÃO,NÃO,NÃO,NÃO,NÃO,NÃO,NÃO,NÃO,NÃO,NÃO,NÃO,,
7/3/2020 11:49:00,2010,05/10/2010,117/10,HGPE,GOVERNADOR,A gravação tem apenas 6:00,PR,NÃO,,SIM,Não,SIM,SIM,SIM,NÃO,NÃO,NÃO,NÃO,NÃO,NÃO,NÃO,NÃO,NÃO,SIM,NÃO,NÃO,NÃO,SIM,NÃO,NÃO,NÃO,NÃO,NÃO,NÃO,NÃO,NÃO,NÃO,NÃO,NÃO,NÃO,NÃO,NÃO,NÃO,NÃO,NÃO,NÃO,NÃO,NÃO,NÃO,NÃO,NÃO,NÃO,NÃO,NÃO,NÃO,NÃO,NÃO,NÃO,NÃO,NÃO,NÃO,NÃO,NÃO,NÃO,NÃO,NÃO,NÃO,NÃO,NÃO,NÃO,NÃO,NÃO,NÃO,NÃO,NÃO,NÃO,NÃO,NÃO,NÃO,NÃO,NÃO,NÃO,NÃO,NÃO,,
7/3/2020 11:54:53,2010,06/10/2010,118/10,HGPE,"PRESIDENTE, DEPUTADO FEDERAL",,"BRASIL, PR",NÃO,,SIM,Sim,SIM,SIM,SIM,SIM,SIM,NÃO,NÃO,NÃO,NÃO,SIM,SIM,NÃO,SIM,SIM,NÃO,SIM,SIM,SIM,NÃO,NÃO,NÃO,NÃO,NÃO,SIM,NÃO,SIM,NÃO,NÃO,NÃO,NÃO,NÃO,NÃO,NÃO,NÃO,NÃO,NÃO,SIM,NÃO,NÃO,NÃO,NÃO,NÃO,NÃO,NÃO,NÃO,NÃO,NÃO,NÃO,NÃO,NÃO,NÃO,NÃO,NÃO,NÃO,NÃO,NÃO,NÃO,NÃO,NÃO,NÃO,NÃO,NÃO,NÃO,NÃO,NÃO,NÃO,NÃO,NÃO,NÃO,NÃO,NÃO,NÃO,NÃO,,
7/3/2020 11:59:49,2010,07/10/2010,119/10,HGPE,"GOVERNADOR, SENADOR, DEPUTADO ESTADUAL",,PR,NÃO,,SIM,Sim,SIM,SIM,SIM,SIM,SIM,SIM,SIM,SIM,SIM,SIM,SIM,SIM,SIM,SIM,SIM,SIM,SIM,SIM,NÃO,SIM,SIM,SIM,SIM,NÃO,SIM,NÃO,SIM,SIM,SIM,NÃO,NÃO,NÃO,NÃO,NÃO,NÃO,NÃO,SIM,NÃO,NÃO,NÃO,NÃO,NÃO,NÃO,NÃO,NÃO,NÃO,NÃO,NÃO,SIM,NÃO,NÃO,NÃO,NÃO,NÃO,NÃO,NÃO,NÃO,NÃO,NÃO,NÃO,NÃO,NÃO,NÃO,NÃO,NÃO,NÃO,NÃO,NÃO,NÃO,NÃO,NÃO,NÃO,NÃO,,
7/3/2020 12:02:27,2010,08/10/2010,120/10,HGPE,PRESIDENTE,A gravação tem apenas 0:56,BRASIL,NÃO,,SIM,Não,SIM,SIM,SIM,NÃO,NÃO,NÃO,NÃO,NÃO,NÃO,NÃO,NÃO,NÃO,NÃO,NÃO,NÃO,SIM,NÃO,NÃO,NÃO,NÃO,NÃO,NÃO,NÃO,NÃO,NÃO,NÃO,NÃO,NÃO,NÃO,NÃO,NÃO,NÃO,NÃO,NÃO,NÃO,NÃO,NÃO,NÃO,NÃO,NÃO,NÃO,NÃO,NÃO,NÃO,NÃO,NÃO,NÃO,NÃO,NÃO,NÃO,NÃO,NÃO,NÃO,NÃO,NÃO,NÃO,NÃO,NÃO,NÃO,NÃO,NÃO,NÃO,NÃO,NÃO,NÃO,NÃO,NÃO,NÃO,NÃO,NÃO,NÃO,NÃO,NÃO,,
7/3/2020 12:04:28,2010,09/10/2010,121/10,HGPE,GOVERNADOR,A gravação tem apenas 2:34,PR,NÃO,,SIM,Não,SIM,SIM,SIM,NÃO,NÃO,SIM,NÃO,NÃO,NÃO,NÃO,NÃO,NÃO,NÃO,NÃO,NÃO,NÃO,NÃO,NÃO,NÃO,NÃO,NÃO,NÃO,NÃO,NÃO,NÃO,NÃO,NÃO,NÃO,NÃO,NÃO,NÃO,NÃO,NÃO,NÃO,NÃO,NÃO,NÃO,NÃO,NÃO,NÃO,NÃO,NÃO,NÃO,NÃO,NÃO,NÃO,NÃO,NÃO,NÃO,NÃO,NÃO,NÃO,NÃO,NÃO,NÃO,NÃO,NÃO,NÃO,NÃO,NÃO,NÃO,NÃO,NÃO,NÃO,NÃO,NÃO,NÃO,NÃO,NÃO,NÃO,NÃO,NÃO,NÃO,,
7/3/2020 12:06:35,2010,10/10/2010,122/10,TELEJORNAL,,A gravação tem apenas 3:39,,NÃO,,SIM,Não,SIM,SIM,SIM,NÃO,NÃO,NÃO,NÃO,NÃO,NÃO,NÃO,NÃO,NÃO,NÃO,NÃO,NÃO,NÃO,NÃO,NÃO,NÃO,NÃO,NÃO,NÃO,NÃO,NÃO,NÃO,NÃO,NÃO,NÃO,NÃO,NÃO,NÃO,NÃO,NÃO,NÃO,NÃO,NÃO,NÃO,NÃO,NÃO,NÃO,NÃO,NÃO,NÃO,NÃO,NÃO,NÃO,NÃO,NÃO,NÃO,NÃO,NÃO,NÃO,NÃO,NÃO,NÃO,NÃO,NÃO,NÃO,NÃO,NÃO,NÃO,NÃO,NÃO,NÃO,NÃO,NÃO,NÃO,NÃO,NÃO,NÃO,NÃO,NÃO,NÃO,,
7/3/2020 12:11:46,2010,11/10/2010,123/10,HGPE,"GOVERNADOR, SENADOR, DEPUTADO ESTADUAL",,PR,NÃO,,SIM,Sim,SIM,SIM,SIM,SIM,SIM,SIM,SIM,SIM,SIM,SIM,SIM,SIM,SIM,SIM,SIM,SIM,SIM,SIM,NÃO,SIM,SIM,SIM,SIM,NÃO,SIM,NÃO,SIM,SIM,SIM,NÃO,NÃO,NÃO,NÃO,NÃO,NÃO,NÃO,SIM,NÃO,NÃO,NÃO,NÃO,NÃO,NÃO,NÃO,NÃO,NÃO,NÃO,NÃO,SIM,NÃO,NÃO,NÃO,NÃO,NÃO,NÃO,NÃO,NÃO,NÃO,NÃO,NÃO,NÃO,NÃO,NÃO,NÃO,NÃO,NÃO,NÃO,NÃO,NÃO,NÃO,NÃO,NÃO,NÃO,,
7/3/2020 12:16:07,2010,11/10/2010,124/10,HGPE,"PRESIDENTE, DEPUTADO FEDERAL",,AL,NÃO,,SIM,Sim,SIM,SIM,SIM,SIM,SIM,NÃO,SIM,SIM,SIM,SIM,SIM,SIM,SIM,SIM,SIM,SIM,SIM,SIM,NÃO,NÃO,NÃO,NÃO,SIM,SIM,NÃO,SIM,NÃO,SIM,NÃO,NÃO,NÃO,NÃO,NÃO,NÃO,NÃO,NÃO,SIM,NÃO,NÃO,NÃO,NÃO,NÃO,NÃO,NÃO,NÃO,NÃO,NÃO,NÃO,SIM,NÃO,NÃO,NÃO,NÃO,NÃO,NÃO,NÃO,NÃO,NÃO,NÃO,NÃO,NÃO,NÃO,NÃO,NÃO,NÃO,NÃO,NÃO,NÃO,NÃO,NÃO,NÃO,NÃO,NÃO,,
7/3/2020 12:21:31,2010,12/10/2010,125/10,HGPE,"GOVERNADOR, SENADOR, DEPUTADO ESTADUAL",,AL,NÃO,,SIM,Sim,SIM,SIM,SIM,SIM,SIM,SIM,SIM,SIM,SIM,SIM,SIM,SIM,NÃO,SIM,SIM,SIM,SIM,SIM,NÃO,NÃO,SIM,SIM,NÃO,NÃO,NÃO,NÃO,NÃO,NÃO,NÃO,NÃO,NÃO,NÃO,NÃO,NÃO,NÃO,NÃO,SIM,NÃO,NÃO,NÃO,NÃO,NÃO,NÃO,NÃO,NÃO,NÃO,NÃO,NÃO,NÃO,NÃO,NÃO,NÃO,NÃO,NÃO,NÃO,NÃO,NÃO,NÃO,NÃO,NÃO,NÃO,NÃO,NÃO,NÃO,NÃO,NÃO,NÃO,NÃO,NÃO,NÃO,NÃO,NÃO,NÃO,,
7/3/2020 12:26:01,2010,19/10/2010,126/10,HGPE,"PRESIDENTE, DEPUTADO FEDERAL",,AL,NÃO,,SIM,Sim,SIM,SIM,SIM,SIM,SIM,NÃO,SIM,SIM,SIM,SIM,SIM,SIM,SIM,SIM,SIM,SIM,SIM,SIM,NÃO,NÃO,NÃO,NÃO,SIM,SIM,SIM,SIM,NÃO,NÃO,SIM,NÃO,NÃO,NÃO,NÃO,NÃO,NÃO,NÃO,SIM,NÃO,NÃO,NÃO,NÃO,NÃO,NÃO,NÃO,NÃO,NÃO,NÃO,NÃO,SIM,NÃO,NÃO,NÃO,NÃO,NÃO,NÃO,NÃO,NÃO,NÃO,NÃO,NÃO,NÃO,NÃO,NÃO,NÃO,NÃO,NÃO,NÃO,NÃO,NÃO,NÃO,NÃO,NÃO,NÃO,,
7/3/2020 12:29:58,2010,20/10/2010,127/10,HGPE,"GOVERNADOR, SENADOR, DEPUTADO ESTADUAL",,AL,NÃO,,SIM,Sim,SIM,SIM,SIM,SIM,SIM,SIM,SIM,NÃO,SIM,SIM,SIM,SIM,NÃO,SIM,SIM,SIM,SIM,SIM,NÃO,NÃO,NÃO,NÃO,SIM,NÃO,SIM,NÃO,NÃO,NÃO,SIM,NÃO,NÃO,NÃO,NÃO,NÃO,NÃO,NÃO,SIM,NÃO,NÃO,NÃO,NÃO,NÃO,NÃO,NÃO,NÃO,NÃO,NÃO,NÃO,SIM,NÃO,NÃO,NÃO,NÃO,NÃO,NÃO,NÃO,NÃO,NÃO,NÃO,NÃO,NÃO,NÃO,NÃO,NÃO,NÃO,NÃO,NÃO,NÃO,NÃO,NÃO,NÃO,NÃO,NÃO,,
7/3/2020 12:34:22,2010,21/10/2010,128/10,HGPE,"PRESIDENTE, DEPUTADO FEDERAL",,"BRASIL, AL",NÃO,,SIM,Sim,SIM,SIM,SIM,SIM,SIM,SIM,SIM,SIM,SIM,SIM,SIM,SIM,SIM,SIM,SIM,SIM,SIM,SIM,NÃO,NÃO,NÃO,NÃO,SIM,SIM,NÃO,SIM,NÃO,SIM,SIM,NÃO,NÃO,NÃO,NÃO,NÃO,NÃO,NÃO,SIM,NÃO,NÃO,NÃO,NÃO,NÃO,NÃO,NÃO,NÃO,NÃO,NÃO,NÃO,SIM,NÃO,NÃO,NÃO,NÃO,NÃO,NÃO,NÃO,NÃO,NÃO,NÃO,NÃO,NÃO,NÃO,NÃO,NÃO,NÃO,NÃO,NÃO,NÃO,NÃO,NÃO,NÃO,NÃO,NÃO,,
7/3/2020 12:38:18,2010,22/10/2010,129/10,HGPE,"GOVERNADOR, SENADOR, DEPUTADO ESTADUAL",,AL,NÃO,,SIM,Sim,SIM,SIM,SIM,SIM,SIM,SIM,SIM,SIM,SIM,SIM,SIM,SIM,NÃO,SIM,SIM,SIM,SIM,SIM,NÃO,NÃO,NÃO,NÃO,SIM,NÃO,NÃO,NÃO,NÃO,NÃO,NÃO,NÃO,NÃO,NÃO,NÃO,NÃO,NÃO,NÃO,SIM,NÃO,NÃO,NÃO,NÃO,NÃO,NÃO,NÃO,NÃO,NÃO,NÃO,NÃO,NÃO,NÃO,NÃO,NÃO,NÃO,NÃO,NÃO,NÃO,NÃO,NÃO,NÃO,NÃO,NÃO,NÃO,NÃO,NÃO,NÃO,NÃO,NÃO,NÃO,NÃO,NÃO,NÃO,NÃO,NÃO,,
7/3/2020 12:43:10,2010,23/10/2010,130/10,HGPE,"PRESIDENTE, DEPUTADO FEDERAL",,"BRASIL, AL",NÃO,,SIM,Sim,SIM,SIM,SIM,SIM,SIM,SIM,SIM,SIM,SIM,SIM,SIM,SIM,SIM,SIM,SIM,SIM,SIM,SIM,NÃO,NÃO,NÃO,NÃO,SIM,SIM,NÃO,SIM,NÃO,NÃO,SIM,NÃO,NÃO,NÃO,NÃO,NÃO,NÃO,NÃO,SIM,NÃO,NÃO,NÃO,NÃO,NÃO,NÃO,NÃO,NÃO,NÃO,NÃO,NÃO,SIM,NÃO,NÃO,NÃO,NÃO,NÃO,NÃO,NÃO,NÃO,NÃO,NÃO,NÃO,NÃO,NÃO,NÃO,NÃO,NÃO,NÃO,NÃO,NÃO,NÃO,NÃO,NÃO,NÃO,NÃO,,
7/3/2020 12:48:22,2010,24/10/2010,131/10,HGPE,"GOVERNADOR, SENADOR, DEPUTADO ESTADUAL",,AL,NÃO,,SIM,Sim,SIM,SIM,SIM,SIM,SIM,SIM,SIM,NÃO,SIM,SIM,SIM,SIM,NÃO,SIM,SIM,SIM,SIM,SIM,NÃO,SIM,SIM,SIM,SIM,NÃO,NÃO,NÃO,SIM,NÃO,NÃO,NÃO,NÃO,NÃO,NÃO,NÃO,NÃO,NÃO,SIM,NÃO,NÃO,NÃO,NÃO,NÃO,NÃO,NÃO,NÃO,NÃO,NÃO,NÃO,NÃO,NÃO,NÃO,NÃO,NÃO,NÃO,NÃO,NÃO,NÃO,NÃO,NÃO,NÃO,NÃO,NÃO,NÃO,NÃO,NÃO,NÃO,NÃO,NÃO,NÃO,NÃO,NÃO,NÃO,NÃO,,
7/3/2020 13:01:44,2010,25/10/2010,132/10,HGPE,"PRESIDENTE, SENADOR, DEPUTADO FEDERAL",,"BRASIL, AL",NÃO,,SIM,Sim,SIM,SIM,SIM,SIM,SIM,SIM,SIM,SIM,SIM,SIM,SIM,SIM,SIM,SIM,SIM,SIM,SIM,SIM,NÃO,NÃO,NÃO,NÃO,SIM,SIM,SIM,SIM,SIM,SIM,SIM,NÃO,NÃO,NÃO,NÃO,NÃO,NÃO,NÃO,SIM,NÃO,NÃO,NÃO,NÃO,NÃO,NÃO,NÃO,NÃO,NÃO,NÃO,NÃO,SIM,NÃO,NÃO,NÃO,NÃO,NÃO,NÃO,NÃO,NÃO,NÃO,NÃO,NÃO,NÃO,NÃO,NÃO,NÃO,NÃO,NÃO,NÃO,NÃO,NÃO,NÃO,NÃO,NÃO,NÃO,,
7/3/2020 13:06:31,2010,26/10/2010,133/10,HGPE,"GOVERNADOR, SENADOR, DEPUTADO ESTADUAL",,AL,NÃO,,SIM,Sim,SIM,SIM,SIM,SIM,SIM,SIM,SIM,SIM,SIM,SIM,SIM,SIM,NÃO,SIM,SIM,SIM,SIM,SIM,NÃO,NÃO,NÃO,NÃO,SIM,NÃO,SIM,NÃO,NÃO,NÃO,SIM,NÃO,NÃO,NÃO,NÃO,NÃO,NÃO,NÃO,SIM,NÃO,NÃO,NÃO,NÃO,NÃO,NÃO,NÃO,NÃO,NÃO,NÃO,NÃO,SIM,NÃO,NÃO,NÃO,NÃO,NÃO,NÃO,NÃO,NÃO,NÃO,NÃO,NÃO,NÃO,NÃO,NÃO,NÃO,NÃO,NÃO,NÃO,NÃO,NÃO,NÃO,NÃO,NÃO,NÃO,,
7/3/2020 13:11:49,2010,27/10/2010,134/10,HGPE,"PRESIDENTE, SENADOR, DEPUTADO FEDERAL",,"BRASIL, AL",NÃO,,SIM,Sim,SIM,SIM,SIM,SIM,SIM,SIM,SIM,SIM,SIM,NÃO,SIM,SIM,SIM,SIM,SIM,SIM,SIM,SIM,NÃO,NÃO,NÃO,NÃO,SIM,SIM,SIM,SIM,SIM,NÃO,SIM,NÃO,NÃO,NÃO,NÃO,NÃO,NÃO,NÃO,SIM,NÃO,NÃO,NÃO,NÃO,NÃO,NÃO,NÃO,NÃO,NÃO,NÃO,NÃO,SIM,NÃO,NÃO,NÃO,NÃO,NÃO,NÃO,NÃO,NÃO,NÃO,NÃO,NÃO,NÃO,NÃO,NÃO,NÃO,NÃO,NÃO,NÃO,NÃO,NÃO,NÃO,NÃO,NÃO,NÃO,,
7/3/2020 13:26:44,2010,28/10/2010,135/10,HGPE,"GOVERNADOR, SENADOR, DEPUTADO ESTADUAL",,AL,NÃO,,SIM,Sim,SIM,SIM,SIM,SIM,SIM,SIM,SIM,NÃO,SIM,SIM,NÃO,SIM,NÃO,SIM,SIM,SIM,SIM,SIM,NÃO,SIM,NÃO,SIM,NÃO,NÃO,SIM,NÃO,SIM,NÃO,NÃO,NÃO,NÃO,NÃO,NÃO,NÃO,NÃO,NÃO,SIM,NÃO,NÃO,NÃO,NÃO,NÃO,NÃO,NÃO,NÃO,NÃO,NÃO,NÃO,NÃO,NÃO,NÃO,NÃO,NÃO,NÃO,NÃO,NÃO,NÃO,NÃO,NÃO,NÃO,NÃO,NÃO,NÃO,NÃO,NÃO,NÃO,NÃO,NÃO,NÃO,NÃO,NÃO,NÃO,NÃO,,
7/3/2020 13:31:32,2010,29/10/2010,136/10,HGPE,"PRESIDENTE, SENADOR, DEPUTADO FEDERAL",,"BRASIL, AL",NÃO,,SIM,Sim,SIM,SIM,SIM,SIM,SIM,SIM,SIM,SIM,SIM,NÃO,SIM,SIM,SIM,SIM,SIM,SIM,SIM,SIM,NÃO,NÃO,NÃO,NÃO,SIM,SIM,SIM,SIM,SIM,NÃO,NÃO,NÃO,NÃO,NÃO,NÃO,NÃO,NÃO,NÃO,SIM,NÃO,NÃO,NÃO,NÃO,NÃO,NÃO,NÃO,NÃO,NÃO,NÃO,NÃO,SIM,NÃO,NÃO,NÃO,NÃO,NÃO,NÃO,NÃO,NÃO,NÃO,NÃO,NÃO,NÃO,NÃO,NÃO,NÃO,NÃO,NÃO,NÃO,NÃO,NÃO,NÃO,NÃO,NÃO,NÃO,,
7/3/2020 13:35:44,2010,30/10/2010,137/10,HGPE,"GOVERNADOR, SENADOR, DEPUTADO ESTADUAL",,AL,NÃO,,SIM,Sim,SIM,SIM,SIM,SIM,SIM,SIM,SIM,SIM,SIM,SIM,SIM,SIM,NÃO,SIM,SIM,SIM,SIM,SIM,NÃO,NÃO,SIM,SIM,NÃO,NÃO,SIM,NÃO,NÃO,NÃO,SIM,NÃO,NÃO,NÃO,NÃO,NÃO,NÃO,NÃO,SIM,NÃO,NÃO,NÃO,NÃO,NÃO,NÃO,NÃO,NÃO,NÃO,NÃO,NÃO,NÃO,NÃO,NÃO,NÃO,NÃO,NÃO,NÃO,NÃO,NÃO,NÃO,NÃO,NÃO,NÃO,NÃO,NÃO,NÃO,NÃO,NÃO,NÃO,NÃO,NÃO,NÃO,NÃO,NÃO,NÃO,,
7/3/2020 13:41:17,2010,31/10/2010,138/10,HGPE,"PRESIDENTE, DEPUTADO FEDERAL",,"BRASIL, AL",NÃO,,SIM,Sim,SIM,SIM,SIM,SIM,SIM,SIM,SIM,SIM,SIM,NÃO,SIM,SIM,SIM,SIM,SIM,SIM,SIM,SIM,NÃO,NÃO,NÃO,NÃO,SIM,SIM,SIM,SIM,SIM,SIM,SIM,NÃO,NÃO,NÃO,NÃO,NÃO,NÃO,NÃO,SIM,NÃO,NÃO,NÃO,NÃO,NÃO,NÃO,NÃO,NÃO,NÃO,NÃO,NÃO,SIM,NÃO,NÃO,NÃO,NÃO,NÃO,NÃO,NÃO,NÃO,NÃO,NÃO,NÃO,NÃO,NÃO,NÃO,NÃO,NÃO,NÃO,NÃO,NÃO,NÃO,NÃO,NÃO,NÃO,NÃO,,
7/3/2020 13:45:45,2010,01/08/2010,139/10,HGPE,"GOVERNADOR, SENADOR, DEPUTADO ESTADUAL",,AL,NÃO,,SIM,Sim,SIM,SIM,SIM,SIM,SIM,SIM,SIM,NÃO,SIM,SIM,SIM,SIM,NÃO,SIM,SIM,SIM,SIM,SIM,NÃO,SIM,NÃO,SIM,SIM,NÃO,SIM,NÃO,SIM,NÃO,NÃO,NÃO,NÃO,NÃO,NÃO,NÃO,NÃO,NÃO,SIM,NÃO,NÃO,NÃO,NÃO,NÃO,NÃO,NÃO,NÃO,NÃO,NÃO,NÃO,SIM,NÃO,NÃO,NÃO,NÃO,NÃO,NÃO,NÃO,NÃO,NÃO,NÃO,NÃO,NÃO,NÃO,NÃO,NÃO,NÃO,NÃO,NÃO,NÃO,NÃO,NÃO,NÃO,NÃO,NÃO,,
7/3/2020 13:51:05,2010,02/10/2010,140/10,HGPE,"PRESIDENTE, DEPUTADO FEDERAL",,"BRASIL, AL",NÃO,,SIM,Sim,SIM,SIM,SIM,SIM,SIM,SIM,SIM,SIM,SIM,SIM,SIM,SIM,SIM,SIM,SIM,SIM,SIM,SIM,NÃO,NÃO,NÃO,NÃO,SIM,SIM,SIM,SIM,SIM,NÃO,SIM,NÃO,NÃO,NÃO,NÃO,NÃO,NÃO,NÃO,SIM,NÃO,NÃO,NÃO,NÃO,NÃO,NÃO,NÃO,NÃO,NÃO,NÃO,NÃO,SIM,NÃO,NÃO,NÃO,NÃO,NÃO,NÃO,NÃO,NÃO,NÃO,NÃO,NÃO,NÃO,NÃO,NÃO,NÃO,NÃO,NÃO,NÃO,NÃO,NÃO,NÃO,NÃO,NÃO,NÃO,,
7/3/2020 13:55:16,2010,03/08/2010,141/10,HGPE,"GOVERNADOR, SENADOR, DEPUTADO ESTADUAL",,AL,NÃO,,SIM,Sim,SIM,SIM,SIM,SIM,SIM,SIM,SIM,SIM,SIM,SIM,SIM,SIM,NÃO,SIM,SIM,SIM,SIM,SIM,NÃO,NÃO,NÃO,SIM,SIM,NÃO,SIM,NÃO,NÃO,NÃO,SIM,NÃO,NÃO,NÃO,NÃO,NÃO,NÃO,NÃO,SIM,NÃO,NÃO,NÃO,NÃO,NÃO,NÃO,NÃO,NÃO,NÃO,NÃO,NÃO,NÃO,NÃO,NÃO,NÃO,NÃO,NÃO,NÃO,NÃO,NÃO,NÃO,NÃO,NÃO,NÃO,NÃO,NÃO,NÃO,NÃO,NÃO,NÃO,NÃO,NÃO,NÃO,NÃO,NÃO,NÃO,,
7/3/2020 13:59:19,2010,04/08/2010,142/10,HGPE,"PRESIDENTE, DEPUTADO FEDERAL",,"BRASIL, AL",NÃO,,SIM,Sim,SIM,SIM,SIM,SIM,SIM,SIM,SIM,SIM,SIM,NÃO,SIM,NÃO,SIM,SIM,SIM,SIM,SIM,SIM,NÃO,NÃO,NÃO,NÃO,SIM,SIM,NÃO,SIM,SIM,NÃO,SIM,NÃO,NÃO,NÃO,NÃO,NÃO,NÃO,NÃO,SIM,NÃO,NÃO,NÃO,NÃO,NÃO,NÃO,NÃO,NÃO,NÃO,NÃO,NÃO,SIM,NÃO,NÃO,NÃO,NÃO,NÃO,NÃO,NÃO,NÃO,NÃO,NÃO,NÃO,NÃO,NÃO,NÃO,NÃO,NÃO,NÃO,NÃO,NÃO,NÃO,NÃO,NÃO,NÃO,NÃO,,
7/3/2020 14:05:07,2010,05/08/2010,143/10,HGPE,"GOVERNADOR, SENADOR, DEPUTADO ESTADUAL",,,NÃO,,SIM,Sim,SIM,SIM,SIM,SIM,SIM,SIM,SIM,NÃO,SIM,SIM,SIM,SIM,NÃO,SIM,SIM,SIM,SIM,SIM,NÃO,SIM,NÃO,SIM,NÃO,NÃO,SIM,NÃO,NÃO,NÃO,NÃO,NÃO,NÃO,NÃO,NÃO,NÃO,NÃO,NÃO,SIM,NÃO,NÃO,NÃO,NÃO,NÃO,NÃO,NÃO,NÃO,NÃO,NÃO,NÃO,SIM,NÃO,NÃO,NÃO,NÃO,NÃO,NÃO,NÃO,NÃO,NÃO,NÃO,NÃO,NÃO,NÃO,NÃO,NÃO,NÃO,NÃO,NÃO,NÃO,NÃO,NÃO,NÃO,NÃO,NÃO,,
7/3/2020 14:09:13,2010,06/08/2010,145/10,HGPE,"GOVERNADOR, SENADOR, DEPUTADO ESTADUAL",,"PI, AL",NÃO,,SIM,Sim,SIM,SIM,SIM,SIM,SIM,SIM,SIM,SIM,SIM,SIM,NÃO,SIM,NÃO,NÃO,SIM,SIM,SIM,SIM,NÃO,NÃO,NÃO,SIM,SIM,NÃO,SIM,NÃO,NÃO,NÃO,NÃO,NÃO,NÃO,NÃO,NÃO,NÃO,NÃO,NÃO,SIM,NÃO,NÃO,NÃO,NÃO,NÃO,NÃO,NÃO,NÃO,NÃO,NÃO,NÃO,NÃO,NÃO,NÃO,NÃO,NÃO,NÃO,NÃO,NÃO,NÃO,NÃO,NÃO,NÃO,NÃO,NÃO,NÃO,NÃO,NÃO,NÃO,NÃO,NÃO,NÃO,NÃO,NÃO,NÃO,NÃO,,
7/3/2020 14:15:29,2010,07/08/2010,146/10,HGPE,"PRESIDENTE, DEPUTADO FEDERAL",,"BRASIL, AL",NÃO,,SIM,Sim,SIM,SIM,SIM,SIM,SIM,SIM,SIM,SIM,SIM,NÃO,SIM,SIM,SIM,SIM,SIM,SIM,SIM,SIM,NÃO,NÃO,NÃO,NÃO,SIM,SIM,NÃO,SIM,SIM,NÃO,SIM,NÃO,NÃO,NÃO,NÃO,NÃO,NÃO,NÃO,SIM,NÃO,NÃO,NÃO,NÃO,NÃO,NÃO,NÃO,NÃO,NÃO,NÃO,NÃO,SIM,NÃO,NÃO,NÃO,NÃO,NÃO,NÃO,NÃO,NÃO,NÃO,NÃO,NÃO,NÃO,NÃO,NÃO,NÃO,NÃO,NÃO,NÃO,NÃO,NÃO,NÃO,NÃO,NÃO,NÃO,,
7/3/2020 14:24:00,2010,08/08/2010,147/10,HGPE,"GOVERNADOR, SENADOR, DEPUTADO ESTADUAL",,AL,NÃO,,SIM,Sim,SIM,SIM,SIM,SIM,SIM,SIM,SIM,NÃO,SIM,SIM,SIM,SIM,NÃO,SIM,SIM,SIM,SIM,SIM,NÃO,SIM,NÃO,SIM,SIM,NÃO,NÃO,NÃO,NÃO,NÃO,NÃO,NÃO,NÃO,NÃO,NÃO,NÃO,NÃO,NÃO,SIM,NÃO,NÃO,NÃO,NÃO,NÃO,NÃO,NÃO,NÃO,NÃO,NÃO,NÃO,SIM,NÃO,NÃO,NÃO,NÃO,NÃO,NÃO,NÃO,NÃO,NÃO,NÃO,NÃO,NÃO,NÃO,NÃO,NÃO,NÃO,NÃO,NÃO,NÃO,NÃO,NÃO,NÃO,NÃO,NÃO,,
7/3/2020 14:27:53,2010,09/08/2010,148/10,HGPE,"PRESIDENTE, DEPUTADO FEDERAL",,"BRASIL, AL",NÃO,,SIM,Sim,SIM,SIM,SIM,SIM,SIM,SIM,SIM,SIM,SIM,SIM,SIM,SIM,SIM,SIM,SIM,SIM,SIM,SIM,NÃO,SIM,NÃO,NÃO,SIM,SIM,NÃO,SIM,SIM,SIM,SIM,NÃO,NÃO,NÃO,NÃO,NÃO,NÃO,NÃO,SIM,NÃO,NÃO,NÃO,NÃO,NÃO,NÃO,NÃO,NÃO,NÃO,NÃO,NÃO,SIM,NÃO,NÃO,NÃO,NÃO,NÃO,NÃO,NÃO,NÃO,NÃO,NÃO,NÃO,NÃO,NÃO,NÃO,NÃO,NÃO,NÃO,NÃO,NÃO,NÃO,NÃO,NÃO,NÃO,NÃO,,
7/3/2020 14:31:53,2010,10/08/2010,149/10,HGPE,"GOVERNADOR, SENADOR, DEPUTADO ESTADUAL",,AL,NÃO,,SIM,Sim,SIM,SIM,SIM,SIM,SIM,SIM,SIM,SIM,SIM,SIM,SIM,SIM,NÃO,SIM,SIM,SIM,SIM,SIM,NÃO,SIM,NÃO,SIM,NÃO,NÃO,SIM,NÃO,NÃO,NÃO,SIM,NÃO,NÃO,NÃO,NÃO,NÃO,NÃO,NÃO,SIM,NÃO,NÃO,NÃO,NÃO,NÃO,NÃO,NÃO,NÃO,NÃO,NÃO,NÃO,NÃO,NÃO,NÃO,NÃO,NÃO,NÃO,NÃO,NÃO,NÃO,NÃO,NÃO,NÃO,NÃO,NÃO,NÃO,NÃO,NÃO,NÃO,NÃO,NÃO,NÃO,NÃO,NÃO,NÃO,NÃO,,
7/3/2020 14:36:18,2010,11/08/2010,150/10,HGPE,"PRESIDENTE, SENADOR, DEPUTADO FEDERAL, DEPUTADO ESTADUAL",,"BRASIL, AL",NÃO,,SIM,Sim,SIM,SIM,SIM,SIM,SIM,SIM,SIM,SIM,SIM,SIM,SIM,SIM,SIM,SIM,SIM,SIM,SIM,SIM,NÃO,SIM,NÃO,NÃO,SIM,SIM,SIM,NÃO,SIM,NÃO,SIM,NÃO,NÃO,NÃO,NÃO,NÃO,NÃO,NÃO,SIM,NÃO,NÃO,NÃO,NÃO,NÃO,NÃO,NÃO,NÃO,NÃO,NÃO,NÃO,SIM,NÃO,NÃO,NÃO,NÃO,NÃO,NÃO,NÃO,NÃO,NÃO,NÃO,NÃO,NÃO,NÃO,NÃO,NÃO,NÃO,NÃO,NÃO,NÃO,NÃO,NÃO,NÃO,NÃO,NÃO,,
7/3/2020 14:39:47,2010,12/08/2010,151/10,HGPE,"GOVERNADOR, SENADOR, DEPUTADO ESTADUAL",,AL,NÃO,,SIM,Sim,SIM,SIM,SIM,SIM,SIM,SIM,SIM,NÃO,SIM,SIM,SIM,SIM,NÃO,NÃO,SIM,NÃO,SIM,SIM,NÃO,NÃO,NÃO,SIM,SIM,NÃO,SIM,NÃO,NÃO,NÃO,NÃO,NÃO,NÃO,NÃO,NÃO,NÃO,NÃO,NÃO,SIM,NÃO,NÃO,NÃO,NÃO,NÃO,NÃO,NÃO,NÃO,NÃO,NÃO,NÃO,SIM,NÃO,NÃO,NÃO,NÃO,NÃO,NÃO,NÃO,NÃO,NÃO,NÃO,NÃO,NÃO,NÃO,NÃO,NÃO,NÃO,NÃO,NÃO,NÃO,NÃO,NÃO,NÃO,NÃO,NÃO,,
7/9/2020 21:51:03,2010,13/08/2010,152/10,HGPE,"PRESIDENTE, DEPUTADO FEDERAL, DEPUTADO ESTADUAL",,"BRASIL, AL",NÃO,,SIM,Sim,SIM,SIM,SIM,SIM,SIM,SIM,SIM,SIM,SIM,SIM,SIM,SIM,SIM,SIM,SIM,SIM,SIM,SIM,NÃO,SIM,NÃO,NÃO,SIM,SIM,NÃO,SIM,SIM,NÃO,SIM,NÃO,NÃO,NÃO,NÃO,NÃO,NÃO,NÃO,SIM,NÃO,NÃO,NÃO,NÃO,NÃO,NÃO,NÃO,NÃO,NÃO,NÃO,NÃO,SIM,NÃO,NÃO,NÃO,NÃO,NÃO,NÃO,NÃO,NÃO,NÃO,NÃO,NÃO,NÃO,NÃO,NÃO,NÃO,NÃO,NÃO,NÃO,NÃO,NÃO,NÃO,NÃO,NÃO,NÃO,,
7/9/2020 21:56:17,2010,14/08/2010,153/10,HGPE,"GOVERNADOR, SENADOR, DEPUTADO ESTADUAL",,AL,NÃO,,SIM,Sim,SIM,SIM,SIM,SIM,SIM,SIM,SIM,SIM,SIM,SIM,SIM,SIM,NÃO,SIM,SIM,SIM,SIM,SIM,NÃO,SIM,NÃO,SIM,SIM,NÃO,SIM,NÃO,NÃO,NÃO,NÃO,NÃO,NÃO,NÃO,NÃO,NÃO,NÃO,NÃO,SIM,NÃO,NÃO,NÃO,NÃO,NÃO,NÃO,NÃO,NÃO,NÃO,NÃO,NÃO,NÃO,NÃO,NÃO,NÃO,NÃO,NÃO,NÃO,NÃO,NÃO,NÃO,NÃO,NÃO,NÃO,NÃO,NÃO,NÃO,NÃO,NÃO,NÃO,NÃO,NÃO,NÃO,NÃO,NÃO,NÃO,,
7/9/2020 22:02:59,2010,15/08/2010,154/10,HGPE,"PRESIDENTE, DEPUTADO FEDERAL, DEPUTADO ESTADUAL",,"BRASIL, AL",NÃO,,SIM,Sim,SIM,SIM,SIM,SIM,SIM,SIM,SIM,SIM,SIM,SIM,SIM,SIM,SIM,SIM,SIM,SIM,SIM,SIM,NÃO,SIM,NÃO,NÃO,SIM,SIM,NÃO,SIM,SIM,NÃO,SIM,NÃO,NÃO,NÃO,NÃO,NÃO,NÃO,NÃO,SIM,NÃO,NÃO,NÃO,NÃO,NÃO,NÃO,NÃO,NÃO,NÃO,NÃO,NÃO,SIM,NÃO,NÃO,NÃO,NÃO,NÃO,NÃO,NÃO,NÃO,NÃO,NÃO,NÃO,NÃO,NÃO,NÃO,NÃO,NÃO,NÃO,NÃO,NÃO,NÃO,NÃO,NÃO,NÃO,NÃO,,
7/9/2020 22:10:26,2010,16/08/2010,155/10,HGPE,"GOVERNADOR, SENADOR, DEPUTADO ESTADUAL",,AL,NÃO,,SIM,Sim,SIM,SIM,SIM,SIM,SIM,SIM,SIM,NÃO,SIM,SIM,SIM,SIM,NÃO,SIM,SIM,SIM,SIM,SIM,NÃO,SIM,SIM,NÃO,NÃO,NÃO,NÃO,NÃO,NÃO,NÃO,SIM,NÃO,NÃO,NÃO,NÃO,NÃO,NÃO,NÃO,SIM,NÃO,NÃO,NÃO,NÃO,NÃO,NÃO,NÃO,NÃO,NÃO,NÃO,NÃO,SIM,NÃO,NÃO,NÃO,NÃO,NÃO,NÃO,NÃO,NÃO,NÃO,NÃO,NÃO,NÃO,NÃO,NÃO,NÃO,NÃO,NÃO,NÃO,NÃO,NÃO,NÃO,NÃO,NÃO,NÃO,,
7/9/2020 22:15:42,2010,17/08/2010,156/10,HGPE,"PRESIDENTE, DEPUTADO FEDERAL, DEPUTADO ESTADUAL",,"BRASIL, AL",NÃO,,SIM,Sim,SIM,SIM,SIM,SIM,SIM,SIM,SIM,SIM,SIM,SIM,SIM,SIM,SIM,SIM,SIM,SIM,SIM,SIM,NÃO,SIM,NÃO,NÃO,SIM,SIM,SIM,SIM,SIM,NÃO,SIM,NÃO,NÃO,NÃO,NÃO,NÃO,NÃO,NÃO,SIM,NÃO,NÃO,NÃO,NÃO,NÃO,NÃO,NÃO,NÃO,NÃO,NÃO,NÃO,SIM,NÃO,NÃO,NÃO,NÃO,NÃO,NÃO,NÃO,NÃO,NÃO,NÃO,NÃO,NÃO,NÃO,NÃO,NÃO,NÃO,NÃO,NÃO,NÃO,NÃO,NÃO,NÃO,NÃO,NÃO,,
7/9/2020 22:20:00,2010,18/08/2010,157/10,HGPE,"GOVERNADOR, SENADOR, DEPUTADO ESTADUAL",,AL,NÃO,,SIM,Sim,SIM,SIM,SIM,SIM,SIM,SIM,SIM,SIM,SIM,SIM,SIM,SIM,NÃO,SIM,SIM,SIM,SIM,SIM,NÃO,SIM,NÃO,SIM,SIM,NÃO,SIM,NÃO,NÃO,NÃO,NÃO,NÃO,NÃO,NÃO,NÃO,NÃO,NÃO,NÃO,SIM,NÃO,NÃO,NÃO,NÃO,NÃO,NÃO,NÃO,NÃO,NÃO,NÃO,NÃO,NÃO,NÃO,NÃO,NÃO,NÃO,NÃO,NÃO,NÃO,NÃO,NÃO,NÃO,NÃO,NÃO,NÃO,NÃO,NÃO,NÃO,NÃO,NÃO,NÃO,NÃO,NÃO,NÃO,NÃO,NÃO,,
7/9/2020 22:25:04,2010,19/08/2010,158/10,HGPE,"PRESIDENTE, DEPUTADO FEDERAL, DEPUTADO ESTADUAL",,"BRASIL, AL",NÃO,,SIM,Sim,SIM,SIM,SIM,SIM,SIM,SIM,SIM,SIM,SIM,SIM,SIM,SIM,SIM,SIM,SIM,SIM,SIM,SIM,NÃO,SIM,NÃO,NÃO,SIM,SIM,NÃO,SIM,NÃO,NÃO,SIM,NÃO,NÃO,NÃO,NÃO,NÃO,NÃO,NÃO,SIM,NÃO,NÃO,NÃO,NÃO,NÃO,NÃO,NÃO,NÃO,NÃO,NÃO,NÃO,SIM,NÃO,NÃO,NÃO,NÃO,NÃO,NÃO,NÃO,NÃO,NÃO,NÃO,NÃO,NÃO,NÃO,NÃO,NÃO,NÃO,NÃO,NÃO,NÃO,NÃO,NÃO,NÃO,NÃO,NÃO,,
7/9/2020 22:30:00,2010,20/08/2010,159/10,HGPE,"GOVERNADOR, SENADOR, DEPUTADO ESTADUAL",,AL,NÃO,,SIM,Sim,SIM,SIM,SIM,SIM,SIM,SIM,SIM,NÃO,SIM,SIM,SIM,SIM,NÃO,SIM,SIM,SIM,SIM,SIM,NÃO,SIM,NÃO,SIM,SIM,NÃO,SIM,NÃO,NÃO,NÃO,NÃO,NÃO,NÃO,NÃO,NÃO,NÃO,NÃO,NÃO,SIM,NÃO,NÃO,NÃO,NÃO,NÃO,NÃO,NÃO,NÃO,NÃO,NÃO,NÃO,SIM,NÃO,NÃO,NÃO,NÃO,NÃO,NÃO,NÃO,NÃO,NÃO,NÃO,NÃO,NÃO,NÃO,NÃO,NÃO,NÃO,NÃO,NÃO,NÃO,NÃO,NÃO,NÃO,NÃO,NÃO,,
7/9/2020 22:35:42,2010,21/08/2010,160/10,HGPE,"PRESIDENTE, DEPUTADO FEDERAL",,"BRASIL, AL",NÃO,,SIM,Sim,SIM,SIM,SIM,SIM,SIM,SIM,SIM,SIM,SIM,SIM,SIM,SIM,SIM,SIM,SIM,SIM,SIM,SIM,NÃO,SIM,NÃO,NÃO,SIM,SIM,SIM,SIM,SIM,NÃO,SIM,NÃO,NÃO,NÃO,NÃO,NÃO,NÃO,NÃO,SIM,NÃO,NÃO,NÃO,NÃO,NÃO,NÃO,NÃO,NÃO,NÃO,NÃO,NÃO,SIM,NÃO,NÃO,NÃO,NÃO,NÃO,NÃO,NÃO,NÃO,NÃO,NÃO,NÃO,NÃO,NÃO,NÃO,NÃO,NÃO,NÃO,NÃO,NÃO,NÃO,NÃO,NÃO,NÃO,NÃO,,
7/9/2020 22:39:59,2010,22/08/2010,161/10,HGPE,"GOVERNADOR, SENADOR, DEPUTADO ESTADUAL",,AL,NÃO,,SIM,Sim,SIM,SIM,SIM,SIM,SIM,SIM,SIM,SIM,SIM,SIM,SIM,SIM,NÃO,SIM,SIM,SIM,SIM,SIM,NÃO,SIM,NÃO,NÃO,NÃO,NÃO,NÃO,NÃO,NÃO,NÃO,NÃO,NÃO,NÃO,NÃO,NÃO,NÃO,NÃO,NÃO,SIM,NÃO,NÃO,NÃO,NÃO,NÃO,NÃO,NÃO,NÃO,NÃO,NÃO,NÃO,SIM,NÃO,NÃO,NÃO,NÃO,NÃO,NÃO,NÃO,NÃO,NÃO,NÃO,NÃO,NÃO,NÃO,NÃO,NÃO,NÃO,NÃO,NÃO,NÃO,NÃO,NÃO,NÃO,NÃO,NÃO,,
7/9/2020 22:44:35,2010,23/08/2010,162/10,HGPE,"PRESIDENTE, DEPUTADO FEDERAL, DEPUTADO ESTADUAL",,"BRASIL, AL",NÃO,,SIM,Sim,SIM,SIM,SIM,SIM,SIM,SIM,SIM,SIM,SIM,NÃO,NÃO,NÃO,NÃO,SIM,SIM,SIM,SIM,SIM,NÃO,SIM,NÃO,NÃO,NÃO,SIM,NÃO,SIM,SIM,NÃO,NÃO,NÃO,NÃO,NÃO,NÃO,NÃO,NÃO,NÃO,NÃO,NÃO,NÃO,NÃO,NÃO,NÃO,NÃO,NÃO,NÃO,NÃO,NÃO,NÃO,SIM,NÃO,NÃO,NÃO,NÃO,NÃO,NÃO,NÃO,NÃO,NÃO,NÃO,NÃO,NÃO,NÃO,NÃO,NÃO,NÃO,NÃO,NÃO,NÃO,NÃO,NÃO,NÃO,NÃO,NÃO,,
7/9/2020 22:50:45,2010,24/08/2010,163/10,HGPE,"PRESIDENTE, DEPUTADO FEDERAL",,RN,NÃO,,SIM,Sim,SIM,SIM,SIM,SIM,SIM,SIM,SIM,SIM,SIM,SIM,SIM,SIM,SIM,SIM,NÃO,SIM,SIM,SIM,NÃO,NÃO,SIM,SIM,NÃO,SIM,SIM,SIM,SIM,SIM,SIM,NÃO,NÃO,NÃO,NÃO,NÃO,NÃO,NÃO,SIM,NÃO,NÃO,NÃO,NÃO,NÃO,NÃO,NÃO,NÃO,NÃO,NÃO,NÃO,NÃO,NÃO,NÃO,NÃO,NÃO,NÃO,NÃO,NÃO,NÃO,NÃO,NÃO,NÃO,NÃO,NÃO,NÃO,NÃO,NÃO,NÃO,NÃO,NÃO,NÃO,NÃO,NÃO,NÃO,NÃO,,
7/9/2020 22:56:20,2010,25/08/2010,164/10,HGPE,"GOVERNADOR, DEPUTADO ESTADUAL",A gravação tem apenas 28:56 (incompleta),RN,NÃO,,SIM,Sim,SIM,SIM,SIM,NÃO,SIM,SIM,SIM,NÃO,NÃO,NÃO,NÃO,SIM,SIM,NÃO,SIM,SIM,SIM,SIM,NÃO,NÃO,SIM,NÃO,NÃO,NÃO,SIM,NÃO,NÃO,NÃO,NÃO,NÃO,NÃO,NÃO,NÃO,NÃO,NÃO,NÃO,SIM,NÃO,NÃO,NÃO,NÃO,NÃO,NÃO,NÃO,NÃO,NÃO,NÃO,NÃO,NÃO,NÃO,NÃO,NÃO,NÃO,NÃO,NÃO,NÃO,NÃO,NÃO,NÃO,NÃO,NÃO,NÃO,NÃO,NÃO,NÃO,NÃO,NÃO,NÃO,NÃO,NÃO,NÃO,NÃO,NÃO,,
7/9/2020 23:03:32,2010,26/08/2010,165/10,HGPE,"PRESIDENTE, DEPUTADO ESTADUAL",,"BRASIL, RN",NÃO,,SIM,Sim,SIM,SIM,SIM,SIM,SIM,SIM,SIM,SIM,SIM,SIM,NÃO,SIM,SIM,SIM,SIM,SIM,SIM,SIM,NÃO,NÃO,SIM,NÃO,SIM,SIM,SIM,SIM,SIM,SIM,SIM,NÃO,NÃO,NÃO,NÃO,NÃO,NÃO,NÃO,SIM,NÃO,NÃO,NÃO,NÃO,NÃO,NÃO,NÃO,NÃO,NÃO,NÃO,NÃO,NÃO,NÃO,NÃO,NÃO,NÃO,NÃO,NÃO,NÃO,NÃO,NÃO,NÃO,NÃO,NÃO,NÃO,NÃO,NÃO,NÃO,NÃO,NÃO,NÃO,NÃO,NÃO,NÃO,NÃO,NÃO,,
7/9/2020 23:09:51,2010,27/08/2010,166/10,HGPE,"GOVERNADOR, SENADOR, DEPUTADO ESTADUAL",,RN,NÃO,,SIM,Sim,SIM,SIM,SIM,SIM,SIM,SIM,SIM,SIM,SIM,NÃO,SIM,SIM,SIM,SIM,NÃO,SIM,SIM,SIM,NÃO,NÃO,SIM,NÃO,NÃO,SIM,SIM,NÃO,NÃO,SIM,SIM,NÃO,NÃO,NÃO,NÃO,NÃO,NÃO,NÃO,SIM,NÃO,NÃO,NÃO,NÃO,NÃO,NÃO,NÃO,NÃO,NÃO,NÃO,NÃO,NÃO,NÃO,NÃO,NÃO,NÃO,NÃO,NÃO,NÃO,NÃO,NÃO,NÃO,NÃO,NÃO,NÃO,NÃO,NÃO,NÃO,NÃO,NÃO,NÃO,NÃO,NÃO,NÃO,NÃO,NÃO,,
7/9/2020 23:16:04,2010,28/08/2010,167/10,HGPE,"PRESIDENTE, DEPUTADO FEDERAL",,"BRASIL, RN",NÃO,,SIM,Sim,SIM,SIM,SIM,SIM,SIM,SIM,SIM,SIM,SIM,SIM,NÃO,SIM,SIM,SIM,NÃO,SIM,SIM,SIM,NÃO,NÃO,SIM,NÃO,SIM,SIM,SIM,SIM,SIM,SIM,NÃO,NÃO,NÃO,NÃO,NÃO,NÃO,NÃO,NÃO,SIM,NÃO,NÃO,NÃO,NÃO,NÃO,NÃO,NÃO,NÃO,NÃO,NÃO,NÃO,NÃO,NÃO,NÃO,NÃO,NÃO,NÃO,NÃO,NÃO,NÃO,NÃO,NÃO,NÃO,NÃO,NÃO,NÃO,NÃO,NÃO,NÃO,NÃO,NÃO,NÃO,NÃO,NÃO,NÃO,NÃO,,
7/9/2020 23:21:58,2010,29/08/2010,168/10,HGPE,"GOVERNADOR, SENADOR, DEPUTADO ESTADUAL",,RN,NÃO,,SIM,Sim,SIM,SIM,SIM,SIM,SIM,SIM,SIM,SIM,SIM,NÃO,SIM,SIM,SIM,SIM,NÃO,SIM,SIM,SIM,NÃO,NÃO,SIM,NÃO,NÃO,SIM,SIM,NÃO,NÃO,SIM,SIM,NÃO,NÃO,NÃO,NÃO,NÃO,NÃO,NÃO,SIM,NÃO,NÃO,NÃO,NÃO,NÃO,NÃO,NÃO,NÃO,NÃO,NÃO,NÃO,NÃO,NÃO,NÃO,NÃO,NÃO,NÃO,NÃO,NÃO,NÃO,NÃO,NÃO,NÃO,NÃO,NÃO,NÃO,NÃO,NÃO,NÃO,NÃO,NÃO,NÃO,NÃO,NÃO,NÃO,NÃO,,
7/9/2020 23:29:30,2010,30/08/2010,169/10,HGPE,"PRESIDENTE, DEPUTADO FEDERAL",,"BRASIL, RN",NÃO,,SIM,Sim,SIM,SIM,SIM,SIM,SIM,SIM,SIM,SIM,SIM,SIM,NÃO,SIM,SIM,SIM,NÃO,SIM,SIM,SIM,NÃO,NÃO,SIM,SIM,NÃO,SIM,SIM,SIM,SIM,SIM,SIM,NÃO,NÃO,NÃO,NÃO,NÃO,NÃO,NÃO,SIM,NÃO,NÃO,NÃO,NÃO,NÃO,NÃO,NÃO,NÃO,NÃO,NÃO,NÃO,NÃO,NÃO,NÃO,NÃO,NÃO,NÃO,NÃO,NÃO,NÃO,NÃO,NÃO,NÃO,NÃO,NÃO,NÃO,NÃO,NÃO,NÃO,NÃO,NÃO,NÃO,NÃO,NÃO,NÃO,NÃO,,
7/9/2020 23:37:08,2010,31/08/2010,171/10,HGPE,"PRESIDENTE, DEPUTADO FEDERAL",,"BRASIL, RN",NÃO,,SIM,Sim,SIM,SIM,SIM,SIM,SIM,SIM,SIM,SIM,SIM,NÃO,SIM,SIM,SIM,SIM,NÃO,SIM,SIM,SIM,NÃO,NÃO,NÃO,NÃO,NÃO,SIM,SIM,SIM,SIM,SIM,SIM,NÃO,NÃO,NÃO,NÃO,NÃO,NÃO,NÃO,SIM,NÃO,NÃO,NÃO,NÃO,NÃO,NÃO,NÃO,NÃO,NÃO,NÃO,NÃO,NÃO,NÃO,NÃO,NÃO,NÃO,NÃO,NÃO,NÃO,NÃO,NÃO,NÃO,NÃO,NÃO,NÃO,NÃO,NÃO,NÃO,NÃO,NÃO,NÃO,NÃO,NÃO,NÃO,NÃO,NÃO,,
7/9/2020 23:41:45,2010,01/09/2010,172/10,HGPE,"GOVERNADOR, SENADOR, DEPUTADO ESTADUAL",,RN,NÃO,,SIM,Sim,SIM,SIM,SIM,SIM,SIM,SIM,SIM,SIM,SIM,SIM,SIM,SIM,SIM,SIM,NÃO,SIM,SIM,SIM,NÃO,NÃO,SIM,NÃO,NÃO,SIM,SIM,NÃO,NÃO,SIM,SIM,NÃO,NÃO,NÃO,NÃO,NÃO,NÃO,NÃO,SIM,NÃO,NÃO,NÃO,NÃO,NÃO,NÃO,NÃO,NÃO,NÃO,NÃO,NÃO,NÃO,NÃO,NÃO,NÃO,NÃO,NÃO,NÃO,NÃO,NÃO,NÃO,NÃO,NÃO,NÃO,NÃO,NÃO,NÃO,NÃO,NÃO,NÃO,NÃO,NÃO,NÃO,NÃO,NÃO,NÃO,,
7/10/2020 0:19:34,2010,02/09/2010,173/10,HGPE,"PRESIDENTE, DEPUTADO FEDERAL",,"BRASIL, RN",NÃO,,SIM,Sim,SIM,SIM,SIM,SIM,SIM,SIM,SIM,SIM,SIM,SIM,NÃO,SIM,SIM,SIM,SIM,SIM,SIM,SIM,NÃO,SIM,SIM,SIM,SIM,SIM,SIM,SIM,SIM,SIM,NÃO,NÃO,NÃO,NÃO,NÃO,NÃO,NÃO,NÃO,SIM,NÃO,NÃO,NÃO,NÃO,NÃO,NÃO,NÃO,NÃO,NÃO,NÃO,NÃO,NÃO,NÃO,NÃO,NÃO,NÃO,NÃO,NÃO,NÃO,NÃO,NÃO,NÃO,NÃO,NÃO,NÃO,NÃO,NÃO,NÃO,NÃO,NÃO,NÃO,NÃO,NÃO,NÃO,NÃO,NÃO,,
7/10/2020 0:25:49,2010,03/09/2010,174/10,HGPE,"GOVERNADOR, SENADOR, DEPUTADO ESTADUAL",,RN,NÃO,,SIM,Sim,SIM,SIM,SIM,SIM,SIM,SIM,SIM,SIM,SIM,SIM,SIM,SIM,SIM,SIM,SIM,SIM,SIM,SIM,NÃO,SIM,SIM,SIM,SIM,NÃO,SIM,NÃO,NÃO,SIM,SIM,NÃO,NÃO,NÃO,NÃO,NÃO,NÃO,NÃO,SIM,NÃO,NÃO,NÃO,NÃO,NÃO,NÃO,NÃO,NÃO,NÃO,NÃO,NÃO,NÃO,NÃO,NÃO,NÃO,NÃO,NÃO,NÃO,NÃO,NÃO,NÃO,NÃO,NÃO,NÃO,NÃO,NÃO,NÃO,NÃO,NÃO,NÃO,NÃO,NÃO,NÃO,NÃO,NÃO,NÃO,,
7/10/2020 0:37:31,2010,04/09/2010,175/10,HGPE,"PRESIDENTE, DEPUTADO FEDERAL",,"BRASIL, RN",NÃO,,SIM,Sim,SIM,SIM,SIM,SIM,SIM,SIM,SIM,SIM,SIM,SIM,SIM,SIM,SIM,SIM,SIM,SIM,SIM,SIM,NÃO,SIM,SIM,SIM,SIM,SIM,SIM,SIM,SIM,SIM,SIM,NÃO,NÃO,NÃO,NÃO,NÃO,NÃO,NÃO,SIM,NÃO,NÃO,NÃO,NÃO,NÃO,NÃO,NÃO,NÃO,NÃO,NÃO,NÃO,NÃO,NÃO,NÃO,NÃO,NÃO,NÃO,NÃO,NÃO,NÃO,NÃO,NÃO,NÃO,NÃO,NÃO,NÃO,NÃO,NÃO,NÃO,NÃO,NÃO,NÃO,NÃO,NÃO,NÃO,NÃO,,
7/10/2020 0:42:39,2010,05/09/2010,176/10,HGPE,"GOVERNADOR, SENADOR, DEPUTADO ESTADUAL",,RN,NÃO,,SIM,Sim,SIM,SIM,SIM,SIM,SIM,SIM,SIM,SIM,SIM,SIM,SIM,SIM,SIM,SIM,SIM,SIM,SIM,SIM,NÃO,SIM,SIM,SIM,SIM,SIM,SIM,NÃO,SIM,SIM,SIM,NÃO,NÃO,NÃO,NÃO,NÃO,NÃO,NÃO,SIM,NÃO,NÃO,NÃO,NÃO,NÃO,NÃO,NÃO,NÃO,NÃO,NÃO,NÃO,NÃO,NÃO,NÃO,NÃO,NÃO,NÃO,NÃO,NÃO,NÃO,NÃO,NÃO,NÃO,NÃO,NÃO,NÃO,NÃO,NÃO,NÃO,NÃO,NÃO,NÃO,NÃO,NÃO,NÃO,NÃO,,
7/10/2020 0:49:28,2010,06/09/2010,177/10,HGPE,"PRESIDENTE, DEPUTADO FEDERAL",,"BRASIL, RN",NÃO,,SIM,Sim,SIM,SIM,SIM,SIM,SIM,NÃO,SIM,SIM,SIM,SIM,SIM,SIM,SIM,SIM,SIM,SIM,SIM,SIM,NÃO,SIM,SIM,SIM,SIM,SIM,SIM,SIM,NÃO,SIM,SIM,NÃO,NÃO,NÃO,NÃO,NÃO,NÃO,NÃO,SIM,NÃO,NÃO,NÃO,NÃO,NÃO,NÃO,NÃO,NÃO,NÃO,NÃO,NÃO,NÃO,NÃO,NÃO,NÃO,NÃO,NÃO,NÃO,NÃO,NÃO,NÃO,NÃO,NÃO,NÃO,NÃO,NÃO,NÃO,NÃO,NÃO,NÃO,NÃO,NÃO,NÃO,NÃO,NÃO,NÃO,,
7/10/2020 0:55:29,2010,07/09/2010,178/10,HGPE,"GOVERNADOR, SENADOR, DEPUTADO ESTADUAL",,RN,NÃO,,SIM,Sim,SIM,SIM,SIM,SIM,SIM,SIM,SIM,SIM,SIM,NÃO,SIM,SIM,SIM,SIM,SIM,SIM,SIM,SIM,NÃO,SIM,SIM,SIM,SIM,SIM,SIM,NÃO,SIM,SIM,SIM,NÃO,NÃO,NÃO,NÃO,NÃO,NÃO,NÃO,SIM,NÃO,NÃO,NÃO,NÃO,NÃO,NÃO,NÃO,NÃO,NÃO,NÃO,NÃO,NÃO,NÃO,NÃO,NÃO,NÃO,NÃO,NÃO,NÃO,NÃO,NÃO,NÃO,NÃO,NÃO,NÃO,NÃO,NÃO,NÃO,NÃO,NÃO,NÃO,NÃO,NÃO,NÃO,NÃO,NÃO,,
7/10/2020 1:03:16,2010,08/09/2010,180/10,HGPE,"GOVERNADOR, SENADOR, DEPUTADO ESTADUAL",,RN,NÃO,,SIM,Sim,SIM,SIM,SIM,SIM,SIM,SIM,SIM,SIM,SIM,SIM,SIM,SIM,SIM,SIM,NÃO,SIM,SIM,SIM,NÃO,SIM,SIM,SIM,NÃO,NÃO,SIM,NÃO,SIM,SIM,SIM,NÃO,NÃO,NÃO,NÃO,NÃO,NÃO,NÃO,SIM,NÃO,NÃO,NÃO,NÃO,NÃO,NÃO,NÃO,NÃO,NÃO,NÃO,NÃO,NÃO,NÃO,NÃO,NÃO,NÃO,NÃO,NÃO,NÃO,NÃO,NÃO,NÃO,NÃO,NÃO,NÃO,NÃO,NÃO,NÃO,NÃO,NÃO,NÃO,NÃO,NÃO,NÃO,NÃO,NÃO,,
7/10/2020 1:07:59,2010,09/09/2010,181/10,HGPE,"PRESIDENTE, DEPUTADO FEDERAL",,"BRASIL, RN",NÃO,,SIM,Sim,SIM,SIM,SIM,SIM,SIM,SIM,SIM,SIM,SIM,SIM,NÃO,SIM,SIM,SIM,SIM,SIM,SIM,SIM,NÃO,SIM,SIM,SIM,SIM,SIM,SIM,NÃO,SIM,SIM,SIM,NÃO,NÃO,NÃO,NÃO,NÃO,NÃO,NÃO,SIM,NÃO,NÃO,NÃO,NÃO,NÃO,NÃO,NÃO,NÃO,NÃO,NÃO,NÃO,NÃO,NÃO,NÃO,NÃO,NÃO,NÃO,NÃO,NÃO,NÃO,NÃO,NÃO,NÃO,NÃO,NÃO,NÃO,NÃO,NÃO,NÃO,NÃO,NÃO,NÃO,NÃO,NÃO,NÃO,NÃO,,
7/10/2020 1:12:23,2010,10/09/2010,182/10,HGPE,"GOVERNADOR, SENADOR, DEPUTADO ESTADUAL",,RN,NÃO,,SIM,Sim,SIM,SIM,SIM,SIM,SIM,SIM,SIM,SIM,SIM,NÃO,SIM,SIM,SIM,SIM,SIM,SIM,SIM,SIM,NÃO,SIM,SIM,SIM,SIM,SIM,SIM,NÃO,SIM,SIM,SIM,NÃO,NÃO,NÃO,NÃO,NÃO,NÃO,NÃO,SIM,NÃO,NÃO,NÃO,NÃO,NÃO,NÃO,NÃO,NÃO,NÃO,NÃO,NÃO,NÃO,NÃO,NÃO,NÃO,NÃO,NÃO,NÃO,NÃO,NÃO,NÃO,NÃO,NÃO,NÃO,NÃO,NÃO,NÃO,NÃO,NÃO,NÃO,NÃO,NÃO,NÃO,NÃO,NÃO,NÃO,,
7/10/2020 1:17:18,2010,11/09/2010,183/10,HGPE,"PRESIDENTE, DEPUTADO FEDERAL",,"BRASIL, RN",NÃO,,SIM,Sim,SIM,SIM,SIM,SIM,SIM,SIM,SIM,SIM,SIM,SIM,SIM,SIM,SIM,SIM,SIM,NÃO,SIM,SIM,NÃO,SIM,SIM,SIM,SIM,SIM,SIM,SIM,SIM,SIM,SIM,NÃO,NÃO,NÃO,NÃO,NÃO,NÃO,NÃO,SIM,NÃO,NÃO,NÃO,NÃO,NÃO,NÃO,NÃO,NÃO,NÃO,NÃO,NÃO,NÃO,NÃO,NÃO,NÃO,NÃO,NÃO,NÃO,NÃO,NÃO,NÃO,NÃO,NÃO,NÃO,NÃO,NÃO,NÃO,NÃO,NÃO,NÃO,NÃO,NÃO,NÃO,NÃO,NÃO,NÃO,,
7/23/2020 21:25:51,2010,12/09/2010,184/10,HGPE,"GOVERNADOR, SENADOR, DEPUTADO ESTADUAL",,RN,NÃO,,SIM,Sim,SIM,SIM,SIM,SIM,SIM,SIM,SIM,SIM,SIM,SIM,SIM,SIM,SIM,SIM,SIM,SIM,SIM,NÃO,NÃO,SIM,SIM,SIM,SIM,SIM,SIM,NÃO,SIM,SIM,SIM,NÃO,NÃO,NÃO,NÃO,NÃO,NÃO,NÃO,SIM,NÃO,NÃO,NÃO,NÃO,NÃO,NÃO,NÃO,NÃO,NÃO,NÃO,NÃO,NÃO,NÃO,NÃO,NÃO,NÃO,NÃO,NÃO,NÃO,NÃO,NÃO,NÃO,NÃO,NÃO,NÃO,NÃO,NÃO,NÃO,NÃO,NÃO,NÃO,NÃO,NÃO,NÃO,NÃO,NÃO,,
7/23/2020 21:32:52,2010,13/09/2010,185/10,HGPE,"PRESIDENTE, DEPUTADO FEDERAL",,"BRASIL, RN",NÃO,,SIM,Sim,SIM,SIM,SIM,SIM,SIM,SIM,SIM,SIM,SIM,SIM,NÃO,SIM,SIM,SIM,SIM,SIM,SIM,SIM,NÃO,SIM,SIM,SIM,SIM,SIM,SIM,SIM,SIM,SIM,SIM,NÃO,NÃO,NÃO,NÃO,NÃO,NÃO,NÃO,SIM,NÃO,NÃO,NÃO,NÃO,NÃO,NÃO,NÃO,NÃO,NÃO,NÃO,NÃO,NÃO,NÃO,NÃO,NÃO,NÃO,NÃO,NÃO,NÃO,NÃO,NÃO,NÃO,NÃO,NÃO,NÃO,NÃO,NÃO,NÃO,NÃO,NÃO,NÃO,NÃO,NÃO,NÃO,NÃO,NÃO,,
7/23/2020 21:37:50,2010,14/09/2010,186/10,HGPE,"GOVERNADOR, SENADOR, DEPUTADO ESTADUAL",A gravação tem apenas 32:39 (incompleta),RN,NÃO,,SIM,Sim,SIM,SIM,SIM,SIM,SIM,SIM,SIM,SIM,SIM,NÃO,SIM,SIM,SIM,SIM,NÃO,SIM,SIM,SIM,NÃO,SIM,SIM,SIM,SIM,SIM,SIM,NÃO,SIM,SIM,NÃO,NÃO,NÃO,NÃO,NÃO,NÃO,NÃO,NÃO,SIM,NÃO,NÃO,NÃO,NÃO,NÃO,NÃO,NÃO,NÃO,NÃO,NÃO,NÃO,NÃO,NÃO,NÃO,NÃO,NÃO,NÃO,NÃO,NÃO,NÃO,NÃO,NÃO,NÃO,NÃO,NÃO,NÃO,NÃO,NÃO,NÃO,NÃO,NÃO,NÃO,NÃO,NÃO,NÃO,NÃO,,
7/23/2020 21:43:54,2010,15/09/2010,187/10,HGPE,"PRESIDENTE, DEPUTADO FEDERAL",,"BRASIL, RN",NÃO,,SIM,Sim,SIM,SIM,SIM,SIM,SIM,SIM,SIM,SIM,SIM,SIM,SIM,SIM,SIM,SIM,SIM,SIM,SIM,SIM,NÃO,SIM,SIM,SIM,SIM,SIM,SIM,SIM,SIM,SIM,SIM,NÃO,NÃO,NÃO,NÃO,NÃO,NÃO,NÃO,SIM,NÃO,NÃO,NÃO,NÃO,NÃO,NÃO,NÃO,NÃO,NÃO,NÃO,NÃO,SIM,NÃO,NÃO,NÃO,NÃO,NÃO,NÃO,NÃO,NÃO,NÃO,NÃO,NÃO,NÃO,NÃO,NÃO,NÃO,NÃO,NÃO,NÃO,NÃO,NÃO,NÃO,NÃO,NÃO,NÃO,,
7/23/2020 21:47:36,2010,16/09/2010,188/10,HGPE,"GOVERNADOR, SENADOR, DEPUTADO ESTADUAL",,RN,NÃO,,SIM,Sim,SIM,SIM,SIM,SIM,NÃO,SIM,SIM,SIM,SIM,NÃO,SIM,SIM,SIM,SIM,NÃO,SIM,SIM,NÃO,NÃO,NÃO,SIM,NÃO,NÃO,SIM,SIM,NÃO,SIM,SIM,SIM,NÃO,NÃO,NÃO,NÃO,NÃO,NÃO,NÃO,SIM,NÃO,NÃO,NÃO,NÃO,NÃO,NÃO,NÃO,NÃO,NÃO,NÃO,NÃO,NÃO,NÃO,NÃO,NÃO,NÃO,NÃO,NÃO,NÃO,NÃO,NÃO,NÃO,NÃO,NÃO,NÃO,NÃO,NÃO,NÃO,NÃO,NÃO,NÃO,NÃO,NÃO,NÃO,NÃO,NÃO,,
7/23/2020 21:50:07,2010,17/09/2010,189/10,HGPE,,A gravação tem apenas 12:11 (incompleta),,NÃO,,SIM,Não,SIM,SIM,SIM,NÃO,NÃO,NÃO,NÃO,NÃO,NÃO,NÃO,NÃO,NÃO,NÃO,NÃO,NÃO,NÃO,NÃO,NÃO,NÃO,NÃO,NÃO,NÃO,NÃO,NÃO,NÃO,NÃO,NÃO,NÃO,NÃO,NÃO,NÃO,NÃO,NÃO,NÃO,NÃO,NÃO,NÃO,NÃO,NÃO,NÃO,NÃO,NÃO,NÃO,NÃO,NÃO,NÃO,NÃO,NÃO,NÃO,NÃO,NÃO,NÃO,NÃO,NÃO,NÃO,NÃO,NÃO,NÃO,NÃO,NÃO,NÃO,NÃO,NÃO,NÃO,NÃO,NÃO,NÃO,NÃO,NÃO,NÃO,NÃO,NÃO,NÃO,,
7/23/2020 21:54:43,2010,18/09/2010,190/10,HGPE,"GOVERNADOR, SENADOR, DEPUTADO ESTADUAL",,RN,NÃO,,SIM,Sim,SIM,SIM,SIM,SIM,SIM,SIM,SIM,SIM,SIM,NÃO,SIM,SIM,SIM,SIM,SIM,SIM,SIM,SIM,NÃO,SIM,SIM,SIM,SIM,SIM,SIM,NÃO,SIM,SIM,SIM,NÃO,NÃO,NÃO,NÃO,NÃO,NÃO,NÃO,SIM,NÃO,NÃO,NÃO,NÃO,NÃO,NÃO,NÃO,NÃO,NÃO,NÃO,NÃO,NÃO,NÃO,NÃO,NÃO,NÃO,NÃO,NÃO,NÃO,NÃO,NÃO,NÃO,NÃO,NÃO,NÃO,NÃO,NÃO,NÃO,NÃO,NÃO,NÃO,NÃO,NÃO,NÃO,NÃO,NÃO,,
7/23/2020 21:58:01,2010,19/09/2010,191/10,HGPE,PRESIDENTE,A gravação tem apenas 17:52 (incompleta),BRASIL,NÃO,,SIM,Não,SIM,SIM,SIM,SIM,SIM,NÃO,NÃO,NÃO,NÃO,NÃO,NÃO,NÃO,NÃO,SIM,NÃO,SIM,NÃO,SIM,NÃO,NÃO,NÃO,NÃO,NÃO,SIM,NÃO,NÃO,NÃO,NÃO,NÃO,NÃO,NÃO,NÃO,NÃO,NÃO,NÃO,NÃO,NÃO,NÃO,NÃO,NÃO,NÃO,NÃO,NÃO,NÃO,NÃO,NÃO,NÃO,NÃO,NÃO,NÃO,NÃO,NÃO,NÃO,NÃO,NÃO,NÃO,NÃO,NÃO,NÃO,NÃO,NÃO,NÃO,NÃO,NÃO,NÃO,NÃO,NÃO,NÃO,NÃO,NÃO,NÃO,NÃO,NÃO,,
7/23/2020 22:00:34,2010,20/09/2010,192/10,HGPE,GOVERNADOR,A gravação tem apenas 16:17 (incompleta),RN,NÃO,,SIM,Não,SIM,SIM,SIM,NÃO,NÃO,NÃO,NÃO,NÃO,NÃO,NÃO,NÃO,NÃO,NÃO,NÃO,NÃO,NÃO,NÃO,NÃO,NÃO,NÃO,NÃO,NÃO,NÃO,NÃO,NÃO,NÃO,NÃO,NÃO,NÃO,NÃO,NÃO,NÃO,NÃO,NÃO,NÃO,NÃO,SIM,NÃO,NÃO,NÃO,NÃO,NÃO,NÃO,NÃO,NÃO,NÃO,NÃO,NÃO,NÃO,NÃO,NÃO,NÃO,NÃO,NÃO,NÃO,NÃO,NÃO,NÃO,NÃO,NÃO,NÃO,NÃO,NÃO,NÃO,NÃO,NÃO,NÃO,NÃO,NÃO,NÃO,NÃO,NÃO,NÃO,,
7/23/2020 22:05:08,2010,21/09/2010,193/10,HGPE,"PRESIDENTE, DEPUTADO FEDERAL",,"BRASIL, RN",NÃO,,SIM,Sim,SIM,SIM,SIM,SIM,SIM,SIM,SIM,SIM,SIM,SIM,NÃO,SIM,SIM,SIM,SIM,SIM,SIM,SIM,NÃO,SIM,SIM,SIM,SIM,SIM,SIM,SIM,SIM,SIM,SIM,NÃO,NÃO,NÃO,NÃO,NÃO,NÃO,NÃO,SIM,NÃO,NÃO,NÃO,NÃO,NÃO,NÃO,NÃO,NÃO,NÃO,NÃO,NÃO,NÃO,NÃO,NÃO,NÃO,NÃO,NÃO,NÃO,NÃO,NÃO,NÃO,NÃO,NÃO,NÃO,NÃO,NÃO,NÃO,NÃO,NÃO,NÃO,NÃO,NÃO,NÃO,NÃO,NÃO,NÃO,,
7/23/2020 22:10:36,2010,22/09/2010,194/10,HGPE,"GOVERNADOR, SENADOR, DEPUTADO ESTADUAL",,RN,NÃO,,SIM,Sim,SIM,SIM,SIM,SIM,SIM,SIM,SIM,SIM,SIM,NÃO,NÃO,SIM,SIM,SIM,SIM,SIM,SIM,NÃO,NÃO,NÃO,SIM,SIM,SIM,SIM,SIM,NÃO,SIM,SIM,NÃO,NÃO,NÃO,NÃO,NÃO,NÃO,NÃO,NÃO,SIM,NÃO,NÃO,NÃO,NÃO,NÃO,NÃO,NÃO,NÃO,NÃO,NÃO,NÃO,NÃO,NÃO,NÃO,NÃO,NÃO,NÃO,NÃO,NÃO,NÃO,NÃO,NÃO,NÃO,NÃO,NÃO,NÃO,NÃO,NÃO,NÃO,NÃO,NÃO,NÃO,NÃO,NÃO,NÃO,NÃO,,
7/23/2020 22:15:54,2010,23/09/2010,195/10,HGPE,"PRESIDENTE, DEPUTADO FEDERAL",A gravação tem apenas 29:43 (incompleta),"BRASIL, RN",NÃO,,SIM,Não,SIM,SIM,SIM,SIM,SIM,NÃO,NÃO,NÃO,NÃO,NÃO,NÃO,NÃO,SIM,SIM,NÃO,SIM,SIM,SIM,NÃO,NÃO,SIM,NÃO,NÃO,SIM,NÃO,SIM,NÃO,NÃO,NÃO,NÃO,NÃO,NÃO,NÃO,NÃO,NÃO,NÃO,NÃO,NÃO,NÃO,NÃO,NÃO,NÃO,NÃO,NÃO,NÃO,NÃO,NÃO,NÃO,NÃO,NÃO,NÃO,NÃO,NÃO,NÃO,NÃO,NÃO,NÃO,NÃO,NÃO,NÃO,NÃO,NÃO,NÃO,NÃO,NÃO,NÃO,NÃO,NÃO,NÃO,NÃO,NÃO,NÃO,NÃO,,
7/23/2020 22:20:07,2010,24/09/2010,197/10,HGPE,"PRESIDENTE, DEPUTADO FEDERAL",,"BRASIL, RN",NÃO,,SIM,Sim,SIM,SIM,SIM,SIM,SIM,SIM,SIM,SIM,SIM,SIM,SIM,SIM,SIM,SIM,NÃO,SIM,SIM,SIM,NÃO,NÃO,SIM,NÃO,NÃO,SIM,SIM,SIM,SIM,SIM,NÃO,NÃO,NÃO,NÃO,NÃO,NÃO,NÃO,NÃO,SIM,NÃO,NÃO,NÃO,NÃO,NÃO,NÃO,NÃO,NÃO,NÃO,NÃO,NÃO,NÃO,NÃO,NÃO,NÃO,NÃO,NÃO,NÃO,NÃO,NÃO,NÃO,NÃO,NÃO,NÃO,NÃO,NÃO,NÃO,NÃO,NÃO,NÃO,NÃO,NÃO,NÃO,NÃO,NÃO,NÃO,,
7/23/2020 22:24:26,2010,25/09/2010,198/10,HGPE,"GOVERNADOR, SENADOR, DEPUTADO ESTADUAL",,RN,NÃO,,SIM,Sim,SIM,SIM,SIM,SIM,SIM,SIM,SIM,SIM,SIM,NÃO,NÃO,NÃO,SIM,SIM,NÃO,SIM,SIM,SIM,NÃO,NÃO,SIM,NÃO,NÃO,SIM,SIM,NÃO,SIM,SIM,SIM,NÃO,NÃO,NÃO,NÃO,NÃO,NÃO,NÃO,SIM,NÃO,NÃO,NÃO,NÃO,NÃO,NÃO,NÃO,NÃO,NÃO,NÃO,NÃO,NÃO,NÃO,NÃO,NÃO,NÃO,NÃO,NÃO,NÃO,NÃO,NÃO,NÃO,NÃO,NÃO,NÃO,NÃO,NÃO,NÃO,NÃO,NÃO,NÃO,NÃO,NÃO,NÃO,NÃO,NÃO,,
7/23/2020 22:28:47,2010,26/09/2010,200/10,HGPE,"GOVERNADOR, SENADOR, DEPUTADO ESTADUAL",,RN,NÃO,,SIM,Sim,SIM,SIM,SIM,SIM,SIM,SIM,SIM,SIM,SIM,NÃO,SIM,SIM,SIM,SIM,SIM,SIM,SIM,SIM,NÃO,SIM,SIM,SIM,SIM,SIM,SIM,NÃO,SIM,SIM,SIM,NÃO,NÃO,NÃO,NÃO,NÃO,NÃO,NÃO,SIM,NÃO,NÃO,NÃO,NÃO,NÃO,NÃO,NÃO,NÃO,NÃO,NÃO,NÃO,NÃO,NÃO,NÃO,NÃO,NÃO,NÃO,NÃO,NÃO,NÃO,NÃO,NÃO,NÃO,NÃO,NÃO,NÃO,NÃO,NÃO,NÃO,NÃO,NÃO,NÃO,NÃO,NÃO,NÃO,NÃO,,
7/23/2020 22:33:44,2010,27/09/2010,201/10,HGPE,"PRESIDENTE, DEPUTADO FEDERAL",,"BRASIL, RN",NÃO,,SIM,Sim,SIM,SIM,SIM,SIM,SIM,SIM,SIM,SIM,SIM,SIM,NÃO,SIM,SIM,SIM,NÃO,SIM,SIM,SIM,NÃO,SIM,SIM,SIM,SIM,SIM,SIM,SIM,SIM,SIM,SIM,NÃO,NÃO,NÃO,NÃO,NÃO,NÃO,NÃO,SIM,NÃO,NÃO,NÃO,NÃO,NÃO,NÃO,NÃO,NÃO,NÃO,NÃO,NÃO,NÃO,NÃO,NÃO,NÃO,NÃO,NÃO,NÃO,NÃO,NÃO,NÃO,NÃO,NÃO,NÃO,NÃO,NÃO,NÃO,NÃO,NÃO,NÃO,NÃO,NÃO,NÃO,NÃO,NÃO,NÃO,,
7/23/2020 23:11:33,2010,28/09/2010,202/10,HGPE,"PRESIDENTE, DEPUTADO FEDERAL",,"BRASIL, MG",NÃO,,SIM,Sim,SIM,SIM,SIM,SIM,SIM,SIM,SIM,SIM,SIM,SIM,SIM,SIM,SIM,SIM,SIM,SIM,SIM,SIM,NÃO,NÃO,SIM,NÃO,SIM,SIM,SIM,SIM,NÃO,SIM,SIM,NÃO,NÃO,NÃO,NÃO,NÃO,NÃO,NÃO,SIM,NÃO,NÃO,NÃO,NÃO,NÃO,NÃO,NÃO,NÃO,NÃO,NÃO,NÃO,SIM,NÃO,NÃO,NÃO,NÃO,NÃO,NÃO,NÃO,NÃO,NÃO,NÃO,NÃO,NÃO,NÃO,NÃO,NÃO,NÃO,NÃO,NÃO,NÃO,NÃO,NÃO,NÃO,NÃO,NÃO,,
7/23/2020 23:16:18,2010,29/09/2010,203/10,HGPE,"GOVERNADOR, SENADOR, DEPUTADO ESTADUAL",,MG,NÃO,,SIM,Sim,SIM,SIM,SIM,SIM,SIM,SIM,SIM,SIM,SIM,SIM,SIM,SIM,SIM,SIM,SIM,SIM,SIM,NÃO,NÃO,SIM,SIM,SIM,SIM,SIM,SIM,SIM,SIM,SIM,SIM,NÃO,NÃO,NÃO,NÃO,NÃO,NÃO,NÃO,SIM,NÃO,NÃO,NÃO,NÃO,NÃO,NÃO,NÃO,NÃO,NÃO,NÃO,NÃO,SIM,NÃO,NÃO,NÃO,NÃO,NÃO,NÃO,NÃO,NÃO,NÃO,NÃO,NÃO,NÃO,NÃO,NÃO,NÃO,NÃO,NÃO,NÃO,NÃO,NÃO,NÃO,NÃO,NÃO,NÃO,,
7/23/2020 23:20:54,2010,30/09/2010,204/10,HGPE,"GOVERNADOR, SENADOR, DEPUTADO ESTADUAL",,MG,NÃO,,SIM,Sim,SIM,SIM,SIM,SIM,SIM,SIM,SIM,SIM,SIM,SIM,SIM,SIM,SIM,SIM,SIM,SIM,SIM,NÃO,NÃO,SIM,SIM,SIM,SIM,SIM,SIM,SIM,SIM,SIM,NÃO,NÃO,NÃO,NÃO,NÃO,NÃO,NÃO,NÃO,SIM,NÃO,NÃO,NÃO,NÃO,NÃO,NÃO,NÃO,NÃO,NÃO,NÃO,NÃO,SIM,NÃO,NÃO,NÃO,NÃO,NÃO,NÃO,NÃO,NÃO,NÃO,NÃO,NÃO,NÃO,NÃO,NÃO,NÃO,NÃO,NÃO,NÃO,NÃO,NÃO,NÃO,NÃO,NÃO,NÃO,,
7/23/2020 23:25:30,2010,01/10/2010,205/10,HGPE,"PRESIDENTE, DEPUTADO FEDERAL",,"BRASIL, MG",NÃO,,SIM,Sim,SIM,SIM,SIM,SIM,SIM,SIM,SIM,SIM,SIM,SIM,SIM,SIM,SIM,SIM,SIM,SIM,SIM,SIM,NÃO,SIM,SIM,SIM,SIM,SIM,SIM,SIM,NÃO,SIM,SIM,NÃO,NÃO,NÃO,NÃO,NÃO,NÃO,NÃO,SIM,NÃO,NÃO,NÃO,NÃO,NÃO,NÃO,NÃO,NÃO,NÃO,NÃO,NÃO,SIM,NÃO,NÃO,NÃO,NÃO,NÃO,NÃO,NÃO,NÃO,NÃO,NÃO,NÃO,NÃO,NÃO,NÃO,NÃO,NÃO,NÃO,NÃO,NÃO,NÃO,NÃO,NÃO,NÃO,NÃO,,
7/23/2020 23:30:01,2010,02/10/2010,206/10,HGPE,"GOVERNADOR, SENADOR, DEPUTADO ESTADUAL",,MG,NÃO,,SIM,Sim,SIM,SIM,SIM,SIM,SIM,SIM,SIM,SIM,SIM,SIM,SIM,SIM,SIM,SIM,SIM,SIM,SIM,NÃO,NÃO,SIM,SIM,SIM,SIM,SIM,SIM,SIM,SIM,SIM,SIM,NÃO,NÃO,NÃO,NÃO,NÃO,NÃO,NÃO,SIM,NÃO,NÃO,NÃO,NÃO,NÃO,NÃO,NÃO,NÃO,NÃO,NÃO,NÃO,SIM,NÃO,NÃO,NÃO,NÃO,NÃO,NÃO,NÃO,NÃO,NÃO,NÃO,NÃO,NÃO,NÃO,NÃO,NÃO,NÃO,NÃO,NÃO,NÃO,NÃO,NÃO,NÃO,NÃO,NÃO,,
7/24/2020 11:13:43,2010,03/10/2010,207/10,HGPE,"PRESIDENTE, DEPUTADO FEDERAL",,"BRASIL, MG",NÃO,,SIM,Sim,SIM,SIM,SIM,SIM,SIM,SIM,SIM,SIM,SIM,SIM,SIM,SIM,SIM,SIM,SIM,SIM,SIM,SIM,NÃO,SIM,SIM,SIM,SIM,SIM,SIM,SIM,NÃO,SIM,SIM,NÃO,NÃO,NÃO,NÃO,NÃO,NÃO,NÃO,SIM,NÃO,NÃO,NÃO,NÃO,NÃO,NÃO,NÃO,NÃO,NÃO,NÃO,NÃO,SIM,NÃO,NÃO,NÃO,NÃO,NÃO,NÃO,NÃO,NÃO,NÃO,NÃO,NÃO,NÃO,NÃO,NÃO,NÃO,NÃO,NÃO,NÃO,NÃO,NÃO,NÃO,NÃO,NÃO,NÃO,,
7/24/2020 11:21:42,2010,04/10/2010,208/10,HGPE,"GOVERNADOR, SENADOR, DEPUTADO ESTADUAL",,MG,NÃO,,SIM,Sim,SIM,SIM,SIM,SIM,SIM,SIM,SIM,SIM,SIM,SIM,SIM,SIM,SIM,SIM,SIM,SIM,SIM,SIM,NÃO,SIM,SIM,NÃO,SIM,SIM,NÃO,SIM,SIM,SIM,SIM,NÃO,NÃO,NÃO,NÃO,NÃO,NÃO,NÃO,SIM,NÃO,NÃO,NÃO,NÃO,NÃO,NÃO,NÃO,NÃO,NÃO,NÃO,NÃO,SIM,NÃO,NÃO,NÃO,NÃO,NÃO,NÃO,NÃO,NÃO,NÃO,NÃO,NÃO,NÃO,NÃO,NÃO,NÃO,NÃO,NÃO,NÃO,NÃO,NÃO,NÃO,NÃO,NÃO,NÃO,,
7/24/2020 11:26:15,2010,05/10/2010,209/10,HGPE,"GOVERNADOR, SENADOR, DEPUTADO ESTADUAL",,MG,NÃO,,SIM,Sim,SIM,SIM,SIM,SIM,SIM,SIM,SIM,SIM,SIM,SIM,SIM,SIM,SIM,SIM,SIM,SIM,SIM,SIM,NÃO,SIM,SIM,NÃO,SIM,SIM,NÃO,SIM,SIM,SIM,SIM,NÃO,NÃO,NÃO,NÃO,NÃO,NÃO,NÃO,SIM,NÃO,NÃO,NÃO,NÃO,NÃO,NÃO,NÃO,NÃO,NÃO,NÃO,NÃO,SIM,NÃO,NÃO,NÃO,NÃO,NÃO,NÃO,NÃO,NÃO,NÃO,NÃO,NÃO,NÃO,NÃO,NÃO,NÃO,NÃO,NÃO,NÃO,NÃO,NÃO,NÃO,NÃO,NÃO,NÃO,,
7/24/2020 11:30:04,2010,06/10/2010,210/10,HGPE,"GOVERNADOR, SENADOR, DEPUTADO ESTADUAL",,MG,NÃO,,SIM,Sim,SIM,SIM,SIM,SIM,SIM,SIM,SIM,SIM,SIM,SIM,SIM,SIM,SIM,SIM,SIM,SIM,SIM,NÃO,NÃO,SIM,SIM,NÃO,SIM,NÃO,SIM,SIM,SIM,SIM,SIM,NÃO,NÃO,NÃO,NÃO,NÃO,NÃO,NÃO,SIM,NÃO,NÃO,NÃO,NÃO,NÃO,NÃO,NÃO,NÃO,NÃO,NÃO,NÃO,SIM,NÃO,NÃO,NÃO,NÃO,NÃO,NÃO,NÃO,NÃO,NÃO,NÃO,NÃO,NÃO,NÃO,NÃO,NÃO,NÃO,NÃO,NÃO,NÃO,NÃO,NÃO,NÃO,NÃO,NÃO,,
7/24/2020 11:33:54,2010,07/10/2010,211/10,HGPE,"PRESIDENTE, DEPUTADO FEDERAL",,"BRASIL, MG",NÃO,,SIM,Sim,SIM,SIM,SIM,SIM,SIM,SIM,SIM,SIM,SIM,SIM,SIM,SIM,SIM,SIM,SIM,SIM,SIM,SIM,NÃO,NÃO,SIM,NÃO,SIM,SIM,NÃO,SIM,SIM,SIM,NÃO,NÃO,NÃO,NÃO,NÃO,NÃO,NÃO,NÃO,SIM,NÃO,NÃO,NÃO,NÃO,NÃO,NÃO,NÃO,NÃO,NÃO,NÃO,NÃO,SIM,NÃO,NÃO,NÃO,NÃO,NÃO,NÃO,NÃO,NÃO,NÃO,NÃO,NÃO,NÃO,NÃO,NÃO,NÃO,NÃO,NÃO,NÃO,NÃO,NÃO,NÃO,NÃO,NÃO,NÃO,,
7/24/2020 11:38:25,2010,08/10/2010,212/10,HGPE,"GOVERNADOR, SENADOR, DEPUTADO ESTADUAL",,MG,NÃO,,SIM,Sim,SIM,SIM,SIM,SIM,SIM,SIM,SIM,SIM,SIM,SIM,SIM,SIM,SIM,SIM,SIM,SIM,SIM,SIM,NÃO,SIM,SIM,SIM,SIM,SIM,SIM,SIM,SIM,SIM,SIM,NÃO,NÃO,NÃO,NÃO,NÃO,NÃO,NÃO,SIM,NÃO,NÃO,NÃO,NÃO,NÃO,NÃO,NÃO,NÃO,NÃO,NÃO,NÃO,SIM,NÃO,NÃO,NÃO,NÃO,NÃO,NÃO,NÃO,NÃO,NÃO,NÃO,NÃO,NÃO,NÃO,NÃO,NÃO,NÃO,NÃO,NÃO,NÃO,NÃO,NÃO,NÃO,NÃO,NÃO,,
7/24/2020 11:42:35,2010,09/10/2010,213/10,HGPE,"PRESIDENTE, DEPUTADO FEDERAL",,"BRASIL, MG",NÃO,,SIM,Sim,SIM,SIM,SIM,SIM,SIM,SIM,SIM,SIM,SIM,SIM,SIM,SIM,SIM,SIM,SIM,SIM,SIM,SIM,NÃO,SIM,SIM,NÃO,SIM,SIM,SIM,SIM,NÃO,SIM,SIM,NÃO,NÃO,NÃO,NÃO,NÃO,NÃO,NÃO,SIM,NÃO,NÃO,NÃO,NÃO,NÃO,NÃO,NÃO,NÃO,NÃO,NÃO,NÃO,SIM,NÃO,NÃO,NÃO,NÃO,NÃO,NÃO,NÃO,NÃO,NÃO,NÃO,NÃO,NÃO,NÃO,NÃO,NÃO,NÃO,NÃO,NÃO,NÃO,NÃO,NÃO,NÃO,NÃO,NÃO,,
7/24/2020 11:46:47,2010,10/10/2010,214/10,HGPE,"GOVERNADOR, SENADOR, DEPUTADO ESTADUAL",,MG,NÃO,,SIM,Sim,SIM,SIM,SIM,SIM,SIM,SIM,SIM,SIM,SIM,SIM,SIM,SIM,SIM,SIM,SIM,SIM,SIM,NÃO,NÃO,SIM,SIM,SIM,NÃO,SIM,SIM,SIM,SIM,SIM,SIM,NÃO,NÃO,NÃO,NÃO,NÃO,NÃO,NÃO,SIM,NÃO,NÃO,NÃO,NÃO,NÃO,NÃO,NÃO,NÃO,NÃO,NÃO,NÃO,SIM,NÃO,NÃO,NÃO,NÃO,NÃO,NÃO,NÃO,NÃO,NÃO,NÃO,NÃO,NÃO,NÃO,NÃO,NÃO,NÃO,NÃO,NÃO,NÃO,NÃO,NÃO,NÃO,NÃO,NÃO,,
7/24/2020 11:52:04,2010,11/10/2010,215/10,HGPE,"PRESIDENTE, DEPUTADO FEDERAL",,"BRASIL, MG",NÃO,,SIM,Sim,SIM,SIM,SIM,SIM,SIM,SIM,SIM,SIM,SIM,SIM,SIM,SIM,SIM,SIM,SIM,SIM,SIM,SIM,NÃO,SIM,SIM,NÃO,SIM,SIM,SIM,SIM,SIM,SIM,SIM,NÃO,NÃO,NÃO,NÃO,NÃO,NÃO,NÃO,SIM,NÃO,NÃO,NÃO,NÃO,NÃO,NÃO,NÃO,NÃO,NÃO,NÃO,NÃO,SIM,NÃO,NÃO,NÃO,NÃO,NÃO,NÃO,NÃO,NÃO,NÃO,NÃO,NÃO,NÃO,NÃO,NÃO,NÃO,NÃO,NÃO,NÃO,NÃO,NÃO,NÃO,NÃO,NÃO,NÃO,,
7/24/2020 12:13:35,2010,12/10/2010,216/10,HGPE,"GOVERNADOR, SENADOR, DEPUTADO ESTADUAL",,MG,NÃO,,SIM,Sim,SIM,SIM,SIM,SIM,SIM,SIM,SIM,SIM,SIM,SIM,SIM,SIM,SIM,SIM,SIM,SIM,SIM,SIM,NÃO,SIM,SIM,NÃO,SIM,NÃO,SIM,SIM,SIM,SIM,NÃO,NÃO,NÃO,NÃO,NÃO,NÃO,NÃO,NÃO,SIM,NÃO,NÃO,NÃO,NÃO,NÃO,NÃO,NÃO,NÃO,NÃO,NÃO,NÃO,SIM,NÃO,NÃO,NÃO,NÃO,NÃO,NÃO,NÃO,NÃO,NÃO,NÃO,NÃO,NÃO,NÃO,NÃO,NÃO,NÃO,NÃO,NÃO,NÃO,NÃO,NÃO,NÃO,NÃO,NÃO,,
7/24/2020 12:17:50,2010,13/10/2010,217/10,HGPE,"PRESIDENTE, DEPUTADO FEDERAL",,"BRASIL, MG",NÃO,,SIM,Sim,SIM,SIM,SIM,SIM,SIM,SIM,SIM,SIM,SIM,SIM,SIM,SIM,SIM,SIM,SIM,SIM,SIM,SIM,NÃO,SIM,SIM,SIM,SIM,SIM,SIM,SIM,NÃO,SIM,SIM,NÃO,NÃO,NÃO,NÃO,NÃO,NÃO,NÃO,SIM,NÃO,NÃO,NÃO,NÃO,NÃO,NÃO,NÃO,NÃO,NÃO,NÃO,NÃO,SIM,NÃO,NÃO,NÃO,NÃO,NÃO,NÃO,NÃO,NÃO,NÃO,NÃO,NÃO,NÃO,NÃO,NÃO,NÃO,NÃO,NÃO,NÃO,NÃO,NÃO,NÃO,NÃO,NÃO,NÃO,,
7/24/2020 12:21:58,2010,14/10/2010,218/10,HGPE,"GOVERNADOR, SENADOR, DEPUTADO ESTADUAL",,MG,NÃO,,SIM,Sim,SIM,SIM,SIM,SIM,SIM,SIM,SIM,SIM,SIM,SIM,SIM,SIM,SIM,SIM,SIM,SIM,SIM,SIM,NÃO,NÃO,SIM,SIM,SIM,SIM,NÃO,SIM,SIM,NÃO,SIM,NÃO,NÃO,NÃO,NÃO,NÃO,NÃO,NÃO,SIM,NÃO,NÃO,NÃO,NÃO,NÃO,NÃO,NÃO,NÃO,NÃO,NÃO,NÃO,SIM,NÃO,NÃO,NÃO,NÃO,NÃO,NÃO,NÃO,NÃO,NÃO,NÃO,NÃO,NÃO,NÃO,NÃO,NÃO,NÃO,NÃO,NÃO,NÃO,NÃO,NÃO,NÃO,NÃO,NÃO,,
7/24/2020 12:26:23,2010,15/10/2010,219/10,HGPE,"PRESIDENTE, DEPUTADO FEDERAL",,"BRASIL, MG",NÃO,,SIM,Sim,SIM,SIM,SIM,SIM,SIM,SIM,SIM,SIM,SIM,SIM,SIM,SIM,SIM,SIM,SIM,SIM,SIM,SIM,NÃO,SIM,SIM,SIM,SIM,SIM,SIM,SIM,NÃO,SIM,SIM,NÃO,NÃO,NÃO,NÃO,NÃO,NÃO,NÃO,SIM,NÃO,NÃO,NÃO,NÃO,NÃO,NÃO,NÃO,NÃO,NÃO,NÃO,NÃO,NÃO,NÃO,NÃO,NÃO,NÃO,NÃO,NÃO,NÃO,NÃO,NÃO,NÃO,NÃO,NÃO,NÃO,NÃO,NÃO,NÃO,NÃO,NÃO,NÃO,NÃO,NÃO,NÃO,NÃO,NÃO,,
7/24/2020 12:30:36,2010,16/10/2010,220/10,HGPE,"GOVERNADOR, SENADOR, DEPUTADO ESTADUAL",,MG,NÃO,,SIM,Sim,SIM,SIM,SIM,SIM,SIM,SIM,SIM,SIM,SIM,SIM,SIM,SIM,SIM,SIM,SIM,SIM,SIM,SIM,NÃO,SIM,SIM,NÃO,SIM,NÃO,SIM,SIM,SIM,SIM,SIM,NÃO,NÃO,NÃO,NÃO,NÃO,NÃO,NÃO,SIM,NÃO,NÃO,NÃO,NÃO,NÃO,NÃO,NÃO,NÃO,NÃO,NÃO,NÃO,SIM,NÃO,NÃO,NÃO,NÃO,NÃO,NÃO,NÃO,NÃO,NÃO,NÃO,NÃO,NÃO,NÃO,NÃO,NÃO,NÃO,NÃO,NÃO,NÃO,NÃO,NÃO,NÃO,NÃO,NÃO,,
7/24/2020 12:34:49,2010,17/10/2010,221/10,HGPE,"PRESIDENTE, DEPUTADO FEDERAL",,"BRASIL, MG",NÃO,,SIM,Sim,SIM,SIM,SIM,SIM,SIM,SIM,SIM,SIM,SIM,SIM,SIM,SIM,SIM,SIM,SIM,SIM,SIM,SIM,NÃO,NÃO,SIM,SIM,SIM,SIM,SIM,SIM,NÃO,SIM,SIM,NÃO,NÃO,NÃO,NÃO,NÃO,NÃO,NÃO,SIM,NÃO,NÃO,NÃO,NÃO,NÃO,NÃO,NÃO,NÃO,NÃO,NÃO,NÃO,NÃO,NÃO,NÃO,NÃO,NÃO,NÃO,NÃO,NÃO,NÃO,NÃO,NÃO,NÃO,NÃO,NÃO,NÃO,NÃO,NÃO,NÃO,NÃO,NÃO,NÃO,NÃO,NÃO,NÃO,NÃO,,
7/24/2020 12:38:52,2010,18/10/2010,222/10,HGPE,"GOVERNADOR, SENADOR, DEPUTADO ESTADUAL",,MG,NÃO,,SIM,Sim,SIM,SIM,SIM,SIM,SIM,SIM,SIM,SIM,SIM,SIM,SIM,SIM,SIM,SIM,SIM,SIM,SIM,SIM,NÃO,SIM,SIM,SIM,SIM,SIM,SIM,SIM,SIM,SIM,SIM,NÃO,NÃO,NÃO,NÃO,NÃO,NÃO,NÃO,SIM,NÃO,NÃO,NÃO,NÃO,NÃO,NÃO,NÃO,NÃO,NÃO,NÃO,NÃO,SIM,NÃO,NÃO,NÃO,NÃO,NÃO,NÃO,NÃO,NÃO,NÃO,NÃO,NÃO,NÃO,NÃO,NÃO,NÃO,NÃO,NÃO,NÃO,NÃO,NÃO,NÃO,NÃO,NÃO,NÃO,,
7/24/2020 12:42:36,2010,19/10/2010,223/10,HGPE,"PRESIDENTE, DEPUTADO FEDERAL",,"BRASIL, MG",NÃO,,SIM,Sim,SIM,SIM,SIM,SIM,SIM,SIM,SIM,SIM,SIM,SIM,SIM,SIM,SIM,SIM,SIM,SIM,SIM,SIM,NÃO,NÃO,SIM,NÃO,SIM,SIM,SIM,SIM,NÃO,NÃO,SIM,NÃO,NÃO,NÃO,NÃO,NÃO,NÃO,NÃO,SIM,NÃO,NÃO,NÃO,NÃO,NÃO,NÃO,NÃO,NÃO,NÃO,NÃO,NÃO,NÃO,NÃO,NÃO,NÃO,NÃO,NÃO,NÃO,NÃO,NÃO,NÃO,NÃO,NÃO,NÃO,NÃO,NÃO,NÃO,NÃO,NÃO,NÃO,NÃO,NÃO,NÃO,NÃO,NÃO,NÃO,,
7/24/2020 12:46:42,2010,20/10/2010,225/10,HGPE,"PRESIDENTE, DEPUTADO FEDERAL",,"BRASIL, MG",NÃO,,SIM,Sim,SIM,SIM,SIM,SIM,SIM,SIM,SIM,SIM,SIM,SIM,SIM,SIM,SIM,SIM,SIM,SIM,SIM,SIM,NÃO,SIM,SIM,NÃO,SIM,SIM,SIM,SIM,NÃO,SIM,SIM,NÃO,NÃO,NÃO,NÃO,NÃO,NÃO,NÃO,SIM,NÃO,NÃO,NÃO,NÃO,NÃO,NÃO,NÃO,NÃO,NÃO,NÃO,NÃO,SIM,NÃO,NÃO,NÃO,NÃO,NÃO,NÃO,NÃO,NÃO,NÃO,NÃO,NÃO,NÃO,NÃO,NÃO,NÃO,NÃO,NÃO,NÃO,NÃO,NÃO,NÃO,NÃO,NÃO,NÃO,,
7/24/2020 12:52:30,2010,21/10/2010,226/10,HGPE,"GOVERNADOR, SENADOR, DEPUTADO ESTADUAL",,MG,NÃO,,SIM,Sim,SIM,SIM,SIM,SIM,SIM,SIM,SIM,SIM,SIM,SIM,SIM,SIM,SIM,SIM,SIM,SIM,SIM,SIM,NÃO,SIM,SIM,SIM,SIM,NÃO,NÃO,SIM,SIM,SIM,SIM,NÃO,NÃO,NÃO,NÃO,NÃO,NÃO,NÃO,SIM,NÃO,NÃO,NÃO,NÃO,NÃO,NÃO,NÃO,NÃO,NÃO,NÃO,NÃO,SIM,NÃO,NÃO,NÃO,NÃO,NÃO,NÃO,NÃO,NÃO,NÃO,NÃO,NÃO,NÃO,NÃO,NÃO,NÃO,NÃO,NÃO,NÃO,NÃO,NÃO,NÃO,NÃO,NÃO,NÃO,,
7/24/2020 12:58:44,2010,22/10/2010,227/10,HGPE,"GOVERNADOR, SENADOR, DEPUTADO ESTADUAL",,MG,NÃO,,SIM,Sim,SIM,SIM,SIM,SIM,SIM,SIM,SIM,SIM,SIM,SIM,SIM,SIM,SIM,SIM,SIM,SIM,SIM,SIM,NÃO,SIM,SIM,NÃO,SIM,SIM,SIM,SIM,SIM,SIM,SIM,NÃO,NÃO,NÃO,NÃO,NÃO,NÃO,NÃO,SIM,NÃO,NÃO,NÃO,NÃO,NÃO,NÃO,NÃO,NÃO,NÃO,NÃO,NÃO,SIM,NÃO,NÃO,NÃO,NÃO,NÃO,NÃO,NÃO,NÃO,NÃO,NÃO,NÃO,NÃO,NÃO,NÃO,NÃO,NÃO,NÃO,NÃO,NÃO,NÃO,NÃO,NÃO,NÃO,NÃO,,
7/24/2020 13:02:42,2010,23/10/2010,228/10,HGPE,"PRESIDENTE, DEPUTADO FEDERAL",,"BRASIL, MG",NÃO,,SIM,Sim,SIM,SIM,SIM,SIM,SIM,SIM,SIM,SIM,SIM,SIM,SIM,SIM,SIM,SIM,SIM,SIM,SIM,SIM,NÃO,SIM,SIM,SIM,SIM,SIM,SIM,SIM,NÃO,SIM,SIM,NÃO,NÃO,NÃO,NÃO,NÃO,NÃO,NÃO,SIM,NÃO,NÃO,NÃO,NÃO,NÃO,NÃO,NÃO,NÃO,NÃO,NÃO,NÃO,SIM,NÃO,NÃO,NÃO,NÃO,NÃO,NÃO,NÃO,NÃO,NÃO,NÃO,NÃO,NÃO,NÃO,NÃO,NÃO,NÃO,NÃO,NÃO,NÃO,NÃO,NÃO,NÃO,NÃO,NÃO,,
7/24/2020 13:07:04,2010,24/10/2010,229/10,HGPE,"GOVERNADOR, SENADOR, DEPUTADO ESTADUAL",,MG,NÃO,,SIM,Sim,SIM,SIM,SIM,SIM,SIM,SIM,SIM,SIM,SIM,SIM,SIM,SIM,SIM,SIM,SIM,SIM,SIM,SIM,NÃO,SIM,SIM,SIM,SIM,SIM,SIM,SIM,SIM,SIM,SIM,NÃO,NÃO,NÃO,NÃO,NÃO,NÃO,NÃO,SIM,NÃO,NÃO,NÃO,NÃO,NÃO,NÃO,NÃO,NÃO,NÃO,NÃO,NÃO,SIM,NÃO,NÃO,NÃO,NÃO,NÃO,NÃO,NÃO,NÃO,NÃO,NÃO,NÃO,NÃO,NÃO,NÃO,NÃO,NÃO,NÃO,NÃO,NÃO,NÃO,NÃO,NÃO,NÃO,NÃO,,
7/24/2020 13:12:25,2010,25/10/2010,230/10,HGPE,"PRESIDENTE, DEPUTADO FEDERAL",,"BRASIL, MG",NÃO,,SIM,Sim,SIM,SIM,SIM,SIM,SIM,SIM,SIM,SIM,SIM,SIM,SIM,SIM,SIM,SIM,SIM,SIM,SIM,SIM,NÃO,SIM,SIM,SIM,SIM,SIM,SIM,SIM,SIM,SIM,SIM,NÃO,NÃO,NÃO,NÃO,NÃO,NÃO,NÃO,SIM,NÃO,NÃO,NÃO,NÃO,NÃO,NÃO,NÃO,NÃO,NÃO,NÃO,NÃO,SIM,NÃO,NÃO,NÃO,NÃO,NÃO,NÃO,NÃO,NÃO,NÃO,NÃO,NÃO,NÃO,NÃO,NÃO,NÃO,NÃO,NÃO,NÃO,NÃO,NÃO,NÃO,NÃO,NÃO,NÃO,,
7/24/2020 13:16:08,2010,26/10/2010,231/10,HGPE,"GOVERNADOR, SENADOR, DEPUTADO ESTADUAL",,MG,NÃO,,SIM,Sim,SIM,SIM,SIM,SIM,SIM,SIM,SIM,SIM,SIM,SIM,SIM,SIM,SIM,SIM,SIM,SIM,SIM,NÃO,NÃO,NÃO,SIM,NÃO,SIM,NÃO,SIM,SIM,SIM,SIM,SIM,NÃO,NÃO,NÃO,NÃO,NÃO,NÃO,NÃO,SIM,NÃO,NÃO,NÃO,NÃO,NÃO,NÃO,NÃO,NÃO,NÃO,NÃO,NÃO,SIM,NÃO,NÃO,NÃO,NÃO,NÃO,NÃO,NÃO,NÃO,NÃO,NÃO,NÃO,NÃO,NÃO,NÃO,NÃO,NÃO,NÃO,NÃO,NÃO,NÃO,NÃO,NÃO,NÃO,NÃO,,
7/24/2020 13:20:47,2010,27/10/2010,232/10,HGPE,"GOVERNADOR, SENADOR, DEPUTADO ESTADUAL",,MG,NÃO,,SIM,Sim,SIM,SIM,SIM,SIM,SIM,SIM,SIM,SIM,SIM,SIM,SIM,SIM,SIM,SIM,SIM,SIM,SIM,NÃO,NÃO,SIM,SIM,SIM,SIM,SIM,SIM,SIM,SIM,SIM,SIM,NÃO,NÃO,NÃO,NÃO,NÃO,NÃO,NÃO,SIM,NÃO,NÃO,NÃO,NÃO,NÃO,NÃO,NÃO,NÃO,NÃO,NÃO,NÃO,SIM,NÃO,NÃO,NÃO,NÃO,NÃO,NÃO,NÃO,NÃO,NÃO,NÃO,NÃO,NÃO,NÃO,NÃO,NÃO,NÃO,NÃO,NÃO,NÃO,NÃO,NÃO,NÃO,NÃO,NÃO,,
7/24/2020 13:24:39,2010,28/10/2010,233/10,HGPE,"PRESIDENTE, DEPUTADO FEDERAL",,"BRASIL, MG",NÃO,,SIM,Sim,SIM,SIM,SIM,SIM,SIM,SIM,SIM,SIM,SIM,SIM,SIM,SIM,SIM,SIM,SIM,SIM,SIM,SIM,NÃO,SIM,SIM,NÃO,SIM,SIM,SIM,SIM,NÃO,SIM,SIM,NÃO,NÃO,NÃO,NÃO,NÃO,NÃO,NÃO,SIM,NÃO,NÃO,NÃO,NÃO,NÃO,NÃO,NÃO,NÃO,NÃO,NÃO,NÃO,NÃO,NÃO,NÃO,NÃO,NÃO,NÃO,NÃO,NÃO,NÃO,NÃO,NÃO,NÃO,NÃO,NÃO,NÃO,NÃO,NÃO,NÃO,NÃO,NÃO,NÃO,NÃO,NÃO,NÃO,NÃO,,
7/24/2020 13:28:43,2010,29/10/2010,235/10,HGPE,"PRESIDENTE, DEPUTADO FEDERAL",,"BRASIL, MG",NÃO,,SIM,Sim,SIM,SIM,SIM,SIM,SIM,SIM,SIM,SIM,SIM,SIM,SIM,SIM,NÃO,SIM,SIM,SIM,SIM,SIM,NÃO,NÃO,SIM,SIM,SIM,SIM,SIM,SIM,NÃO,NÃO,SIM,NÃO,NÃO,NÃO,NÃO,NÃO,NÃO,NÃO,SIM,NÃO,NÃO,NÃO,NÃO,NÃO,NÃO,NÃO,NÃO,NÃO,NÃO,NÃO,SIM,NÃO,NÃO,NÃO,NÃO,NÃO,NÃO,NÃO,NÃO,NÃO,NÃO,NÃO,NÃO,NÃO,NÃO,NÃO,NÃO,NÃO,NÃO,NÃO,NÃO,NÃO,NÃO,NÃO,NÃO,,
7/24/2020 13:32:39,2010,30/10/2010,236/10,HGPE,"PRESIDENTE, DEPUTADO FEDERAL",,"BRASIL, PE",NÃO,,SIM,Sim,SIM,SIM,SIM,SIM,SIM,SIM,SIM,SIM,SIM,SIM,SIM,SIM,SIM,SIM,SIM,SIM,SIM,SIM,NÃO,NÃO,SIM,SIM,SIM,SIM,SIM,SIM,SIM,SIM,SIM,NÃO,NÃO,NÃO,NÃO,NÃO,NÃO,NÃO,SIM,NÃO,NÃO,NÃO,NÃO,NÃO,NÃO,NÃO,NÃO,NÃO,NÃO,NÃO,NÃO,NÃO,NÃO,NÃO,NÃO,NÃO,NÃO,NÃO,NÃO,NÃO,NÃO,NÃO,NÃO,NÃO,NÃO,NÃO,NÃO,NÃO,NÃO,NÃO,NÃO,NÃO,NÃO,NÃO,NÃO,,
7/24/2020 13:36:48,2010,31/10/2010,237/10,HGPE,"GOVERNADOR, SENADOR, DEPUTADO ESTADUAL",,PE,NÃO,,SIM,Sim,SIM,SIM,SIM,SIM,SIM,SIM,SIM,SIM,SIM,SIM,SIM,SIM,SIM,SIM,SIM,SIM,SIM,SIM,NÃO,SIM,SIM,SIM,SIM,SIM,SIM,NÃO,SIM,SIM,SIM,NÃO,NÃO,NÃO,NÃO,NÃO,NÃO,NÃO,SIM,NÃO,NÃO,NÃO,NÃO,NÃO,NÃO,NÃO,NÃO,NÃO,NÃO,NÃO,SIM,NÃO,NÃO,NÃO,NÃO,NÃO,NÃO,NÃO,NÃO,NÃO,NÃO,NÃO,NÃO,NÃO,NÃO,NÃO,NÃO,NÃO,NÃO,NÃO,NÃO,NÃO,NÃO,NÃO,NÃO,,
7/24/2020 13:45:44,2010,01/11/2010,238/10,HGPE,"GOVERNADOR, SENADOR, DEPUTADO ESTADUAL",,PE,NÃO,,SIM,Sim,SIM,SIM,SIM,SIM,NÃO,SIM,SIM,SIM,SIM,SIM,SIM,SIM,SIM,SIM,SIM,SIM,SIM,SIM,NÃO,SIM,SIM,SIM,SIM,SIM,SIM,NÃO,SIM,SIM,SIM,NÃO,NÃO,NÃO,NÃO,NÃO,NÃO,NÃO,NÃO,NÃO,NÃO,NÃO,NÃO,NÃO,NÃO,NÃO,NÃO,NÃO,NÃO,NÃO,SIM,NÃO,NÃO,NÃO,NÃO,NÃO,NÃO,NÃO,NÃO,NÃO,NÃO,NÃO,NÃO,NÃO,NÃO,NÃO,NÃO,NÃO,NÃO,NÃO,NÃO,NÃO,NÃO,NÃO,NÃO,,
7/24/2020 13:52:55,2010,02/11/2010,239/10,HGPE,"GOVERNADOR, SENADOR, DEPUTADO ESTADUAL",,PE,NÃO,,SIM,Sim,SIM,SIM,SIM,SIM,SIM,SIM,SIM,SIM,SIM,SIM,SIM,SIM,SIM,SIM,SIM,SIM,SIM,SIM,NÃO,SIM,SIM,SIM,SIM,SIM,SIM,NÃO,SIM,SIM,SIM,NÃO,NÃO,NÃO,NÃO,NÃO,NÃO,NÃO,NÃO,NÃO,NÃO,NÃO,NÃO,NÃO,NÃO,NÃO,NÃO,NÃO,NÃO,NÃO,SIM,NÃO,NÃO,NÃO,NÃO,NÃO,NÃO,NÃO,NÃO,NÃO,NÃO,NÃO,NÃO,NÃO,NÃO,NÃO,NÃO,NÃO,NÃO,NÃO,NÃO,NÃO,NÃO,NÃO,NÃO,,
7/24/2020 13:57:16,2010,03/11/2010,240/10,HGPE,"PRESIDENTE, DEPUTADO FEDERAL",,"BRASIL, PE",NÃO,,SIM,Sim,SIM,SIM,SIM,SIM,SIM,SIM,SIM,SIM,SIM,SIM,SIM,SIM,SIM,SIM,SIM,SIM,SIM,SIM,NÃO,SIM,SIM,SIM,SIM,SIM,SIM,SIM,SIM,SIM,SIM,NÃO,NÃO,NÃO,NÃO,NÃO,NÃO,NÃO,SIM,NÃO,NÃO,NÃO,NÃO,NÃO,NÃO,NÃO,NÃO,NÃO,NÃO,NÃO,SIM,NÃO,NÃO,NÃO,NÃO,NÃO,NÃO,NÃO,NÃO,NÃO,NÃO,NÃO,NÃO,NÃO,NÃO,NÃO,NÃO,NÃO,NÃO,NÃO,NÃO,NÃO,NÃO,NÃO,NÃO,,
7/24/2020 21:03:22,2010,04/11/2010,241/10,HGPE,"GOVERNADOR, SENADOR, DEPUTADO ESTADUAL",,PE,NÃO,,SIM,Sim,SIM,SIM,SIM,SIM,SIM,SIM,SIM,SIM,SIM,SIM,SIM,SIM,SIM,SIM,SIM,SIM,SIM,SIM,NÃO,SIM,SIM,NÃO,SIM,SIM,SIM,NÃO,SIM,SIM,SIM,NÃO,NÃO,NÃO,NÃO,NÃO,NÃO,NÃO,SIM,NÃO,NÃO,NÃO,NÃO,NÃO,NÃO,NÃO,NÃO,NÃO,NÃO,NÃO,NÃO,NÃO,NÃO,NÃO,NÃO,NÃO,NÃO,NÃO,NÃO,NÃO,NÃO,NÃO,NÃO,NÃO,NÃO,NÃO,NÃO,NÃO,NÃO,NÃO,NÃO,NÃO,NÃO,NÃO,NÃO,,
7/24/2020 21:07:48,2010,05/11/2010,242/10,HGPE,"PRESIDENTE, DEPUTADO FEDERAL",,"BRASIL, PE",NÃO,,SIM,Sim,SIM,SIM,SIM,SIM,SIM,SIM,SIM,SIM,SIM,SIM,SIM,SIM,SIM,SIM,SIM,SIM,SIM,SIM,NÃO,SIM,SIM,SIM,SIM,SIM,SIM,SIM,SIM,SIM,SIM,NÃO,NÃO,NÃO,NÃO,NÃO,NÃO,NÃO,SIM,NÃO,NÃO,NÃO,NÃO,NÃO,NÃO,NÃO,NÃO,NÃO,NÃO,NÃO,SIM,NÃO,NÃO,NÃO,NÃO,NÃO,NÃO,NÃO,NÃO,NÃO,NÃO,NÃO,NÃO,NÃO,NÃO,NÃO,NÃO,NÃO,NÃO,NÃO,NÃO,NÃO,NÃO,NÃO,NÃO,,
7/24/2020 21:16:24,2010,06/11/2010,243/10,HGPE,"GOVERNADOR, SENADOR, DEPUTADO ESTADUAL",,PE,NÃO,,SIM,Sim,SIM,SIM,SIM,SIM,SIM,SIM,SIM,SIM,SIM,SIM,SIM,SIM,SIM,SIM,SIM,SIM,SIM,SIM,NÃO,SIM,SIM,SIM,SIM,SIM,SIM,NÃO,SIM,SIM,SIM,NÃO,NÃO,NÃO,NÃO,NÃO,NÃO,NÃO,SIM,NÃO,NÃO,NÃO,NÃO,NÃO,NÃO,NÃO,NÃO,NÃO,NÃO,NÃO,SIM,NÃO,NÃO,NÃO,NÃO,NÃO,NÃO,NÃO,NÃO,NÃO,NÃO,NÃO,NÃO,NÃO,NÃO,NÃO,NÃO,NÃO,NÃO,NÃO,NÃO,NÃO,NÃO,NÃO,NÃO,,
7/24/2020 21:18:26,2010,07/11/2010,244/10,HGPE,,A gravação tem apenas 1 segundo,,NÃO,,SIM,Não,SIM,SIM,SIM,NÃO,NÃO,NÃO,NÃO,NÃO,NÃO,NÃO,NÃO,NÃO,NÃO,NÃO,NÃO,NÃO,NÃO,NÃO,NÃO,NÃO,NÃO,NÃO,NÃO,NÃO,NÃO,NÃO,NÃO,NÃO,NÃO,NÃO,NÃO,NÃO,NÃO,NÃO,NÃO,NÃO,NÃO,NÃO,NÃO,NÃO,NÃO,NÃO,NÃO,NÃO,NÃO,NÃO,NÃO,NÃO,NÃO,NÃO,NÃO,NÃO,NÃO,NÃO,NÃO,NÃO,NÃO,NÃO,NÃO,NÃO,NÃO,NÃO,NÃO,NÃO,NÃO,NÃO,NÃO,NÃO,NÃO,NÃO,NÃO,NÃO,NÃO,,
7/24/2020 21:22:49,2010,08/11/2010,245/10,HGPE,"PRESIDENTE, DEPUTADO FEDERAL",,"BRASIL, PE",NÃO,,SIM,Sim,SIM,SIM,SIM,SIM,SIM,SIM,SIM,SIM,SIM,SIM,SIM,SIM,SIM,SIM,SIM,SIM,SIM,SIM,NÃO,SIM,SIM,SIM,SIM,SIM,SIM,SIM,SIM,SIM,SIM,NÃO,NÃO,NÃO,NÃO,NÃO,NÃO,NÃO,SIM,NÃO,NÃO,NÃO,NÃO,NÃO,NÃO,NÃO,NÃO,NÃO,NÃO,NÃO,SIM,NÃO,NÃO,NÃO,NÃO,NÃO,NÃO,NÃO,NÃO,NÃO,NÃO,NÃO,NÃO,NÃO,NÃO,NÃO,NÃO,NÃO,NÃO,NÃO,NÃO,NÃO,NÃO,NÃO,NÃO,,
7/24/2020 21:27:11,2010,09/11/2010,246/10,HGPE,"GOVERNADOR, SENADOR, DEPUTADO ESTADUAL",,PE,NÃO,,SIM,Sim,SIM,SIM,SIM,SIM,SIM,SIM,SIM,SIM,SIM,SIM,SIM,SIM,SIM,SIM,SIM,SIM,SIM,SIM,NÃO,SIM,SIM,SIM,SIM,SIM,SIM,NÃO,SIM,SIM,SIM,NÃO,NÃO,NÃO,NÃO,NÃO,NÃO,NÃO,SIM,NÃO,NÃO,NÃO,NÃO,NÃO,NÃO,NÃO,NÃO,NÃO,NÃO,NÃO,SIM,NÃO,NÃO,NÃO,NÃO,NÃO,NÃO,NÃO,NÃO,NÃO,NÃO,NÃO,NÃO,NÃO,NÃO,NÃO,NÃO,NÃO,NÃO,NÃO,NÃO,NÃO,NÃO,NÃO,NÃO,,
7/24/2020 21:33:00,2010,10/11/2010,247/10,HGPE,"PRESIDENTE, DEPUTADO FEDERAL",,"BRASIL, PE",NÃO,,SIM,Sim,SIM,SIM,SIM,SIM,SIM,SIM,SIM,SIM,SIM,SIM,SIM,SIM,SIM,SIM,SIM,SIM,SIM,SIM,NÃO,SIM,SIM,SIM,SIM,SIM,SIM,SIM,SIM,SIM,SIM,NÃO,NÃO,NÃO,NÃO,NÃO,NÃO,NÃO,SIM,NÃO,NÃO,NÃO,NÃO,NÃO,NÃO,NÃO,NÃO,NÃO,NÃO,NÃO,SIM,NÃO,NÃO,NÃO,NÃO,NÃO,NÃO,NÃO,NÃO,NÃO,NÃO,NÃO,NÃO,NÃO,NÃO,NÃO,NÃO,NÃO,NÃO,NÃO,NÃO,NÃO,NÃO,NÃO,NÃO,,
7/24/2020 21:36:59,2010,11/11/2010,248/10,HGPE,"GOVERNADOR, SENADOR, DEPUTADO ESTADUAL",,PE,NÃO,,SIM,Sim,SIM,SIM,SIM,SIM,SIM,SIM,SIM,SIM,SIM,SIM,SIM,SIM,SIM,SIM,SIM,SIM,SIM,SIM,NÃO,SIM,SIM,SIM,SIM,SIM,SIM,NÃO,SIM,NÃO,SIM,NÃO,NÃO,NÃO,NÃO,NÃO,NÃO,NÃO,SIM,NÃO,NÃO,NÃO,NÃO,NÃO,NÃO,NÃO,NÃO,NÃO,NÃO,NÃO,SIM,NÃO,NÃO,NÃO,NÃO,NÃO,NÃO,NÃO,NÃO,NÃO,NÃO,NÃO,NÃO,NÃO,NÃO,NÃO,NÃO,NÃO,NÃO,NÃO,NÃO,NÃO,NÃO,NÃO,NÃO,,
7/24/2020 21:41:42,2010,12/11/2010,249/10,HGPE,"PRESIDENTE, DEPUTADO FEDERAL",,"BRASIL, PE",NÃO,,SIM,Sim,SIM,SIM,SIM,SIM,SIM,SIM,SIM,SIM,SIM,SIM,SIM,SIM,SIM,SIM,SIM,SIM,SIM,SIM,NÃO,SIM,NÃO,SIM,SIM,SIM,SIM,SIM,SIM,SIM,SIM,NÃO,NÃO,NÃO,NÃO,NÃO,NÃO,NÃO,SIM,NÃO,NÃO,NÃO,NÃO,NÃO,NÃO,NÃO,NÃO,NÃO,NÃO,NÃO,SIM,NÃO,NÃO,NÃO,NÃO,NÃO,NÃO,NÃO,NÃO,NÃO,NÃO,NÃO,NÃO,NÃO,NÃO,NÃO,NÃO,NÃO,NÃO,NÃO,NÃO,NÃO,NÃO,NÃO,NÃO,,
7/24/2020 21:46:27,2010,13/11/2010,250/10,HGPE,"GOVERNADOR, SENADOR, DEPUTADO ESTADUAL",,PE,NÃO,,SIM,Sim,SIM,SIM,SIM,SIM,SIM,SIM,SIM,SIM,SIM,SIM,SIM,SIM,SIM,SIM,SIM,SIM,SIM,SIM,NÃO,SIM,SIM,SIM,SIM,SIM,SIM,NÃO,NÃO,SIM,SIM,NÃO,NÃO,NÃO,NÃO,NÃO,NÃO,NÃO,SIM,NÃO,NÃO,NÃO,NÃO,NÃO,NÃO,NÃO,NÃO,NÃO,NÃO,NÃO,SIM,NÃO,NÃO,NÃO,NÃO,NÃO,NÃO,NÃO,NÃO,NÃO,NÃO,NÃO,NÃO,NÃO,NÃO,NÃO,NÃO,NÃO,NÃO,NÃO,NÃO,NÃO,NÃO,NÃO,NÃO,,
7/24/2020 21:51:57,2010,14/11/2010,251/10,HGPE,"PRESIDENTE, DEPUTADO FEDERAL",,"BRASIL, PE",NÃO,,SIM,Sim,SIM,SIM,SIM,SIM,SIM,SIM,SIM,SIM,SIM,SIM,SIM,SIM,SIM,SIM,SIM,SIM,SIM,SIM,NÃO,NÃO,SIM,SIM,SIM,SIM,SIM,SIM,SIM,SIM,SIM,NÃO,NÃO,NÃO,NÃO,NÃO,NÃO,NÃO,SIM,NÃO,NÃO,NÃO,NÃO,NÃO,NÃO,NÃO,NÃO,NÃO,NÃO,NÃO,SIM,NÃO,NÃO,NÃO,NÃO,NÃO,NÃO,NÃO,NÃO,NÃO,NÃO,NÃO,NÃO,NÃO,NÃO,NÃO,NÃO,NÃO,NÃO,NÃO,NÃO,NÃO,NÃO,NÃO,NÃO,,
7/24/2020 21:56:03,2010,15/11/2010,252/10,HGPE,"GOVERNADOR, SENADOR, DEPUTADO ESTADUAL",,PE,NÃO,,SIM,Sim,SIM,SIM,SIM,SIM,SIM,SIM,SIM,SIM,SIM,SIM,SIM,SIM,SIM,SIM,SIM,SIM,SIM,SIM,NÃO,SIM,SIM,SIM,SIM,SIM,SIM,NÃO,NÃO,SIM,SIM,NÃO,NÃO,NÃO,NÃO,NÃO,NÃO,NÃO,SIM,NÃO,NÃO,NÃO,NÃO,NÃO,NÃO,NÃO,NÃO,NÃO,NÃO,NÃO,SIM,NÃO,NÃO,NÃO,NÃO,NÃO,NÃO,NÃO,NÃO,NÃO,NÃO,NÃO,NÃO,NÃO,NÃO,NÃO,NÃO,NÃO,NÃO,NÃO,NÃO,NÃO,NÃO,NÃO,NÃO,,
7/24/2020 22:00:06,2010,16/11/2010,253/10,HGPE,"PRESIDENTE, DEPUTADO FEDERAL",,"BRASIL, PE",NÃO,,SIM,Sim,SIM,SIM,SIM,SIM,SIM,SIM,SIM,SIM,SIM,SIM,SIM,SIM,SIM,SIM,SIM,SIM,SIM,SIM,NÃO,SIM,SIM,SIM,SIM,SIM,SIM,SIM,SIM,SIM,SIM,NÃO,NÃO,NÃO,NÃO,NÃO,NÃO,NÃO,SIM,NÃO,NÃO,NÃO,NÃO,NÃO,NÃO,NÃO,NÃO,NÃO,NÃO,NÃO,SIM,NÃO,NÃO,NÃO,NÃO,NÃO,NÃO,NÃO,NÃO,NÃO,NÃO,NÃO,NÃO,NÃO,NÃO,NÃO,NÃO,NÃO,NÃO,NÃO,NÃO,NÃO,NÃO,NÃO,NÃO,,
7/24/2020 22:03:50,2010,17/11/2010,254/10,HGPE,"GOVERNADOR, SENADOR, DEPUTADO ESTADUAL",,PE,NÃO,,SIM,Sim,SIM,SIM,SIM,SIM,SIM,SIM,SIM,SIM,SIM,SIM,SIM,SIM,SIM,SIM,SIM,SIM,SIM,SIM,NÃO,SIM,SIM,SIM,SIM,SIM,SIM,NÃO,NÃO,SIM,SIM,NÃO,NÃO,NÃO,NÃO,NÃO,NÃO,NÃO,SIM,NÃO,NÃO,NÃO,NÃO,NÃO,NÃO,NÃO,NÃO,NÃO,NÃO,NÃO,SIM,NÃO,NÃO,NÃO,NÃO,NÃO,NÃO,NÃO,NÃO,NÃO,NÃO,NÃO,NÃO,NÃO,NÃO,NÃO,NÃO,NÃO,NÃO,NÃO,NÃO,NÃO,NÃO,NÃO,NÃO,,
7/24/2020 22:08:12,2010,18/11/2010,255/10,HGPE,"PRESIDENTE, DEPUTADO FEDERAL",,"BRASIL, PE",NÃO,,SIM,Sim,SIM,SIM,SIM,SIM,SIM,SIM,SIM,SIM,SIM,SIM,SIM,SIM,SIM,SIM,SIM,SIM,SIM,SIM,NÃO,SIM,SIM,SIM,SIM,SIM,SIM,SIM,SIM,SIM,SIM,NÃO,NÃO,NÃO,NÃO,NÃO,NÃO,NÃO,SIM,NÃO,NÃO,NÃO,NÃO,NÃO,NÃO,NÃO,NÃO,NÃO,NÃO,NÃO,SIM,NÃO,NÃO,NÃO,NÃO,NÃO,NÃO,NÃO,NÃO,NÃO,NÃO,NÃO,NÃO,NÃO,NÃO,NÃO,NÃO,NÃO,NÃO,NÃO,NÃO,NÃO,NÃO,NÃO,NÃO,,
7/24/2020 22:12:19,2010,19/11/2010,256/10,HGPE,"GOVERNADOR, SENADOR, DEPUTADO ESTADUAL",,PE,NÃO,,SIM,Sim,SIM,SIM,SIM,SIM,SIM,SIM,SIM,SIM,SIM,SIM,SIM,SIM,SIM,SIM,SIM,SIM,SIM,SIM,NÃO,SIM,SIM,SIM,SIM,SIM,SIM,NÃO,NÃO,SIM,SIM,NÃO,NÃO,NÃO,NÃO,NÃO,NÃO,NÃO,SIM,NÃO,NÃO,NÃO,NÃO,NÃO,NÃO,NÃO,NÃO,NÃO,NÃO,NÃO,SIM,NÃO,NÃO,NÃO,NÃO,NÃO,NÃO,NÃO,NÃO,NÃO,NÃO,NÃO,NÃO,NÃO,NÃO,NÃO,NÃO,NÃO,NÃO,NÃO,NÃO,NÃO,NÃO,NÃO,NÃO,,
7/24/2020 22:16:34,2010,20/11/2010,257/10,HGPE,"PRESIDENTE, DEPUTADO FEDERAL",,"BRASIL, PE",NÃO,,SIM,Sim,SIM,SIM,SIM,SIM,SIM,SIM,SIM,SIM,SIM,SIM,SIM,SIM,SIM,SIM,SIM,SIM,SIM,SIM,NÃO,SIM,SIM,SIM,SIM,SIM,SIM,SIM,SIM,SIM,SIM,NÃO,NÃO,NÃO,NÃO,NÃO,NÃO,NÃO,SIM,NÃO,NÃO,NÃO,NÃO,NÃO,NÃO,NÃO,NÃO,NÃO,NÃO,NÃO,SIM,NÃO,NÃO,NÃO,NÃO,NÃO,NÃO,NÃO,NÃO,NÃO,NÃO,NÃO,NÃO,NÃO,NÃO,NÃO,NÃO,NÃO,NÃO,NÃO,NÃO,NÃO,NÃO,NÃO,NÃO,,
7/24/2020 22:20:59,2010,21/11/2010,258/10,HGPE,"GOVERNADOR, SENADOR, DEPUTADO ESTADUAL",,PE,NÃO,,SIM,Sim,SIM,SIM,SIM,SIM,SIM,SIM,SIM,SIM,SIM,SIM,SIM,SIM,SIM,SIM,SIM,SIM,SIM,SIM,NÃO,SIM,SIM,SIM,SIM,SIM,SIM,NÃO,SIM,SIM,SIM,NÃO,NÃO,NÃO,NÃO,NÃO,NÃO,NÃO,SIM,NÃO,NÃO,NÃO,NÃO,NÃO,NÃO,NÃO,NÃO,NÃO,NÃO,NÃO,SIM,NÃO,NÃO,NÃO,NÃO,NÃO,NÃO,NÃO,NÃO,NÃO,NÃO,NÃO,NÃO,NÃO,NÃO,NÃO,NÃO,NÃO,NÃO,NÃO,NÃO,NÃO,NÃO,NÃO,NÃO,,
7/31/2020 12:22:48,2010,22/11/2010,259/10,HGPE,"PRESIDENTE, DEPUTADO FEDERAL",,"BRASIL, PE",NÃO,,SIM,Sim,SIM,SIM,SIM,SIM,SIM,SIM,SIM,SIM,SIM,SIM,SIM,SIM,SIM,SIM,SIM,SIM,SIM,SIM,NÃO,SIM,SIM,SIM,SIM,SIM,SIM,NÃO,SIM,SIM,SIM,NÃO,NÃO,NÃO,NÃO,NÃO,NÃO,NÃO,SIM,NÃO,NÃO,NÃO,NÃO,NÃO,NÃO,NÃO,NÃO,NÃO,NÃO,NÃO,SIM,NÃO,NÃO,NÃO,NÃO,NÃO,NÃO,NÃO,NÃO,NÃO,NÃO,NÃO,NÃO,NÃO,NÃO,NÃO,NÃO,NÃO,NÃO,NÃO,NÃO,NÃO,NÃO,NÃO,NÃO,,
7/31/2020 12:28:29,2010,23/11/2010,260/10,HGPE,"GOVERNADOR, SENADOR, DEPUTADO ESTADUAL",,PE,NÃO,,SIM,Sim,SIM,SIM,SIM,SIM,SIM,SIM,SIM,SIM,SIM,SIM,SIM,SIM,SIM,SIM,SIM,SIM,SIM,SIM,NÃO,SIM,SIM,SIM,SIM,SIM,SIM,NÃO,SIM,SIM,SIM,NÃO,NÃO,NÃO,NÃO,NÃO,NÃO,NÃO,SIM,NÃO,NÃO,NÃO,NÃO,NÃO,NÃO,NÃO,NÃO,NÃO,NÃO,NÃO,SIM,NÃO,NÃO,NÃO,NÃO,NÃO,NÃO,NÃO,NÃO,NÃO,NÃO,NÃO,NÃO,NÃO,NÃO,NÃO,NÃO,NÃO,NÃO,NÃO,NÃO,NÃO,NÃO,NÃO,NÃO,,
7/31/2020 12:33:36,2010,24/11/2010,261/10,HGPE,"PRESIDENTE, DEPUTADO FEDERAL",,"BRASIL, PE",NÃO,,SIM,Sim,SIM,SIM,SIM,SIM,SIM,SIM,SIM,SIM,SIM,SIM,SIM,SIM,SIM,SIM,SIM,SIM,SIM,SIM,NÃO,SIM,SIM,SIM,SIM,SIM,SIM,SIM,SIM,SIM,SIM,NÃO,NÃO,NÃO,NÃO,NÃO,NÃO,NÃO,SIM,NÃO,NÃO,NÃO,NÃO,NÃO,NÃO,NÃO,NÃO,NÃO,NÃO,NÃO,SIM,NÃO,NÃO,NÃO,NÃO,NÃO,NÃO,NÃO,NÃO,NÃO,NÃO,NÃO,NÃO,NÃO,NÃO,NÃO,NÃO,NÃO,NÃO,NÃO,NÃO,NÃO,NÃO,NÃO,NÃO,,
7/31/2020 12:38:49,2010,25/11/2010,262/10,HGPE,"GOVERNADOR, SENADOR, DEPUTADO ESTADUAL",,PE,NÃO,,SIM,Sim,SIM,SIM,SIM,SIM,SIM,SIM,SIM,SIM,SIM,SIM,SIM,SIM,SIM,SIM,SIM,SIM,SIM,SIM,NÃO,SIM,SIM,SIM,SIM,SIM,SIM,NÃO,NÃO,SIM,SIM,NÃO,NÃO,NÃO,NÃO,NÃO,NÃO,NÃO,SIM,NÃO,NÃO,NÃO,NÃO,NÃO,NÃO,NÃO,NÃO,NÃO,NÃO,NÃO,SIM,NÃO,NÃO,NÃO,NÃO,NÃO,NÃO,NÃO,NÃO,NÃO,NÃO,NÃO,NÃO,NÃO,NÃO,NÃO,NÃO,NÃO,NÃO,NÃO,NÃO,NÃO,NÃO,NÃO,NÃO,,
7/31/2020 12:43:30,2010,26/11/2010,263/10,HGPE,"PRESIDENTE, DEPUTADO FEDERAL",,"BRASIL, PE",NÃO,,SIM,Sim,SIM,SIM,SIM,SIM,SIM,SIM,SIM,SIM,SIM,SIM,SIM,SIM,SIM,SIM,SIM,SIM,SIM,SIM,NÃO,SIM,SIM,SIM,SIM,SIM,SIM,SIM,SIM,SIM,SIM,NÃO,NÃO,NÃO,NÃO,NÃO,NÃO,NÃO,SIM,NÃO,NÃO,NÃO,NÃO,NÃO,NÃO,NÃO,NÃO,NÃO,NÃO,NÃO,SIM,NÃO,NÃO,NÃO,NÃO,NÃO,NÃO,NÃO,NÃO,NÃO,NÃO,NÃO,NÃO,NÃO,NÃO,NÃO,NÃO,NÃO,NÃO,NÃO,NÃO,NÃO,NÃO,NÃO,NÃO,,
7/31/2020 12:50:19,2010,27/11/2010,264/10,HGPE,"GOVERNADOR, SENADOR, DEPUTADO ESTADUAL",,PE,NÃO,,SIM,Sim,SIM,SIM,SIM,SIM,SIM,SIM,SIM,SIM,SIM,SIM,SIM,SIM,SIM,SIM,SIM,SIM,SIM,SIM,NÃO,SIM,SIM,SIM,SIM,SIM,SIM,NÃO,SIM,SIM,SIM,NÃO,NÃO,NÃO,NÃO,NÃO,NÃO,NÃO,SIM,NÃO,NÃO,NÃO,NÃO,NÃO,NÃO,NÃO,NÃO,NÃO,NÃO,NÃO,SIM,NÃO,NÃO,NÃO,NÃO,NÃO,NÃO,NÃO,NÃO,NÃO,NÃO,NÃO,NÃO,NÃO,NÃO,NÃO,NÃO,NÃO,NÃO,NÃO,NÃO,NÃO,NÃO,NÃO,NÃO,,
7/31/2020 12:57:08,2010,28/11/2010,265/10,HGPE,"PRESIDENTE, DEPUTADO FEDERAL",,"BRASIL, PE",NÃO,,SIM,Sim,SIM,SIM,SIM,SIM,SIM,SIM,SIM,SIM,SIM,SIM,SIM,SIM,SIM,SIM,SIM,SIM,SIM,SIM,NÃO,SIM,SIM,SIM,SIM,SIM,SIM,SIM,SIM,SIM,SIM,NÃO,NÃO,NÃO,NÃO,NÃO,NÃO,NÃO,SIM,NÃO,NÃO,NÃO,NÃO,NÃO,NÃO,NÃO,NÃO,NÃO,NÃO,NÃO,SIM,NÃO,NÃO,NÃO,NÃO,NÃO,NÃO,NÃO,NÃO,NÃO,NÃO,NÃO,NÃO,NÃO,NÃO,NÃO,NÃO,NÃO,NÃO,NÃO,NÃO,NÃO,NÃO,NÃO,NÃO,,
7/31/2020 13:01:36,2010,29/11/2010,266/10,HGPE,"GOVERNADOR, SENADOR, DEPUTADO ESTADUAL",,PE,NÃO,,SIM,Sim,SIM,SIM,SIM,SIM,SIM,SIM,SIM,SIM,SIM,SIM,SIM,SIM,SIM,SIM,SIM,SIM,SIM,SIM,NÃO,SIM,SIM,SIM,SIM,SIM,SIM,NÃO,SIM,SIM,SIM,NÃO,NÃO,NÃO,NÃO,NÃO,NÃO,NÃO,SIM,NÃO,NÃO,NÃO,NÃO,NÃO,NÃO,NÃO,NÃO,NÃO,NÃO,NÃO,SIM,NÃO,NÃO,NÃO,NÃO,NÃO,NÃO,NÃO,NÃO,NÃO,NÃO,NÃO,NÃO,NÃO,NÃO,NÃO,NÃO,NÃO,NÃO,NÃO,NÃO,NÃO,NÃO,NÃO,NÃO,,
7/31/2020 13:06:44,2010,30/11/2010,267/10,HGPE,"PRESIDENTE, DEPUTADO FEDERAL",,"BRASIL, PE",NÃO,,SIM,Sim,SIM,SIM,SIM,SIM,SIM,SIM,SIM,SIM,SIM,SIM,SIM,SIM,SIM,SIM,SIM,SIM,SIM,SIM,NÃO,SIM,SIM,SIM,SIM,SIM,SIM,SIM,SIM,SIM,SIM,NÃO,NÃO,NÃO,NÃO,NÃO,NÃO,NÃO,SIM,NÃO,NÃO,NÃO,NÃO,NÃO,NÃO,NÃO,NÃO,NÃO,NÃO,NÃO,SIM,NÃO,NÃO,NÃO,NÃO,NÃO,NÃO,NÃO,NÃO,NÃO,NÃO,NÃO,NÃO,NÃO,NÃO,NÃO,NÃO,NÃO,NÃO,NÃO,NÃO,NÃO,NÃO,NÃO,NÃO,,
7/31/2020 13:15:05,2010,01/06/2010,268/10,HGPE,"PRESIDENTE, DEPUTADO FEDERAL",,"BRASIL, PE",NÃO,,SIM,Sim,SIM,SIM,SIM,SIM,SIM,SIM,SIM,SIM,SIM,SIM,SIM,SIM,SIM,SIM,SIM,SIM,SIM,SIM,NÃO,SIM,SIM,SIM,SIM,SIM,SIM,SIM,SIM,SIM,SIM,NÃO,NÃO,NÃO,NÃO,NÃO,NÃO,NÃO,SIM,NÃO,NÃO,NÃO,NÃO,NÃO,NÃO,NÃO,NÃO,NÃO,NÃO,NÃO,SIM,NÃO,NÃO,NÃO,NÃO,NÃO,NÃO,NÃO,NÃO,NÃO,NÃO,NÃO,NÃO,NÃO,NÃO,NÃO,NÃO,NÃO,NÃO,NÃO,NÃO,NÃO,NÃO,NÃO,NÃO,,
7/31/2020 14:14:35,2010,02/06/2010,269/10,HGPE,"GOVERNADOR, SENADOR, DEPUTADO ESTADUAL",,PE,NÃO,,SIM,Sim,SIM,SIM,SIM,SIM,SIM,SIM,SIM,SIM,SIM,SIM,NÃO,SIM,SIM,SIM,SIM,SIM,SIM,SIM,NÃO,SIM,SIM,SIM,SIM,SIM,SIM,NÃO,SIM,SIM,SIM,NÃO,NÃO,NÃO,NÃO,NÃO,NÃO,NÃO,SIM,NÃO,NÃO,NÃO,NÃO,NÃO,NÃO,NÃO,NÃO,NÃO,NÃO,NÃO,SIM,NÃO,NÃO,NÃO,NÃO,NÃO,NÃO,NÃO,NÃO,NÃO,NÃO,NÃO,NÃO,NÃO,NÃO,NÃO,NÃO,NÃO,NÃO,NÃO,NÃO,NÃO,NÃO,NÃO,NÃO,,
7/31/2020 14:20:03,2010,03/06/2010,270/10,HGPE,"PRESIDENTE, GOVERNADOR, SENADOR, DEPUTADO FEDERAL, DEPUTADO ESTADUAL",,"BRASIL, AM",NÃO,,SIM,Sim,SIM,SIM,SIM,SIM,SIM,SIM,SIM,SIM,SIM,SIM,NÃO,SIM,SIM,SIM,SIM,SIM,SIM,SIM,NÃO,SIM,SIM,SIM,SIM,SIM,SIM,SIM,SIM,SIM,SIM,NÃO,NÃO,NÃO,NÃO,NÃO,NÃO,NÃO,SIM,NÃO,NÃO,NÃO,NÃO,NÃO,NÃO,NÃO,NÃO,NÃO,NÃO,NÃO,SIM,NÃO,NÃO,NÃO,NÃO,NÃO,NÃO,NÃO,NÃO,NÃO,NÃO,NÃO,NÃO,NÃO,NÃO,NÃO,NÃO,NÃO,NÃO,NÃO,NÃO,NÃO,NÃO,NÃO,NÃO,,
7/31/2020 14:25:31,2010,04/06/2010,271/10,HGPE,"PRESIDENTE, GOVERNADOR, SENADOR, DEPUTADO FEDERAL, DEPUTADO ESTADUAL",,"BRASIL, AM",NÃO,,SIM,Sim,SIM,SIM,SIM,SIM,SIM,SIM,NÃO,SIM,SIM,SIM,SIM,NÃO,SIM,SIM,SIM,SIM,SIM,SIM,NÃO,NÃO,SIM,SIM,SIM,SIM,SIM,SIM,SIM,SIM,SIM,NÃO,NÃO,NÃO,NÃO,NÃO,NÃO,NÃO,SIM,NÃO,NÃO,NÃO,NÃO,NÃO,NÃO,NÃO,NÃO,NÃO,NÃO,NÃO,SIM,NÃO,NÃO,NÃO,NÃO,NÃO,NÃO,NÃO,NÃO,NÃO,NÃO,NÃO,NÃO,NÃO,NÃO,NÃO,NÃO,NÃO,NÃO,NÃO,NÃO,NÃO,NÃO,NÃO,NÃO,,
7/31/2020 14:32:38,2010,05/06/2010,272/10,HGPE,"GOVERNADOR, SENADOR, DEPUTADO ESTADUAL",,AM,NÃO,,SIM,Sim,SIM,SIM,SIM,SIM,SIM,SIM,SIM,SIM,SIM,SIM,SIM,SIM,SIM,SIM,SIM,SIM,SIM,SIM,NÃO,SIM,SIM,SIM,SIM,SIM,SIM,NÃO,SIM,SIM,SIM,NÃO,NÃO,NÃO,NÃO,NÃO,NÃO,NÃO,SIM,NÃO,NÃO,NÃO,NÃO,NÃO,NÃO,NÃO,NÃO,NÃO,NÃO,NÃO,SIM,NÃO,NÃO,NÃO,NÃO,NÃO,NÃO,NÃO,NÃO,NÃO,NÃO,NÃO,NÃO,NÃO,NÃO,NÃO,NÃO,NÃO,NÃO,NÃO,NÃO,NÃO,NÃO,NÃO,NÃO,,
7/31/2020 14:38:21,2010,06/06/2010,274/10,HGPE,"PRESIDENTE, GOVERNADOR, SENADOR, DEPUTADO FEDERAL, DEPUTADO ESTADUAL",,AM,NÃO,,SIM,Sim,SIM,SIM,SIM,SIM,SIM,SIM,SIM,SIM,SIM,SIM,NÃO,SIM,SIM,SIM,SIM,SIM,SIM,SIM,NÃO,SIM,SIM,SIM,SIM,SIM,SIM,SIM,SIM,SIM,SIM,NÃO,NÃO,NÃO,NÃO,NÃO,NÃO,NÃO,SIM,NÃO,NÃO,NÃO,NÃO,NÃO,NÃO,NÃO,NÃO,NÃO,NÃO,NÃO,SIM,NÃO,NÃO,NÃO,NÃO,NÃO,NÃO,NÃO,NÃO,NÃO,NÃO,NÃO,NÃO,NÃO,NÃO,NÃO,NÃO,NÃO,NÃO,NÃO,NÃO,NÃO,NÃO,NÃO,NÃO,,
7/31/2020 14:43:47,2010,07/06/2010,275/10,HGPE,"PRESIDENTE, GOVERNADOR, SENADOR, DEPUTADO FEDERAL, DEPUTADO ESTADUAL",,"BRASIL, AM",NÃO,,SIM,Sim,SIM,SIM,SIM,SIM,SIM,SIM,NÃO,SIM,SIM,SIM,SIM,NÃO,SIM,SIM,SIM,SIM,SIM,SIM,NÃO,NÃO,SIM,SIM,SIM,SIM,SIM,SIM,SIM,SIM,SIM,NÃO,NÃO,NÃO,NÃO,NÃO,NÃO,NÃO,SIM,NÃO,NÃO,NÃO,NÃO,NÃO,NÃO,NÃO,NÃO,NÃO,NÃO,NÃO,SIM,NÃO,NÃO,NÃO,NÃO,NÃO,NÃO,NÃO,NÃO,NÃO,NÃO,NÃO,NÃO,NÃO,NÃO,NÃO,NÃO,NÃO,NÃO,NÃO,NÃO,NÃO,NÃO,NÃO,NÃO,,
7/31/2020 14:55:04,2010,07/06/2010,276/10,HGPE,"PRESIDENTE, DEPUTADO FEDERAL",,CE,NÃO,,SIM,Sim,SIM,SIM,SIM,SIM,SIM,SIM,SIM,SIM,SIM,SIM,NÃO,SIM,SIM,SIM,NÃO,SIM,SIM,SIM,NÃO,NÃO,SIM,NÃO,SIM,SIM,NÃO,SIM,NÃO,NÃO,SIM,NÃO,NÃO,NÃO,NÃO,NÃO,NÃO,NÃO,SIM,NÃO,NÃO,NÃO,NÃO,NÃO,NÃO,NÃO,NÃO,NÃO,NÃO,NÃO,NÃO,NÃO,NÃO,NÃO,NÃO,NÃO,NÃO,NÃO,NÃO,NÃO,NÃO,NÃO,NÃO,NÃO,NÃO,NÃO,NÃO,NÃO,NÃO,NÃO,NÃO,NÃO,NÃO,NÃO,NÃO,,
7/31/2020 15:07:26,2010,08/06/2010,277/10,HGPE,"GOVERNADOR, SENADOR, DEPUTADO ESTADUAL",,CE,NÃO,,SIM,Sim,SIM,SIM,SIM,SIM,SIM,SIM,SIM,SIM,SIM,SIM,SIM,SIM,SIM,SIM,SIM,SIM,SIM,SIM,NÃO,SIM,SIM,SIM,SIM,SIM,SIM,NÃO,SIM,SIM,SIM,NÃO,NÃO,NÃO,NÃO,NÃO,NÃO,NÃO,SIM,NÃO,NÃO,NÃO,NÃO,NÃO,NÃO,NÃO,NÃO,NÃO,NÃO,NÃO,SIM,NÃO,NÃO,NÃO,NÃO,NÃO,NÃO,NÃO,NÃO,NÃO,NÃO,NÃO,NÃO,NÃO,NÃO,NÃO,NÃO,NÃO,NÃO,NÃO,NÃO,NÃO,NÃO,NÃO,NÃO,,
7/31/2020 15:12:05,2010,09/06/2010,278/10,HGPE,"GOVERNADOR, SENADOR, DEPUTADO ESTADUAL",,CE,NÃO,,SIM,Sim,SIM,SIM,SIM,SIM,SIM,SIM,SIM,SIM,SIM,SIM,SIM,SIM,SIM,SIM,SIM,SIM,SIM,SIM,NÃO,SIM,SIM,SIM,SIM,SIM,SIM,NÃO,SIM,SIM,SIM,NÃO,NÃO,NÃO,NÃO,NÃO,NÃO,NÃO,SIM,NÃO,NÃO,NÃO,NÃO,NÃO,NÃO,NÃO,NÃO,NÃO,NÃO,NÃO,SIM,NÃO,NÃO,NÃO,NÃO,NÃO,NÃO,NÃO,NÃO,NÃO,NÃO,NÃO,NÃO,NÃO,NÃO,NÃO,NÃO,NÃO,NÃO,NÃO,NÃO,NÃO,NÃO,NÃO,NÃO,,
7/31/2020 15:17:05,2010,10/06/2010,279/10,HGPE,"GOVERNADOR, SENADOR, DEPUTADO ESTADUAL",,CE,NÃO,,SIM,Sim,SIM,SIM,SIM,SIM,SIM,SIM,SIM,SIM,SIM,SIM,SIM,SIM,SIM,SIM,SIM,SIM,SIM,SIM,NÃO,SIM,SIM,SIM,SIM,SIM,SIM,NÃO,SIM,SIM,SIM,NÃO,NÃO,NÃO,NÃO,NÃO,NÃO,NÃO,SIM,NÃO,NÃO,NÃO,NÃO,NÃO,NÃO,NÃO,NÃO,NÃO,NÃO,NÃO,SIM,NÃO,NÃO,NÃO,NÃO,NÃO,NÃO,NÃO,NÃO,NÃO,NÃO,NÃO,NÃO,NÃO,NÃO,NÃO,NÃO,NÃO,NÃO,NÃO,NÃO,NÃO,NÃO,NÃO,NÃO,,
7/31/2020 15:22:09,2010,11/06/2010,280/10,HGPE,"GOVERNADOR, SENADOR, DEPUTADO ESTADUAL",,CE,NÃO,,SIM,Sim,SIM,SIM,SIM,SIM,SIM,SIM,SIM,SIM,SIM,SIM,SIM,SIM,SIM,SIM,SIM,SIM,SIM,SIM,NÃO,NÃO,SIM,SIM,SIM,SIM,SIM,NÃO,SIM,SIM,SIM,NÃO,NÃO,NÃO,NÃO,NÃO,NÃO,NÃO,SIM,NÃO,NÃO,NÃO,NÃO,NÃO,NÃO,NÃO,NÃO,NÃO,NÃO,NÃO,NÃO,NÃO,NÃO,NÃO,NÃO,NÃO,NÃO,NÃO,NÃO,NÃO,NÃO,NÃO,NÃO,NÃO,NÃO,NÃO,NÃO,NÃO,NÃO,NÃO,NÃO,NÃO,NÃO,NÃO,NÃO,,
7/31/2020 15:24:00,2010,12/06/2010,281/10,HGPE,,A gravação tem apenas 4 segundos,,NÃO,,SIM,Não,SIM,SIM,SIM,NÃO,NÃO,NÃO,NÃO,NÃO,NÃO,NÃO,NÃO,NÃO,NÃO,NÃO,NÃO,NÃO,NÃO,NÃO,NÃO,NÃO,NÃO,NÃO,NÃO,NÃO,NÃO,NÃO,NÃO,NÃO,NÃO,NÃO,NÃO,NÃO,NÃO,NÃO,NÃO,NÃO,NÃO,NÃO,NÃO,NÃO,NÃO,NÃO,NÃO,NÃO,NÃO,NÃO,NÃO,NÃO,NÃO,NÃO,NÃO,NÃO,NÃO,NÃO,NÃO,NÃO,NÃO,NÃO,NÃO,NÃO,NÃO,NÃO,NÃO,NÃO,NÃO,NÃO,NÃO,NÃO,NÃO,NÃO,NÃO,NÃO,NÃO,,
7/31/2020 15:29:04,2010,13/06/2010,282/10,HGPE,"PRESIDENTE, DEPUTADO FEDERAL",,"BRASIL, CE",NÃO,,SIM,Sim,SIM,SIM,SIM,SIM,SIM,SIM,SIM,SIM,SIM,SIM,SIM,SIM,SIM,SIM,SIM,SIM,SIM,SIM,NÃO,SIM,SIM,SIM,SIM,SIM,SIM,SIM,SIM,SIM,NÃO,NÃO,NÃO,NÃO,NÃO,NÃO,NÃO,NÃO,SIM,NÃO,NÃO,NÃO,NÃO,NÃO,NÃO,NÃO,NÃO,NÃO,NÃO,NÃO,SIM,NÃO,NÃO,NÃO,NÃO,NÃO,NÃO,NÃO,NÃO,NÃO,NÃO,NÃO,NÃO,NÃO,NÃO,NÃO,NÃO,NÃO,NÃO,NÃO,NÃO,NÃO,NÃO,NÃO,NÃO,,
7/31/2020 15:34:25,2010,14/06/2010,283/10,HGPE,"GOVERNADOR, SENADOR, DEPUTADO ESTADUAL",,CE,NÃO,,SIM,Sim,SIM,SIM,SIM,SIM,SIM,SIM,SIM,SIM,SIM,SIM,SIM,SIM,SIM,SIM,SIM,SIM,SIM,SIM,NÃO,SIM,SIM,SIM,SIM,SIM,SIM,NÃO,SIM,SIM,SIM,NÃO,NÃO,NÃO,NÃO,NÃO,NÃO,NÃO,SIM,NÃO,NÃO,NÃO,NÃO,NÃO,NÃO,NÃO,NÃO,NÃO,NÃO,NÃO,SIM,NÃO,NÃO,NÃO,NÃO,NÃO,NÃO,NÃO,NÃO,NÃO,NÃO,NÃO,NÃO,NÃO,NÃO,NÃO,NÃO,NÃO,NÃO,NÃO,NÃO,NÃO,NÃO,NÃO,NÃO,,
7/31/2020 15:41:14,2010,15/06/2010,284/10,HGPE,"PRESIDENTE, DEPUTADO FEDERAL",,"BRASIL, CE",NÃO,,SIM,Sim,SIM,SIM,SIM,SIM,SIM,SIM,SIM,SIM,SIM,SIM,SIM,SIM,SIM,SIM,SIM,SIM,SIM,SIM,NÃO,SIM,SIM,SIM,SIM,SIM,SIM,SIM,SIM,SIM,SIM,NÃO,NÃO,NÃO,NÃO,NÃO,NÃO,NÃO,SIM,NÃO,NÃO,NÃO,NÃO,NÃO,NÃO,NÃO,NÃO,NÃO,NÃO,NÃO,SIM,NÃO,NÃO,NÃO,NÃO,NÃO,NÃO,NÃO,NÃO,NÃO,NÃO,NÃO,NÃO,NÃO,NÃO,NÃO,NÃO,NÃO,NÃO,NÃO,NÃO,NÃO,NÃO,NÃO,NÃO,,
7/31/2020 16:24:20,2010,16/06/2010,285/10,HGPE,"GOVERNADOR, SENADOR, DEPUTADO ESTADUAL",,CE,NÃO,,SIM,Sim,SIM,SIM,SIM,SIM,SIM,SIM,SIM,SIM,SIM,SIM,SIM,SIM,SIM,SIM,SIM,SIM,SIM,SIM,NÃO,NÃO,SIM,SIM,SIM,SIM,SIM,NÃO,SIM,SIM,SIM,NÃO,NÃO,NÃO,NÃO,NÃO,NÃO,NÃO,SIM,NÃO,NÃO,NÃO,NÃO,NÃO,NÃO,NÃO,NÃO,NÃO,NÃO,NÃO,NÃO,NÃO,NÃO,NÃO,NÃO,NÃO,NÃO,NÃO,NÃO,NÃO,NÃO,NÃO,NÃO,NÃO,NÃO,NÃO,NÃO,NÃO,NÃO,NÃO,NÃO,NÃO,NÃO,NÃO,NÃO,,
7/31/2020 16:28:51,2010,17/06/2010,286/10,HGPE,"PRESIDENTE, DEPUTADO FEDERAL",,"BRASIL, CE",NÃO,,SIM,Sim,SIM,SIM,SIM,SIM,SIM,SIM,SIM,SIM,SIM,SIM,SIM,SIM,SIM,SIM,SIM,SIM,SIM,SIM,NÃO,SIM,SIM,SIM,SIM,SIM,SIM,SIM,SIM,SIM,SIM,NÃO,NÃO,NÃO,NÃO,NÃO,NÃO,NÃO,SIM,NÃO,NÃO,NÃO,NÃO,NÃO,NÃO,NÃO,NÃO,NÃO,NÃO,NÃO,SIM,NÃO,NÃO,NÃO,NÃO,NÃO,NÃO,NÃO,NÃO,NÃO,NÃO,NÃO,NÃO,NÃO,NÃO,NÃO,NÃO,NÃO,NÃO,NÃO,NÃO,NÃO,NÃO,NÃO,NÃO,,
7/31/2020 16:35:23,2010,18/06/2010,287/10,HGPE,"GOVERNADOR, SENADOR, DEPUTADO ESTADUAL",,CE,NÃO,,SIM,Sim,SIM,SIM,SIM,SIM,SIM,SIM,SIM,SIM,SIM,SIM,SIM,SIM,SIM,SIM,SIM,SIM,SIM,SIM,NÃO,SIM,SIM,SIM,SIM,SIM,SIM,NÃO,SIM,SIM,SIM,NÃO,NÃO,NÃO,NÃO,NÃO,NÃO,NÃO,SIM,NÃO,NÃO,NÃO,NÃO,NÃO,NÃO,NÃO,NÃO,NÃO,NÃO,NÃO,SIM,NÃO,NÃO,NÃO,NÃO,NÃO,NÃO,NÃO,NÃO,NÃO,NÃO,NÃO,NÃO,NÃO,NÃO,NÃO,NÃO,NÃO,NÃO,NÃO,NÃO,NÃO,NÃO,NÃO,NÃO,,
7/31/2020 16:41:06,2010,19/06/2010,288/10,HGPE,"PRESIDENTE, DEPUTADO FEDERAL",,"BRASIL, CE",NÃO,,SIM,Sim,SIM,SIM,SIM,SIM,SIM,SIM,SIM,SIM,SIM,SIM,SIM,SIM,SIM,SIM,SIM,SIM,SIM,SIM,NÃO,SIM,SIM,SIM,SIM,SIM,SIM,SIM,SIM,SIM,SIM,NÃO,NÃO,NÃO,NÃO,NÃO,NÃO,NÃO,SIM,NÃO,NÃO,NÃO,NÃO,NÃO,NÃO,NÃO,NÃO,NÃO,NÃO,NÃO,SIM,NÃO,NÃO,NÃO,NÃO,NÃO,NÃO,NÃO,NÃO,NÃO,NÃO,NÃO,NÃO,NÃO,NÃO,NÃO,NÃO,NÃO,NÃO,NÃO,NÃO,NÃO,NÃO,NÃO,NÃO,,
7/31/2020 16:46:40,2010,20/06/2010,289/10,HGPE,"GOVERNADOR, SENADOR, DEPUTADO ESTADUAL",,CE,NÃO,,SIM,Sim,SIM,SIM,SIM,SIM,SIM,SIM,SIM,SIM,SIM,NÃO,SIM,SIM,SIM,SIM,SIM,SIM,SIM,SIM,NÃO,SIM,SIM,SIM,SIM,SIM,SIM,NÃO,SIM,SIM,SIM,NÃO,NÃO,NÃO,NÃO,NÃO,NÃO,NÃO,SIM,NÃO,NÃO,NÃO,NÃO,NÃO,NÃO,NÃO,NÃO,NÃO,NÃO,NÃO,SIM,NÃO,NÃO,NÃO,NÃO,NÃO,NÃO,NÃO,NÃO,NÃO,NÃO,NÃO,NÃO,NÃO,NÃO,NÃO,NÃO,NÃO,NÃO,NÃO,NÃO,NÃO,NÃO,NÃO,NÃO,,
7/31/2020 16:52:10,2010,21/06/2010,290/10,HGPE,"PRESIDENTE, DEPUTADO FEDERAL",,"BRASIL, CE",NÃO,,SIM,Sim,SIM,SIM,SIM,SIM,SIM,SIM,SIM,NÃO,SIM,NÃO,SIM,SIM,SIM,SIM,SIM,SIM,SIM,SIM,NÃO,SIM,SIM,SIM,NÃO,SIM,SIM,SIM,SIM,SIM,SIM,NÃO,NÃO,NÃO,NÃO,NÃO,NÃO,NÃO,SIM,NÃO,NÃO,NÃO,NÃO,NÃO,NÃO,NÃO,NÃO,NÃO,NÃO,NÃO,SIM,NÃO,NÃO,NÃO,NÃO,NÃO,NÃO,NÃO,NÃO,NÃO,NÃO,NÃO,NÃO,NÃO,NÃO,NÃO,NÃO,NÃO,NÃO,NÃO,NÃO,NÃO,NÃO,NÃO,NÃO,,
7/31/2020 16:57:54,2010,22/06/2010,291/10,HGPE,"GOVERNADOR, SENADOR, DEPUTADO ESTADUAL",,CE,NÃO,,SIM,Sim,SIM,SIM,SIM,SIM,SIM,SIM,SIM,SIM,SIM,SIM,SIM,SIM,SIM,SIM,SIM,SIM,SIM,SIM,NÃO,SIM,SIM,SIM,SIM,SIM,SIM,NÃO,SIM,SIM,SIM,NÃO,NÃO,NÃO,NÃO,NÃO,NÃO,NÃO,SIM,NÃO,NÃO,NÃO,NÃO,NÃO,NÃO,NÃO,NÃO,NÃO,NÃO,NÃO,NÃO,NÃO,NÃO,NÃO,NÃO,NÃO,NÃO,NÃO,NÃO,NÃO,NÃO,NÃO,NÃO,NÃO,NÃO,NÃO,NÃO,NÃO,NÃO,NÃO,NÃO,NÃO,NÃO,NÃO,NÃO,,
7/31/2020 17:04:12,2010,23/06/2010,292/10,HGPE,"GOVERNADOR, SENADOR, DEPUTADO ESTADUAL",,CE,NÃO,,SIM,Sim,SIM,SIM,SIM,SIM,SIM,SIM,SIM,SIM,SIM,SIM,SIM,SIM,SIM,SIM,SIM,SIM,SIM,SIM,NÃO,SIM,SIM,SIM,SIM,SIM,SIM,NÃO,SIM,SIM,SIM,NÃO,NÃO,NÃO,NÃO,NÃO,NÃO,NÃO,SIM,NÃO,NÃO,NÃO,NÃO,NÃO,NÃO,NÃO,NÃO,NÃO,NÃO,NÃO,SIM,NÃO,NÃO,NÃO,NÃO,NÃO,NÃO,NÃO,NÃO,NÃO,NÃO,NÃO,NÃO,NÃO,NÃO,NÃO,NÃO,NÃO,NÃO,NÃO,NÃO,NÃO,NÃO,NÃO,NÃO,,
7/31/2020 17:10:02,2010,24/06/2010,293/10,HGPE,"GOVERNADOR, SENADOR, DEPUTADO ESTADUAL",,CE,SIM,,SIM,Sim,SIM,SIM,SIM,SIM,SIM,SIM,SIM,SIM,SIM,SIM,SIM,SIM,SIM,SIM,SIM,SIM,SIM,SIM,NÃO,SIM,SIM,SIM,SIM,SIM,SIM,NÃO,SIM,SIM,SIM,NÃO,NÃO,NÃO,NÃO,NÃO,NÃO,NÃO,SIM,NÃO,NÃO,NÃO,NÃO,NÃO,NÃO,NÃO,NÃO,NÃO,NÃO,NÃO,SIM,NÃO,NÃO,NÃO,NÃO,NÃO,NÃO,NÃO,NÃO,NÃO,NÃO,NÃO,NÃO,NÃO,NÃO,NÃO,NÃO,NÃO,NÃO,NÃO,NÃO,NÃO,NÃO,NÃO,NÃO,,
7/31/2020 17:21:44,2010,25/06/2010,294/10,HGPE,"PRESIDENTE, DEPUTADO FEDERAL",,"BRASIL, CE",NÃO,,SIM,Sim,SIM,SIM,SIM,SIM,SIM,SIM,SIM,SIM,SIM,SIM,SIM,SIM,SIM,SIM,SIM,SIM,SIM,SIM,NÃO,SIM,SIM,SIM,SIM,SIM,SIM,SIM,SIM,SIM,SIM,NÃO,NÃO,NÃO,NÃO,NÃO,NÃO,NÃO,SIM,NÃO,NÃO,NÃO,NÃO,NÃO,NÃO,NÃO,NÃO,NÃO,NÃO,NÃO,SIM,NÃO,NÃO,NÃO,NÃO,NÃO,NÃO,NÃO,NÃO,NÃO,NÃO,NÃO,NÃO,NÃO,NÃO,NÃO,NÃO,NÃO,NÃO,NÃO,NÃO,NÃO,NÃO,NÃO,NÃO,,
7/31/2020 17:27:02,2010,26/06/2010,295/10,HGPE,"GOVERNADOR, SENADOR, DEPUTADO ESTADUAL",,CE,NÃO,,SIM,Sim,SIM,SIM,SIM,SIM,SIM,SIM,SIM,SIM,SIM,SIM,SIM,SIM,SIM,SIM,SIM,SIM,SIM,SIM,NÃO,SIM,SIM,SIM,SIM,SIM,SIM,NÃO,SIM,SIM,SIM,NÃO,NÃO,NÃO,NÃO,NÃO,NÃO,NÃO,SIM,NÃO,NÃO,NÃO,NÃO,NÃO,NÃO,NÃO,NÃO,NÃO,NÃO,NÃO,SIM,NÃO,NÃO,NÃO,NÃO,NÃO,NÃO,NÃO,NÃO,NÃO,NÃO,NÃO,NÃO,NÃO,NÃO,NÃO,NÃO,NÃO,NÃO,NÃO,NÃO,NÃO,NÃO,NÃO,NÃO,,
7/31/2020 17:31:57,2010,27/06/2010,297/10,HGPE,DEPUTADO FEDERAL,,RJ,NÃO,,SIM,Sim,SIM,SIM,SIM,SIM,SIM,SIM,SIM,SIM,SIM,SIM,SIM,SIM,SIM,SIM,SIM,SIM,SIM,NÃO,NÃO,SIM,SIM,NÃO,SIM,SIM,SIM,NÃO,SIM,SIM,SIM,NÃO,NÃO,NÃO,NÃO,NÃO,NÃO,NÃO,SIM,NÃO,NÃO,NÃO,NÃO,NÃO,NÃO,NÃO,NÃO,NÃO,NÃO,NÃO,SIM,NÃO,NÃO,NÃO,NÃO,NÃO,NÃO,NÃO,NÃO,NÃO,NÃO,NÃO,NÃO,NÃO,NÃO,NÃO,NÃO,NÃO,NÃO,NÃO,NÃO,NÃO,NÃO,NÃO,NÃO,,
7/31/2020 17:37:09,2010,28/06/2010,298/10,HGPE,DEPUTADO FEDERAL,,RJ,NÃO,,SIM,Sim,SIM,SIM,SIM,SIM,SIM,SIM,SIM,SIM,SIM,SIM,SIM,SIM,SIM,SIM,SIM,SIM,SIM,NÃO,NÃO,SIM,SIM,NÃO,SIM,SIM,SIM,NÃO,SIM,SIM,SIM,NÃO,NÃO,NÃO,NÃO,NÃO,NÃO,NÃO,SIM,NÃO,NÃO,NÃO,NÃO,NÃO,NÃO,NÃO,NÃO,NÃO,NÃO,NÃO,SIM,NÃO,NÃO,NÃO,NÃO,NÃO,NÃO,NÃO,NÃO,NÃO,NÃO,NÃO,NÃO,NÃO,NÃO,NÃO,NÃO,NÃO,NÃO,NÃO,NÃO,NÃO,NÃO,NÃO,NÃO,,
7/31/2020 17:41:44,2010,29/06/2010,299/10,HGPE,DEPUTADO FEDERAL,,RJ,NÃO,,SIM,Sim,SIM,SIM,SIM,SIM,SIM,SIM,SIM,SIM,SIM,SIM,SIM,SIM,SIM,SIM,SIM,SIM,SIM,NÃO,NÃO,SIM,SIM,NÃO,SIM,SIM,SIM,NÃO,SIM,SIM,SIM,NÃO,NÃO,NÃO,NÃO,NÃO,NÃO,NÃO,SIM,NÃO,NÃO,NÃO,NÃO,NÃO,NÃO,NÃO,NÃO,NÃO,NÃO,NÃO,SIM,NÃO,NÃO,NÃO,NÃO,NÃO,NÃO,NÃO,NÃO,NÃO,NÃO,NÃO,NÃO,NÃO,NÃO,NÃO,NÃO,NÃO,NÃO,NÃO,NÃO,NÃO,NÃO,NÃO,NÃO,,
7/31/2020 17:47:48,2010,30/06/2010,300/10,HGPE,"PRESIDENTE, DEPUTADO FEDERAL",,"BRASIL, RJ",NÃO,,SIM,Sim,SIM,SIM,SIM,SIM,SIM,SIM,SIM,SIM,SIM,SIM,SIM,SIM,SIM,SIM,SIM,SIM,SIM,SIM,NÃO,SIM,SIM,NÃO,SIM,SIM,SIM,SIM,SIM,SIM,SIM,NÃO,NÃO,NÃO,NÃO,NÃO,NÃO,NÃO,SIM,NÃO,NÃO,NÃO,NÃO,NÃO,NÃO,NÃO,NÃO,NÃO,NÃO,NÃO,SIM,NÃO,NÃO,NÃO,NÃO,NÃO,NÃO,NÃO,NÃO,NÃO,NÃO,NÃO,NÃO,NÃO,NÃO,NÃO,NÃO,NÃO,NÃO,NÃO,NÃO,NÃO,NÃO,NÃO,NÃO,,
9/11/2020 13:46:05,2010,01/07/2010,301/10,HGPE,"PRESIDENTE, GOVERNADOR, SENADOR, DEPUTADO FEDERAL, DEPUTADO ESTADUAL",,"BRASIL, GO",NÃO,,SIM,Sim,SIM,SIM,SIM,SIM,SIM,SIM,SIM,SIM,SIM,SIM,SIM,SIM,NÃO,SIM,SIM,SIM,SIM,SIM,NÃO,SIM,SIM,SIM,SIM,SIM,SIM,SIM,SIM,SIM,SIM,NÃO,NÃO,NÃO,NÃO,NÃO,NÃO,NÃO,SIM,NÃO,NÃO,NÃO,NÃO,NÃO,NÃO,NÃO,NÃO,NÃO,NÃO,NÃO,SIM,NÃO,NÃO,NÃO,NÃO,NÃO,NÃO,NÃO,NÃO,NÃO,NÃO,NÃO,NÃO,NÃO,NÃO,NÃO,NÃO,NÃO,NÃO,NÃO,NÃO,NÃO,NÃO,NÃO,NÃO,,
9/11/2020 13:51:15,2010,02/07/2010,302/10,HGPE,"GOVERNADOR, SENADOR, DEPUTADO ESTADUAL",,GO,NÃO,,SIM,Sim,SIM,SIM,SIM,SIM,SIM,SIM,SIM,SIM,SIM,SIM,SIM,SIM,SIM,SIM,SIM,SIM,SIM,SIM,NÃO,SIM,SIM,SIM,SIM,SIM,SIM,NÃO,SIM,SIM,SIM,NÃO,NÃO,NÃO,NÃO,NÃO,NÃO,NÃO,SIM,NÃO,NÃO,NÃO,NÃO,NÃO,NÃO,NÃO,NÃO,NÃO,NÃO,NÃO,SIM,NÃO,NÃO,NÃO,NÃO,NÃO,NÃO,NÃO,NÃO,NÃO,NÃO,NÃO,NÃO,NÃO,NÃO,NÃO,NÃO,NÃO,NÃO,NÃO,NÃO,NÃO,NÃO,NÃO,NÃO,,
9/11/2020 13:56:13,2010,03/07/2010,326/10,HGPE,"GOVERNADOR, SENADOR, DEPUTADO ESTADUAL",,PA,NÃO,,SIM,Sim,SIM,SIM,SIM,SIM,SIM,SIM,SIM,SIM,SIM,SIM,SIM,SIM,SIM,SIM,SIM,NÃO,SIM,SIM,NÃO,SIM,SIM,NÃO,SIM,SIM,SIM,NÃO,SIM,SIM,SIM,NÃO,NÃO,NÃO,NÃO,NÃO,NÃO,NÃO,SIM,NÃO,NÃO,NÃO,NÃO,NÃO,NÃO,NÃO,NÃO,NÃO,NÃO,NÃO,SIM,NÃO,NÃO,NÃO,NÃO,NÃO,NÃO,NÃO,NÃO,NÃO,NÃO,NÃO,NÃO,NÃO,NÃO,NÃO,NÃO,NÃO,NÃO,NÃO,NÃO,NÃO,NÃO,NÃO,NÃO,,
9/11/2020 14:00:32,2010,04/07/2010,328/10,HGPE,"PRESIDENTE, DEPUTADO FEDERAL",A gravação tem apenas 32:41 (incompleto),RO,NÃO,,SIM,Sim,SIM,SIM,SIM,SIM,SIM,SIM,SIM,NÃO,SIM,NÃO,NÃO,NÃO,SIM,SIM,NÃO,SIM,SIM,SIM,NÃO,NÃO,NÃO,NÃO,NÃO,SIM,NÃO,SIM,NÃO,NÃO,NÃO,NÃO,NÃO,NÃO,NÃO,NÃO,NÃO,NÃO,NÃO,NÃO,NÃO,NÃO,NÃO,NÃO,NÃO,NÃO,NÃO,NÃO,NÃO,NÃO,NÃO,NÃO,NÃO,NÃO,NÃO,NÃO,NÃO,NÃO,NÃO,NÃO,NÃO,NÃO,NÃO,NÃO,NÃO,NÃO,NÃO,NÃO,NÃO,NÃO,NÃO,NÃO,NÃO,NÃO,NÃO,,
9/11/2020 14:05:17,2010,05/07/2010,329/10,HGPE,GOVERNADOR,A gravação tem apenas 19:57 (incompleto),RO,NÃO,,SIM,Sim,SIM,SIM,SIM,SIM,SIM,SIM,SIM,SIM,SIM,SIM,NÃO,NÃO,NÃO,NÃO,NÃO,NÃO,SIM,SIM,NÃO,NÃO,NÃO,NÃO,SIM,NÃO,NÃO,NÃO,NÃO,NÃO,SIM,NÃO,NÃO,NÃO,NÃO,NÃO,NÃO,NÃO,SIM,NÃO,NÃO,NÃO,NÃO,NÃO,NÃO,NÃO,NÃO,NÃO,NÃO,NÃO,SIM,NÃO,NÃO,NÃO,NÃO,NÃO,NÃO,NÃO,NÃO,NÃO,NÃO,NÃO,NÃO,NÃO,NÃO,NÃO,NÃO,NÃO,NÃO,NÃO,NÃO,NÃO,NÃO,NÃO,NÃO,,
9/11/2020 14:16:33,2010,06/07/2010,330/10,HGPE,"PRESIDENTE, DEPUTADO FEDERAL",,"BRASIL, RO",NÃO,,SIM,Sim,SIM,SIM,SIM,SIM,SIM,SIM,SIM,SIM,SIM,SIM,SIM,SIM,SIM,SIM,SIM,SIM,SIM,SIM,NÃO,NÃO,SIM,NÃO,SIM,SIM,SIM,SIM,NÃO,SIM,SIM,NÃO,NÃO,NÃO,NÃO,NÃO,NÃO,NÃO,SIM,NÃO,NÃO,NÃO,NÃO,NÃO,NÃO,NÃO,NÃO,NÃO,NÃO,NÃO,SIM,NÃO,NÃO,NÃO,NÃO,NÃO,NÃO,NÃO,NÃO,NÃO,NÃO,NÃO,NÃO,NÃO,NÃO,NÃO,NÃO,NÃO,NÃO,NÃO,NÃO,NÃO,NÃO,NÃO,NÃO,,
9/11/2020 14:19:20,2010,07/07/2010,331/10,HGPE,PRESIDENTE,A gravação apresenta defeito em 21:48,BRASIL,NÃO,,SIM,Não,SIM,SIM,SIM,SIM,SIM,NÃO,NÃO,NÃO,NÃO,NÃO,NÃO,NÃO,SIM,SIM,NÃO,SIM,NÃO,NÃO,NÃO,NÃO,NÃO,NÃO,NÃO,NÃO,NÃO,NÃO,NÃO,NÃO,NÃO,NÃO,NÃO,NÃO,NÃO,NÃO,NÃO,NÃO,NÃO,NÃO,NÃO,NÃO,NÃO,NÃO,NÃO,NÃO,NÃO,NÃO,NÃO,NÃO,NÃO,NÃO,NÃO,NÃO,NÃO,NÃO,NÃO,NÃO,NÃO,NÃO,NÃO,NÃO,NÃO,NÃO,NÃO,NÃO,NÃO,NÃO,NÃO,NÃO,NÃO,NÃO,NÃO,NÃO,NÃO,,
9/11/2020 14:21:15,2010,08/07/2010,332/10,HGPE,,A gravação tem 0 segundos,,NÃO,,SIM,Não,SIM,SIM,SIM,NÃO,NÃO,NÃO,NÃO,NÃO,NÃO,NÃO,NÃO,NÃO,NÃO,NÃO,NÃO,NÃO,NÃO,NÃO,NÃO,NÃO,NÃO,NÃO,NÃO,NÃO,NÃO,NÃO,NÃO,NÃO,NÃO,NÃO,NÃO,NÃO,NÃO,NÃO,NÃO,NÃO,NÃO,NÃO,NÃO,NÃO,NÃO,NÃO,NÃO,NÃO,NÃO,NÃO,NÃO,NÃO,NÃO,NÃO,NÃO,NÃO,NÃO,NÃO,NÃO,NÃO,NÃO,NÃO,NÃO,NÃO,NÃO,NÃO,NÃO,NÃO,NÃO,NÃO,NÃO,NÃO,NÃO,NÃO,NÃO,NÃO,NÃO,,
9/11/2020 14:26:54,2010,09/07/2010,333/10,HGPE,"PRESIDENTE, DEPUTADO FEDERAL",,RO,NÃO,,SIM,Sim,SIM,SIM,SIM,SIM,SIM,SIM,SIM,SIM,SIM,SIM,SIM,SIM,SIM,SIM,NÃO,SIM,SIM,SIM,NÃO,NÃO,SIM,NÃO,SIM,SIM,SIM,SIM,NÃO,NÃO,SIM,NÃO,NÃO,NÃO,NÃO,NÃO,NÃO,NÃO,SIM,NÃO,NÃO,NÃO,NÃO,NÃO,NÃO,NÃO,NÃO,NÃO,NÃO,NÃO,SIM,NÃO,NÃO,NÃO,NÃO,NÃO,NÃO,NÃO,NÃO,NÃO,NÃO,NÃO,NÃO,NÃO,NÃO,NÃO,NÃO,NÃO,NÃO,NÃO,NÃO,NÃO,NÃO,NÃO,NÃO,,
9/11/2020 14:32:20,2010,10/07/2010,334/10,HGPE,"GOVERNADOR, SENADOR, DEPUTADO ESTADUAL",,RO,NÃO,,SIM,Sim,SIM,SIM,SIM,SIM,SIM,SIM,SIM,SIM,SIM,SIM,SIM,SIM,NÃO,SIM,SIM,NÃO,SIM,SIM,NÃO,SIM,SIM,SIM,SIM,SIM,SIM,NÃO,SIM,SIM,SIM,NÃO,NÃO,NÃO,NÃO,NÃO,NÃO,NÃO,SIM,NÃO,NÃO,NÃO,NÃO,NÃO,NÃO,NÃO,NÃO,NÃO,NÃO,NÃO,SIM,NÃO,NÃO,NÃO,NÃO,NÃO,NÃO,NÃO,NÃO,NÃO,NÃO,NÃO,NÃO,NÃO,NÃO,NÃO,NÃO,NÃO,NÃO,NÃO,NÃO,NÃO,NÃO,NÃO,NÃO,,
9/11/2020 18:39:53,2010,11/07/2010,335/10,HGPE,,A gravação tem apenas 6:23 de novela (incompleta),,NÃO,,SIM,Não,SIM,SIM,SIM,NÃO,NÃO,NÃO,NÃO,NÃO,NÃO,NÃO,NÃO,NÃO,NÃO,NÃO,NÃO,NÃO,NÃO,NÃO,NÃO,NÃO,NÃO,NÃO,NÃO,NÃO,NÃO,NÃO,NÃO,NÃO,NÃO,NÃO,NÃO,NÃO,NÃO,NÃO,NÃO,NÃO,NÃO,NÃO,NÃO,NÃO,NÃO,NÃO,NÃO,NÃO,NÃO,NÃO,NÃO,NÃO,NÃO,NÃO,NÃO,NÃO,NÃO,NÃO,NÃO,NÃO,NÃO,NÃO,NÃO,NÃO,NÃO,NÃO,NÃO,NÃO,NÃO,NÃO,NÃO,NÃO,NÃO,NÃO,NÃO,NÃO,NÃO,,
9/11/2020 18:43:59,2010,12/07/2010,336/10,HGPE,"PRESIDENTE, DEPUTADO FEDERAL",,"BRASIL, RR",NÃO,,SIM,Sim,SIM,SIM,SIM,SIM,SIM,NÃO,NÃO,SIM,SIM,SIM,SIM,SIM,SIM,SIM,SIM,SIM,SIM,SIM,NÃO,SIM,NÃO,SIM,SIM,SIM,NÃO,SIM,NÃO,SIM,NÃO,NÃO,NÃO,NÃO,NÃO,NÃO,NÃO,NÃO,SIM,NÃO,NÃO,NÃO,NÃO,NÃO,NÃO,NÃO,NÃO,NÃO,NÃO,NÃO,NÃO,NÃO,NÃO,NÃO,NÃO,NÃO,NÃO,NÃO,NÃO,NÃO,NÃO,NÃO,NÃO,NÃO,NÃO,NÃO,NÃO,NÃO,NÃO,NÃO,NÃO,NÃO,NÃO,NÃO,NÃO,,
9/11/2020 18:47:27,2010,13/07/2010,337/10,HGPE,"GOVERNADOR, SENADOR, DEPUTADO ESTADUAL",,RR,NÃO,,SIM,Sim,SIM,SIM,SIM,SIM,SIM,SIM,SIM,SIM,SIM,SIM,SIM,SIM,NÃO,SIM,SIM,NÃO,SIM,SIM,NÃO,NÃO,SIM,SIM,SIM,SIM,SIM,NÃO,SIM,SIM,SIM,NÃO,NÃO,NÃO,NÃO,NÃO,NÃO,NÃO,SIM,NÃO,NÃO,NÃO,NÃO,NÃO,NÃO,NÃO,NÃO,NÃO,NÃO,NÃO,NÃO,NÃO,NÃO,NÃO,NÃO,NÃO,NÃO,NÃO,NÃO,NÃO,NÃO,NÃO,NÃO,NÃO,NÃO,NÃO,NÃO,NÃO,NÃO,NÃO,NÃO,NÃO,NÃO,NÃO,NÃO,,
9/11/2020 18:51:29,2010,14/07/2010,338/10,HGPE,"GOVERNADOR, SENADOR, DEPUTADO ESTADUAL",,RR,NÃO,,SIM,Sim,SIM,SIM,SIM,SIM,SIM,SIM,SIM,NÃO,SIM,SIM,SIM,SIM,NÃO,SIM,SIM,NÃO,SIM,SIM,NÃO,NÃO,SIM,SIM,NÃO,SIM,SIM,NÃO,SIM,SIM,SIM,NÃO,NÃO,NÃO,NÃO,NÃO,NÃO,NÃO,SIM,NÃO,NÃO,NÃO,NÃO,NÃO,NÃO,NÃO,NÃO,NÃO,NÃO,NÃO,NÃO,NÃO,NÃO,NÃO,NÃO,NÃO,NÃO,NÃO,NÃO,NÃO,NÃO,NÃO,NÃO,NÃO,NÃO,NÃO,NÃO,NÃO,NÃO,NÃO,NÃO,NÃO,NÃO,NÃO,NÃO,,
9/11/2020 18:56:00,2010,15/07/2010,339/10,HGPE,"GOVERNADOR, SENADOR, DEPUTADO ESTADUAL",,RR,NÃO,,SIM,Sim,SIM,SIM,SIM,SIM,SIM,SIM,SIM,NÃO,SIM,SIM,SIM,NÃO,NÃO,SIM,NÃO,NÃO,SIM,SIM,NÃO,SIM,NÃO,SIM,SIM,SIM,SIM,NÃO,SIM,SIM,SIM,NÃO,NÃO,NÃO,NÃO,NÃO,NÃO,NÃO,NÃO,NÃO,NÃO,NÃO,NÃO,NÃO,NÃO,NÃO,NÃO,NÃO,NÃO,NÃO,NÃO,NÃO,NÃO,NÃO,NÃO,NÃO,NÃO,NÃO,NÃO,NÃO,NÃO,NÃO,NÃO,NÃO,NÃO,NÃO,NÃO,NÃO,NÃO,NÃO,NÃO,NÃO,NÃO,NÃO,NÃO,,
9/11/2020 19:05:12,2010,16/07/2010,340/10,HGPE,"GOVERNADOR, SENADOR, DEPUTADO ESTADUAL",,RR,NÃO,,SIM,Sim,SIM,SIM,SIM,SIM,SIM,SIM,SIM,SIM,SIM,NÃO,SIM,SIM,NÃO,NÃO,SIM,NÃO,SIM,SIM,NÃO,SIM,SIM,SIM,NÃO,SIM,SIM,NÃO,SIM,SIM,SIM,NÃO,NÃO,NÃO,NÃO,NÃO,NÃO,NÃO,SIM,NÃO,NÃO,NÃO,NÃO,NÃO,NÃO,NÃO,NÃO,NÃO,NÃO,NÃO,NÃO,NÃO,NÃO,NÃO,NÃO,NÃO,NÃO,NÃO,NÃO,NÃO,NÃO,NÃO,NÃO,NÃO,NÃO,NÃO,NÃO,NÃO,NÃO,NÃO,NÃO,NÃO,NÃO,NÃO,NÃO,,
9/11/2020 19:23:00,2010,17/07/2010,341/10,HGPE,"GOVERNADOR, SENADOR, DEPUTADO ESTADUAL",,RR,NÃO,,SIM,Sim,SIM,SIM,SIM,SIM,SIM,SIM,SIM,NÃO,SIM,NÃO,SIM,NÃO,NÃO,SIM,NÃO,NÃO,SIM,SIM,NÃO,SIM,SIM,SIM,SIM,SIM,SIM,NÃO,SIM,SIM,SIM,NÃO,NÃO,NÃO,NÃO,NÃO,NÃO,NÃO,SIM,NÃO,NÃO,NÃO,NÃO,NÃO,NÃO,NÃO,NÃO,NÃO,NÃO,NÃO,NÃO,NÃO,NÃO,NÃO,NÃO,NÃO,NÃO,NÃO,NÃO,NÃO,NÃO,NÃO,NÃO,NÃO,NÃO,NÃO,NÃO,NÃO,NÃO,NÃO,NÃO,NÃO,NÃO,NÃO,NÃO,,
9/11/2020 19:26:19,2010,18/07/2010,342/10,HGPE,"GOVERNADOR, SENADOR, DEPUTADO ESTADUAL",,RR,NÃO,,SIM,Sim,SIM,SIM,SIM,SIM,SIM,NÃO,SIM,NÃO,SIM,SIM,SIM,NÃO,NÃO,SIM,SIM,NÃO,SIM,SIM,NÃO,SIM,NÃO,SIM,NÃO,SIM,SIM,NÃO,SIM,SIM,SIM,NÃO,NÃO,NÃO,NÃO,NÃO,NÃO,NÃO,SIM,NÃO,NÃO,NÃO,NÃO,NÃO,NÃO,NÃO,NÃO,NÃO,NÃO,NÃO,NÃO,NÃO,NÃO,NÃO,NÃO,NÃO,NÃO,NÃO,NÃO,NÃO,NÃO,NÃO,NÃO,NÃO,NÃO,NÃO,NÃO,NÃO,NÃO,NÃO,NÃO,NÃO,NÃO,NÃO,NÃO,,
9/11/2020 19:30:14,2010,19/07/2010,343/10,HGPE,"GOVERNADOR, SENADOR, DEPUTADO ESTADUAL",,SC,NÃO,,SIM,Sim,SIM,SIM,SIM,SIM,SIM,SIM,SIM,SIM,SIM,SIM,SIM,SIM,SIM,SIM,NÃO,NÃO,SIM,SIM,NÃO,NÃO,SIM,NÃO,SIM,SIM,SIM,NÃO,SIM,SIM,SIM,NÃO,NÃO,NÃO,NÃO,NÃO,NÃO,NÃO,SIM,NÃO,NÃO,NÃO,NÃO,NÃO,NÃO,NÃO,NÃO,NÃO,NÃO,NÃO,SIM,NÃO,NÃO,NÃO,NÃO,NÃO,NÃO,NÃO,NÃO,NÃO,NÃO,NÃO,NÃO,NÃO,NÃO,NÃO,NÃO,NÃO,NÃO,NÃO,NÃO,NÃO,NÃO,NÃO,NÃO,,
9/11/2020 19:37:30,2010,20/07/2010,334/10,HGPE,"GOVERNADOR, SENADOR, DEPUTADO ESTADUAL",,SC,NÃO,,SIM,Sim,SIM,SIM,SIM,SIM,SIM,SIM,SIM,SIM,SIM,SIM,SIM,SIM,SIM,SIM,NÃO,NÃO,SIM,SIM,NÃO,NÃO,NÃO,NÃO,SIM,SIM,SIM,NÃO,SIM,SIM,SIM,NÃO,NÃO,NÃO,NÃO,NÃO,NÃO,NÃO,SIM,NÃO,NÃO,NÃO,NÃO,NÃO,NÃO,NÃO,NÃO,NÃO,NÃO,NÃO,SIM,NÃO,NÃO,NÃO,NÃO,NÃO,NÃO,NÃO,NÃO,NÃO,NÃO,NÃO,NÃO,NÃO,NÃO,NÃO,NÃO,NÃO,NÃO,NÃO,NÃO,NÃO,NÃO,NÃO,NÃO,,
9/11/2020 20:24:07,2010,21/07/2010,345/10,HGPE,"PRESIDENTE, DEPUTADO FEDERAL",,"BRASIL, SC",NÃO,,SIM,Sim,SIM,SIM,SIM,SIM,SIM,SIM,SIM,SIM,SIM,SIM,SIM,SIM,SIM,SIM,SIM,SIM,SIM,SIM,NÃO,NÃO,SIM,SIM,SIM,SIM,SIM,SIM,SIM,SIM,SIM,NÃO,NÃO,NÃO,NÃO,NÃO,NÃO,NÃO,SIM,NÃO,NÃO,NÃO,NÃO,NÃO,NÃO,NÃO,NÃO,NÃO,NÃO,NÃO,NÃO,NÃO,NÃO,NÃO,NÃO,NÃO,NÃO,NÃO,NÃO,NÃO,NÃO,NÃO,NÃO,NÃO,NÃO,NÃO,NÃO,NÃO,NÃO,NÃO,NÃO,NÃO,NÃO,NÃO,NÃO,,
9/11/2020 20:29:21,2010,22/07/2010,346/10,HGPE,"GOVERNADOR, SENADOR, DEPUTADO ESTADUAL",,SC,NÃO,,SIM,Sim,SIM,SIM,SIM,SIM,SIM,SIM,SIM,SIM,SIM,SIM,SIM,SIM,SIM,SIM,SIM,SIM,SIM,SIM,NÃO,NÃO,SIM,SIM,SIM,SIM,SIM,NÃO,SIM,SIM,SIM,NÃO,NÃO,NÃO,NÃO,NÃO,NÃO,NÃO,SIM,NÃO,NÃO,NÃO,NÃO,NÃO,NÃO,NÃO,NÃO,NÃO,NÃO,NÃO,SIM,NÃO,NÃO,NÃO,NÃO,NÃO,NÃO,NÃO,NÃO,NÃO,NÃO,NÃO,NÃO,NÃO,NÃO,NÃO,NÃO,NÃO,NÃO,NÃO,NÃO,NÃO,NÃO,NÃO,NÃO,,
9/11/2020 20:36:11,2010,23/07/2010,347/10,HGPE,"PRESIDENTE, DEPUTADO FEDERAL",,"BRASIL, SC",NÃO,,SIM,Sim,SIM,SIM,SIM,SIM,SIM,SIM,SIM,SIM,SIM,SIM,SIM,SIM,SIM,SIM,SIM,SIM,SIM,SIM,NÃO,NÃO,SIM,NÃO,SIM,SIM,SIM,SIM,SIM,SIM,SIM,NÃO,NÃO,NÃO,NÃO,NÃO,NÃO,NÃO,SIM,NÃO,NÃO,NÃO,NÃO,NÃO,NÃO,NÃO,NÃO,NÃO,NÃO,NÃO,SIM,NÃO,NÃO,NÃO,NÃO,NÃO,NÃO,NÃO,NÃO,NÃO,NÃO,NÃO,NÃO,NÃO,NÃO,NÃO,NÃO,NÃO,NÃO,NÃO,NÃO,NÃO,NÃO,NÃO,NÃO,,
9/12/2020 13:19:23,2010,7/24/2010,348/10,HGPE,"GOVERNADOR, SENADOR, DEPUTADO ESTADUAL",,SC,NÃO,,SIM,Sim,SIM,SIM,SIM,SIM,SIM,SIM,SIM,SIM,SIM,SIM,SIM,SIM,SIM,SIM,SIM,SIM,SIM,SIM,NÃO,NÃO,SIM,NÃO,NÃO,SIM,SIM,NÃO,SIM,SIM,SIM,NÃO,NÃO,NÃO,NÃO,NÃO,NÃO,NÃO,SIM,NÃO,NÃO,NÃO,NÃO,NÃO,NÃO,NÃO,NÃO,NÃO,NÃO,NÃO,SIM,NÃO,NÃO,NÃO,NÃO,NÃO,NÃO,NÃO,NÃO,NÃO,NÃO,NÃO,NÃO,NÃO,NÃO,NÃO,NÃO,NÃO,NÃO,NÃO,NÃO,NÃO,NÃO,NÃO,NÃO,,
9/12/2020 13:23:52,2010,7/25/2010,349/10,HGPE,"PRESIDENTE, DEPUTADO FEDERAL",,SC,NÃO,,SIM,Sim,SIM,SIM,SIM,SIM,SIM,SIM,SIM,SIM,SIM,SIM,SIM,SIM,SIM,SIM,SIM,SIM,SIM,SIM,NÃO,NÃO,SIM,SIM,SIM,SIM,SIM,SIM,SIM,SIM,SIM,NÃO,NÃO,NÃO,NÃO,NÃO,NÃO,NÃO,SIM,NÃO,NÃO,NÃO,NÃO,NÃO,NÃO,NÃO,NÃO,NÃO,NÃO,NÃO,SIM,NÃO,NÃO,NÃO,NÃO,NÃO,NÃO,NÃO,NÃO,NÃO,NÃO,NÃO,NÃO,NÃO,NÃO,NÃO,NÃO,NÃO,NÃO,NÃO,NÃO,NÃO,NÃO,NÃO,NÃO,,
9/12/2020 13:30:47,2010,7/26/2010,350/10,HGPE,"PRESIDENTE, DEPUTADO FEDERAL",,"BRASIL, SC",NÃO,,SIM,Sim,SIM,SIM,SIM,SIM,SIM,SIM,SIM,SIM,SIM,SIM,SIM,SIM,SIM,SIM,SIM,SIM,SIM,SIM,NÃO,NÃO,SIM,SIM,SIM,SIM,SIM,SIM,SIM,SIM,SIM,NÃO,NÃO,NÃO,NÃO,NÃO,NÃO,NÃO,SIM,NÃO,NÃO,NÃO,NÃO,NÃO,NÃO,NÃO,NÃO,NÃO,NÃO,NÃO,SIM,NÃO,NÃO,NÃO,NÃO,NÃO,NÃO,NÃO,NÃO,NÃO,NÃO,NÃO,NÃO,NÃO,NÃO,NÃO,NÃO,NÃO,NÃO,NÃO,NÃO,NÃO,NÃO,NÃO,NÃO,,
9/12/2020 13:35:25,2010,7/27/2010,351/10,HGPE,"PRESIDENTE, DEPUTADO FEDERAL",,"BRASIL, SC",NÃO,,SIM,Sim,SIM,SIM,SIM,SIM,SIM,SIM,SIM,SIM,SIM,SIM,SIM,SIM,SIM,SIM,SIM,SIM,SIM,SIM,NÃO,NÃO,SIM,SIM,SIM,SIM,SIM,SIM,SIM,SIM,SIM,NÃO,NÃO,NÃO,NÃO,NÃO,NÃO,NÃO,SIM,NÃO,NÃO,NÃO,NÃO,NÃO,NÃO,NÃO,NÃO,NÃO,NÃO,NÃO,SIM,NÃO,NÃO,NÃO,NÃO,NÃO,NÃO,NÃO,NÃO,NÃO,NÃO,NÃO,NÃO,NÃO,NÃO,NÃO,NÃO,NÃO,NÃO,NÃO,NÃO,NÃO,NÃO,NÃO,NÃO,,
9/12/2020 13:39:36,2010,7/28/2010,352/10,HGPE,"PRESIDENTE, DEPUTADO FEDERAL",,"BRASIL, SC",NÃO,,SIM,Sim,SIM,SIM,SIM,SIM,SIM,SIM,SIM,SIM,SIM,SIM,SIM,SIM,SIM,SIM,SIM,SIM,SIM,SIM,NÃO,SIM,SIM,SIM,SIM,SIM,SIM,SIM,SIM,NÃO,SIM,NÃO,NÃO,NÃO,NÃO,NÃO,NÃO,NÃO,SIM,NÃO,NÃO,NÃO,NÃO,NÃO,NÃO,NÃO,NÃO,NÃO,NÃO,NÃO,SIM,NÃO,NÃO,NÃO,NÃO,NÃO,NÃO,NÃO,NÃO,NÃO,NÃO,NÃO,NÃO,NÃO,NÃO,NÃO,NÃO,NÃO,NÃO,NÃO,NÃO,NÃO,NÃO,NÃO,NÃO,,
9/12/2020 13:47:17,2010,7/29/2010,353/10,HGPE,"GOVERNADOR, SENADOR, DEPUTADO ESTADUAL",,SP,NÃO,,SIM,Sim,SIM,SIM,SIM,SIM,SIM,SIM,SIM,SIM,SIM,SIM,SIM,SIM,SIM,SIM,SIM,SIM,SIM,NÃO,NÃO,NÃO,SIM,SIM,SIM,NÃO,NÃO,SIM,SIM,SIM,SIM,NÃO,NÃO,NÃO,NÃO,NÃO,NÃO,NÃO,SIM,NÃO,NÃO,NÃO,NÃO,NÃO,NÃO,NÃO,NÃO,NÃO,NÃO,NÃO,SIM,NÃO,NÃO,NÃO,NÃO,NÃO,NÃO,NÃO,NÃO,NÃO,NÃO,NÃO,NÃO,NÃO,NÃO,NÃO,NÃO,NÃO,NÃO,NÃO,NÃO,NÃO,NÃO,NÃO,NÃO,,
9/12/2020 13:51:37,2010,7/30/2010,354/10,HGPE,"GOVERNADOR, SENADOR, DEPUTADO ESTADUAL",,SP,NÃO,,SIM,Sim,SIM,SIM,SIM,SIM,SIM,SIM,SIM,SIM,SIM,SIM,SIM,SIM,SIM,SIM,SIM,SIM,SIM,NÃO,NÃO,NÃO,SIM,SIM,SIM,NÃO,NÃO,SIM,SIM,SIM,SIM,NÃO,NÃO,NÃO,NÃO,NÃO,NÃO,NÃO,SIM,NÃO,NÃO,NÃO,NÃO,NÃO,NÃO,NÃO,NÃO,NÃO,NÃO,NÃO,SIM,NÃO,NÃO,NÃO,NÃO,NÃO,NÃO,NÃO,NÃO,NÃO,NÃO,NÃO,NÃO,NÃO,NÃO,NÃO,NÃO,NÃO,NÃO,NÃO,NÃO,NÃO,NÃO,NÃO,NÃO,,
9/18/2020 10:46:29,2010,8/1/2010,355/10,HGPE,"GOVERNADOR, SENADOR, DEPUTADO ESTADUAL",,SP,NÃO,,SIM,Sim,SIM,SIM,SIM,SIM,SIM,SIM,SIM,SIM,SIM,SIM,SIM,SIM,SIM,SIM,SIM,SIM,SIM,SIM,NÃO,SIM,SIM,SIM,SIM,NÃO,SIM,SIM,NÃO,NÃO,SIM,NÃO,NÃO,NÃO,NÃO,NÃO,NÃO,NÃO,SIM,NÃO,NÃO,NÃO,NÃO,NÃO,NÃO,NÃO,NÃO,NÃO,NÃO,NÃO,SIM,NÃO,NÃO,NÃO,NÃO,NÃO,NÃO,NÃO,NÃO,NÃO,NÃO,NÃO,NÃO,NÃO,NÃO,NÃO,NÃO,NÃO,NÃO,NÃO,NÃO,NÃO,NÃO,NÃO,NÃO,,
9/18/2020 10:53:47,2010,8/2/2010,356/10,HGPE,"GOVERNADOR, SENADOR, DEPUTADO ESTADUAL",,SP,NÃO,,SIM,Sim,SIM,SIM,SIM,SIM,SIM,SIM,SIM,SIM,SIM,SIM,SIM,SIM,SIM,SIM,SIM,SIM,SIM,SIM,NÃO,SIM,SIM,SIM,SIM,NÃO,SIM,SIM,NÃO,NÃO,SIM,NÃO,NÃO,NÃO,NÃO,NÃO,NÃO,NÃO,SIM,NÃO,NÃO,NÃO,NÃO,NÃO,NÃO,NÃO,NÃO,NÃO,NÃO,NÃO,SIM,NÃO,NÃO,NÃO,NÃO,NÃO,NÃO,NÃO,NÃO,NÃO,NÃO,NÃO,NÃO,NÃO,NÃO,NÃO,NÃO,NÃO,NÃO,NÃO,NÃO,NÃO,NÃO,NÃO,NÃO,,
9/18/2020 10:58:50,2010,8/3/2010,357/10,HGPE,"GOVERNADOR, SENADOR, DEPUTADO ESTADUAL",,SP,NÃO,,SIM,Sim,SIM,SIM,SIM,SIM,SIM,SIM,SIM,SIM,SIM,SIM,SIM,SIM,SIM,SIM,SIM,SIM,SIM,SIM,NÃO,SIM,SIM,SIM,SIM,NÃO,SIM,SIM,NÃO,NÃO,SIM,NÃO,NÃO,NÃO,NÃO,NÃO,NÃO,NÃO,SIM,NÃO,NÃO,NÃO,NÃO,NÃO,NÃO,NÃO,NÃO,NÃO,NÃO,NÃO,SIM,NÃO,NÃO,NÃO,NÃO,NÃO,NÃO,NÃO,NÃO,NÃO,NÃO,NÃO,NÃO,NÃO,NÃO,NÃO,NÃO,NÃO,NÃO,NÃO,NÃO,NÃO,NÃO,NÃO,NÃO,,
9/18/2020 11:03:49,2010,8/4/2010,358/10,HGPE,"GOVERNADOR, SENADOR, DEPUTADO ESTADUAL",,SP,NÃO,,SIM,Sim,SIM,SIM,SIM,SIM,SIM,SIM,SIM,SIM,SIM,SIM,SIM,SIM,SIM,SIM,SIM,SIM,SIM,SIM,NÃO,SIM,SIM,SIM,SIM,NÃO,SIM,SIM,NÃO,NÃO,SIM,NÃO,NÃO,NÃO,NÃO,NÃO,NÃO,NÃO,SIM,NÃO,NÃO,NÃO,NÃO,NÃO,NÃO,NÃO,NÃO,NÃO,NÃO,NÃO,SIM,NÃO,NÃO,NÃO,NÃO,NÃO,NÃO,NÃO,NÃO,NÃO,NÃO,NÃO,NÃO,NÃO,NÃO,NÃO,NÃO,NÃO,NÃO,NÃO,NÃO,NÃO,NÃO,NÃO,NÃO,,
9/18/2020 11:06:45,2010,8/5/2010,359/10,HGPE,GOVERNADOR,A gravação tem apenas 3:20 (incompleta),SE,NÃO,,SIM,Não,SIM,SIM,SIM,NÃO,NÃO,NÃO,NÃO,NÃO,NÃO,NÃO,NÃO,NÃO,SIM,NÃO,NÃO,NÃO,SIM,NÃO,NÃO,NÃO,NÃO,NÃO,NÃO,SIM,NÃO,NÃO,NÃO,NÃO,NÃO,NÃO,NÃO,NÃO,NÃO,NÃO,NÃO,NÃO,NÃO,NÃO,NÃO,NÃO,NÃO,NÃO,NÃO,NÃO,NÃO,NÃO,NÃO,NÃO,NÃO,NÃO,NÃO,NÃO,NÃO,NÃO,NÃO,NÃO,NÃO,NÃO,NÃO,NÃO,NÃO,NÃO,NÃO,NÃO,NÃO,NÃO,NÃO,NÃO,NÃO,NÃO,NÃO,NÃO,NÃO,,
9/18/2020 11:11:31,2010,8/6/2010,360/10,HGPE,"PRESIDENTE, DEPUTADO FEDERAL",,"BRASIL, SE",NÃO,,SIM,Sim,SIM,SIM,SIM,SIM,SIM,SIM,SIM,SIM,SIM,SIM,SIM,SIM,SIM,SIM,SIM,SIM,SIM,SIM,NÃO,NÃO,SIM,SIM,SIM,SIM,NÃO,SIM,SIM,SIM,SIM,NÃO,NÃO,NÃO,NÃO,NÃO,NÃO,NÃO,SIM,NÃO,NÃO,NÃO,NÃO,NÃO,NÃO,NÃO,NÃO,NÃO,NÃO,NÃO,SIM,NÃO,NÃO,NÃO,NÃO,NÃO,NÃO,NÃO,NÃO,NÃO,NÃO,NÃO,NÃO,NÃO,NÃO,NÃO,NÃO,NÃO,NÃO,NÃO,NÃO,NÃO,NÃO,NÃO,NÃO,,
9/18/2020 11:19:47,2010,8/7/2010,361/10,HGPE,"GOVERNADOR, SENADOR, DEPUTADO ESTADUAL",,SE,NÃO,,SIM,Sim,SIM,SIM,SIM,SIM,SIM,SIM,SIM,SIM,SIM,SIM,NÃO,SIM,SIM,SIM,SIM,SIM,SIM,SIM,NÃO,NÃO,SIM,SIM,SIM,SIM,SIM,NÃO,SIM,SIM,SIM,NÃO,NÃO,NÃO,NÃO,NÃO,NÃO,NÃO,SIM,NÃO,NÃO,NÃO,NÃO,NÃO,NÃO,NÃO,NÃO,NÃO,NÃO,NÃO,SIM,NÃO,NÃO,NÃO,NÃO,NÃO,NÃO,NÃO,NÃO,NÃO,NÃO,NÃO,NÃO,NÃO,NÃO,NÃO,NÃO,NÃO,NÃO,NÃO,NÃO,NÃO,NÃO,NÃO,NÃO,,
9/18/2020 11:26:13,2010,8/8/2010,362/10,HGPE,"PRESIDENTE, DEPUTADO FEDERAL",,"BRASIL, SE",NÃO,,SIM,Sim,SIM,SIM,SIM,SIM,SIM,SIM,SIM,SIM,SIM,SIM,NÃO,SIM,SIM,SIM,SIM,SIM,SIM,SIM,NÃO,NÃO,SIM,SIM,SIM,SIM,NÃO,SIM,SIM,SIM,SIM,NÃO,NÃO,NÃO,NÃO,NÃO,NÃO,NÃO,SIM,NÃO,NÃO,NÃO,NÃO,NÃO,NÃO,NÃO,NÃO,NÃO,NÃO,NÃO,SIM,NÃO,NÃO,NÃO,NÃO,NÃO,NÃO,NÃO,NÃO,NÃO,NÃO,NÃO,NÃO,NÃO,NÃO,NÃO,NÃO,NÃO,NÃO,NÃO,NÃO,NÃO,NÃO,NÃO,NÃO,,
9/18/2020 11:31:49,2010,8/9/2010,363/10,HGPE,"GOVERNADOR, SENADOR, DEPUTADO ESTADUAL",,SE,NÃO,,SIM,Sim,SIM,SIM,SIM,SIM,SIM,SIM,SIM,SIM,SIM,SIM,NÃO,SIM,SIM,SIM,SIM,SIM,SIM,SIM,NÃO,NÃO,SIM,SIM,SIM,SIM,SIM,NÃO,SIM,SIM,SIM,NÃO,NÃO,NÃO,NÃO,NÃO,NÃO,NÃO,SIM,NÃO,NÃO,NÃO,NÃO,NÃO,NÃO,NÃO,NÃO,NÃO,NÃO,NÃO,SIM,NÃO,NÃO,NÃO,NÃO,NÃO,NÃO,NÃO,NÃO,NÃO,NÃO,NÃO,NÃO,NÃO,NÃO,NÃO,NÃO,NÃO,NÃO,NÃO,NÃO,NÃO,NÃO,NÃO,NÃO,,
9/18/2020 11:47:21,2010,8/10/2010,364/10,HGPE,"PRESIDENTE, DEPUTADO FEDERAL",,"BRASIL, SE",NÃO,,SIM,Sim,SIM,SIM,SIM,SIM,SIM,SIM,SIM,SIM,SIM,SIM,NÃO,SIM,SIM,SIM,SIM,SIM,SIM,SIM,NÃO,NÃO,SIM,SIM,SIM,SIM,NÃO,SIM,SIM,SIM,SIM,NÃO,NÃO,NÃO,NÃO,NÃO,NÃO,NÃO,SIM,NÃO,NÃO,NÃO,NÃO,NÃO,NÃO,NÃO,NÃO,NÃO,NÃO,NÃO,SIM,NÃO,NÃO,NÃO,NÃO,NÃO,NÃO,NÃO,NÃO,NÃO,NÃO,NÃO,NÃO,NÃO,NÃO,NÃO,NÃO,NÃO,NÃO,NÃO,NÃO,NÃO,NÃO,NÃO,NÃO,,
9/18/2020 11:55:57,2010,8/11/2010,365/10,HGPE,"GOVERNADOR, SENADOR, DEPUTADO ESTADUAL",,SE,NÃO,,SIM,Sim,SIM,SIM,SIM,SIM,SIM,SIM,SIM,SIM,SIM,SIM,NÃO,SIM,SIM,SIM,SIM,SIM,SIM,SIM,NÃO,NÃO,SIM,SIM,SIM,SIM,SIM,NÃO,SIM,SIM,SIM,NÃO,NÃO,NÃO,NÃO,NÃO,NÃO,NÃO,SIM,NÃO,NÃO,NÃO,NÃO,NÃO,NÃO,NÃO,NÃO,NÃO,NÃO,NÃO,SIM,NÃO,NÃO,NÃO,NÃO,NÃO,NÃO,NÃO,NÃO,NÃO,NÃO,NÃO,NÃO,NÃO,NÃO,NÃO,NÃO,NÃO,NÃO,NÃO,NÃO,NÃO,NÃO,NÃO,NÃO,,
9/18/2020 12:02:03,2010,8/12/2010,366/10,HGPE,"PRESIDENTE, DEPUTADO FEDERAL",,SE,NÃO,,SIM,Sim,SIM,SIM,SIM,SIM,SIM,SIM,SIM,SIM,SIM,SIM,NÃO,SIM,SIM,SIM,SIM,SIM,SIM,SIM,NÃO,NÃO,SIM,SIM,SIM,SIM,NÃO,SIM,SIM,SIM,SIM,NÃO,NÃO,NÃO,NÃO,NÃO,NÃO,NÃO,SIM,NÃO,NÃO,NÃO,NÃO,NÃO,NÃO,NÃO,NÃO,NÃO,NÃO,NÃO,SIM,NÃO,NÃO,NÃO,NÃO,NÃO,NÃO,NÃO,NÃO,NÃO,NÃO,NÃO,NÃO,NÃO,NÃO,NÃO,NÃO,NÃO,NÃO,NÃO,NÃO,NÃO,NÃO,NÃO,NÃO,,
9/18/2020 12:14:33,2010,8/13/2010,367/10,HGPE,"GOVERNADOR, SENADOR, DEPUTADO ESTADUAL",,SE,NÃO,,SIM,Sim,SIM,SIM,SIM,SIM,SIM,SIM,SIM,SIM,SIM,SIM,NÃO,SIM,SIM,SIM,SIM,SIM,SIM,SIM,NÃO,NÃO,SIM,SIM,SIM,SIM,SIM,NÃO,SIM,SIM,SIM,NÃO,NÃO,NÃO,NÃO,NÃO,NÃO,NÃO,SIM,NÃO,NÃO,NÃO,NÃO,NÃO,NÃO,NÃO,NÃO,NÃO,NÃO,NÃO,SIM,NÃO,NÃO,NÃO,NÃO,NÃO,NÃO,NÃO,NÃO,NÃO,NÃO,NÃO,NÃO,NÃO,NÃO,NÃO,NÃO,NÃO,NÃO,NÃO,NÃO,NÃO,NÃO,NÃO,NÃO,,
9/18/2020 12:23:54,2010,!4/08/2010,368/10,HGPE,"PRESIDENTE, DEPUTADO FEDERAL",,SE,NÃO,,SIM,Sim,SIM,SIM,SIM,SIM,SIM,SIM,SIM,SIM,SIM,SIM,NÃO,SIM,NÃO,SIM,SIM,SIM,SIM,SIM,NÃO,NÃO,SIM,SIM,SIM,SIM,NÃO,SIM,SIM,SIM,SIM,NÃO,NÃO,NÃO,NÃO,NÃO,NÃO,NÃO,SIM,NÃO,NÃO,NÃO,NÃO,NÃO,NÃO,NÃO,NÃO,NÃO,NÃO,NÃO,SIM,NÃO,NÃO,NÃO,NÃO,NÃO,NÃO,NÃO,NÃO,NÃO,NÃO,NÃO,NÃO,NÃO,NÃO,NÃO,NÃO,NÃO,NÃO,NÃO,NÃO,NÃO,NÃO,NÃO,NÃO,,
9/18/2020 12:30:02,2010,8/15/2010,369/10,HGPE,"PRESIDENTE, DEPUTADO FEDERAL",,"BRASIL, SE",NÃO,,SIM,Sim,SIM,SIM,SIM,SIM,SIM,SIM,SIM,SIM,SIM,SIM,NÃO,SIM,SIM,SIM,SIM,SIM,SIM,SIM,NÃO,NÃO,SIM,SIM,SIM,SIM,NÃO,SIM,SIM,SIM,SIM,NÃO,NÃO,NÃO,NÃO,NÃO,NÃO,NÃO,SIM,NÃO,NÃO,NÃO,NÃO,NÃO,NÃO,NÃO,NÃO,NÃO,NÃO,NÃO,SIM,NÃO,NÃO,NÃO,NÃO,NÃO,NÃO,NÃO,NÃO,NÃO,NÃO,NÃO,NÃO,NÃO,NÃO,NÃO,NÃO,NÃO,NÃO,NÃO,NÃO,NÃO,NÃO,NÃO,NÃO,,
9/18/2020 12:34:57,2010,8/16/2010,370/10,HGPE,"PRESIDENTE, DEPUTADO FEDERAL",,"BRASIL, AP",NÃO,,SIM,Sim,SIM,SIM,SIM,SIM,SIM,SIM,SIM,SIM,SIM,SIM,SIM,SIM,SIM,SIM,SIM,SIM,SIM,SIM,NÃO,SIM,SIM,NÃO,SIM,SIM,SIM,SIM,SIM,SIM,SIM,NÃO,NÃO,NÃO,NÃO,NÃO,NÃO,NÃO,SIM,NÃO,NÃO,NÃO,NÃO,NÃO,NÃO,NÃO,NÃO,NÃO,NÃO,NÃO,NÃO,NÃO,NÃO,NÃO,NÃO,NÃO,NÃO,NÃO,NÃO,NÃO,NÃO,NÃO,NÃO,NÃO,NÃO,NÃO,NÃO,NÃO,NÃO,NÃO,NÃO,NÃO,NÃO,NÃO,NÃO,,
9/18/2020 12:41:26,2010,8/17/2010,371/10,HGPE,"GOVERNADOR, SENADOR, DEPUTADO ESTADUAL",,"BRASIL, AP",NÃO,,SIM,Sim,SIM,SIM,SIM,SIM,SIM,SIM,SIM,SIM,SIM,SIM,SIM,SIM,SIM,NÃO,SIM,SIM,SIM,SIM,NÃO,NÃO,NÃO,SIM,SIM,SIM,SIM,NÃO,SIM,SIM,SIM,NÃO,NÃO,NÃO,NÃO,NÃO,NÃO,NÃO,SIM,NÃO,NÃO,NÃO,NÃO,NÃO,NÃO,NÃO,NÃO,NÃO,NÃO,NÃO,SIM,NÃO,NÃO,NÃO,NÃO,NÃO,NÃO,NÃO,NÃO,NÃO,NÃO,NÃO,NÃO,NÃO,NÃO,NÃO,NÃO,NÃO,NÃO,NÃO,NÃO,NÃO,NÃO,NÃO,NÃO,,
9/18/2020 12:46:51,2010,8/18/2010,372/10,HGPE,"PRESIDENTE, DEPUTADO FEDERAL",,"BRASIL, AP",NÃO,,SIM,Sim,SIM,SIM,SIM,SIM,SIM,SIM,SIM,SIM,SIM,SIM,SIM,SIM,SIM,SIM,SIM,SIM,SIM,SIM,NÃO,SIM,SIM,NÃO,SIM,SIM,SIM,SIM,SIM,SIM,SIM,NÃO,NÃO,NÃO,NÃO,NÃO,NÃO,NÃO,SIM,NÃO,NÃO,NÃO,NÃO,NÃO,NÃO,NÃO,NÃO,NÃO,NÃO,NÃO,NÃO,NÃO,NÃO,NÃO,NÃO,NÃO,NÃO,NÃO,NÃO,NÃO,NÃO,NÃO,NÃO,NÃO,NÃO,NÃO,NÃO,NÃO,NÃO,NÃO,NÃO,NÃO,NÃO,NÃO,NÃO,,
9/18/2020 12:54:35,2010,8/19/2010,373/10,HGPE,"GOVERNADOR, SENADOR, DEPUTADO ESTADUAL",,AP,NÃO,,SIM,Sim,SIM,SIM,SIM,SIM,SIM,SIM,SIM,SIM,SIM,SIM,SIM,SIM,SIM,NÃO,SIM,SIM,SIM,SIM,NÃO,NÃO,NÃO,SIM,SIM,SIM,SIM,NÃO,SIM,SIM,SIM,NÃO,NÃO,NÃO,NÃO,NÃO,NÃO,NÃO,SIM,NÃO,NÃO,NÃO,NÃO,NÃO,NÃO,NÃO,NÃO,NÃO,NÃO,NÃO,SIM,NÃO,NÃO,NÃO,NÃO,NÃO,NÃO,NÃO,NÃO,NÃO,NÃO,NÃO,NÃO,NÃO,NÃO,NÃO,NÃO,NÃO,NÃO,NÃO,NÃO,NÃO,NÃO,NÃO,NÃO,,
9/18/2020 13:00:03,2010,8/21/2010,374/10,HGPE,"PRESIDENTE, DEPUTADO FEDERAL",,"BRASIL, AP",NÃO,,SIM,Sim,SIM,SIM,SIM,SIM,SIM,SIM,SIM,SIM,SIM,SIM,SIM,SIM,SIM,SIM,SIM,SIM,SIM,SIM,NÃO,SIM,SIM,NÃO,SIM,SIM,SIM,SIM,SIM,SIM,SIM,NÃO,NÃO,NÃO,NÃO,NÃO,NÃO,NÃO,SIM,NÃO,NÃO,NÃO,NÃO,NÃO,NÃO,NÃO,NÃO,NÃO,NÃO,NÃO,NÃO,NÃO,NÃO,NÃO,NÃO,NÃO,NÃO,NÃO,NÃO,NÃO,NÃO,NÃO,NÃO,NÃO,NÃO,NÃO,NÃO,NÃO,NÃO,NÃO,NÃO,NÃO,NÃO,NÃO,NÃO,,
9/18/2020 13:09:31,2010,8/21/2010,374/10,HGPE,"PRESIDENTE, DEPUTADO FEDERAL",,"BRASIL, AP",NÃO,,SIM,Sim,SIM,SIM,SIM,SIM,SIM,SIM,SIM,SIM,SIM,SIM,SIM,SIM,SIM,SIM,SIM,SIM,SIM,SIM,NÃO,SIM,SIM,NÃO,SIM,SIM,SIM,SIM,SIM,SIM,SIM,NÃO,NÃO,NÃO,NÃO,NÃO,NÃO,NÃO,SIM,NÃO,NÃO,NÃO,NÃO,NÃO,NÃO,NÃO,NÃO,NÃO,NÃO,NÃO,NÃO,NÃO,NÃO,NÃO,NÃO,NÃO,NÃO,NÃO,NÃO,NÃO,NÃO,NÃO,NÃO,NÃO,NÃO,NÃO,NÃO,NÃO,NÃO,NÃO,NÃO,NÃO,NÃO,NÃO,NÃO,,
9/18/2020 13:17:24,2010,8/23/2010,375/10,HGPE,"GOVERNADOR, SENADOR, DEPUTADO ESTADUAL",,AP,NÃO,,SIM,Sim,SIM,SIM,SIM,SIM,SIM,SIM,SIM,SIM,SIM,SIM,SIM,SIM,SIM,NÃO,SIM,SIM,SIM,SIM,NÃO,NÃO,NÃO,SIM,SIM,SIM,SIM,NÃO,SIM,SIM,SIM,NÃO,NÃO,NÃO,NÃO,NÃO,NÃO,NÃO,SIM,NÃO,NÃO,NÃO,NÃO,NÃO,NÃO,NÃO,NÃO,NÃO,NÃO,NÃO,SIM,NÃO,NÃO,NÃO,NÃO,NÃO,NÃO,NÃO,NÃO,NÃO,NÃO,NÃO,NÃO,NÃO,NÃO,NÃO,NÃO,NÃO,NÃO,NÃO,NÃO,NÃO,NÃO,NÃO,NÃO,,
9/18/2020 13:23:47,2010,8/24/2010,376/10,HGPE,"GOVERNADOR, SENADOR, DEPUTADO ESTADUAL",,AP,NÃO,,SIM,Sim,SIM,SIM,SIM,SIM,SIM,SIM,SIM,SIM,SIM,SIM,SIM,SIM,SIM,NÃO,SIM,SIM,SIM,SIM,NÃO,NÃO,NÃO,SIM,SIM,SIM,SIM,NÃO,SIM,SIM,SIM,NÃO,NÃO,NÃO,NÃO,NÃO,NÃO,NÃO,SIM,NÃO,NÃO,NÃO,NÃO,NÃO,NÃO,NÃO,NÃO,NÃO,NÃO,NÃO,SIM,NÃO,NÃO,NÃO,NÃO,NÃO,NÃO,NÃO,NÃO,NÃO,NÃO,NÃO,NÃO,NÃO,NÃO,NÃO,NÃO,NÃO,NÃO,NÃO,NÃO,NÃO,NÃO,NÃO,NÃO,,
9/18/2020 13:29:53,2010,8/26/2010,377/10,HGPE,"PRESIDENTE, DEPUTADO FEDERAL",,"BRASIL, AP",NÃO,,SIM,Sim,SIM,SIM,SIM,SIM,SIM,SIM,SIM,SIM,SIM,SIM,SIM,SIM,SIM,SIM,SIM,SIM,SIM,SIM,NÃO,SIM,SIM,NÃO,SIM,SIM,SIM,SIM,SIM,SIM,SIM,NÃO,NÃO,NÃO,NÃO,NÃO,NÃO,NÃO,SIM,NÃO,NÃO,NÃO,NÃO,NÃO,NÃO,NÃO,NÃO,NÃO,NÃO,NÃO,NÃO,NÃO,NÃO,NÃO,NÃO,NÃO,NÃO,NÃO,NÃO,NÃO,NÃO,NÃO,NÃO,NÃO,NÃO,NÃO,NÃO,NÃO,NÃO,NÃO,NÃO,NÃO,NÃO,NÃO,NÃO,,
9/18/2020 13:36:33,2010,8/27/2010,378/10,HGPE,"GOVERNADOR, SENADOR, DEPUTADO ESTADUAL",,AP,NÃO,,SIM,Sim,SIM,SIM,SIM,SIM,SIM,SIM,SIM,SIM,SIM,SIM,SIM,SIM,SIM,NÃO,SIM,SIM,SIM,SIM,NÃO,NÃO,NÃO,SIM,SIM,SIM,SIM,NÃO,SIM,SIM,SIM,NÃO,NÃO,NÃO,NÃO,NÃO,NÃO,NÃO,SIM,NÃO,NÃO,NÃO,NÃO,NÃO,NÃO,NÃO,NÃO,NÃO,NÃO,NÃO,SIM,NÃO,NÃO,NÃO,NÃO,NÃO,NÃO,NÃO,NÃO,NÃO,NÃO,NÃO,NÃO,NÃO,NÃO,NÃO,NÃO,NÃO,NÃO,NÃO,NÃO,NÃO,NÃO,NÃO,NÃO,,
9/18/2020 13:42:02,2010,8/28/2010,379/10,HGPE,"PRESIDENTE, DEPUTADO FEDERAL",,"BRASIL, AP",NÃO,,SIM,Sim,SIM,SIM,SIM,SIM,SIM,SIM,SIM,SIM,SIM,SIM,SIM,SIM,SIM,SIM,SIM,SIM,SIM,SIM,NÃO,SIM,SIM,NÃO,SIM,SIM,SIM,SIM,SIM,SIM,SIM,NÃO,NÃO,NÃO,NÃO,NÃO,NÃO,NÃO,SIM,NÃO,NÃO,NÃO,NÃO,NÃO,NÃO,NÃO,NÃO,NÃO,NÃO,NÃO,NÃO,NÃO,NÃO,NÃO,NÃO,NÃO,NÃO,NÃO,NÃO,NÃO,NÃO,NÃO,NÃO,NÃO,NÃO,NÃO,NÃO,NÃO,NÃO,NÃO,NÃO,NÃO,NÃO,NÃO,NÃO,,
9/18/2020 13:48:15,2010,8/29/2010,380/10,HGPE,"GOVERNADOR, SENADOR, DEPUTADO ESTADUAL",,AP,NÃO,,SIM,Sim,SIM,SIM,SIM,SIM,SIM,SIM,SIM,SIM,SIM,SIM,SIM,SIM,SIM,NÃO,SIM,SIM,SIM,SIM,NÃO,NÃO,NÃO,SIM,SIM,SIM,SIM,NÃO,SIM,SIM,SIM,NÃO,NÃO,NÃO,NÃO,NÃO,NÃO,NÃO,SIM,NÃO,NÃO,NÃO,NÃO,NÃO,NÃO,NÃO,NÃO,NÃO,NÃO,NÃO,SIM,NÃO,NÃO,NÃO,NÃO,NÃO,NÃO,NÃO,NÃO,NÃO,NÃO,NÃO,NÃO,NÃO,NÃO,NÃO,NÃO,NÃO,NÃO,NÃO,NÃO,NÃO,NÃO,NÃO,NÃO,,
9/18/2020 13:57:47,2010,8/30/2010,381/10,HGPE,"GOVERNADOR, SENADOR, DEPUTADO ESTADUAL",,AP,NÃO,,SIM,Sim,SIM,SIM,SIM,SIM,SIM,SIM,SIM,SIM,SIM,SIM,SIM,SIM,SIM,NÃO,SIM,SIM,SIM,SIM,NÃO,NÃO,NÃO,SIM,SIM,SIM,SIM,NÃO,SIM,SIM,SIM,NÃO,NÃO,NÃO,NÃO,NÃO,NÃO,NÃO,SIM,NÃO,NÃO,NÃO,NÃO,NÃO,NÃO,NÃO,NÃO,NÃO,NÃO,NÃO,SIM,NÃO,NÃO,NÃO,NÃO,NÃO,NÃO,NÃO,NÃO,NÃO,NÃO,NÃO,NÃO,NÃO,NÃO,NÃO,NÃO,NÃO,NÃO,NÃO,NÃO,NÃO,NÃO,NÃO,NÃO,,
9/18/2020 14:05:09,2010,9/1/2010,382/10,HGPE,"PRESIDENTE, DEPUTADO FEDERAL",,"BRASIL, AP",NÃO,,SIM,Sim,SIM,SIM,SIM,SIM,SIM,SIM,SIM,SIM,SIM,SIM,SIM,SIM,SIM,SIM,SIM,SIM,SIM,SIM,NÃO,SIM,SIM,NÃO,SIM,SIM,SIM,SIM,SIM,SIM,SIM,NÃO,NÃO,NÃO,NÃO,NÃO,NÃO,NÃO,SIM,NÃO,NÃO,NÃO,NÃO,NÃO,NÃO,NÃO,NÃO,NÃO,NÃO,NÃO,NÃO,NÃO,NÃO,NÃO,NÃO,NÃO,NÃO,NÃO,NÃO,NÃO,NÃO,NÃO,NÃO,NÃO,NÃO,NÃO,NÃO,NÃO,NÃO,NÃO,NÃO,NÃO,NÃO,NÃO,NÃO,,
9/18/2020 14:10:58,2010,9/2/2010,283/10,HGPE,"GOVERNADOR, SENADOR, DEPUTADO ESTADUAL",,AP,NÃO,,SIM,Sim,SIM,SIM,SIM,SIM,SIM,SIM,SIM,SIM,SIM,SIM,SIM,SIM,SIM,NÃO,SIM,SIM,SIM,SIM,NÃO,NÃO,NÃO,SIM,SIM,SIM,SIM,NÃO,SIM,SIM,SIM,NÃO,NÃO,NÃO,NÃO,NÃO,NÃO,NÃO,SIM,NÃO,NÃO,NÃO,NÃO,NÃO,NÃO,NÃO,NÃO,NÃO,NÃO,NÃO,SIM,NÃO,NÃO,NÃO,NÃO,NÃO,NÃO,NÃO,NÃO,NÃO,NÃO,NÃO,NÃO,NÃO,NÃO,NÃO,NÃO,NÃO,NÃO,NÃO,NÃO,NÃO,NÃO,NÃO,NÃO,,
9/21/2020 9:18:55,2010,9/2/2010,384/10,HGPE,"PRESIDENTE, DEPUTADO FEDERAL",,AP,NÃO,,SIM,Sim,SIM,SIM,SIM,SIM,SIM,SIM,SIM,SIM,SIM,SIM,SIM,SIM,SIM,SIM,SIM,SIM,SIM,SIM,NÃO,SIM,SIM,NÃO,SIM,SIM,SIM,SIM,SIM,SIM,SIM,NÃO,NÃO,NÃO,NÃO,NÃO,NÃO,NÃO,SIM,NÃO,NÃO,NÃO,NÃO,NÃO,NÃO,NÃO,NÃO,NÃO,NÃO,NÃO,NÃO,NÃO,NÃO,NÃO,NÃO,NÃO,NÃO,NÃO,NÃO,NÃO,NÃO,NÃO,NÃO,NÃO,NÃO,NÃO,NÃO,NÃO,NÃO,NÃO,NÃO,NÃO,NÃO,NÃO,NÃO,,
9/21/2020 9:23:23,2010,9/3/2010,385/10,HGPE,"GOVERNADOR, SENADOR, DEPUTADO ESTADUAL",,AP,NÃO,,SIM,Sim,SIM,SIM,SIM,SIM,SIM,SIM,SIM,SIM,SIM,SIM,SIM,SIM,SIM,NÃO,SIM,SIM,SIM,SIM,NÃO,NÃO,NÃO,SIM,SIM,SIM,SIM,NÃO,SIM,SIM,SIM,NÃO,NÃO,NÃO,NÃO,NÃO,NÃO,NÃO,SIM,NÃO,NÃO,NÃO,NÃO,NÃO,NÃO,NÃO,NÃO,NÃO,NÃO,NÃO,SIM,NÃO,NÃO,NÃO,NÃO,NÃO,NÃO,NÃO,NÃO,NÃO,NÃO,NÃO,NÃO,NÃO,NÃO,NÃO,NÃO,NÃO,NÃO,NÃO,NÃO,NÃO,NÃO,NÃO,NÃO,,
9/21/2020 9:30:25,2010,9/4/2010,386/10,HGPE,"PRESIDENTE, DEPUTADO FEDERAL",,"BRASIL, AP",NÃO,,SIM,Sim,SIM,SIM,SIM,SIM,SIM,SIM,SIM,SIM,SIM,SIM,SIM,SIM,SIM,SIM,SIM,SIM,SIM,SIM,NÃO,SIM,SIM,NÃO,SIM,SIM,SIM,SIM,SIM,SIM,SIM,NÃO,NÃO,NÃO,NÃO,NÃO,NÃO,NÃO,SIM,NÃO,NÃO,NÃO,NÃO,NÃO,NÃO,NÃO,NÃO,NÃO,NÃO,NÃO,NÃO,NÃO,NÃO,NÃO,NÃO,NÃO,NÃO,NÃO,NÃO,NÃO,NÃO,NÃO,NÃO,NÃO,NÃO,NÃO,NÃO,NÃO,NÃO,NÃO,NÃO,NÃO,NÃO,NÃO,NÃO,,
9/21/2020 9:34:51,2010,9/7/2010,387/10,HGPE,"GOVERNADOR, SENADOR, DEPUTADO ESTADUAL",,AP,NÃO,,SIM,Sim,SIM,SIM,SIM,SIM,SIM,SIM,SIM,SIM,SIM,SIM,SIM,SIM,SIM,NÃO,SIM,SIM,SIM,SIM,NÃO,NÃO,NÃO,SIM,SIM,SIM,SIM,NÃO,SIM,SIM,SIM,NÃO,NÃO,NÃO,NÃO,NÃO,NÃO,NÃO,SIM,NÃO,NÃO,NÃO,NÃO,NÃO,NÃO,NÃO,NÃO,NÃO,NÃO,NÃO,SIM,NÃO,NÃO,NÃO,NÃO,NÃO,NÃO,NÃO,NÃO,NÃO,NÃO,NÃO,NÃO,NÃO,NÃO,NÃO,NÃO,NÃO,NÃO,NÃO,NÃO,NÃO,NÃO,NÃO,NÃO,,
9/21/2020 9:41:25,2010,9/7/2010,388/10,HGPE,"PRESIDENTE, DEPUTADO FEDERAL",,"BRASIL, AP",NÃO,,SIM,Sim,SIM,SIM,SIM,SIM,SIM,SIM,SIM,SIM,SIM,SIM,SIM,SIM,SIM,SIM,SIM,SIM,SIM,SIM,NÃO,SIM,SIM,NÃO,SIM,SIM,SIM,SIM,SIM,SIM,SIM,NÃO,NÃO,NÃO,NÃO,NÃO,NÃO,NÃO,SIM,NÃO,NÃO,NÃO,NÃO,NÃO,NÃO,NÃO,NÃO,NÃO,NÃO,NÃO,NÃO,NÃO,NÃO,NÃO,NÃO,NÃO,NÃO,NÃO,NÃO,NÃO,NÃO,NÃO,NÃO,NÃO,NÃO,NÃO,NÃO,NÃO,NÃO,NÃO,NÃO,NÃO,NÃO,NÃO,NÃO,,
9/21/2020 9:46:36,2010,9/8/2010,389/10,HGPE,"GOVERNADOR, SENADOR, DEPUTADO ESTADUAL",,AP,NÃO,,SIM,Sim,SIM,SIM,SIM,SIM,SIM,SIM,SIM,SIM,SIM,SIM,SIM,SIM,SIM,NÃO,SIM,SIM,SIM,SIM,NÃO,NÃO,NÃO,SIM,SIM,SIM,SIM,NÃO,SIM,SIM,SIM,NÃO,NÃO,NÃO,NÃO,NÃO,NÃO,NÃO,SIM,NÃO,NÃO,NÃO,NÃO,NÃO,NÃO,NÃO,NÃO,NÃO,NÃO,NÃO,SIM,NÃO,NÃO,NÃO,NÃO,NÃO,NÃO,NÃO,NÃO,NÃO,NÃO,NÃO,NÃO,NÃO,NÃO,NÃO,NÃO,NÃO,NÃO,NÃO,NÃO,NÃO,NÃO,NÃO,NÃO,,
9/21/2020 9:50:53,2010,9/9/2010,390/10,HGPE,"PRESIDENTE, DEPUTADO FEDERAL",,"BRASIL, AP",NÃO,,SIM,Sim,SIM,SIM,SIM,SIM,SIM,SIM,SIM,SIM,SIM,SIM,SIM,SIM,SIM,NÃO,SIM,SIM,SIM,SIM,NÃO,SIM,SIM,NÃO,SIM,SIM,SIM,SIM,SIM,SIM,SIM,NÃO,NÃO,NÃO,NÃO,NÃO,NÃO,NÃO,SIM,NÃO,NÃO,NÃO,NÃO,NÃO,NÃO,NÃO,NÃO,NÃO,NÃO,NÃO,NÃO,NÃO,NÃO,NÃO,NÃO,NÃO,NÃO,NÃO,NÃO,NÃO,NÃO,NÃO,NÃO,NÃO,NÃO,NÃO,NÃO,NÃO,NÃO,NÃO,NÃO,NÃO,NÃO,NÃO,NÃO,,
9/21/2020 9:56:02,2010,9/10/2010,391/10,HGPE,"GOVERNADOR, SENADOR, DEPUTADO ESTADUAL",,AP,NÃO,,SIM,Sim,SIM,SIM,SIM,SIM,SIM,SIM,SIM,SIM,SIM,SIM,SIM,SIM,SIM,NÃO,SIM,SIM,SIM,SIM,NÃO,NÃO,NÃO,SIM,SIM,SIM,SIM,NÃO,SIM,SIM,SIM,NÃO,NÃO,NÃO,NÃO,NÃO,NÃO,NÃO,SIM,NÃO,NÃO,NÃO,NÃO,NÃO,NÃO,NÃO,NÃO,NÃO,NÃO,NÃO,SIM,NÃO,NÃO,NÃO,NÃO,NÃO,NÃO,NÃO,NÃO,NÃO,NÃO,NÃO,NÃO,NÃO,NÃO,NÃO,NÃO,NÃO,NÃO,NÃO,NÃO,NÃO,NÃO,NÃO,NÃO,,
9/21/2020 10:05:55,2010,9/11/2010,392/10,HGPE,"PRESIDENTE, DEPUTADO FEDERAL",,"BRASIL, AP",NÃO,,SIM,Sim,SIM,SIM,SIM,SIM,SIM,SIM,SIM,SIM,SIM,SIM,SIM,SIM,SIM,SIM,SIM,SIM,SIM,SIM,NÃO,SIM,SIM,NÃO,SIM,SIM,SIM,SIM,SIM,SIM,SIM,NÃO,NÃO,NÃO,NÃO,NÃO,NÃO,NÃO,SIM,NÃO,NÃO,NÃO,NÃO,NÃO,NÃO,NÃO,NÃO,NÃO,NÃO,NÃO,NÃO,NÃO,NÃO,NÃO,NÃO,NÃO,NÃO,NÃO,NÃO,NÃO,NÃO,NÃO,NÃO,NÃO,NÃO,NÃO,NÃO,NÃO,NÃO,NÃO,NÃO,NÃO,NÃO,NÃO,NÃO,,
9/21/2020 10:17:01,2010,9/13/2010,393/10,HGPE,"GOVERNADOR, SENADOR, DEPUTADO ESTADUAL",,AP,NÃO,,SIM,Sim,SIM,SIM,SIM,SIM,SIM,SIM,SIM,SIM,SIM,SIM,SIM,SIM,SIM,NÃO,SIM,SIM,SIM,SIM,NÃO,NÃO,NÃO,SIM,SIM,SIM,SIM,NÃO,SIM,SIM,SIM,NÃO,NÃO,NÃO,NÃO,NÃO,NÃO,NÃO,SIM,NÃO,NÃO,NÃO,NÃO,NÃO,NÃO,NÃO,NÃO,NÃO,NÃO,NÃO,SIM,NÃO,NÃO,NÃO,NÃO,NÃO,NÃO,NÃO,NÃO,NÃO,NÃO,NÃO,NÃO,NÃO,NÃO,NÃO,NÃO,NÃO,NÃO,NÃO,NÃO,NÃO,NÃO,NÃO,NÃO,,
9/21/2020 10:28:04,2010,9/14/2010,394/10,HGPE,"PRESIDENTE, DEPUTADO FEDERAL",,"BRASIL, AP",NÃO,,SIM,Sim,SIM,SIM,SIM,SIM,SIM,SIM,SIM,SIM,SIM,SIM,SIM,SIM,SIM,SIM,SIM,SIM,SIM,SIM,NÃO,SIM,SIM,NÃO,SIM,SIM,SIM,SIM,SIM,SIM,SIM,NÃO,NÃO,NÃO,NÃO,NÃO,NÃO,NÃO,SIM,NÃO,NÃO,NÃO,NÃO,NÃO,NÃO,NÃO,NÃO,NÃO,NÃO,NÃO,NÃO,NÃO,NÃO,NÃO,NÃO,NÃO,NÃO,NÃO,NÃO,NÃO,NÃO,NÃO,NÃO,NÃO,NÃO,NÃO,NÃO,NÃO,NÃO,NÃO,NÃO,NÃO,NÃO,NÃO,NÃO,,
11/23/2020 16:34:31,2010,9/15/2010,395/10,HGPE,"GOVERNADOR, SENADOR, DEPUTADO ESTADUAL",,AP,NÃO,,SIM,Sim,SIM,SIM,SIM,SIM,SIM,SIM,SIM,SIM,SIM,SIM,SIM,SIM,SIM,NÃO,SIM,SIM,SIM,SIM,NÃO,NÃO,NÃO,SIM,SIM,SIM,SIM,NÃO,SIM,SIM,SIM,NÃO,NÃO,NÃO,NÃO,NÃO,NÃO,NÃO,SIM,NÃO,NÃO,NÃO,NÃO,NÃO,NÃO,NÃO,NÃO,NÃO,NÃO,NÃO,SIM,NÃO,NÃO,NÃO,NÃO,NÃO,NÃO,NÃO,NÃO,NÃO,NÃO,NÃO,NÃO,NÃO,NÃO,NÃO,NÃO,NÃO,NÃO,NÃO,NÃO,NÃO,NÃO,NÃO,NÃO,,
11/23/2020 16:39:35,2010,9/16/2010,396/10,HGPE,"PRESIDENTE, DEPUTADO FEDERAL",,"BRASIL, AP",NÃO,,SIM,Sim,SIM,SIM,SIM,SIM,SIM,SIM,SIM,SIM,SIM,SIM,SIM,SIM,SIM,SIM,SIM,SIM,SIM,SIM,NÃO,SIM,SIM,NÃO,SIM,SIM,SIM,SIM,SIM,SIM,SIM,NÃO,NÃO,NÃO,NÃO,NÃO,NÃO,NÃO,SIM,NÃO,NÃO,NÃO,NÃO,NÃO,NÃO,NÃO,NÃO,NÃO,NÃO,NÃO,NÃO,NÃO,NÃO,NÃO,NÃO,NÃO,NÃO,NÃO,NÃO,NÃO,NÃO,NÃO,NÃO,NÃO,NÃO,NÃO,NÃO,NÃO,NÃO,NÃO,NÃO,NÃO,NÃO,NÃO,NÃO,,
11/23/2020 16:44:16,2010,9/17/2010,397/10,HGPE,"GOVERNADOR, SENADOR, DEPUTADO ESTADUAL",,AP,NÃO,,SIM,Sim,SIM,SIM,SIM,SIM,SIM,SIM,SIM,SIM,SIM,SIM,SIM,SIM,SIM,NÃO,SIM,SIM,SIM,SIM,NÃO,NÃO,NÃO,SIM,SIM,SIM,SIM,NÃO,SIM,SIM,SIM,NÃO,NÃO,NÃO,NÃO,NÃO,NÃO,NÃO,SIM,NÃO,NÃO,NÃO,NÃO,NÃO,NÃO,NÃO,NÃO,NÃO,NÃO,NÃO,SIM,NÃO,NÃO,NÃO,NÃO,NÃO,NÃO,NÃO,NÃO,NÃO,NÃO,NÃO,NÃO,NÃO,NÃO,NÃO,NÃO,NÃO,NÃO,NÃO,NÃO,NÃO,NÃO,NÃO,NÃO,,
11/23/2020 16:48:37,2010,9/18/2010,398/10,HGPE,"PRESIDENTE, DEPUTADO FEDERAL",,"BRASIL, AP",NÃO,,SIM,Sim,SIM,SIM,SIM,SIM,SIM,SIM,SIM,SIM,SIM,SIM,SIM,SIM,SIM,SIM,SIM,SIM,SIM,SIM,NÃO,SIM,SIM,NÃO,SIM,SIM,SIM,SIM,SIM,SIM,SIM,NÃO,NÃO,NÃO,NÃO,NÃO,NÃO,NÃO,SIM,NÃO,NÃO,NÃO,NÃO,NÃO,NÃO,NÃO,NÃO,NÃO,NÃO,NÃO,NÃO,NÃO,NÃO,NÃO,NÃO,NÃO,NÃO,NÃO,NÃO,NÃO,NÃO,NÃO,NÃO,NÃO,NÃO,NÃO,NÃO,NÃO,NÃO,NÃO,NÃO,NÃO,NÃO,NÃO,NÃO,,
11/23/2020 17:01:06,2010,9/20/2010,399/10,HGPE,"GOVERNADOR, SENADOR, DEPUTADO ESTADUAL",,AP,NÃO,,SIM,Sim,SIM,SIM,SIM,SIM,SIM,SIM,SIM,SIM,SIM,SIM,SIM,SIM,SIM,NÃO,SIM,SIM,SIM,SIM,NÃO,NÃO,NÃO,SIM,SIM,SIM,SIM,NÃO,SIM,SIM,SIM,NÃO,NÃO,NÃO,NÃO,NÃO,NÃO,NÃO,SIM,NÃO,NÃO,NÃO,NÃO,NÃO,NÃO,NÃO,NÃO,NÃO,NÃO,NÃO,SIM,NÃO,NÃO,NÃO,NÃO,NÃO,NÃO,NÃO,NÃO,NÃO,NÃO,NÃO,NÃO,NÃO,NÃO,NÃO,NÃO,NÃO,NÃO,NÃO,NÃO,NÃO,NÃO,NÃO,NÃO,,
11/23/2020 17:07:23,2010,9/21/2010,400/10,HGPE,"PRESIDENTE, DEPUTADO FEDERAL",,"BRASIL, AP",NÃO,,SIM,Sim,SIM,SIM,SIM,SIM,SIM,SIM,SIM,SIM,SIM,SIM,SIM,SIM,SIM,SIM,SIM,SIM,SIM,SIM,NÃO,SIM,SIM,NÃO,SIM,SIM,SIM,SIM,SIM,SIM,SIM,NÃO,NÃO,NÃO,NÃO,NÃO,NÃO,NÃO,SIM,NÃO,NÃO,NÃO,NÃO,NÃO,NÃO,NÃO,NÃO,NÃO,NÃO,NÃO,NÃO,NÃO,NÃO,NÃO,NÃO,NÃO,NÃO,NÃO,NÃO,NÃO,NÃO,NÃO,NÃO,NÃO,NÃO,NÃO,NÃO,NÃO,NÃO,NÃO,NÃO,NÃO,NÃO,NÃO,NÃO,,
11/23/2020 19:41:27,2010,9/22/2010,401/10,HGPE,"GOVERNADOR, SENADOR, DEPUTADO ESTADUAL",,AP,NÃO,,SIM,Sim,SIM,SIM,SIM,SIM,SIM,SIM,SIM,SIM,SIM,SIM,SIM,SIM,SIM,NÃO,SIM,SIM,SIM,SIM,NÃO,NÃO,NÃO,SIM,SIM,SIM,SIM,NÃO,SIM,SIM,SIM,NÃO,NÃO,NÃO,NÃO,NÃO,NÃO,NÃO,SIM,NÃO,NÃO,NÃO,NÃO,NÃO,NÃO,NÃO,NÃO,NÃO,NÃO,NÃO,SIM,NÃO,NÃO,NÃO,NÃO,NÃO,NÃO,NÃO,NÃO,NÃO,NÃO,NÃO,NÃO,NÃO,NÃO,NÃO,NÃO,NÃO,NÃO,NÃO,NÃO,NÃO,NÃO,NÃO,NÃO,,
11/23/2020 19:46:17,2010,9/23/2010,402/10,HGPE,"PRESIDENTE, DEPUTADO FEDERAL",,"BRASIL, AP",NÃO,,SIM,Sim,SIM,SIM,SIM,SIM,SIM,SIM,SIM,SIM,SIM,SIM,SIM,SIM,SIM,SIM,SIM,SIM,SIM,SIM,NÃO,SIM,SIM,NÃO,SIM,SIM,SIM,SIM,SIM,SIM,SIM,NÃO,NÃO,NÃO,NÃO,NÃO,NÃO,NÃO,SIM,NÃO,NÃO,NÃO,NÃO,NÃO,NÃO,NÃO,NÃO,NÃO,NÃO,NÃO,NÃO,NÃO,NÃO,NÃO,NÃO,NÃO,NÃO,NÃO,NÃO,NÃO,NÃO,NÃO,NÃO,NÃO,NÃO,NÃO,NÃO,NÃO,NÃO,NÃO,NÃO,NÃO,NÃO,NÃO,NÃO,,
11/23/2020 19:50:40,2010,9/25/2010,403/10,HGPE,"PRESIDENTE, DEPUTADO FEDERAL",,"BRASIL, AP",NÃO,,SIM,Sim,SIM,SIM,SIM,SIM,SIM,SIM,SIM,SIM,SIM,SIM,SIM,SIM,SIM,SIM,SIM,SIM,SIM,SIM,NÃO,SIM,SIM,NÃO,SIM,SIM,SIM,SIM,SIM,SIM,SIM,NÃO,NÃO,NÃO,NÃO,NÃO,NÃO,NÃO,SIM,NÃO,NÃO,NÃO,NÃO,NÃO,NÃO,NÃO,NÃO,NÃO,NÃO,NÃO,NÃO,NÃO,NÃO,NÃO,NÃO,NÃO,NÃO,NÃO,NÃO,NÃO,NÃO,NÃO,NÃO,NÃO,NÃO,NÃO,NÃO,NÃO,NÃO,NÃO,NÃO,NÃO,NÃO,NÃO,NÃO,,
11/23/2020 19:54:42,2010,9/28/2010,404/10,HGPE,PRESIDENTE,A gravação tem apenas 11:02 (incompleto),BRASIL,NÃO,,SIM,Não,SIM,SIM,SIM,SIM,SIM,NÃO,NÃO,NÃO,NÃO,NÃO,NÃO,NÃO,SIM,NÃO,NÃO,NÃO,SIM,NÃO,NÃO,NÃO,NÃO,NÃO,NÃO,NÃO,NÃO,SIM,NÃO,NÃO,NÃO,NÃO,NÃO,NÃO,NÃO,NÃO,NÃO,NÃO,NÃO,NÃO,NÃO,NÃO,NÃO,NÃO,NÃO,NÃO,NÃO,NÃO,NÃO,NÃO,NÃO,NÃO,NÃO,NÃO,NÃO,NÃO,NÃO,NÃO,NÃO,NÃO,NÃO,NÃO,NÃO,NÃO,NÃO,NÃO,NÃO,NÃO,NÃO,NÃO,NÃO,NÃO,NÃO,NÃO,NÃO,,
11/24/2020 14:17:39,2010,9/29/2010,405/10,HGPE,"GOVERNADOR, SENADOR, DEPUTADO ESTADUAL",,AP,NÃO,,SIM,Sim,SIM,SIM,SIM,SIM,SIM,SIM,SIM,SIM,SIM,SIM,SIM,SIM,SIM,NÃO,SIM,SIM,SIM,SIM,NÃO,NÃO,NÃO,SIM,SIM,SIM,SIM,NÃO,SIM,SIM,SIM,NÃO,NÃO,NÃO,NÃO,NÃO,NÃO,NÃO,SIM,NÃO,NÃO,NÃO,NÃO,NÃO,NÃO,NÃO,NÃO,NÃO,NÃO,NÃO,SIM,NÃO,NÃO,NÃO,NÃO,NÃO,NÃO,NÃO,NÃO,NÃO,NÃO,NÃO,NÃO,NÃO,NÃO,NÃO,NÃO,NÃO,NÃO,NÃO,NÃO,NÃO,NÃO,NÃO,NÃO,,
11/24/2020 14:20:21,2010,9/30/2010,406/10,HGPE,PRESIDENTE,A gravação tem apenas 33 segundos (incompleta),BRASIL,NÃO,,SIM,Não,SIM,SIM,SIM,NÃO,NÃO,NÃO,NÃO,NÃO,NÃO,NÃO,NÃO,NÃO,NÃO,NÃO,NÃO,SIM,NÃO,NÃO,NÃO,NÃO,NÃO,NÃO,NÃO,NÃO,NÃO,NÃO,NÃO,NÃO,NÃO,NÃO,NÃO,NÃO,NÃO,NÃO,NÃO,NÃO,NÃO,NÃO,NÃO,NÃO,NÃO,NÃO,NÃO,NÃO,NÃO,NÃO,NÃO,NÃO,NÃO,NÃO,NÃO,NÃO,NÃO,NÃO,NÃO,NÃO,NÃO,NÃO,NÃO,NÃO,NÃO,NÃO,NÃO,NÃO,NÃO,NÃO,NÃO,NÃO,NÃO,NÃO,NÃO,NÃO,NÃO,,
11/24/2020 14:23:52,2010,10/1/2010,408/10,HGPE,PRESIDENTE,A gravação tem apenas 25:17 (incompleta),BRASIL,NÃO,,SIM,Sim,SIM,SIM,SIM,SIM,SIM,NÃO,NÃO,NÃO,NÃO,NÃO,NÃO,NÃO,SIM,SIM,NÃO,SIM,SIM,SIM,NÃO,NÃO,NÃO,NÃO,NÃO,SIM,NÃO,SIM,NÃO,NÃO,NÃO,NÃO,NÃO,NÃO,NÃO,NÃO,NÃO,NÃO,NÃO,NÃO,NÃO,NÃO,NÃO,NÃO,NÃO,NÃO,NÃO,NÃO,NÃO,NÃO,NÃO,NÃO,NÃO,NÃO,NÃO,NÃO,NÃO,NÃO,NÃO,NÃO,NÃO,NÃO,NÃO,NÃO,NÃO,NÃO,NÃO,NÃO,NÃO,NÃO,NÃO,NÃO,NÃO,NÃO,NÃO,,
11/24/2020 14:26:52,2010,10/2/2010,409/10,HGPE,PRESIDENTE,A gravação tem apenas 25:17 (incompleto),BRASIL,NÃO,,SIM,Sim,SIM,SIM,SIM,SIM,SIM,NÃO,NÃO,NÃO,NÃO,NÃO,NÃO,NÃO,NÃO,SIM,NÃO,SIM,SIM,SIM,NÃO,NÃO,NÃO,NÃO,NÃO,SIM,NÃO,SIM,NÃO,NÃO,NÃO,NÃO,NÃO,NÃO,NÃO,NÃO,NÃO,NÃO,NÃO,NÃO,NÃO,NÃO,NÃO,NÃO,NÃO,NÃO,NÃO,NÃO,NÃO,NÃO,NÃO,NÃO,NÃO,NÃO,NÃO,NÃO,NÃO,NÃO,NÃO,NÃO,NÃO,NÃO,NÃO,NÃO,NÃO,NÃO,NÃO,NÃO,NÃO,NÃO,NÃO,NÃO,NÃO,NÃO,NÃO,,
11/24/2020 14:28:28,2010,10/3/2010,410/10,HGPE,PRESIDENTE,,BRASIL,NÃO,,SIM,Sim,SIM,SIM,SIM,SIM,SIM,NÃO,NÃO,NÃO,NÃO,NÃO,NÃO,NÃO,NÃO,NÃO,NÃO,NÃO,NÃO,NÃO,NÃO,NÃO,NÃO,NÃO,NÃO,NÃO,NÃO,NÃO,NÃO,NÃO,NÃO,NÃO,NÃO,NÃO,NÃO,NÃO,NÃO,NÃO,NÃO,NÃO,NÃO,NÃO,NÃO,NÃO,NÃO,NÃO,NÃO,NÃO,NÃO,NÃO,NÃO,NÃO,NÃO,NÃO,NÃO,NÃO,NÃO,NÃO,NÃO,NÃO,NÃO,NÃO,NÃO,NÃO,NÃO,NÃO,NÃO,NÃO,NÃO,NÃO,NÃO,NÃO,NÃO,NÃO,NÃO,,
11/24/2020 14:30:09,2010,10/4/2010,411/10,HGPE,PRESIDENTE,,BRASIL,NÃO,,SIM,Sim,SIM,SIM,SIM,SIM,SIM,NÃO,NÃO,NÃO,NÃO,NÃO,NÃO,NÃO,NÃO,NÃO,NÃO,NÃO,NÃO,NÃO,NÃO,NÃO,NÃO,NÃO,NÃO,NÃO,NÃO,NÃO,NÃO,NÃO,NÃO,NÃO,NÃO,NÃO,NÃO,NÃO,NÃO,NÃO,NÃO,NÃO,NÃO,NÃO,NÃO,NÃO,NÃO,NÃO,NÃO,NÃO,NÃO,NÃO,NÃO,NÃO,NÃO,NÃO,NÃO,NÃO,NÃO,NÃO,NÃO,NÃO,NÃO,NÃO,NÃO,NÃO,NÃO,NÃO,NÃO,NÃO,NÃO,NÃO,NÃO,NÃO,NÃO,NÃO,NÃO,,
11/24/2020 14:31:57,2010,10/5/2010,412/10,HGPE,PRESIDENTE,,BRASIL,NÃO,,SIM,Sim,SIM,SIM,SIM,SIM,SIM,NÃO,NÃO,NÃO,NÃO,NÃO,NÃO,NÃO,NÃO,NÃO,NÃO,NÃO,NÃO,NÃO,NÃO,NÃO,NÃO,NÃO,NÃO,NÃO,NÃO,NÃO,NÃO,NÃO,NÃO,NÃO,NÃO,NÃO,NÃO,NÃO,NÃO,NÃO,NÃO,NÃO,NÃO,NÃO,NÃO,NÃO,NÃO,NÃO,NÃO,NÃO,NÃO,NÃO,NÃO,NÃO,NÃO,NÃO,NÃO,NÃO,NÃO,NÃO,NÃO,NÃO,NÃO,NÃO,NÃO,NÃO,NÃO,NÃO,NÃO,NÃO,NÃO,NÃO,NÃO,NÃO,NÃO,NÃO,NÃO,,
11/24/2020 14:39:18,2010,10/6/2010,413/10,HGPE,PRESIDENTE,,BRASIL,NÃO,,SIM,Sim,SIM,SIM,SIM,SIM,SIM,NÃO,NÃO,NÃO,NÃO,NÃO,NÃO,NÃO,NÃO,NÃO,NÃO,NÃO,NÃO,NÃO,NÃO,NÃO,NÃO,NÃO,NÃO,NÃO,NÃO,NÃO,NÃO,NÃO,NÃO,NÃO,NÃO,NÃO,NÃO,NÃO,NÃO,NÃO,NÃO,NÃO,NÃO,NÃO,NÃO,NÃO,NÃO,NÃO,NÃO,NÃO,NÃO,NÃO,NÃO,NÃO,NÃO,NÃO,NÃO,NÃO,NÃO,NÃO,NÃO,NÃO,NÃO,NÃO,NÃO,NÃO,NÃO,NÃO,NÃO,NÃO,NÃO,NÃO,NÃO,NÃO,NÃO,NÃO,NÃO,,
11/24/2020 14:41:15,2010,10/7/2010,414/10,HGPE,PRESIDENTE,,BRASIL,NÃO,,SIM,Sim,SIM,SIM,SIM,SIM,SIM,NÃO,NÃO,NÃO,NÃO,NÃO,NÃO,NÃO,NÃO,NÃO,NÃO,NÃO,NÃO,NÃO,NÃO,NÃO,NÃO,NÃO,NÃO,NÃO,NÃO,NÃO,NÃO,NÃO,NÃO,NÃO,NÃO,NÃO,NÃO,NÃO,NÃO,NÃO,NÃO,NÃO,NÃO,NÃO,NÃO,NÃO,NÃO,NÃO,NÃO,NÃO,NÃO,NÃO,NÃO,NÃO,NÃO,NÃO,NÃO,NÃO,NÃO,NÃO,NÃO,NÃO,NÃO,NÃO,NÃO,NÃO,NÃO,NÃO,NÃO,NÃO,NÃO,NÃO,NÃO,NÃO,NÃO,NÃO,NÃO,,
11/24/2020 14:43:06,2010,10/8/2010,415/10,HGPE,"PRESIDENTE, GOVERNADOR",,"BRASIL, PA",NÃO,,SIM,Sim,SIM,SIM,SIM,SIM,SIM,NÃO,NÃO,NÃO,NÃO,NÃO,NÃO,NÃO,NÃO,NÃO,NÃO,NÃO,NÃO,NÃO,NÃO,NÃO,NÃO,NÃO,NÃO,NÃO,NÃO,NÃO,NÃO,NÃO,NÃO,NÃO,NÃO,NÃO,NÃO,NÃO,NÃO,NÃO,NÃO,NÃO,NÃO,NÃO,NÃO,NÃO,NÃO,NÃO,NÃO,NÃO,NÃO,NÃO,NÃO,NÃO,NÃO,NÃO,NÃO,NÃO,NÃO,NÃO,NÃO,NÃO,NÃO,NÃO,NÃO,NÃO,NÃO,NÃO,NÃO,NÃO,NÃO,NÃO,NÃO,NÃO,NÃO,NÃO,NÃO,,
11/25/2020 12:04:45,2010,10/9/2010,416/10,HGPE,"PRESIDENTE, GOVERNADOR",,"BRASIL, PA",NÃO,,SIM,Sim,SIM,SIM,SIM,SIM,SIM,NÃO,NÃO,NÃO,NÃO,NÃO,NÃO,NÃO,NÃO,NÃO,NÃO,NÃO,NÃO,NÃO,NÃO,NÃO,NÃO,NÃO,NÃO,NÃO,NÃO,NÃO,NÃO,NÃO,NÃO,NÃO,NÃO,NÃO,NÃO,NÃO,NÃO,NÃO,NÃO,NÃO,NÃO,NÃO,NÃO,NÃO,NÃO,NÃO,NÃO,NÃO,NÃO,NÃO,NÃO,NÃO,NÃO,NÃO,NÃO,NÃO,NÃO,NÃO,NÃO,NÃO,NÃO,NÃO,NÃO,NÃO,NÃO,NÃO,NÃO,NÃO,NÃO,NÃO,NÃO,NÃO,NÃO,NÃO,NÃO,,
11/25/2020 12:06:33,2010,10/10/2010,417/10,HGPE,"PRESIDENTE, GOVERNADOR",,"BRASIL, PA",NÃO,,SIM,Sim,SIM,SIM,SIM,SIM,SIM,NÃO,NÃO,NÃO,NÃO,NÃO,NÃO,NÃO,NÃO,NÃO,NÃO,NÃO,NÃO,NÃO,NÃO,NÃO,NÃO,NÃO,NÃO,NÃO,NÃO,NÃO,NÃO,NÃO,NÃO,NÃO,NÃO,NÃO,NÃO,NÃO,NÃO,NÃO,NÃO,NÃO,NÃO,NÃO,NÃO,NÃO,NÃO,NÃO,NÃO,NÃO,NÃO,NÃO,NÃO,NÃO,NÃO,NÃO,NÃO,NÃO,NÃO,NÃO,NÃO,NÃO,NÃO,NÃO,NÃO,NÃO,NÃO,NÃO,NÃO,NÃO,NÃO,NÃO,NÃO,NÃO,NÃO,NÃO,NÃO,,
11/25/2020 12:08:23,2010,10/11/2010,418/10,HGPE,"PRESIDENTE, GOVERNADOR",,"BRASIL, PA",NÃO,,SIM,Sim,SIM,SIM,SIM,SIM,SIM,NÃO,NÃO,NÃO,NÃO,NÃO,NÃO,NÃO,NÃO,NÃO,NÃO,NÃO,NÃO,NÃO,NÃO,NÃO,NÃO,NÃO,NÃO,NÃO,NÃO,NÃO,NÃO,NÃO,NÃO,NÃO,NÃO,NÃO,NÃO,NÃO,NÃO,NÃO,NÃO,NÃO,NÃO,NÃO,NÃO,NÃO,NÃO,NÃO,NÃO,NÃO,NÃO,NÃO,NÃO,NÃO,NÃO,NÃO,NÃO,NÃO,NÃO,NÃO,NÃO,NÃO,NÃO,NÃO,NÃO,NÃO,NÃO,NÃO,NÃO,NÃO,NÃO,NÃO,NÃO,NÃO,NÃO,NÃO,NÃO,,
11/25/2020 12:10:12,2010,10/12/2010,419/10,HGPE,"PRESIDENTE, GOVERNADOR",,"BRASIL, PA",NÃO,,SIM,Sim,SIM,SIM,SIM,SIM,SIM,NÃO,NÃO,NÃO,NÃO,NÃO,NÃO,NÃO,NÃO,NÃO,NÃO,NÃO,NÃO,NÃO,NÃO,NÃO,NÃO,NÃO,NÃO,NÃO,NÃO,NÃO,NÃO,NÃO,NÃO,NÃO,NÃO,NÃO,NÃO,NÃO,NÃO,NÃO,NÃO,NÃO,NÃO,NÃO,NÃO,NÃO,NÃO,NÃO,NÃO,NÃO,NÃO,NÃO,NÃO,NÃO,NÃO,NÃO,NÃO,NÃO,NÃO,NÃO,NÃO,NÃO,NÃO,NÃO,NÃO,NÃO,NÃO,NÃO,NÃO,NÃO,NÃO,NÃO,NÃO,NÃO,NÃO,NÃO,NÃO,,
5/18/2022 13:43:21,2010,9/29/2010,420/10,HGPE,"PRESIDENTE, GOVERNADOR, SENADOR, DEPUTADO ESTADUAL",,"BRASIL, RJ",NÃO,,SIM,Sim,SIM,SIM,SIM,SIM,SIM,SIM,SIM,SIM,SIM,SIM,SIM,SIM,SIM,SIM,SIM,SIM,SIM,NÃO,NÃO,NÃO,SIM,NÃO,SIM,SIM,SIM,NÃO,SIM,NÃO,SIM,NÃO,NÃO,NÃO,NÃO,NÃO,NÃO,NÃO,SIM,NÃO,NÃO,NÃO,NÃO,NÃO,NÃO,NÃO,NÃO,NÃO,NÃO,NÃO,SIM,NÃO,NÃO,NÃO,NÃO,NÃO,NÃO,NÃO,NÃO,NÃO,NÃO,NÃO,NÃO,NÃO,NÃO,NÃO,NÃO,NÃO,NÃO,NÃO,NÃO,NÃO,NÃO,NÃO,NÃO,,
11/25/2020 12:14:41,2010,10/13/2010,421/10,HGPE,"PRESIDENTE, DEPUTADO FEDERAL",,"BRASIL, RS",NÃO,,SIM,Sim,SIM,SIM,SIM,SIM,SIM,SIM,SIM,SIM,SIM,SIM,SIM,SIM,SIM,SIM,SIM,SIM,SIM,SIM,NÃO,SIM,SIM,NÃO,NÃO,SIM,SIM,SIM,SIM,NÃO,SIM,NÃO,NÃO,NÃO,NÃO,NÃO,NÃO,NÃO,SIM,NÃO,NÃO,NÃO,NÃO,NÃO,NÃO,NÃO,NÃO,NÃO,NÃO,NÃO,NÃO,NÃO,NÃO,NÃO,NÃO,NÃO,NÃO,NÃO,NÃO,NÃO,NÃO,NÃO,NÃO,NÃO,NÃO,NÃO,NÃO,NÃO,NÃO,NÃO,NÃO,NÃO,NÃO,NÃO,NÃO,,
11/25/2020 12:17:15,2010,10/14/2010,424/10,HGPE,"PRESIDENTE, GOVERNADOR",,"BRASIL, PA",NÃO,,SIM,Sim,SIM,SIM,SIM,SIM,SIM,NÃO,NÃO,NÃO,NÃO,NÃO,NÃO,NÃO,NÃO,NÃO,NÃO,NÃO,NÃO,NÃO,NÃO,NÃO,NÃO,NÃO,NÃO,NÃO,NÃO,NÃO,NÃO,NÃO,NÃO,NÃO,NÃO,NÃO,NÃO,NÃO,NÃO,NÃO,NÃO,NÃO,NÃO,NÃO,NÃO,NÃO,NÃO,NÃO,NÃO,NÃO,NÃO,NÃO,NÃO,NÃO,NÃO,NÃO,NÃO,NÃO,NÃO,NÃO,NÃO,NÃO,NÃO,NÃO,NÃO,NÃO,NÃO,NÃO,NÃO,NÃO,NÃO,NÃO,NÃO,NÃO,NÃO,NÃO,NÃO,,
11/25/2020 12:19:49,2010,10/15/2010,425/10,HGPE,"PRESIDENTE, GOVERNADOR",,"BRASIL, PA",NÃO,,SIM,Sim,SIM,SIM,SIM,SIM,SIM,NÃO,NÃO,NÃO,NÃO,NÃO,NÃO,NÃO,NÃO,NÃO,NÃO,NÃO,NÃO,NÃO,NÃO,NÃO,NÃO,NÃO,NÃO,NÃO,NÃO,NÃO,NÃO,NÃO,NÃO,NÃO,NÃO,NÃO,NÃO,NÃO,NÃO,NÃO,NÃO,NÃO,NÃO,NÃO,NÃO,NÃO,NÃO,NÃO,NÃO,NÃO,NÃO,NÃO,NÃO,NÃO,NÃO,NÃO,NÃO,NÃO,NÃO,NÃO,NÃO,NÃO,NÃO,NÃO,NÃO,NÃO,NÃO,NÃO,NÃO,NÃO,NÃO,NÃO,NÃO,NÃO,NÃO,NÃO,NÃO,,
11/25/2020 12:22:44,2010,10/29/2010,427/10,HGPE,"PRESIDENTE, GOVERNADOR",,"BRASIL, AP",NÃO,,SIM,Sim,SIM,SIM,SIM,SIM,SIM,NÃO,NÃO,NÃO,NÃO,NÃO,NÃO,SIM,NÃO,NÃO,SIM,NÃO,NÃO,NÃO,NÃO,NÃO,NÃO,NÃO,NÃO,NÃO,NÃO,NÃO,NÃO,NÃO,NÃO,NÃO,NÃO,NÃO,NÃO,NÃO,NÃO,NÃO,NÃO,NÃO,NÃO,NÃO,NÃO,NÃO,NÃO,NÃO,NÃO,NÃO,NÃO,NÃO,NÃO,NÃO,NÃO,NÃO,NÃO,NÃO,NÃO,NÃO,NÃO,NÃO,NÃO,NÃO,NÃO,NÃO,NÃO,NÃO,NÃO,NÃO,NÃO,NÃO,NÃO,NÃO,NÃO,NÃO,NÃO,,
11/25/2020 12:24:45,2010,10/26/2010,428/10,HGPE,"PRESIDENTE, GOVERNADOR",,"BRASIL, AP",NÃO,,SIM,Sim,SIM,SIM,SIM,SIM,SIM,NÃO,NÃO,NÃO,NÃO,NÃO,NÃO,SIM,NÃO,NÃO,SIM,NÃO,NÃO,NÃO,NÃO,NÃO,NÃO,NÃO,NÃO,NÃO,NÃO,NÃO,NÃO,NÃO,NÃO,NÃO,NÃO,NÃO,NÃO,NÃO,NÃO,NÃO,NÃO,NÃO,NÃO,NÃO,NÃO,NÃO,NÃO,NÃO,NÃO,NÃO,NÃO,NÃO,NÃO,NÃO,NÃO,NÃO,NÃO,NÃO,NÃO,NÃO,NÃO,NÃO,NÃO,NÃO,NÃO,NÃO,NÃO,NÃO,NÃO,NÃO,NÃO,NÃO,NÃO,NÃO,NÃO,NÃO,NÃO,,
11/25/2020 12:26:55,2010,10/27/2010,429/10,HGPE,,A gravação está vazia,,NÃO,,SIM,Não,SIM,SIM,SIM,NÃO,NÃO,NÃO,NÃO,NÃO,NÃO,NÃO,NÃO,NÃO,NÃO,NÃO,NÃO,NÃO,NÃO,NÃO,NÃO,NÃO,NÃO,NÃO,NÃO,NÃO,NÃO,NÃO,NÃO,NÃO,NÃO,NÃO,NÃO,NÃO,NÃO,NÃO,NÃO,NÃO,NÃO,NÃO,NÃO,NÃO,NÃO,NÃO,NÃO,NÃO,NÃO,NÃO,NÃO,NÃO,NÃO,NÃO,NÃO,NÃO,NÃO,NÃO,NÃO,NÃO,NÃO,NÃO,NÃO,NÃO,NÃO,NÃO,NÃO,NÃO,NÃO,NÃO,NÃO,NÃO,NÃO,NÃO,NÃO,NÃO,NÃO,,
11/25/2020 12:31:18,2010,10/20/2010,430/10,HGPE,"PRESIDENTE, GOVERNADOR",,"BRASIL, AP",NÃO,,SIM,Sim,SIM,SIM,SIM,SIM,SIM,NÃO,NÃO,NÃO,NÃO,NÃO,NÃO,SIM,NÃO,NÃO,SIM,NÃO,NÃO,NÃO,NÃO,NÃO,NÃO,NÃO,NÃO,NÃO,NÃO,NÃO,NÃO,NÃO,NÃO,NÃO,NÃO,NÃO,NÃO,NÃO,NÃO,NÃO,NÃO,NÃO,NÃO,NÃO,NÃO,NÃO,NÃO,NÃO,NÃO,NÃO,NÃO,NÃO,NÃO,NÃO,NÃO,NÃO,NÃO,NÃO,NÃO,NÃO,NÃO,NÃO,NÃO,NÃO,NÃO,NÃO,NÃO,NÃO,NÃO,NÃO,NÃO,NÃO,NÃO,NÃO,NÃO,NÃO,NÃO,,
11/25/2020 12:33:24,2010,10/21/2010,431/10,HGPE,"PRESIDENTE, GOVERNADOR",,"BRASIL, AP",NÃO,,SIM,Sim,SIM,SIM,SIM,SIM,SIM,NÃO,NÃO,NÃO,NÃO,NÃO,NÃO,SIM,NÃO,NÃO,SIM,NÃO,NÃO,NÃO,NÃO,NÃO,NÃO,NÃO,NÃO,NÃO,NÃO,NÃO,NÃO,NÃO,NÃO,NÃO,NÃO,NÃO,NÃO,NÃO,NÃO,NÃO,NÃO,NÃO,NÃO,NÃO,NÃO,NÃO,NÃO,NÃO,NÃO,NÃO,NÃO,NÃO,NÃO,NÃO,NÃO,NÃO,NÃO,NÃO,NÃO,NÃO,NÃO,NÃO,NÃO,NÃO,NÃO,NÃO,NÃO,NÃO,NÃO,NÃO,NÃO,NÃO,NÃO,NÃO,NÃO,NÃO,NÃO,,
11/25/2020 12:36:16,2010,10/29/2010,432/10,HGPE,"PRESIDENTE, GOVERNADOR",,"BRASIL, AP",NÃO,,SIM,Sim,SIM,SIM,SIM,SIM,SIM,NÃO,NÃO,NÃO,NÃO,NÃO,NÃO,SIM,NÃO,NÃO,SIM,NÃO,NÃO,NÃO,NÃO,NÃO,NÃO,NÃO,NÃO,NÃO,NÃO,NÃO,NÃO,NÃO,NÃO,NÃO,NÃO,NÃO,NÃO,NÃO,NÃO,NÃO,NÃO,NÃO,NÃO,NÃO,NÃO,NÃO,NÃO,NÃO,NÃO,NÃO,NÃO,NÃO,NÃO,NÃO,NÃO,NÃO,NÃO,NÃO,NÃO,NÃO,NÃO,NÃO,NÃO,NÃO,NÃO,NÃO,NÃO,NÃO,NÃO,NÃO,NÃO,NÃO,NÃO,NÃO,NÃO,NÃO,NÃO,,
11/25/2020 12:38:21,2010,10/28/2010,433/10,HGPE,"PRESIDENTE, GOVERNADOR",,"BRASIL, AP",NÃO,,SIM,Sim,SIM,SIM,SIM,SIM,SIM,NÃO,NÃO,NÃO,NÃO,NÃO,NÃO,SIM,NÃO,NÃO,SIM,NÃO,NÃO,NÃO,NÃO,NÃO,NÃO,NÃO,NÃO,NÃO,NÃO,NÃO,NÃO,NÃO,NÃO,NÃO,NÃO,NÃO,NÃO,NÃO,NÃO,NÃO,NÃO,NÃO,NÃO,NÃO,NÃO,NÃO,NÃO,NÃO,NÃO,NÃO,NÃO,NÃO,NÃO,NÃO,NÃO,NÃO,NÃO,NÃO,NÃO,NÃO,NÃO,NÃO,NÃO,NÃO,NÃO,NÃO,NÃO,NÃO,NÃO,NÃO,NÃO,NÃO,NÃO,NÃO,NÃO,NÃO,NÃO,,
11/25/2020 12:40:46,2010,10/16/2010,434/10,HGPE,"PRESIDENTE, GOVERNADOR",,"BRASIL, AP",NÃO,,SIM,Sim,SIM,SIM,SIM,SIM,SIM,NÃO,NÃO,NÃO,NÃO,NÃO,NÃO,SIM,NÃO,NÃO,SIM,NÃO,NÃO,NÃO,NÃO,NÃO,NÃO,NÃO,NÃO,NÃO,NÃO,NÃO,NÃO,NÃO,NÃO,NÃO,NÃO,NÃO,NÃO,NÃO,NÃO,NÃO,NÃO,NÃO,NÃO,NÃO,NÃO,NÃO,NÃO,NÃO,NÃO,NÃO,NÃO,NÃO,NÃO,NÃO,NÃO,NÃO,NÃO,NÃO,NÃO,NÃO,NÃO,NÃO,NÃO,NÃO,NÃO,NÃO,NÃO,NÃO,NÃO,NÃO,NÃO,NÃO,NÃO,NÃO,NÃO,NÃO,NÃO,,
11/25/2020 12:43:31,2010,10/17/2010,435/10,HGPE,"PRESIDENTE, GOVERNADOR",,"BRASIL, AP",NÃO,,SIM,Sim,SIM,SIM,SIM,SIM,SIM,NÃO,NÃO,NÃO,NÃO,NÃO,NÃO,SIM,NÃO,NÃO,SIM,NÃO,NÃO,NÃO,NÃO,NÃO,NÃO,NÃO,NÃO,NÃO,NÃO,NÃO,NÃO,NÃO,NÃO,NÃO,NÃO,NÃO,NÃO,NÃO,NÃO,NÃO,NÃO,NÃO,NÃO,NÃO,NÃO,NÃO,NÃO,NÃO,NÃO,NÃO,NÃO,NÃO,NÃO,NÃO,NÃO,NÃO,NÃO,NÃO,NÃO,NÃO,NÃO,NÃO,NÃO,NÃO,NÃO,NÃO,NÃO,NÃO,NÃO,NÃO,NÃO,NÃO,NÃO,NÃO,NÃO,NÃO,NÃO,,
11/25/2020 12:45:51,2010,10/22/2010,436/10,HGPE,"PRESIDENTE, GOVERNADOR",,"BRASIL, AP",NÃO,,SIM,Sim,SIM,SIM,SIM,SIM,SIM,NÃO,NÃO,NÃO,NÃO,NÃO,NÃO,SIM,NÃO,NÃO,SIM,NÃO,NÃO,NÃO,NÃO,NÃO,NÃO,NÃO,NÃO,NÃO,NÃO,NÃO,NÃO,NÃO,NÃO,NÃO,NÃO,NÃO,NÃO,NÃO,NÃO,NÃO,NÃO,NÃO,NÃO,NÃO,NÃO,NÃO,NÃO,NÃO,NÃO,NÃO,NÃO,NÃO,NÃO,NÃO,NÃO,NÃO,NÃO,NÃO,NÃO,NÃO,NÃO,NÃO,NÃO,NÃO,NÃO,NÃO,NÃO,NÃO,NÃO,NÃO,NÃO,NÃO,NÃO,NÃO,NÃO,NÃO,NÃO,,
11/25/2020 12:48:35,2010,10/23/2010,437/10,HGPE,"PRESIDENTE, GOVERNADOR",,"BRASIL, AP",NÃO,,SIM,Sim,SIM,SIM,SIM,SIM,SIM,NÃO,NÃO,NÃO,NÃO,NÃO,NÃO,SIM,NÃO,NÃO,SIM,NÃO,NÃO,NÃO,NÃO,NÃO,NÃO,NÃO,NÃO,NÃO,NÃO,NÃO,NÃO,NÃO,NÃO,NÃO,NÃO,NÃO,NÃO,NÃO,NÃO,NÃO,NÃO,NÃO,NÃO,NÃO,NÃO,NÃO,NÃO,NÃO,NÃO,NÃO,NÃO,NÃO,NÃO,NÃO,NÃO,NÃO,NÃO,NÃO,NÃO,NÃO,NÃO,NÃO,NÃO,NÃO,NÃO,NÃO,NÃO,NÃO,NÃO,NÃO,NÃO,NÃO,NÃO,NÃO,NÃO,NÃO,NÃO,,
11/25/2020 12:52:16,2010,10/24/2010,438/10,HGPE,GOVERNADOR,,AP,NÃO,,SIM,Sim,SIM,SIM,SIM,NÃO,NÃO,NÃO,NÃO,NÃO,NÃO,NÃO,NÃO,SIM,NÃO,NÃO,SIM,NÃO,NÃO,NÃO,NÃO,NÃO,NÃO,NÃO,NÃO,NÃO,NÃO,NÃO,NÃO,NÃO,NÃO,NÃO,NÃO,NÃO,NÃO,NÃO,NÃO,NÃO,NÃO,NÃO,NÃO,NÃO,NÃO,NÃO,NÃO,NÃO,NÃO,NÃO,NÃO,NÃO,NÃO,NÃO,NÃO,NÃO,NÃO,NÃO,NÃO,NÃO,NÃO,NÃO,NÃO,NÃO,NÃO,NÃO,NÃO,NÃO,NÃO,NÃO,NÃO,NÃO,NÃO,NÃO,NÃO,NÃO,NÃO,,
11/25/2020 12:55:27,2010,10/22/2010,439/10,HGPE,PRESIDENTE,,BRASIL,NÃO,,SIM,Sim,SIM,SIM,SIM,SIM,SIM,NÃO,NÃO,NÃO,NÃO,NÃO,NÃO,NÃO,NÃO,NÃO,NÃO,NÃO,NÃO,NÃO,NÃO,NÃO,NÃO,NÃO,NÃO,NÃO,NÃO,NÃO,NÃO,NÃO,NÃO,NÃO,NÃO,NÃO,NÃO,NÃO,NÃO,NÃO,NÃO,NÃO,NÃO,NÃO,NÃO,NÃO,NÃO,NÃO,NÃO,NÃO,NÃO,NÃO,NÃO,NÃO,NÃO,NÃO,NÃO,NÃO,NÃO,NÃO,NÃO,NÃO,NÃO,NÃO,NÃO,NÃO,NÃO,NÃO,NÃO,NÃO,NÃO,NÃO,NÃO,NÃO,NÃO,NÃO,NÃO,,
11/25/2020 12:57:14,2010,10/24/2010,440/10,HGPE,"PRESIDENTE, GOVERNADOR",,"BRASIL, AP",NÃO,,SIM,Sim,SIM,SIM,SIM,SIM,SIM,NÃO,NÃO,NÃO,NÃO,NÃO,NÃO,SIM,NÃO,NÃO,SIM,NÃO,NÃO,NÃO,NÃO,NÃO,NÃO,NÃO,NÃO,NÃO,NÃO,NÃO,NÃO,NÃO,NÃO,NÃO,NÃO,NÃO,NÃO,NÃO,NÃO,NÃO,NÃO,NÃO,NÃO,NÃO,NÃO,NÃO,NÃO,NÃO,NÃO,NÃO,NÃO,NÃO,NÃO,NÃO,NÃO,NÃO,NÃO,NÃO,NÃO,NÃO,NÃO,NÃO,NÃO,NÃO,NÃO,NÃO,NÃO,NÃO,NÃO,NÃO,NÃO,NÃO,NÃO,NÃO,NÃO,NÃO,NÃO,,
11/25/2020 12:59:17,2010,10/23/2010,441/10,HGPE,"PRESIDENTE, GOVERNADOR",,"BRASIL, AP",NÃO,,SIM,Sim,SIM,SIM,SIM,SIM,SIM,NÃO,NÃO,NÃO,NÃO,NÃO,NÃO,SIM,NÃO,NÃO,SIM,NÃO,NÃO,NÃO,NÃO,NÃO,NÃO,NÃO,NÃO,NÃO,NÃO,NÃO,NÃO,NÃO,NÃO,NÃO,NÃO,NÃO,NÃO,NÃO,NÃO,NÃO,NÃO,NÃO,NÃO,NÃO,NÃO,NÃO,NÃO,NÃO,NÃO,NÃO,NÃO,NÃO,NÃO,NÃO,NÃO,NÃO,NÃO,NÃO,NÃO,NÃO,NÃO,NÃO,NÃO,NÃO,NÃO,NÃO,NÃO,NÃO,NÃO,NÃO,NÃO,NÃO,NÃO,NÃO,NÃO,NÃO,NÃO,,
11/25/2020 13:01:14,2010,10/18/2010,442/10,HGPE,PRESIDENTE,A gravação tem apenas 10:05 (incompleto),BRASIL,NÃO,,SIM,Sim,SIM,SIM,SIM,SIM,NÃO,NÃO,NÃO,NÃO,NÃO,NÃO,NÃO,NÃO,NÃO,NÃO,NÃO,NÃO,NÃO,NÃO,NÃO,NÃO,NÃO,NÃO,NÃO,NÃO,NÃO,NÃO,NÃO,NÃO,NÃO,NÃO,NÃO,NÃO,NÃO,NÃO,NÃO,NÃO,NÃO,NÃO,NÃO,NÃO,NÃO,NÃO,NÃO,NÃO,NÃO,NÃO,NÃO,NÃO,NÃO,NÃO,NÃO,NÃO,NÃO,NÃO,NÃO,NÃO,NÃO,NÃO,NÃO,NÃO,NÃO,NÃO,NÃO,NÃO,NÃO,NÃO,NÃO,NÃO,NÃO,NÃO,NÃO,NÃO,NÃO,,
11/25/2020 13:08:28,2010,10/19/2010,445/10,HGPE,"PRESIDENTE, DEPUTADO FEDERAL",,"BRASIL, RN",NÃO,,SIM,Sim,SIM,SIM,SIM,SIM,SIM,SIM,SIM,SIM,SIM,SIM,SIM,SIM,SIM,SIM,NÃO,SIM,SIM,SIM,NÃO,SIM,SIM,SIM,SIM,SIM,SIM,SIM,SIM,SIM,SIM,NÃO,NÃO,NÃO,NÃO,NÃO,NÃO,NÃO,SIM,NÃO,NÃO,NÃO,NÃO,NÃO,NÃO,NÃO,NÃO,NÃO,NÃO,NÃO,NÃO,NÃO,NÃO,NÃO,NÃO,NÃO,NÃO,NÃO,NÃO,NÃO,NÃO,NÃO,NÃO,NÃO,NÃO,NÃO,NÃO,NÃO,NÃO,NÃO,NÃO,NÃO,NÃO,NÃO,NÃO,,
12/1/2020 19:52:51,1988,10/1/1988,001/88A,HGPE,"PREFEITO, VEREADOR",,RJ,SIM,Rio de Janeiro,SIM,Sim,SIM,SIM,SIM,SIM,SIM,SIM,SIM,NÃO,SIM,NÃO,NÃO,SIM,NÃO,SIM,SIM,SIM,NÃO,NÃO,SIM,SIM,NÃO,NÃO,SIM,NÃO,SIM,NÃO,NÃO,NÃO,NÃO,NÃO,NÃO,NÃO,NÃO,NÃO,NÃO,SIM,NÃO,SIM,NÃO,SIM,NÃO,NÃO,NÃO,NÃO,NÃO,NÃO,NÃO,NÃO,NÃO,NÃO,NÃO,NÃO,SIM,SIM,NÃO,SIM,SIM,SIM,SIM,SIM,SIM,NÃO,NÃO,NÃO,NÃO,NÃO,NÃO,NÃO,NÃO,NÃO,NÃO,NÃO,NÃO,,
12/1/2020 19:58:35,1988,10/21/1988,001/88B,HGPE,"PREFEITO, VEREADOR",,RJ,SIM,Rio de Janeiro,SIM,Sim,SIM,SIM,SIM,SIM,SIM,SIM,SIM,NÃO,SIM,NÃO,NÃO,SIM,NÃO,SIM,SIM,SIM,NÃO,NÃO,SIM,SIM,NÃO,NÃO,SIM,NÃO,SIM,NÃO,NÃO,NÃO,NÃO,NÃO,NÃO,NÃO,NÃO,NÃO,NÃO,SIM,NÃO,SIM,NÃO,SIM,NÃO,NÃO,NÃO,NÃO,NÃO,NÃO,NÃO,NÃO,NÃO,NÃO,NÃO,NÃO,SIM,SIM,NÃO,SIM,SIM,SIM,SIM,SIM,SIM,NÃO,NÃO,NÃO,NÃO,NÃO,NÃO,NÃO,NÃO,NÃO,NÃO,NÃO,NÃO,,
12/1/2020 20:01:35,1988,10/1/1988,001/88C,HGPE,,A gravação está vazia,,NÃO,,SIM,Não,SIM,SIM,SIM,NÃO,NÃO,NÃO,NÃO,NÃO,NÃO,NÃO,NÃO,NÃO,NÃO,NÃO,NÃO,NÃO,NÃO,NÃO,NÃO,NÃO,NÃO,NÃO,NÃO,NÃO,NÃO,NÃO,NÃO,NÃO,NÃO,NÃO,NÃO,NÃO,NÃO,NÃO,NÃO,NÃO,NÃO,NÃO,NÃO,NÃO,NÃO,NÃO,NÃO,NÃO,NÃO,NÃO,NÃO,NÃO,NÃO,NÃO,NÃO,NÃO,NÃO,NÃO,NÃO,NÃO,NÃO,NÃO,NÃO,NÃO,NÃO,NÃO,NÃO,NÃO,NÃO,NÃO,NÃO,NÃO,NÃO,NÃO,NÃO,NÃO,NÃO,,
12/1/2020 20:06:28,1988,10/2/1988,001/88D,HGPE,"PREFEITO, VEREADOR",,RJ,SIM,Rio de Janeiro,SIM,Sim,SIM,SIM,SIM,NÃO,SIM,SIM,SIM,NÃO,NÃO,NÃO,NÃO,SIM,NÃO,SIM,SIM,SIM,NÃO,NÃO,NÃO,NÃO,NÃO,NÃO,NÃO,NÃO,NÃO,NÃO,NÃO,NÃO,NÃO,NÃO,NÃO,NÃO,NÃO,NÃO,NÃO,NÃO,NÃO,NÃO,NÃO,NÃO,NÃO,NÃO,NÃO,NÃO,NÃO,NÃO,NÃO,NÃO,NÃO,NÃO,NÃO,NÃO,NÃO,SIM,NÃO,NÃO,NÃO,NÃO,NÃO,SIM,NÃO,SIM,NÃO,NÃO,NÃO,NÃO,NÃO,NÃO,NÃO,NÃO,NÃO,NÃO,NÃO,,
12/1/2020 20:53:51,1988,10/3/1988,002/88B,HGPE,"PREFEITO, VEREADOR",,RJ,SIM,Rio de Janeiro,SIM,Sim,SIM,SIM,SIM,SIM,NÃO,SIM,NÃO,NÃO,SIM,NÃO,NÃO,NÃO,NÃO,NÃO,SIM,NÃO,NÃO,NÃO,SIM,SIM,NÃO,NÃO,SIM,NÃO,SIM,NÃO,SIM,NÃO,NÃO,NÃO,NÃO,NÃO,NÃO,NÃO,NÃO,NÃO,NÃO,SIM,NÃO,SIM,NÃO,NÃO,NÃO,NÃO,NÃO,NÃO,NÃO,NÃO,NÃO,NÃO,NÃO,NÃO,NÃO,SIM,NÃO,NÃO,SIM,SIM,SIM,NÃO,SIM,SIM,SIM,SIM,NÃO,NÃO,NÃO,NÃO,NÃO,NÃO,NÃO,NÃO,NÃO,,
12/1/2020 20:58:21,1988,11/11/1988,003/88A,HGPE,"PREFEITO, VEREADOR",,RJ,SIM,Rio de Janeiro,SIM,Sim,SIM,SIM,SIM,NÃO,SIM,SIM,SIM,NÃO,SIM,NÃO,NÃO,SIM,NÃO,SIM,SIM,SIM,NÃO,NÃO,SIM,NÃO,NÃO,NÃO,NÃO,NÃO,NÃO,NÃO,NÃO,NÃO,NÃO,NÃO,NÃO,NÃO,NÃO,NÃO,NÃO,SIM,NÃO,SIM,NÃO,NÃO,NÃO,NÃO,NÃO,NÃO,NÃO,NÃO,NÃO,NÃO,NÃO,NÃO,NÃO,NÃO,NÃO,NÃO,NÃO,NÃO,SIM,SIM,SIM,NÃO,NÃO,NÃO,NÃO,SIM,NÃO,NÃO,NÃO,NÃO,NÃO,NÃO,NÃO,NÃO,NÃO,,
12/1/2020 21:04:06,1988,10/4/1988,003/88B,HGPE,"PREFEITO, VEREADOR",,RJ,SIM,Rio de Janeiro,SIM,Sim,SIM,SIM,SIM,SIM,SIM,SIM,SIM,NÃO,SIM,NÃO,NÃO,SIM,NÃO,SIM,SIM,SIM,NÃO,NÃO,SIM,SIM,NÃO,NÃO,SIM,NÃO,SIM,NÃO,NÃO,NÃO,NÃO,NÃO,NÃO,NÃO,NÃO,NÃO,NÃO,SIM,NÃO,SIM,NÃO,SIM,NÃO,NÃO,NÃO,NÃO,NÃO,NÃO,NÃO,NÃO,NÃO,NÃO,NÃO,NÃO,SIM,SIM,NÃO,SIM,SIM,SIM,SIM,SIM,SIM,NÃO,SIM,SIM,NÃO,NÃO,NÃO,NÃO,NÃO,NÃO,NÃO,NÃO,NÃO,,
12/1/2020 21:08:08,1988,10/8/1988,003/88C,HGPE,"PREFEITO, VEREADOR",A gravação tem apenas 11:51 (incompleta) e apresenta defeito em 06:03,RJ,SIM,Rio de Janeiro,SIM,Não,SIM,SIM,SIM,NÃO,NÃO,NÃO,NÃO,NÃO,SIM,NÃO,NÃO,NÃO,NÃO,NÃO,NÃO,NÃO,NÃO,NÃO,SIM,NÃO,NÃO,NÃO,NÃO,NÃO,NÃO,NÃO,NÃO,NÃO,NÃO,NÃO,NÃO,NÃO,NÃO,NÃO,NÃO,NÃO,NÃO,NÃO,NÃO,NÃO,NÃO,NÃO,NÃO,NÃO,NÃO,NÃO,NÃO,NÃO,NÃO,NÃO,NÃO,NÃO,NÃO,NÃO,NÃO,NÃO,NÃO,NÃO,SIM,NÃO,NÃO,NÃO,SIM,NÃO,NÃO,NÃO,NÃO,NÃO,NÃO,NÃO,NÃO,NÃO,NÃO,,
12/1/2020 21:15:20,1988,10/6/1988,004/88A,HGPE,"PREFEITO, VEREADOR",,RJ,SIM,Rio de Janeiro,SIM,Sim,SIM,SIM,SIM,SIM,SIM,SIM,SIM,NÃO,SIM,NÃO,NÃO,SIM,NÃO,SIM,SIM,SIM,NÃO,NÃO,SIM,SIM,NÃO,NÃO,SIM,NÃO,SIM,NÃO,NÃO,NÃO,NÃO,NÃO,NÃO,NÃO,NÃO,NÃO,NÃO,SIM,NÃO,SIM,NÃO,SIM,NÃO,NÃO,NÃO,NÃO,NÃO,NÃO,NÃO,NÃO,NÃO,NÃO,NÃO,NÃO,SIM,SIM,NÃO,SIM,SIM,SIM,SIM,SIM,SIM,NÃO,SIM,SIM,NÃO,NÃO,NÃO,NÃO,NÃO,NÃO,NÃO,NÃO,NÃO,,
12/1/2020 21:18:03,1988,10/7/1988,004/88B,TELEJORNAL,,,,NÃO,,SIM,Sim,SIM,SIM,SIM,NÃO,NÃO,NÃO,NÃO,NÃO,NÃO,NÃO,NÃO,NÃO,NÃO,NÃO,NÃO,NÃO,NÃO,NÃO,NÃO,NÃO,NÃO,NÃO,NÃO,NÃO,NÃO,NÃO,NÃO,NÃO,NÃO,NÃO,NÃO,NÃO,NÃO,NÃO,NÃO,NÃO,NÃO,NÃO,NÃO,NÃO,NÃO,NÃO,NÃO,NÃO,NÃO,NÃO,NÃO,NÃO,NÃO,NÃO,NÃO,NÃO,NÃO,NÃO,NÃO,NÃO,NÃO,NÃO,NÃO,NÃO,NÃO,NÃO,NÃO,NÃO,NÃO,NÃO,NÃO,NÃO,NÃO,NÃO,NÃO,NÃO,NÃO,,
12/1/2020 21:24:31,1988,10/8/1988,005/88A,DEBATE,PREFEITO,,RJ,SIM,Rio de Janeiro,SIM,Sim,SIM,SIM,SIM,SIM,SIM,SIM,SIM,NÃO,SIM,NÃO,NÃO,SIM,NÃO,SIM,SIM,SIM,NÃO,NÃO,SIM,SIM,NÃO,NÃO,SIM,NÃO,SIM,NÃO,NÃO,NÃO,NÃO,NÃO,NÃO,NÃO,NÃO,NÃO,NÃO,SIM,NÃO,SIM,NÃO,SIM,NÃO,NÃO,NÃO,NÃO,NÃO,NÃO,NÃO,NÃO,NÃO,NÃO,NÃO,NÃO,SIM,SIM,NÃO,SIM,SIM,SIM,SIM,SIM,SIM,NÃO,SIM,SIM,NÃO,NÃO,NÃO,NÃO,NÃO,NÃO,NÃO,NÃO,NÃO,,
12/1/2020 21:32:19,1988,10/9/1988,005/88B,HGPE,"PREFEITO, VEREADOR",,RJ,SIM,Rio de Janeiro,SIM,Sim,SIM,SIM,SIM,SIM,SIM,SIM,SIM,NÃO,SIM,NÃO,NÃO,SIM,NÃO,SIM,SIM,SIM,NÃO,NÃO,SIM,SIM,NÃO,NÃO,SIM,NÃO,SIM,NÃO,NÃO,NÃO,NÃO,NÃO,NÃO,NÃO,NÃO,NÃO,NÃO,SIM,NÃO,SIM,NÃO,SIM,NÃO,NÃO,NÃO,NÃO,NÃO,NÃO,NÃO,NÃO,NÃO,NÃO,NÃO,NÃO,SIM,SIM,NÃO,SIM,SIM,SIM,SIM,SIM,SIM,NÃO,SIM,SIM,NÃO,NÃO,NÃO,NÃO,NÃO,NÃO,NÃO,NÃO,NÃO,,
12/1/2020 21:39:38,1988,10/10/1988,006/88A,HGPE,"PREFEITO, VEREADOR",,RJ,SIM,Rio de Janeiro,SIM,Sim,SIM,SIM,SIM,SIM,SIM,SIM,SIM,NÃO,SIM,NÃO,NÃO,SIM,NÃO,SIM,SIM,SIM,NÃO,NÃO,SIM,SIM,NÃO,NÃO,SIM,NÃO,SIM,NÃO,NÃO,NÃO,NÃO,NÃO,NÃO,NÃO,NÃO,NÃO,NÃO,SIM,NÃO,SIM,NÃO,SIM,NÃO,NÃO,NÃO,NÃO,NÃO,NÃO,NÃO,NÃO,NÃO,NÃO,NÃO,NÃO,SIM,SIM,NÃO,SIM,SIM,SIM,SIM,SIM,SIM,NÃO,SIM,SIM,NÃO,NÃO,NÃO,NÃO,NÃO,NÃO,NÃO,NÃO,NÃO,,
12/1/2020 21:47:40,1988,10/11/1988,006/88B,HGPE,"PREFEITO, VEREADOR",,RJ,SIM,Rio de Janeiro,SIM,Sim,SIM,SIM,SIM,SIM,SIM,SIM,SIM,NÃO,SIM,NÃO,NÃO,SIM,NÃO,SIM,SIM,SIM,NÃO,NÃO,SIM,SIM,NÃO,NÃO,SIM,NÃO,SIM,NÃO,NÃO,NÃO,NÃO,NÃO,NÃO,NÃO,NÃO,NÃO,NÃO,SIM,NÃO,SIM,NÃO,SIM,NÃO,NÃO,NÃO,NÃO,NÃO,NÃO,NÃO,NÃO,NÃO,NÃO,NÃO,NÃO,SIM,SIM,NÃO,SIM,SIM,SIM,SIM,SIM,SIM,NÃO,SIM,SIM,NÃO,NÃO,NÃO,NÃO,NÃO,NÃO,NÃO,NÃO,NÃO,,
12/7/2020 12:52:27,1989,10/1/1989,001/89A,HGPE,PRESIDENTE,,BRASIL,NÃO,,SIM,Sim,SIM,SIM,SIM,SIM,SIM,SIM,SIM,NÃO,SIM,NÃO,NÃO,SIM,NÃO,SIM,SIM,SIM,NÃO,NÃO,SIM,NÃO,NÃO,NÃO,SIM,NÃO,SIM,NÃO,SIM,NÃO,NÃO,NÃO,NÃO,NÃO,NÃO,NÃO,NÃO,SIM,NÃO,SIM,SIM,SIM,NÃO,NÃO,NÃO,NÃO,NÃO,NÃO,NÃO,SIM,NÃO,NÃO,NÃO,NÃO,NÃO,SIM,SIM,NÃO,NÃO,SIM,SIM,NÃO,NÃO,SIM,NÃO,NÃO,SIM,SIM,SIM,SIM,SIM,NÃO,NÃO,NÃO,NÃO,,
12/7/2020 12:54:19,1989,10/2/1989,1-1-89,HGPE,PRESIDENTE,,BRASIL,NÃO,,SIM,Sim,SIM,SIM,SIM,NÃO,NÃO,NÃO,NÃO,NÃO,NÃO,NÃO,NÃO,NÃO,NÃO,NÃO,NÃO,NÃO,NÃO,NÃO,NÃO,NÃO,NÃO,NÃO,NÃO,NÃO,NÃO,NÃO,NÃO,NÃO,NÃO,NÃO,NÃO,NÃO,NÃO,NÃO,NÃO,NÃO,NÃO,NÃO,SIM,NÃO,NÃO,NÃO,NÃO,NÃO,NÃO,NÃO,NÃO,NÃO,NÃO,NÃO,NÃO,NÃO,NÃO,NÃO,NÃO,NÃO,NÃO,NÃO,NÃO,NÃO,NÃO,NÃO,NÃO,NÃO,NÃO,NÃO,NÃO,NÃO,NÃO,NÃO,NÃO,NÃO,NÃO,,
12/7/2020 12:56:29,1989,10/3/1989,1-1-89,HGPE,PRESIDENTE,,BRASIL,NÃO,,SIM,Sim,SIM,SIM,SIM,NÃO,NÃO,NÃO,NÃO,NÃO,NÃO,NÃO,NÃO,NÃO,NÃO,NÃO,NÃO,NÃO,NÃO,NÃO,NÃO,NÃO,NÃO,NÃO,NÃO,NÃO,NÃO,NÃO,NÃO,NÃO,NÃO,NÃO,NÃO,NÃO,NÃO,NÃO,NÃO,NÃO,NÃO,NÃO,SIM,NÃO,NÃO,NÃO,NÃO,NÃO,NÃO,NÃO,NÃO,NÃO,NÃO,NÃO,NÃO,NÃO,NÃO,NÃO,NÃO,NÃO,NÃO,NÃO,NÃO,NÃO,NÃO,NÃO,NÃO,NÃO,NÃO,NÃO,NÃO,NÃO,NÃO,NÃO,NÃO,NÃO,NÃO,,
12/7/2020 12:59:20,1989,10/4/1989,1-1-89,HGPE,PRESIDENTE,,BRASIL,NÃO,,SIM,Sim,SIM,SIM,SIM,NÃO,NÃO,NÃO,NÃO,NÃO,NÃO,NÃO,NÃO,NÃO,NÃO,NÃO,NÃO,NÃO,NÃO,NÃO,NÃO,NÃO,NÃO,NÃO,NÃO,NÃO,NÃO,NÃO,NÃO,NÃO,NÃO,NÃO,NÃO,NÃO,NÃO,NÃO,NÃO,NÃO,NÃO,NÃO,SIM,NÃO,NÃO,NÃO,NÃO,NÃO,NÃO,NÃO,NÃO,NÃO,NÃO,NÃO,NÃO,NÃO,NÃO,NÃO,NÃO,NÃO,NÃO,NÃO,NÃO,NÃO,NÃO,NÃO,NÃO,NÃO,NÃO,NÃO,NÃO,NÃO,NÃO,NÃO,NÃO,NÃO,NÃO,,
12/7/2020 13:03:39,1989,10/5/1989,1-1-89,HGPE,PRESIDENTE,,BRASIL,NÃO,,SIM,Sim,SIM,SIM,SIM,SIM,NÃO,NÃO,NÃO,NÃO,NÃO,NÃO,NÃO,NÃO,NÃO,NÃO,NÃO,NÃO,NÃO,NÃO,NÃO,NÃO,NÃO,NÃO,NÃO,NÃO,NÃO,NÃO,NÃO,NÃO,NÃO,NÃO,NÃO,NÃO,NÃO,NÃO,NÃO,NÃO,NÃO,NÃO,SIM,NÃO,NÃO,NÃO,NÃO,NÃO,NÃO,NÃO,NÃO,NÃO,NÃO,NÃO,NÃO,NÃO,NÃO,NÃO,NÃO,NÃO,NÃO,NÃO,NÃO,NÃO,NÃO,NÃO,NÃO,NÃO,NÃO,NÃO,NÃO,NÃO,NÃO,NÃO,NÃO,NÃO,NÃO,,
12/7/2020 13:06:22,1989,10/10/1989,1-2-89,HGPE,PRESIDENTE,,BRASIL,NÃO,,SIM,Sim,SIM,SIM,SIM,SIM,NÃO,NÃO,SIM,NÃO,NÃO,NÃO,NÃO,SIM,NÃO,NÃO,NÃO,NÃO,NÃO,NÃO,NÃO,NÃO,NÃO,NÃO,NÃO,NÃO,NÃO,NÃO,NÃO,NÃO,NÃO,NÃO,NÃO,NÃO,NÃO,NÃO,NÃO,NÃO,NÃO,NÃO,NÃO,NÃO,NÃO,NÃO,NÃO,NÃO,NÃO,NÃO,NÃO,NÃO,NÃO,NÃO,NÃO,NÃO,NÃO,NÃO,NÃO,NÃO,NÃO,NÃO,NÃO,NÃO,NÃO,NÃO,NÃO,NÃO,NÃO,NÃO,NÃO,NÃO,NÃO,NÃO,NÃO,NÃO,NÃO,,
12/7/2020 13:08:43,1989,10/11/1989,1-2-89,HGPE,PRESIDENTE,,BRASIL,NÃO,,SIM,Sim,SIM,SIM,SIM,SIM,NÃO,NÃO,SIM,NÃO,NÃO,NÃO,NÃO,SIM,NÃO,NÃO,NÃO,NÃO,NÃO,NÃO,NÃO,NÃO,NÃO,NÃO,NÃO,NÃO,NÃO,NÃO,NÃO,NÃO,NÃO,NÃO,NÃO,NÃO,NÃO,NÃO,NÃO,NÃO,NÃO,NÃO,NÃO,NÃO,NÃO,NÃO,NÃO,NÃO,NÃO,NÃO,NÃO,NÃO,NÃO,NÃO,NÃO,NÃO,NÃO,NÃO,NÃO,NÃO,NÃO,NÃO,NÃO,NÃO,NÃO,NÃO,NÃO,NÃO,NÃO,NÃO,NÃO,NÃO,NÃO,NÃO,NÃO,NÃO,NÃO,,
12/7/2020 13:11:09,1989,10/12/1989,1-4-89,HGPE,PRESIDENTE,,BRASIL,NÃO,,SIM,Sim,SIM,SIM,SIM,NÃO,NÃO,SIM,NÃO,NÃO,NÃO,NÃO,NÃO,NÃO,NÃO,NÃO,NÃO,NÃO,NÃO,NÃO,NÃO,NÃO,NÃO,NÃO,NÃO,NÃO,NÃO,NÃO,NÃO,NÃO,NÃO,NÃO,NÃO,NÃO,NÃO,NÃO,NÃO,NÃO,NÃO,NÃO,NÃO,NÃO,NÃO,NÃO,NÃO,NÃO,NÃO,NÃO,NÃO,NÃO,NÃO,NÃO,NÃO,NÃO,NÃO,NÃO,NÃO,NÃO,NÃO,NÃO,NÃO,NÃO,NÃO,NÃO,NÃO,NÃO,NÃO,NÃO,NÃO,NÃO,NÃO,NÃO,NÃO,NÃO,NÃO,,
12/7/2020 13:13:47,1989,10/13/1989,1-9-89,HGPE,PRESIDENTE,,BRASIL,NÃO,,SIM,Sim,SIM,SIM,SIM,NÃO,NÃO,NÃO,NÃO,NÃO,SIM,NÃO,NÃO,NÃO,NÃO,NÃO,NÃO,NÃO,NÃO,NÃO,NÃO,NÃO,NÃO,NÃO,NÃO,NÃO,NÃO,NÃO,NÃO,NÃO,NÃO,NÃO,NÃO,NÃO,NÃO,NÃO,NÃO,NÃO,NÃO,NÃO,NÃO,NÃO,NÃO,NÃO,NÃO,NÃO,NÃO,NÃO,NÃO,NÃO,NÃO,NÃO,NÃO,NÃO,NÃO,NÃO,NÃO,NÃO,NÃO,NÃO,NÃO,NÃO,NÃO,NÃO,NÃO,NÃO,NÃO,NÃO,NÃO,NÃO,NÃO,NÃO,NÃO,NÃO,NÃO,,
12/7/2020 13:19:33,1989,10/14/1989,1-9-89,HGPE,PRESIDENTE,,BRASIL,NÃO,,SIM,Sim,SIM,SIM,SIM,NÃO,NÃO,NÃO,NÃO,NÃO,SIM,NÃO,NÃO,NÃO,NÃO,NÃO,NÃO,NÃO,NÃO,NÃO,NÃO,NÃO,NÃO,NÃO,NÃO,NÃO,NÃO,NÃO,NÃO,NÃO,NÃO,NÃO,NÃO,NÃO,NÃO,NÃO,NÃO,NÃO,NÃO,NÃO,NÃO,NÃO,NÃO,NÃO,NÃO,NÃO,NÃO,NÃO,NÃO,NÃO,NÃO,NÃO,NÃO,NÃO,NÃO,NÃO,NÃO,NÃO,NÃO,NÃO,NÃO,NÃO,NÃO,NÃO,NÃO,NÃO,NÃO,NÃO,NÃO,NÃO,NÃO,NÃO,NÃO,NÃO,NÃO,,
12/7/2020 13:21:56,1989,10/15/1989,1-9-89,HGPE,PRESIDENTE,,BRASIL,NÃO,,SIM,Sim,SIM,SIM,SIM,NÃO,NÃO,NÃO,NÃO,NÃO,SIM,NÃO,NÃO,NÃO,NÃO,NÃO,NÃO,NÃO,NÃO,NÃO,NÃO,NÃO,NÃO,NÃO,NÃO,NÃO,NÃO,NÃO,NÃO,NÃO,NÃO,NÃO,NÃO,NÃO,NÃO,NÃO,NÃO,NÃO,NÃO,NÃO,NÃO,NÃO,NÃO,NÃO,NÃO,NÃO,NÃO,NÃO,NÃO,NÃO,NÃO,NÃO,NÃO,NÃO,NÃO,NÃO,NÃO,NÃO,NÃO,NÃO,NÃO,NÃO,NÃO,NÃO,NÃO,NÃO,NÃO,NÃO,NÃO,NÃO,NÃO,NÃO,NÃO,NÃO,NÃO,,
12/7/2020 13:24:05,1989,10/16/1989,1-9-89,HGPE,PRESIDENTE,,BRASIL,NÃO,,SIM,Sim,SIM,SIM,SIM,NÃO,NÃO,NÃO,NÃO,NÃO,SIM,NÃO,NÃO,NÃO,NÃO,NÃO,NÃO,NÃO,NÃO,NÃO,NÃO,NÃO,NÃO,NÃO,NÃO,NÃO,NÃO,NÃO,NÃO,NÃO,NÃO,NÃO,NÃO,NÃO,NÃO,NÃO,NÃO,NÃO,NÃO,NÃO,NÃO,NÃO,NÃO,NÃO,NÃO,NÃO,NÃO,NÃO,NÃO,NÃO,NÃO,NÃO,NÃO,NÃO,NÃO,NÃO,NÃO,NÃO,NÃO,NÃO,NÃO,NÃO,NÃO,NÃO,NÃO,NÃO,NÃO,NÃO,NÃO,NÃO,NÃO,NÃO,NÃO,NÃO,NÃO,,
12/7/2020 13:29:47,1989,10/17/1989,002/89A,HGPE,PRESIDENTE,,BRASIL,NÃO,,SIM,Sim,SIM,SIM,SIM,SIM,SIM,SIM,SIM,NÃO,SIM,NÃO,NÃO,SIM,NÃO,SIM,SIM,SIM,NÃO,NÃO,SIM,NÃO,NÃO,NÃO,SIM,NÃO,SIM,NÃO,SIM,NÃO,NÃO,NÃO,NÃO,NÃO,NÃO,NÃO,NÃO,SIM,NÃO,SIM,SIM,SIM,NÃO,NÃO,NÃO,NÃO,NÃO,NÃO,NÃO,SIM,NÃO,NÃO,NÃO,NÃO,NÃO,SIM,SIM,NÃO,NÃO,SIM,SIM,NÃO,NÃO,SIM,NÃO,NÃO,SIM,SIM,SIM,SIM,SIM,SIM,NÃO,NÃO,NÃO,,
12/7/2020 13:35:00,1989,10/18/1989,002/89B,HGPE,PRESIDENTE,,BRASIL,NÃO,,SIM,Sim,SIM,SIM,SIM,SIM,SIM,SIM,SIM,NÃO,SIM,NÃO,NÃO,SIM,NÃO,SIM,SIM,SIM,NÃO,NÃO,SIM,NÃO,NÃO,NÃO,SIM,NÃO,SIM,NÃO,SIM,NÃO,NÃO,NÃO,NÃO,NÃO,NÃO,NÃO,NÃO,SIM,NÃO,SIM,SIM,SIM,NÃO,NÃO,NÃO,NÃO,NÃO,NÃO,NÃO,SIM,NÃO,NÃO,NÃO,NÃO,NÃO,SIM,SIM,NÃO,NÃO,SIM,SIM,NÃO,NÃO,SIM,NÃO,NÃO,SIM,SIM,SIM,SIM,SIM,SIM,NÃO,NÃO,NÃO,,
12/7/2020 13:40:54,1989,10/19/1989,003/89A,HGPE,PRESIDENTE,,BRASIL,NÃO,,SIM,Sim,SIM,SIM,SIM,SIM,SIM,SIM,SIM,NÃO,SIM,NÃO,NÃO,SIM,NÃO,SIM,SIM,SIM,NÃO,NÃO,SIM,NÃO,NÃO,NÃO,SIM,NÃO,SIM,NÃO,SIM,NÃO,NÃO,NÃO,NÃO,NÃO,NÃO,NÃO,NÃO,SIM,NÃO,SIM,SIM,SIM,NÃO,NÃO,NÃO,NÃO,NÃO,NÃO,NÃO,SIM,NÃO,NÃO,NÃO,NÃO,NÃO,SIM,SIM,NÃO,NÃO,SIM,SIM,NÃO,NÃO,SIM,NÃO,NÃO,SIM,SIM,SIM,SIM,SIM,SIM,NÃO,NÃO,NÃO,,
12/7/2020 13:46:09,1989,10/20/1989,003/89B,HGPE,PRESIDENTE,,BRASIL,NÃO,,SIM,Sim,SIM,SIM,SIM,SIM,SIM,SIM,SIM,NÃO,SIM,NÃO,NÃO,SIM,NÃO,SIM,SIM,SIM,NÃO,NÃO,SIM,NÃO,NÃO,NÃO,SIM,NÃO,SIM,NÃO,SIM,NÃO,NÃO,NÃO,NÃO,NÃO,NÃO,NÃO,NÃO,SIM,NÃO,SIM,SIM,SIM,NÃO,NÃO,NÃO,NÃO,NÃO,NÃO,NÃO,SIM,NÃO,NÃO,NÃO,NÃO,NÃO,SIM,SIM,NÃO,NÃO,SIM,SIM,NÃO,NÃO,SIM,NÃO,NÃO,SIM,SIM,SIM,SIM,SIM,SIM,NÃO,NÃO,NÃO,,
12/7/2020 13:51:37,1989,10/21/1989,003/89C,HGPE,PRESIDENTE,,BRASIL,NÃO,,SIM,Sim,SIM,SIM,SIM,SIM,SIM,SIM,SIM,NÃO,SIM,NÃO,NÃO,SIM,NÃO,SIM,SIM,SIM,NÃO,NÃO,SIM,NÃO,NÃO,NÃO,SIM,NÃO,SIM,NÃO,SIM,NÃO,NÃO,NÃO,NÃO,NÃO,NÃO,NÃO,NÃO,SIM,NÃO,SIM,SIM,SIM,NÃO,NÃO,NÃO,NÃO,NÃO,NÃO,NÃO,SIM,NÃO,NÃO,NÃO,NÃO,NÃO,SIM,SIM,NÃO,NÃO,SIM,SIM,NÃO,NÃO,SIM,NÃO,NÃO,SIM,SIM,SIM,SIM,SIM,SIM,NÃO,NÃO,NÃO,,
12/7/2020 13:57:32,1989,10/22/1989,004/89A,HGPE,PRESIDENTE,,BRASIL,NÃO,,SIM,Sim,SIM,SIM,SIM,SIM,SIM,SIM,SIM,NÃO,SIM,NÃO,NÃO,SIM,NÃO,SIM,SIM,SIM,NÃO,NÃO,SIM,NÃO,NÃO,NÃO,SIM,NÃO,SIM,NÃO,SIM,NÃO,NÃO,NÃO,NÃO,NÃO,NÃO,NÃO,NÃO,SIM,NÃO,SIM,SIM,SIM,NÃO,NÃO,NÃO,NÃO,NÃO,NÃO,NÃO,SIM,NÃO,NÃO,NÃO,NÃO,NÃO,SIM,SIM,NÃO,NÃO,SIM,SIM,NÃO,NÃO,SIM,NÃO,NÃO,SIM,SIM,SIM,SIM,SIM,SIM,NÃO,NÃO,NÃO,,
12/7/2020 14:42:45,1989,10/23/1989,004/89B,HGPE,PRESIDENTE,,BRASIL,NÃO,,SIM,Sim,SIM,SIM,SIM,SIM,SIM,SIM,SIM,NÃO,SIM,NÃO,NÃO,SIM,NÃO,SIM,SIM,SIM,NÃO,NÃO,SIM,NÃO,NÃO,NÃO,NÃO,NÃO,SIM,NÃO,SIM,NÃO,NÃO,NÃO,NÃO,NÃO,NÃO,NÃO,NÃO,SIM,NÃO,SIM,SIM,SIM,NÃO,NÃO,NÃO,NÃO,NÃO,NÃO,NÃO,SIM,NÃO,NÃO,NÃO,NÃO,NÃO,SIM,SIM,NÃO,NÃO,SIM,SIM,NÃO,NÃO,SIM,NÃO,NÃO,SIM,SIM,SIM,SIM,SIM,SIM,NÃO,NÃO,NÃO,,
12/7/2020 14:52:19,1989,10/24/1989,004/89C,HGPE,PRESIDENTE,,BRASIL,NÃO,,SIM,Sim,SIM,SIM,SIM,SIM,SIM,SIM,SIM,NÃO,SIM,NÃO,NÃO,SIM,NÃO,SIM,SIM,SIM,NÃO,NÃO,SIM,NÃO,NÃO,NÃO,SIM,NÃO,SIM,NÃO,SIM,NÃO,NÃO,NÃO,NÃO,NÃO,NÃO,NÃO,NÃO,SIM,NÃO,SIM,SIM,SIM,NÃO,NÃO,NÃO,NÃO,NÃO,NÃO,NÃO,SIM,NÃO,NÃO,NÃO,NÃO,NÃO,SIM,SIM,NÃO,NÃO,SIM,SIM,NÃO,NÃO,SIM,NÃO,NÃO,SIM,SIM,SIM,SIM,SIM,NÃO,NÃO,NÃO,NÃO,,
12/7/2020 15:04:17,1989,10/25/1989,005/89B,HGPE,PRESIDENTE,,BRASIL,NÃO,,SIM,Sim,SIM,SIM,SIM,SIM,SIM,SIM,SIM,NÃO,SIM,NÃO,NÃO,SIM,NÃO,SIM,SIM,SIM,NÃO,NÃO,SIM,NÃO,NÃO,NÃO,SIM,NÃO,SIM,NÃO,SIM,NÃO,NÃO,NÃO,NÃO,NÃO,NÃO,NÃO,NÃO,SIM,NÃO,SIM,SIM,SIM,NÃO,NÃO,NÃO,NÃO,NÃO,NÃO,NÃO,SIM,NÃO,NÃO,NÃO,NÃO,NÃO,SIM,SIM,NÃO,NÃO,SIM,SIM,NÃO,NÃO,SIM,NÃO,NÃO,SIM,SIM,SIM,SIM,SIM,SIM,NÃO,NÃO,NÃO,,
12/7/2020 15:10:08,1989,10/26/1989,005/89C,HGPE,PRESIDENTE,,BRASIL,NÃO,,SIM,Sim,SIM,SIM,SIM,SIM,SIM,SIM,SIM,NÃO,SIM,NÃO,NÃO,SIM,NÃO,SIM,SIM,SIM,NÃO,NÃO,SIM,NÃO,NÃO,NÃO,SIM,NÃO,SIM,NÃO,SIM,NÃO,NÃO,NÃO,NÃO,NÃO,NÃO,NÃO,NÃO,SIM,NÃO,SIM,SIM,SIM,NÃO,NÃO,NÃO,NÃO,NÃO,NÃO,NÃO,SIM,NÃO,NÃO,NÃO,NÃO,NÃO,SIM,SIM,NÃO,NÃO,SIM,SIM,NÃO,NÃO,SIM,NÃO,NÃO,SIM,SIM,SIM,SIM,SIM,SIM,NÃO,NÃO,NÃO,,
12/7/2020 15:14:58,1989,10/27/1989,007/89A,HGPE,PRESIDENTE,,BRASIL,NÃO,,SIM,Sim,SIM,SIM,SIM,SIM,SIM,SIM,SIM,NÃO,SIM,NÃO,NÃO,SIM,NÃO,SIM,SIM,SIM,NÃO,NÃO,SIM,NÃO,NÃO,NÃO,SIM,NÃO,SIM,NÃO,SIM,NÃO,NÃO,NÃO,NÃO,NÃO,NÃO,NÃO,NÃO,SIM,NÃO,SIM,SIM,SIM,NÃO,NÃO,NÃO,NÃO,NÃO,NÃO,NÃO,SIM,NÃO,NÃO,NÃO,NÃO,NÃO,SIM,SIM,NÃO,NÃO,SIM,SIM,NÃO,NÃO,SIM,NÃO,NÃO,SIM,SIM,SIM,SIM,SIM,SIM,NÃO,NÃO,NÃO,,
12/7/2020 15:20:17,1989,10/28/1989,007/89B,HGPE,PRESIDENTE,,BRASIL,NÃO,,SIM,Sim,SIM,SIM,SIM,SIM,SIM,SIM,SIM,NÃO,SIM,NÃO,NÃO,SIM,NÃO,SIM,SIM,SIM,NÃO,NÃO,SIM,NÃO,NÃO,NÃO,SIM,NÃO,SIM,NÃO,SIM,NÃO,NÃO,NÃO,NÃO,NÃO,NÃO,NÃO,NÃO,SIM,NÃO,SIM,SIM,SIM,NÃO,NÃO,NÃO,NÃO,NÃO,NÃO,NÃO,SIM,NÃO,NÃO,NÃO,NÃO,NÃO,SIM,SIM,NÃO,NÃO,SIM,SIM,NÃO,NÃO,SIM,NÃO,NÃO,SIM,SIM,SIM,SIM,SIM,SIM,NÃO,NÃO,NÃO,,
12/7/2020 15:26:10,1989,10/29/1989,007/89C,HGPE,PRESIDENTE,,BRASIL,NÃO,,SIM,Sim,SIM,SIM,SIM,SIM,SIM,SIM,SIM,NÃO,SIM,NÃO,NÃO,SIM,NÃO,SIM,SIM,SIM,NÃO,NÃO,SIM,NÃO,NÃO,NÃO,SIM,NÃO,SIM,NÃO,SIM,NÃO,NÃO,NÃO,NÃO,NÃO,NÃO,NÃO,NÃO,SIM,NÃO,SIM,SIM,SIM,NÃO,NÃO,NÃO,NÃO,NÃO,NÃO,NÃO,SIM,NÃO,NÃO,NÃO,NÃO,NÃO,SIM,SIM,NÃO,NÃO,SIM,SIM,NÃO,NÃO,SIM,NÃO,NÃO,SIM,SIM,SIM,SIM,SIM,SIM,NÃO,NÃO,NÃO,,
12/7/2020 15:33:53,1989,10/30/1989,008/89B,HGPE,PRESIDENTE,,BRASIL,NÃO,,SIM,Sim,SIM,SIM,SIM,SIM,SIM,SIM,SIM,NÃO,SIM,NÃO,NÃO,SIM,NÃO,SIM,SIM,SIM,NÃO,NÃO,SIM,NÃO,NÃO,NÃO,SIM,NÃO,SIM,NÃO,SIM,NÃO,NÃO,NÃO,NÃO,NÃO,NÃO,NÃO,NÃO,SIM,NÃO,SIM,SIM,SIM,NÃO,NÃO,NÃO,NÃO,NÃO,NÃO,NÃO,SIM,NÃO,NÃO,NÃO,NÃO,NÃO,SIM,SIM,NÃO,NÃO,SIM,SIM,NÃO,NÃO,SIM,NÃO,NÃO,SIM,SIM,SIM,SIM,SIM,SIM,NÃO,NÃO,NÃO,,
12/7/2020 15:38:51,1989,11/1/1989,008/89C,HGPE,PRESIDENTE,,BRASIL,NÃO,,SIM,Sim,SIM,SIM,SIM,SIM,SIM,SIM,SIM,NÃO,SIM,NÃO,NÃO,SIM,NÃO,SIM,SIM,SIM,NÃO,NÃO,SIM,NÃO,NÃO,NÃO,SIM,NÃO,SIM,NÃO,SIM,NÃO,NÃO,NÃO,NÃO,NÃO,NÃO,NÃO,NÃO,SIM,NÃO,SIM,SIM,SIM,NÃO,NÃO,NÃO,NÃO,NÃO,NÃO,NÃO,SIM,NÃO,NÃO,NÃO,NÃO,NÃO,SIM,SIM,NÃO,NÃO,SIM,SIM,NÃO,NÃO,SIM,NÃO,NÃO,SIM,SIM,SIM,NÃO,SIM,SIM,NÃO,NÃO,NÃO,,
12/7/2020 15:44:16,1989,11/2/1989,009/89A,HGPE,PRESIDENTE,,BRASIL,NÃO,,SIM,Sim,SIM,SIM,SIM,SIM,SIM,SIM,SIM,NÃO,SIM,NÃO,NÃO,SIM,NÃO,SIM,SIM,SIM,NÃO,NÃO,SIM,NÃO,NÃO,NÃO,SIM,NÃO,SIM,NÃO,SIM,NÃO,NÃO,NÃO,NÃO,NÃO,NÃO,NÃO,NÃO,SIM,NÃO,SIM,SIM,SIM,NÃO,NÃO,NÃO,NÃO,NÃO,NÃO,NÃO,SIM,NÃO,NÃO,NÃO,NÃO,NÃO,SIM,SIM,NÃO,NÃO,SIM,SIM,NÃO,NÃO,SIM,NÃO,NÃO,SIM,SIM,SIM,NÃO,SIM,SIM,NÃO,NÃO,NÃO,,
12/7/2020 15:49:17,1989,11/2/1989,009/89B,HGPE,PRESIDENTE,,BRASIL,NÃO,,SIM,Sim,SIM,SIM,SIM,SIM,SIM,SIM,SIM,NÃO,SIM,NÃO,NÃO,SIM,NÃO,SIM,SIM,SIM,NÃO,NÃO,SIM,NÃO,NÃO,NÃO,SIM,NÃO,SIM,NÃO,SIM,NÃO,NÃO,NÃO,NÃO,NÃO,NÃO,NÃO,NÃO,SIM,NÃO,SIM,SIM,SIM,NÃO,NÃO,NÃO,NÃO,NÃO,NÃO,NÃO,SIM,NÃO,NÃO,NÃO,NÃO,NÃO,SIM,SIM,NÃO,NÃO,SIM,SIM,NÃO,NÃO,SIM,NÃO,NÃO,SIM,SIM,SIM,NÃO,SIM,SIM,NÃO,NÃO,NÃO,,
12/7/2020 15:55:29,1989,11/3/1989,009/89C,HGPE,PRESIDENTE,,BRASIL,NÃO,,SIM,Sim,SIM,SIM,SIM,SIM,SIM,SIM,SIM,NÃO,SIM,NÃO,NÃO,SIM,NÃO,SIM,SIM,SIM,NÃO,NÃO,SIM,NÃO,NÃO,NÃO,SIM,NÃO,SIM,NÃO,SIM,NÃO,NÃO,NÃO,NÃO,NÃO,NÃO,NÃO,NÃO,SIM,NÃO,SIM,SIM,SIM,NÃO,NÃO,NÃO,NÃO,NÃO,NÃO,NÃO,SIM,NÃO,NÃO,NÃO,NÃO,NÃO,SIM,SIM,NÃO,NÃO,SIM,SIM,NÃO,NÃO,SIM,NÃO,NÃO,SIM,SIM,SIM,NÃO,SIM,SIM,NÃO,NÃO,NÃO,,
12/8/2020 14:31:27,1989,11/4/1989,010/89B,HGPE,PRESIDENTE,,BRASIL,NÃO,,SIM,Sim,SIM,SIM,SIM,SIM,SIM,SIM,SIM,NÃO,SIM,NÃO,NÃO,SIM,NÃO,SIM,SIM,SIM,NÃO,NÃO,SIM,NÃO,NÃO,NÃO,SIM,NÃO,SIM,NÃO,SIM,NÃO,NÃO,NÃO,NÃO,NÃO,NÃO,NÃO,NÃO,SIM,NÃO,SIM,SIM,SIM,NÃO,NÃO,NÃO,NÃO,NÃO,NÃO,NÃO,SIM,NÃO,NÃO,NÃO,NÃO,NÃO,SIM,SIM,NÃO,NÃO,SIM,SIM,NÃO,NÃO,SIM,NÃO,NÃO,SIM,SIM,SIM,NÃO,SIM,SIM,NÃO,NÃO,NÃO,,
12/8/2020 14:43:42,1989,11/5/1989,010/89C,HGPE,PRESIDENTE,,BRASIL,NÃO,,SIM,Sim,SIM,SIM,SIM,SIM,SIM,SIM,SIM,NÃO,SIM,NÃO,NÃO,SIM,NÃO,SIM,SIM,SIM,NÃO,NÃO,SIM,NÃO,NÃO,NÃO,SIM,NÃO,SIM,NÃO,SIM,NÃO,NÃO,NÃO,NÃO,NÃO,NÃO,NÃO,NÃO,SIM,NÃO,SIM,SIM,SIM,NÃO,NÃO,NÃO,NÃO,NÃO,NÃO,NÃO,SIM,NÃO,NÃO,NÃO,NÃO,NÃO,SIM,SIM,NÃO,NÃO,SIM,SIM,NÃO,NÃO,SIM,NÃO,NÃO,SIM,SIM,SIM,NÃO,SIM,SIM,NÃO,NÃO,NÃO,,
12/8/2020 14:49:12,1989,11/6/1989,011/89A,HGPE,PRESIDENTE,,BRASIL,NÃO,,SIM,Sim,SIM,SIM,SIM,SIM,SIM,SIM,SIM,NÃO,SIM,NÃO,NÃO,SIM,NÃO,SIM,SIM,SIM,NÃO,NÃO,SIM,NÃO,NÃO,NÃO,SIM,NÃO,SIM,NÃO,SIM,NÃO,NÃO,NÃO,NÃO,NÃO,NÃO,NÃO,NÃO,SIM,NÃO,SIM,SIM,SIM,NÃO,NÃO,NÃO,NÃO,NÃO,NÃO,NÃO,SIM,NÃO,NÃO,NÃO,NÃO,NÃO,SIM,SIM,NÃO,NÃO,SIM,SIM,NÃO,NÃO,SIM,NÃO,NÃO,SIM,SIM,SIM,NÃO,SIM,SIM,NÃO,NÃO,NÃO,,
12/8/2020 14:54:30,1989,11/7/1989,011/89B,HGPE,PRESIDENTE,,BRASIL,NÃO,,SIM,Sim,SIM,SIM,SIM,SIM,SIM,SIM,SIM,NÃO,SIM,NÃO,NÃO,SIM,NÃO,SIM,SIM,SIM,NÃO,NÃO,SIM,NÃO,NÃO,NÃO,SIM,NÃO,SIM,NÃO,SIM,NÃO,NÃO,NÃO,NÃO,NÃO,NÃO,NÃO,NÃO,SIM,NÃO,SIM,SIM,SIM,NÃO,NÃO,NÃO,NÃO,NÃO,NÃO,NÃO,SIM,NÃO,NÃO,NÃO,NÃO,NÃO,SIM,SIM,NÃO,NÃO,SIM,SIM,NÃO,NÃO,SIM,NÃO,NÃO,SIM,SIM,SIM,NÃO,SIM,SIM,NÃO,NÃO,NÃO,,
12/8/2020 14:57:07,1989,11/8/1989,012/89,HGPE,PRESIDENTE,,BRASIL,NÃO,,SIM,Sim,SIM,SIM,SIM,SIM,NÃO,NÃO,NÃO,NÃO,NÃO,NÃO,NÃO,NÃO,NÃO,NÃO,NÃO,NÃO,NÃO,NÃO,NÃO,NÃO,NÃO,NÃO,NÃO,NÃO,NÃO,NÃO,NÃO,NÃO,NÃO,NÃO,NÃO,NÃO,NÃO,NÃO,NÃO,NÃO,NÃO,NÃO,SIM,NÃO,NÃO,NÃO,NÃO,NÃO,NÃO,NÃO,NÃO,NÃO,NÃO,NÃO,NÃO,NÃO,NÃO,NÃO,NÃO,NÃO,NÃO,NÃO,NÃO,NÃO,NÃO,NÃO,NÃO,NÃO,NÃO,NÃO,NÃO,NÃO,NÃO,NÃO,NÃO,NÃO,NÃO,,
12/8/2020 15:02:25,1989,11/9/1989,016/89,HGPE,PRESIDENTE,,BRASIL,NÃO,,SIM,Sim,SIM,SIM,SIM,SIM,SIM,SIM,SIM,NÃO,SIM,NÃO,NÃO,SIM,NÃO,SIM,SIM,SIM,NÃO,NÃO,SIM,NÃO,NÃO,NÃO,SIM,NÃO,SIM,NÃO,SIM,NÃO,NÃO,NÃO,NÃO,NÃO,NÃO,NÃO,NÃO,SIM,NÃO,SIM,SIM,SIM,NÃO,NÃO,NÃO,NÃO,NÃO,NÃO,NÃO,SIM,NÃO,NÃO,NÃO,NÃO,NÃO,SIM,SIM,NÃO,NÃO,SIM,SIM,NÃO,NÃO,SIM,NÃO,NÃO,SIM,SIM,SIM,NÃO,SIM,SIM,NÃO,NÃO,NÃO,,
12/8/2020 15:13:10,1989,11/10/1989,017/89A,HGPE,PRESIDENTE,,BRASIL,NÃO,,SIM,Sim,SIM,SIM,SIM,SIM,NÃO,NÃO,NÃO,NÃO,NÃO,NÃO,NÃO,NÃO,NÃO,NÃO,NÃO,NÃO,NÃO,NÃO,NÃO,NÃO,NÃO,NÃO,NÃO,NÃO,NÃO,NÃO,NÃO,NÃO,NÃO,NÃO,NÃO,NÃO,NÃO,NÃO,NÃO,NÃO,NÃO,NÃO,SIM,NÃO,NÃO,NÃO,NÃO,NÃO,NÃO,NÃO,NÃO,NÃO,NÃO,NÃO,NÃO,NÃO,NÃO,NÃO,NÃO,NÃO,NÃO,NÃO,NÃO,NÃO,NÃO,NÃO,NÃO,NÃO,NÃO,NÃO,NÃO,NÃO,NÃO,NÃO,NÃO,NÃO,NÃO,,
12/8/2020 15:16:17,1989,11/11/1989,017/89B,HGPE,PRESIDENTE,,BRASIL,NÃO,,SIM,Sim,SIM,SIM,SIM,SIM,NÃO,NÃO,NÃO,NÃO,NÃO,NÃO,NÃO,NÃO,NÃO,NÃO,NÃO,NÃO,NÃO,NÃO,NÃO,NÃO,NÃO,NÃO,NÃO,NÃO,NÃO,NÃO,NÃO,NÃO,NÃO,NÃO,NÃO,NÃO,NÃO,NÃO,NÃO,NÃO,NÃO,NÃO,SIM,NÃO,NÃO,NÃO,NÃO,NÃO,NÃO,NÃO,NÃO,NÃO,NÃO,NÃO,NÃO,NÃO,NÃO,NÃO,NÃO,NÃO,NÃO,NÃO,NÃO,NÃO,NÃO,NÃO,NÃO,NÃO,NÃO,NÃO,NÃO,NÃO,NÃO,NÃO,NÃO,NÃO,NÃO,,
12/8/2020 15:18:29,1989,11/12/1989,017/89C,HGPE,PRESIDENTE,,BRASIL,NÃO,,SIM,Sim,SIM,SIM,SIM,SIM,NÃO,NÃO,NÃO,NÃO,NÃO,NÃO,NÃO,NÃO,NÃO,NÃO,NÃO,NÃO,NÃO,NÃO,NÃO,NÃO,NÃO,NÃO,NÃO,NÃO,NÃO,NÃO,NÃO,NÃO,NÃO,NÃO,NÃO,NÃO,NÃO,NÃO,NÃO,NÃO,NÃO,NÃO,SIM,NÃO,NÃO,NÃO,NÃO,NÃO,NÃO,NÃO,NÃO,NÃO,NÃO,NÃO,NÃO,NÃO,NÃO,NÃO,NÃO,NÃO,NÃO,NÃO,NÃO,NÃO,NÃO,NÃO,NÃO,NÃO,NÃO,NÃO,NÃO,NÃO,NÃO,NÃO,NÃO,NÃO,NÃO,,
12/8/2020 15:44:31,1989,11/13/1989,018/89B,HGPE,PRESIDENTE,A gravação não está sendo reproduzida,BRASIL,NÃO,,SIM,Não,SIM,SIM,SIM,NÃO,NÃO,NÃO,NÃO,NÃO,NÃO,NÃO,NÃO,NÃO,NÃO,NÃO,NÃO,NÃO,NÃO,NÃO,NÃO,NÃO,NÃO,NÃO,NÃO,NÃO,NÃO,NÃO,NÃO,NÃO,NÃO,NÃO,NÃO,NÃO,NÃO,NÃO,NÃO,NÃO,NÃO,NÃO,NÃO,NÃO,NÃO,NÃO,NÃO,NÃO,NÃO,NÃO,NÃO,NÃO,NÃO,NÃO,NÃO,NÃO,NÃO,NÃO,NÃO,NÃO,NÃO,NÃO,NÃO,NÃO,NÃO,NÃO,NÃO,NÃO,NÃO,NÃO,NÃO,NÃO,NÃO,NÃO,NÃO,NÃO,NÃO,,
12/8/2020 15:48:52,1989,11/4/1989,021/89,HGPE,PRESIDENTE,A gravação não está sendo reproduzida,BRASIL,NÃO,,SIM,Não,SIM,SIM,SIM,NÃO,NÃO,NÃO,NÃO,NÃO,NÃO,NÃO,NÃO,NÃO,NÃO,NÃO,NÃO,NÃO,NÃO,NÃO,NÃO,NÃO,NÃO,NÃO,NÃO,NÃO,NÃO,NÃO,NÃO,NÃO,NÃO,NÃO,NÃO,NÃO,NÃO,NÃO,NÃO,NÃO,NÃO,NÃO,NÃO,NÃO,NÃO,NÃO,NÃO,NÃO,NÃO,NÃO,NÃO,NÃO,NÃO,NÃO,NÃO,NÃO,NÃO,NÃO,NÃO,NÃO,NÃO,NÃO,NÃO,NÃO,NÃO,NÃO,NÃO,NÃO,NÃO,NÃO,NÃO,NÃO,NÃO,NÃO,NÃO,NÃO,NÃO,,
12/8/2020 15:55:22,1989,11/15/1989,024/89,DEBATE,PRESIDENTE,,BRASIL,NÃO,,SIM,Sim,SIM,SIM,SIM,SIM,SIM,SIM,SIM,NÃO,NÃO,NÃO,NÃO,SIM,NÃO,NÃO,NÃO,NÃO,NÃO,NÃO,SIM,NÃO,NÃO,NÃO,NÃO,NÃO,NÃO,NÃO,NÃO,NÃO,NÃO,NÃO,NÃO,NÃO,NÃO,NÃO,NÃO,NÃO,NÃO,SIM,SIM,SIM,NÃO,NÃO,NÃO,NÃO,NÃO,NÃO,NÃO,NÃO,NÃO,NÃO,NÃO,NÃO,NÃO,NÃO,NÃO,SIM,NÃO,NÃO,NÃO,NÃO,NÃO,NÃO,NÃO,NÃO,NÃO,NÃO,NÃO,NÃO,NÃO,NÃO,NÃO,NÃO,NÃO,,
12/8/2020 15:58:39,1989,11/16/1989,025/89,DEBATE,PRESIDENTE,,BRASIL,NÃO,,SIM,Sim,SIM,SIM,SIM,SIM,NÃO,NÃO,NÃO,NÃO,NÃO,NÃO,NÃO,NÃO,NÃO,NÃO,NÃO,NÃO,NÃO,NÃO,NÃO,NÃO,NÃO,NÃO,NÃO,NÃO,NÃO,NÃO,NÃO,NÃO,NÃO,NÃO,NÃO,NÃO,NÃO,NÃO,NÃO,NÃO,NÃO,NÃO,SIM,NÃO,NÃO,NÃO,NÃO,NÃO,NÃO,NÃO,NÃO,NÃO,NÃO,NÃO,NÃO,NÃO,NÃO,NÃO,NÃO,NÃO,NÃO,NÃO,NÃO,NÃO,NÃO,NÃO,NÃO,NÃO,NÃO,NÃO,NÃO,NÃO,NÃO,NÃO,NÃO,NÃO,NÃO,,
12/10/2020 18:30:42,1990,10/1/1990,001/90,TELEJORNAL,,É apenas gravação de telejornal,,NÃO,,SIM,Sim,SIM,SIM,SIM,NÃO,NÃO,NÃO,NÃO,NÃO,NÃO,NÃO,NÃO,NÃO,NÃO,NÃO,NÃO,NÃO,NÃO,NÃO,NÃO,NÃO,NÃO,NÃO,NÃO,NÃO,NÃO,NÃO,NÃO,NÃO,NÃO,NÃO,NÃO,NÃO,NÃO,NÃO,NÃO,NÃO,NÃO,NÃO,NÃO,NÃO,NÃO,NÃO,NÃO,NÃO,NÃO,NÃO,NÃO,NÃO,NÃO,NÃO,NÃO,NÃO,NÃO,NÃO,NÃO,NÃO,NÃO,NÃO,NÃO,NÃO,NÃO,NÃO,NÃO,NÃO,NÃO,NÃO,NÃO,NÃO,NÃO,NÃO,NÃO,NÃO,NÃO,,
12/11/2020 9:06:18,1992,10/02/1992,001/92,HGPE,"PREFEITO, VEREADOR",,RJ,SIM,Rio de Janeiro,SIM,Sim,SIM,SIM,SIM,NÃO,NÃO,NÃO,NÃO,NÃO,SIM,NÃO,NÃO,NÃO,NÃO,NÃO,NÃO,NÃO,NÃO,NÃO,NÃO,NÃO,NÃO,NÃO,NÃO,NÃO,NÃO,NÃO,NÃO,NÃO,NÃO,NÃO,NÃO,NÃO,NÃO,NÃO,NÃO,NÃO,NÃO,NÃO,NÃO,NÃO,NÃO,NÃO,NÃO,NÃO,NÃO,NÃO,NÃO,NÃO,NÃO,NÃO,NÃO,NÃO,NÃO,NÃO,NÃO,NÃO,NÃO,NÃO,NÃO,NÃO,NÃO,NÃO,NÃO,NÃO,NÃO,NÃO,NÃO,NÃO,NÃO,NÃO,NÃO,NÃO,NÃO,,
12/11/2020 9:08:46,1992,10/03/1992,002/92,HGPE,"PREFEITO, VEREADOR",,RJ,SIM,Rio de Janeiro,SIM,Sim,SIM,SIM,SIM,NÃO,NÃO,NÃO,NÃO,NÃO,SIM,NÃO,NÃO,NÃO,NÃO,NÃO,NÃO,NÃO,NÃO,NÃO,NÃO,NÃO,NÃO,NÃO,NÃO,NÃO,NÃO,NÃO,NÃO,NÃO,NÃO,NÃO,NÃO,NÃO,NÃO,NÃO,NÃO,NÃO,NÃO,NÃO,NÃO,NÃO,NÃO,NÃO,NÃO,NÃO,NÃO,NÃO,NÃO,NÃO,NÃO,NÃO,NÃO,NÃO,NÃO,NÃO,NÃO,NÃO,NÃO,NÃO,NÃO,NÃO,NÃO,NÃO,NÃO,NÃO,NÃO,NÃO,NÃO,NÃO,NÃO,NÃO,NÃO,NÃO,NÃO,,
12/11/2020 9:11:30,1992,10/04/1992,003/92,HGPE,,A gravação tem apenas 1:40 e não funciona,,NÃO,,SIM,Não,SIM,SIM,SIM,NÃO,NÃO,NÃO,NÃO,NÃO,NÃO,NÃO,NÃO,NÃO,NÃO,NÃO,NÃO,NÃO,NÃO,NÃO,NÃO,NÃO,NÃO,NÃO,NÃO,NÃO,NÃO,NÃO,NÃO,NÃO,NÃO,NÃO,NÃO,NÃO,NÃO,NÃO,NÃO,NÃO,NÃO,NÃO,NÃO,NÃO,NÃO,NÃO,NÃO,NÃO,NÃO,NÃO,NÃO,NÃO,NÃO,NÃO,NÃO,NÃO,NÃO,NÃO,NÃO,NÃO,NÃO,NÃO,NÃO,NÃO,NÃO,NÃO,NÃO,NÃO,NÃO,NÃO,NÃO,NÃO,NÃO,NÃO,NÃO,NÃO,NÃO,,
12/11/2020 9:16:57,1992,10/5/1992,004/92,HGPE,PREFEITO,,RJ,SIM,Rio de Janeiro,SIM,Sim,SIM,SIM,SIM,NÃO,NÃO,NÃO,NÃO,NÃO,SIM,NÃO,NÃO,NÃO,NÃO,NÃO,NÃO,NÃO,NÃO,NÃO,NÃO,NÃO,NÃO,NÃO,NÃO,NÃO,NÃO,NÃO,NÃO,NÃO,NÃO,NÃO,NÃO,NÃO,NÃO,NÃO,NÃO,NÃO,NÃO,NÃO,NÃO,NÃO,NÃO,NÃO,NÃO,NÃO,NÃO,NÃO,NÃO,NÃO,NÃO,NÃO,NÃO,NÃO,NÃO,NÃO,NÃO,NÃO,NÃO,NÃO,NÃO,NÃO,NÃO,NÃO,NÃO,NÃO,NÃO,NÃO,NÃO,NÃO,NÃO,NÃO,NÃO,NÃO,NÃO,,
12/11/2020 9:19:54,1992,10/6/1992,005/92,HGPE,PREFEITO,,RJ,SIM,Rio de Janeiro,SIM,Sim,SIM,SIM,SIM,NÃO,NÃO,NÃO,NÃO,NÃO,SIM,NÃO,NÃO,NÃO,NÃO,NÃO,NÃO,NÃO,NÃO,NÃO,NÃO,NÃO,NÃO,NÃO,NÃO,NÃO,NÃO,NÃO,NÃO,NÃO,NÃO,NÃO,NÃO,NÃO,NÃO,NÃO,NÃO,NÃO,NÃO,NÃO,NÃO,NÃO,NÃO,NÃO,NÃO,NÃO,NÃO,NÃO,NÃO,NÃO,NÃO,NÃO,NÃO,NÃO,NÃO,NÃO,NÃO,NÃO,NÃO,NÃO,NÃO,NÃO,NÃO,NÃO,NÃO,NÃO,NÃO,NÃO,NÃO,NÃO,NÃO,NÃO,NÃO,NÃO,NÃO,,
12/11/2020 9:23:02,1992,10/7/1992,006/92,HGPE,"PREFEITO, VEREADOR",,RJ,SIM,Rio de Janeiro,SIM,Sim,SIM,SIM,SIM,SIM,NÃO,NÃO,NÃO,NÃO,NÃO,SIM,NÃO,SIM,NÃO,NÃO,NÃO,NÃO,NÃO,NÃO,NÃO,NÃO,NÃO,NÃO,NÃO,NÃO,NÃO,NÃO,NÃO,NÃO,NÃO,NÃO,NÃO,NÃO,NÃO,NÃO,NÃO,NÃO,NÃO,NÃO,NÃO,NÃO,NÃO,NÃO,NÃO,NÃO,NÃO,NÃO,NÃO,NÃO,NÃO,NÃO,NÃO,NÃO,NÃO,NÃO,NÃO,NÃO,NÃO,NÃO,NÃO,NÃO,NÃO,NÃO,NÃO,NÃO,NÃO,NÃO,NÃO,NÃO,NÃO,NÃO,NÃO,NÃO,NÃO,,
12/11/2020 9:26:14,1992,10/8/1992,007/92,HGPE,PREFEITO,,RJ,SIM,Rio de Janeiro,SIM,Sim,SIM,SIM,SIM,SIM,NÃO,NÃO,NÃO,NÃO,NÃO,SIM,NÃO,SIM,NÃO,NÃO,NÃO,NÃO,NÃO,NÃO,NÃO,NÃO,NÃO,NÃO,NÃO,NÃO,NÃO,NÃO,NÃO,NÃO,NÃO,NÃO,NÃO,NÃO,NÃO,NÃO,NÃO,NÃO,NÃO,NÃO,NÃO,NÃO,NÃO,NÃO,NÃO,NÃO,NÃO,NÃO,NÃO,NÃO,NÃO,NÃO,NÃO,NÃO,NÃO,NÃO,NÃO,NÃO,NÃO,NÃO,NÃO,NÃO,NÃO,NÃO,NÃO,NÃO,NÃO,NÃO,NÃO,NÃO,NÃO,NÃO,NÃO,NÃO,NÃO,,
12/11/2020 9:28:45,1992,10/9/1992,008/92,HGPE,PREFEITO,,RJ,SIM,Rio de Janeiro,SIM,Sim,SIM,SIM,SIM,SIM,NÃO,NÃO,NÃO,NÃO,NÃO,SIM,NÃO,SIM,NÃO,NÃO,NÃO,NÃO,NÃO,NÃO,NÃO,NÃO,NÃO,NÃO,NÃO,NÃO,NÃO,NÃO,NÃO,NÃO,NÃO,NÃO,NÃO,NÃO,NÃO,NÃO,NÃO,NÃO,NÃO,NÃO,NÃO,NÃO,NÃO,NÃO,NÃO,NÃO,NÃO,NÃO,NÃO,NÃO,NÃO,NÃO,NÃO,NÃO,NÃO,NÃO,NÃO,NÃO,NÃO,NÃO,NÃO,NÃO,NÃO,NÃO,NÃO,NÃO,NÃO,NÃO,NÃO,NÃO,NÃO,NÃO,NÃO,NÃO,NÃO,,
12/11/2020 9:31:23,1992,10/10/1992,009/92,HGPE,PREFEITO,,RJ,SIM,Rio de Janeiro,SIM,Sim,SIM,SIM,SIM,SIM,NÃO,NÃO,NÃO,NÃO,NÃO,SIM,NÃO,SIM,NÃO,NÃO,NÃO,NÃO,NÃO,NÃO,NÃO,NÃO,NÃO,NÃO,NÃO,NÃO,NÃO,NÃO,NÃO,NÃO,NÃO,NÃO,NÃO,NÃO,NÃO,NÃO,NÃO,NÃO,NÃO,NÃO,NÃO,NÃO,NÃO,NÃO,NÃO,NÃO,NÃO,NÃO,NÃO,NÃO,NÃO,NÃO,NÃO,NÃO,NÃO,NÃO,NÃO,NÃO,NÃO,NÃO,NÃO,NÃO,NÃO,NÃO,NÃO,NÃO,NÃO,NÃO,NÃO,NÃO,NÃO,NÃO,NÃO,NÃO,NÃO,,
12/11/2020 9:33:53,1992,10/11/1992,010/92,HGPE,PREFEITO,,RJ,SIM,Rio de Janeiro,SIM,Sim,SIM,SIM,SIM,SIM,NÃO,NÃO,NÃO,NÃO,NÃO,SIM,NÃO,SIM,NÃO,NÃO,NÃO,NÃO,NÃO,NÃO,NÃO,NÃO,NÃO,NÃO,NÃO,NÃO,NÃO,NÃO,NÃO,NÃO,NÃO,NÃO,NÃO,NÃO,NÃO,NÃO,NÃO,NÃO,NÃO,NÃO,NÃO,NÃO,NÃO,NÃO,NÃO,NÃO,NÃO,NÃO,NÃO,NÃO,NÃO,NÃO,NÃO,NÃO,NÃO,NÃO,NÃO,NÃO,NÃO,NÃO,NÃO,NÃO,NÃO,NÃO,NÃO,NÃO,NÃO,NÃO,NÃO,NÃO,NÃO,NÃO,NÃO,NÃO,NÃO,,
12/11/2020 9:36:41,1992,10/12/1992,011/92,HGPE,"PREFEITO, VEREADOR",,RJ,SIM,Rio de Janeiro,SIM,Sim,SIM,SIM,SIM,SIM,NÃO,SIM,NÃO,NÃO,SIM,SIM,NÃO,SIM,NÃO,SIM,NÃO,NÃO,NÃO,NÃO,NÃO,NÃO,NÃO,NÃO,NÃO,NÃO,NÃO,NÃO,NÃO,NÃO,NÃO,NÃO,NÃO,NÃO,NÃO,NÃO,NÃO,NÃO,NÃO,NÃO,NÃO,NÃO,NÃO,NÃO,NÃO,NÃO,NÃO,NÃO,NÃO,NÃO,NÃO,NÃO,NÃO,NÃO,NÃO,NÃO,NÃO,NÃO,NÃO,NÃO,NÃO,NÃO,NÃO,NÃO,NÃO,NÃO,NÃO,NÃO,NÃO,NÃO,NÃO,NÃO,NÃO,NÃO,NÃO,,
12/11/2020 9:39:53,1992,10/13/1992,012/92,HGPE,"PREFEITO, VEREADOR",,RJ,SIM,Rio de Janeiro,SIM,Sim,SIM,SIM,SIM,SIM,SIM,NÃO,NÃO,NÃO,NÃO,SIM,NÃO,SIM,NÃO,NÃO,NÃO,NÃO,NÃO,NÃO,NÃO,NÃO,NÃO,NÃO,NÃO,NÃO,NÃO,NÃO,NÃO,NÃO,NÃO,NÃO,NÃO,NÃO,NÃO,NÃO,NÃO,NÃO,NÃO,NÃO,NÃO,NÃO,NÃO,NÃO,NÃO,NÃO,NÃO,NÃO,NÃO,NÃO,NÃO,NÃO,NÃO,NÃO,NÃO,NÃO,NÃO,NÃO,NÃO,NÃO,NÃO,NÃO,NÃO,NÃO,NÃO,NÃO,NÃO,NÃO,NÃO,NÃO,NÃO,NÃO,NÃO,NÃO,NÃO,,
12/11/2020 9:42:14,1992,10/14/1992,016/92,HGPE,"PREFEITO, VEREADOR",,RJ,SIM,Rio de Janeiro,SIM,Sim,SIM,SIM,SIM,NÃO,NÃO,NÃO,NÃO,NÃO,SIM,NÃO,NÃO,NÃO,NÃO,NÃO,NÃO,NÃO,NÃO,NÃO,NÃO,NÃO,NÃO,NÃO,NÃO,NÃO,NÃO,NÃO,NÃO,NÃO,NÃO,NÃO,NÃO,NÃO,NÃO,NÃO,NÃO,NÃO,NÃO,NÃO,NÃO,NÃO,NÃO,NÃO,NÃO,NÃO,NÃO,NÃO,NÃO,NÃO,NÃO,NÃO,NÃO,NÃO,NÃO,NÃO,NÃO,NÃO,NÃO,NÃO,NÃO,NÃO,NÃO,NÃO,NÃO,NÃO,NÃO,NÃO,NÃO,NÃO,NÃO,NÃO,NÃO,NÃO,NÃO,,
12/15/2020 16:15:02,1996,10/1/1996,1-1-2/96,HGPE,PREFEITO,A gravação tem apenas 6:37 (incompleto),RJ,SIM,Rio de Janeiro,SIM,Sim,SIM,SIM,SIM,NÃO,NÃO,NÃO,NÃO,NÃO,NÃO,NÃO,NÃO,NÃO,NÃO,NÃO,NÃO,NÃO,NÃO,NÃO,NÃO,NÃO,NÃO,NÃO,NÃO,NÃO,NÃO,NÃO,NÃO,NÃO,NÃO,NÃO,NÃO,NÃO,NÃO,NÃO,NÃO,NÃO,NÃO,NÃO,NÃO,SIM,NÃO,NÃO,NÃO,NÃO,NÃO,NÃO,NÃO,NÃO,NÃO,NÃO,NÃO,NÃO,NÃO,NÃO,NÃO,NÃO,NÃO,NÃO,NÃO,NÃO,NÃO,NÃO,NÃO,NÃO,NÃO,NÃO,NÃO,NÃO,NÃO,NÃO,NÃO,NÃO,NÃO,,
12/15/2020 16:18:02,1996,10/2/1996,1-1-2/96 (DVD II),HGPE,PREFEITO,A gravação tem apenas 6:37 (incompleto),RJ,SIM,Rio de Janeiro,SIM,Sim,SIM,SIM,SIM,NÃO,SIM,NÃO,NÃO,NÃO,NÃO,NÃO,NÃO,NÃO,NÃO,NÃO,NÃO,NÃO,NÃO,NÃO,NÃO,NÃO,NÃO,NÃO,NÃO,NÃO,NÃO,NÃO,NÃO,NÃO,NÃO,NÃO,NÃO,NÃO,NÃO,NÃO,NÃO,NÃO,NÃO,NÃO,NÃO,SIM,NÃO,NÃO,NÃO,NÃO,NÃO,NÃO,NÃO,NÃO,NÃO,NÃO,NÃO,NÃO,NÃO,NÃO,NÃO,NÃO,NÃO,NÃO,NÃO,NÃO,NÃO,NÃO,NÃO,NÃO,NÃO,NÃO,NÃO,NÃO,NÃO,NÃO,NÃO,NÃO,NÃO,,
12/15/2020 16:22:53,1996,10/3/1996,001/96,HGPE,"PREFEITO, VEREADOR",,RJ,SIM,Rio de Janeiro,SIM,Sim,SIM,SIM,SIM,SIM,SIM,SIM,SIM,NÃO,SIM,SIM,NÃO,SIM,SIM,SIM,SIM,SIM,NÃO,SIM,SIM,NÃO,NÃO,SIM,SIM,NÃO,SIM,NÃO,SIM,NÃO,NÃO,NÃO,NÃO,NÃO,NÃO,NÃO,NÃO,NÃO,NÃO,SIM,NÃO,SIM,NÃO,NÃO,NÃO,NÃO,NÃO,NÃO,NÃO,SIM,SIM,NÃO,NÃO,NÃO,SIM,SIM,SIM,NÃO,NÃO,NÃO,NÃO,NÃO,NÃO,NÃO,NÃO,NÃO,NÃO,NÃO,NÃO,NÃO,NÃO,NÃO,NÃO,NÃO,NÃO,,
12/15/2020 16:28:03,1996,10/4/1996,002/96,HGPE,VEREADOR,,RJ,SIM,Rio de Janeiro,SIM,Sim,SIM,SIM,SIM,SIM,SIM,SIM,SIM,NÃO,SIM,SIM,NÃO,SIM,SIM,SIM,SIM,SIM,NÃO,SIM,SIM,NÃO,NÃO,SIM,SIM,NÃO,SIM,NÃO,SIM,NÃO,NÃO,NÃO,NÃO,NÃO,NÃO,NÃO,NÃO,NÃO,NÃO,SIM,NÃO,SIM,NÃO,NÃO,NÃO,NÃO,NÃO,NÃO,NÃO,SIM,SIM,NÃO,NÃO,NÃO,SIM,SIM,SIM,NÃO,NÃO,NÃO,NÃO,NÃO,NÃO,NÃO,NÃO,NÃO,NÃO,NÃO,NÃO,NÃO,NÃO,NÃO,NÃO,NÃO,NÃO,,
12/15/2020 16:31:15,1996,10/5/1996,005/96A,HGPE,,A gravação tem apenas 0:33 segundos,,NÃO,,SIM,Não,SIM,SIM,SIM,NÃO,NÃO,NÃO,NÃO,NÃO,NÃO,NÃO,NÃO,NÃO,NÃO,NÃO,NÃO,NÃO,NÃO,NÃO,NÃO,NÃO,NÃO,NÃO,NÃO,NÃO,NÃO,NÃO,NÃO,NÃO,NÃO,NÃO,NÃO,NÃO,NÃO,NÃO,NÃO,NÃO,NÃO,NÃO,NÃO,NÃO,NÃO,NÃO,NÃO,NÃO,NÃO,NÃO,NÃO,NÃO,NÃO,NÃO,NÃO,NÃO,NÃO,NÃO,NÃO,NÃO,NÃO,NÃO,NÃO,NÃO,NÃO,NÃO,NÃO,NÃO,NÃO,NÃO,NÃO,NÃO,NÃO,NÃO,NÃO,NÃO,NÃO,,
12/15/2020 16:35:45,1996,10/6/1994,012/94A,HGPE,PRESIDENTE,A gravação é de 1994 e não 1996 como está no Drive,BRASIL,NÃO,,SIM,Sim,SIM,SIM,SIM,NÃO,NÃO,SIM,NÃO,NÃO,SIM,NÃO,NÃO,NÃO,NÃO,NÃO,NÃO,NÃO,NÃO,NÃO,NÃO,NÃO,NÃO,NÃO,SIM,NÃO,NÃO,NÃO,NÃO,NÃO,NÃO,NÃO,NÃO,NÃO,NÃO,NÃO,NÃO,NÃO,NÃO,NÃO,NÃO,NÃO,NÃO,NÃO,NÃO,NÃO,NÃO,NÃO,NÃO,NÃO,NÃO,NÃO,NÃO,NÃO,NÃO,NÃO,NÃO,NÃO,NÃO,NÃO,NÃO,NÃO,NÃO,NÃO,NÃO,NÃO,NÃO,NÃO,NÃO,NÃO,NÃO,NÃO,NÃO,NÃO,NÃO,,
12/15/2020 16:38:40,1996,10/7/1994,012/94B,HGPE,,A gravação está com defeito e é do ano de 1994 e não do ano de 1996 como está no Drive,,NÃO,,SIM,Não,SIM,SIM,SIM,NÃO,NÃO,NÃO,NÃO,NÃO,NÃO,NÃO,NÃO,NÃO,NÃO,NÃO,NÃO,NÃO,NÃO,NÃO,NÃO,NÃO,NÃO,NÃO,NÃO,NÃO,NÃO,NÃO,NÃO,NÃO,NÃO,NÃO,NÃO,NÃO,NÃO,NÃO,NÃO,NÃO,NÃO,NÃO,NÃO,NÃO,NÃO,NÃO,NÃO,NÃO,NÃO,NÃO,NÃO,NÃO,NÃO,NÃO,NÃO,NÃO,NÃO,NÃO,NÃO,NÃO,NÃO,NÃO,NÃO,NÃO,NÃO,NÃO,NÃO,NÃO,NÃO,NÃO,NÃO,NÃO,NÃO,NÃO,NÃO,NÃO,NÃO,,
12/15/2020 16:42:25,1996,10/8/1996,032/96,TELEJORNAL,PREFEITO,,RJ,SIM,Rio de Janeiro,SIM,Sim,SIM,SIM,SIM,SIM,SIM,NÃO,NÃO,NÃO,NÃO,NÃO,NÃO,NÃO,NÃO,NÃO,NÃO,NÃO,NÃO,NÃO,NÃO,NÃO,NÃO,NÃO,NÃO,NÃO,NÃO,NÃO,NÃO,NÃO,NÃO,NÃO,NÃO,NÃO,NÃO,NÃO,NÃO,NÃO,NÃO,NÃO,NÃO,SIM,NÃO,NÃO,NÃO,NÃO,NÃO,NÃO,NÃO,NÃO,NÃO,NÃO,NÃO,NÃO,NÃO,NÃO,NÃO,NÃO,NÃO,NÃO,NÃO,NÃO,NÃO,NÃO,NÃO,NÃO,NÃO,NÃO,NÃO,NÃO,NÃO,NÃO,NÃO,NÃO,NÃO,,
12/15/2020 16:45:20,1996,10/10/1996,033/96,TELEJORNAL,PREFEITO,,RJ,SIM,Rio de Janeiro,SIM,Sim,SIM,SIM,SIM,SIM,SIM,NÃO,NÃO,NÃO,NÃO,SIM,NÃO,NÃO,NÃO,NÃO,NÃO,NÃO,NÃO,NÃO,NÃO,NÃO,NÃO,NÃO,NÃO,NÃO,NÃO,NÃO,NÃO,NÃO,NÃO,NÃO,NÃO,NÃO,NÃO,NÃO,NÃO,NÃO,NÃO,NÃO,NÃO,SIM,NÃO,NÃO,NÃO,NÃO,NÃO,NÃO,NÃO,NÃO,NÃO,NÃO,NÃO,NÃO,NÃO,NÃO,NÃO,NÃO,NÃO,NÃO,NÃO,NÃO,NÃO,NÃO,NÃO,NÃO,NÃO,NÃO,NÃO,NÃO,NÃO,NÃO,NÃO,NÃO,NÃO,,
12/15/2020 16:47:56,1996,10/11/1996,035/96,ENTREVISTA,PREFEITO,,RJ,SIM,Rio de Janeiro,SIM,Sim,SIM,SIM,SIM,NÃO,SIM,NÃO,NÃO,NÃO,NÃO,NÃO,NÃO,NÃO,NÃO,NÃO,NÃO,NÃO,NÃO,NÃO,NÃO,NÃO,NÃO,NÃO,NÃO,NÃO,NÃO,NÃO,NÃO,NÃO,NÃO,NÃO,NÃO,NÃO,NÃO,NÃO,NÃO,NÃO,NÃO,NÃO,NÃO,NÃO,NÃO,NÃO,NÃO,NÃO,NÃO,NÃO,NÃO,NÃO,NÃO,NÃO,NÃO,NÃO,NÃO,NÃO,NÃO,NÃO,NÃO,NÃO,NÃO,NÃO,NÃO,NÃO,NÃO,NÃO,NÃO,NÃO,NÃO,NÃO,NÃO,NÃO,NÃO,NÃO,NÃO,,
12/15/2020 16:50:16,1996,10/12/1996,036/96,ENTREVISTA,PREFEITO,,RJ,SIM,Rio de Janeiro,SIM,Sim,SIM,SIM,SIM,NÃO,NÃO,NÃO,NÃO,NÃO,NÃO,NÃO,NÃO,NÃO,NÃO,NÃO,NÃO,NÃO,NÃO,NÃO,NÃO,NÃO,NÃO,NÃO,NÃO,NÃO,NÃO,NÃO,NÃO,NÃO,NÃO,NÃO,NÃO,NÃO,NÃO,NÃO,NÃO,NÃO,NÃO,NÃO,NÃO,SIM,NÃO,NÃO,NÃO,NÃO,NÃO,NÃO,NÃO,NÃO,NÃO,NÃO,NÃO,NÃO,NÃO,NÃO,NÃO,NÃO,NÃO,NÃO,NÃO,NÃO,NÃO,NÃO,NÃO,NÃO,NÃO,NÃO,NÃO,NÃO,NÃO,NÃO,NÃO,NÃO,NÃO,,
12/15/2020 16:53:59,1996,10/13/1996,037/96,ENTREVISTA,PREFEITO,,RJ,SIM,Rio de Janeiro,SIM,Sim,SIM,SIM,SIM,NÃO,NÃO,NÃO,NÃO,NÃO,NÃO,NÃO,NÃO,NÃO,NÃO,NÃO,NÃO,NÃO,NÃO,NÃO,NÃO,NÃO,NÃO,NÃO,NÃO,NÃO,NÃO,NÃO,NÃO,NÃO,NÃO,NÃO,NÃO,NÃO,NÃO,NÃO,NÃO,NÃO,NÃO,NÃO,NÃO,SIM,NÃO,NÃO,NÃO,NÃO,NÃO,NÃO,NÃO,NÃO,NÃO,NÃO,NÃO,NÃO,NÃO,NÃO,NÃO,NÃO,NÃO,NÃO,NÃO,NÃO,NÃO,NÃO,NÃO,NÃO,NÃO,NÃO,NÃO,NÃO,NÃO,NÃO,NÃO,NÃO,NÃO,,
12/15/2020 16:56:15,1996,10/14/1996,038/96,ENTREVISTA,PREFEITO,,RJ,SIM,Rio de Janeiro,SIM,Sim,SIM,SIM,SIM,NÃO,NÃO,NÃO,NÃO,NÃO,NÃO,NÃO,NÃO,NÃO,NÃO,NÃO,NÃO,NÃO,NÃO,NÃO,NÃO,NÃO,NÃO,NÃO,NÃO,NÃO,NÃO,NÃO,NÃO,NÃO,NÃO,NÃO,NÃO,NÃO,NÃO,NÃO,NÃO,NÃO,NÃO,NÃO,NÃO,SIM,NÃO,NÃO,NÃO,NÃO,NÃO,NÃO,NÃO,NÃO,NÃO,NÃO,NÃO,NÃO,NÃO,NÃO,NÃO,NÃO,NÃO,NÃO,NÃO,NÃO,NÃO,NÃO,NÃO,NÃO,NÃO,NÃO,NÃO,NÃO,NÃO,NÃO,NÃO,NÃO,NÃO,,
12/15/2020 16:58:24,1996,10/15/1996,039/96,ENTREVISTA,PREFEITO,,RJ,SIM,Rio de Janeiro,SIM,Sim,SIM,SIM,SIM,NÃO,NÃO,NÃO,NÃO,NÃO,NÃO,NÃO,NÃO,NÃO,NÃO,NÃO,NÃO,NÃO,NÃO,NÃO,NÃO,NÃO,NÃO,NÃO,NÃO,NÃO,NÃO,NÃO,NÃO,NÃO,NÃO,NÃO,NÃO,NÃO,NÃO,NÃO,NÃO,NÃO,NÃO,NÃO,NÃO,SIM,NÃO,NÃO,NÃO,NÃO,NÃO,NÃO,NÃO,NÃO,NÃO,NÃO,NÃO,NÃO,NÃO,NÃO,NÃO,NÃO,NÃO,NÃO,NÃO,NÃO,NÃO,NÃO,NÃO,NÃO,NÃO,NÃO,NÃO,NÃO,NÃO,NÃO,NÃO,NÃO,NÃO,,
12/15/2020 17:00:32,1996,10/16/1996,040/96,ENTREVISTA,PREFEITO,,RJ,SIM,Rio de Janeiro,SIM,Sim,SIM,SIM,SIM,NÃO,SIM,NÃO,NÃO,NÃO,NÃO,NÃO,NÃO,NÃO,NÃO,NÃO,NÃO,NÃO,NÃO,NÃO,NÃO,NÃO,NÃO,NÃO,NÃO,NÃO,NÃO,NÃO,NÃO,NÃO,NÃO,NÃO,NÃO,NÃO,NÃO,NÃO,NÃO,NÃO,NÃO,NÃO,NÃO,NÃO,NÃO,NÃO,NÃO,NÃO,NÃO,NÃO,NÃO,NÃO,NÃO,NÃO,NÃO,NÃO,NÃO,NÃO,NÃO,NÃO,NÃO,NÃO,NÃO,NÃO,NÃO,NÃO,NÃO,NÃO,NÃO,NÃO,NÃO,NÃO,NÃO,NÃO,NÃO,NÃO,NÃO,,
12/15/2020 17:04:36,1996,10/17/1996,041/96,ENTREVISTA,PREFEITO,,RJ,SIM,Rio de Janeiro,SIM,Sim,SIM,SIM,SIM,NÃO,SIM,NÃO,NÃO,NÃO,NÃO,NÃO,NÃO,NÃO,NÃO,NÃO,NÃO,NÃO,NÃO,NÃO,NÃO,NÃO,NÃO,NÃO,NÃO,NÃO,NÃO,NÃO,NÃO,NÃO,NÃO,NÃO,NÃO,NÃO,NÃO,NÃO,NÃO,NÃO,NÃO,NÃO,NÃO,NÃO,NÃO,NÃO,NÃO,NÃO,NÃO,NÃO,NÃO,NÃO,NÃO,NÃO,NÃO,NÃO,NÃO,NÃO,NÃO,NÃO,NÃO,NÃO,NÃO,NÃO,NÃO,NÃO,NÃO,NÃO,NÃO,NÃO,NÃO,NÃO,NÃO,NÃO,NÃO,NÃO,NÃO,,
12/15/2020 17:08:01,1996,10/18/1996,042/96,DEBATE,PREFEITO,,RJ,SIM,Rio de Janeiro,SIM,Sim,SIM,SIM,SIM,NÃO,SIM,NÃO,NÃO,NÃO,NÃO,NÃO,NÃO,NÃO,NÃO,NÃO,NÃO,NÃO,NÃO,NÃO,NÃO,NÃO,NÃO,NÃO,NÃO,NÃO,NÃO,NÃO,NÃO,NÃO,NÃO,NÃO,NÃO,NÃO,NÃO,NÃO,NÃO,NÃO,NÃO,NÃO,NÃO,SIM,NÃO,NÃO,NÃO,NÃO,NÃO,NÃO,NÃO,NÃO,NÃO,NÃO,NÃO,NÃO,NÃO,NÃO,NÃO,NÃO,NÃO,NÃO,NÃO,NÃO,NÃO,NÃO,NÃO,NÃO,NÃO,NÃO,NÃO,NÃO,NÃO,NÃO,NÃO,NÃO,NÃO,,
12/15/2020 17:10:12,1996,10/19/1996,043/96,DEBATE,PREFEITO,,RJ,SIM,Rio de Janeiro,SIM,Sim,SIM,SIM,SIM,NÃO,SIM,NÃO,NÃO,NÃO,NÃO,NÃO,NÃO,NÃO,NÃO,NÃO,NÃO,NÃO,NÃO,NÃO,NÃO,NÃO,NÃO,NÃO,NÃO,NÃO,NÃO,NÃO,NÃO,NÃO,NÃO,NÃO,NÃO,NÃO,NÃO,NÃO,NÃO,NÃO,NÃO,NÃO,NÃO,SIM,NÃO,NÃO,NÃO,NÃO,NÃO,NÃO,NÃO,NÃO,NÃO,NÃO,NÃO,NÃO,NÃO,NÃO,NÃO,NÃO,NÃO,NÃO,NÃO,NÃO,NÃO,NÃO,NÃO,NÃO,NÃO,NÃO,NÃO,NÃO,NÃO,NÃO,NÃO,NÃO,NÃO,,
12/15/2020 17:14:10,1996,10/20/1996,046/96,HGPE,PREFEITO,,RJ,SIM,Rio de Janeiro,SIM,Sim,SIM,SIM,SIM,SIM,SIM,SIM,NÃO,NÃO,NÃO,SIM,NÃO,NÃO,NÃO,NÃO,NÃO,SIM,NÃO,NÃO,NÃO,SIM,NÃO,SIM,NÃO,SIM,NÃO,NÃO,NÃO,NÃO,NÃO,NÃO,NÃO,NÃO,NÃO,NÃO,NÃO,NÃO,NÃO,NÃO,NÃO,NÃO,NÃO,NÃO,NÃO,NÃO,NÃO,NÃO,NÃO,NÃO,SIM,NÃO,NÃO,NÃO,SIM,NÃO,NÃO,NÃO,NÃO,NÃO,NÃO,NÃO,NÃO,NÃO,NÃO,NÃO,NÃO,NÃO,NÃO,NÃO,NÃO,NÃO,NÃO,NÃO,NÃO,,
1/14/2021 12:42:56,1996,10/21/1996,050/96,HGPE,"PREFEITO, VEREADOR",A gravação tem apenas 23:37 (incompleto),RJ,SIM,Rio de Janeiro,SIM,Sim,SIM,SIM,SIM,SIM,SIM,SIM,SIM,NÃO,NÃO,SIM,NÃO,SIM,SIM,NÃO,NÃO,NÃO,NÃO,SIM,NÃO,NÃO,NÃO,SIM,NÃO,NÃO,SIM,NÃO,SIM,NÃO,NÃO,NÃO,NÃO,NÃO,NÃO,NÃO,NÃO,NÃO,NÃO,NÃO,SIM,SIM,NÃO,NÃO,NÃO,NÃO,NÃO,NÃO,NÃO,SIM,SIM,NÃO,NÃO,NÃO,NÃO,NÃO,SIM,NÃO,NÃO,NÃO,NÃO,NÃO,NÃO,NÃO,NÃO,NÃO,NÃO,NÃO,NÃO,NÃO,NÃO,NÃO,NÃO,NÃO,NÃO,,
1/14/2021 12:50:09,1996,10/22/1996,051-052-053/96,HGPE,"PREFEITO, VEREADOR",A gravação tem apenas 20:05 (incompleto),RJ,SIM,Rio de Janeiro,SIM,Sim,SIM,SIM,SIM,SIM,SIM,SIM,NÃO,NÃO,NÃO,NÃO,NÃO,NÃO,SIM,NÃO,NÃO,NÃO,NÃO,SIM,NÃO,SIM,NÃO,SIM,NÃO,SIM,SIM,NÃO,SIM,NÃO,NÃO,NÃO,NÃO,NÃO,NÃO,NÃO,NÃO,NÃO,NÃO,NÃO,NÃO,SIM,NÃO,NÃO,NÃO,NÃO,NÃO,NÃO,NÃO,SIM,SIM,NÃO,NÃO,NÃO,SIM,NÃO,SIM,NÃO,NÃO,NÃO,NÃO,NÃO,NÃO,NÃO,NÃO,NÃO,NÃO,NÃO,NÃO,NÃO,NÃO,NÃO,NÃO,NÃO,NÃO,,
1/14/2021 12:54:52,1996,10/23/1996,060-061-062-063-064/96,HGPE,PREFEITO,A gravação apresenta defeitos e tem apenas 5:45 (incompleta e danificada),SP,SIM,Osasco,SIM,Sim,SIM,SIM,SIM,NÃO,NÃO,SIM,NÃO,NÃO,NÃO,NÃO,NÃO,NÃO,NÃO,NÃO,NÃO,NÃO,NÃO,NÃO,NÃO,NÃO,NÃO,NÃO,NÃO,NÃO,NÃO,NÃO,NÃO,NÃO,NÃO,NÃO,NÃO,NÃO,NÃO,NÃO,NÃO,NÃO,NÃO,SIM,NÃO,NÃO,NÃO,NÃO,NÃO,NÃO,NÃO,NÃO,NÃO,NÃO,NÃO,NÃO,NÃO,NÃO,NÃO,NÃO,SIM,NÃO,NÃO,NÃO,NÃO,NÃO,NÃO,NÃO,NÃO,NÃO,NÃO,NÃO,NÃO,NÃO,NÃO,NÃO,NÃO,NÃO,NÃO,,
1/14/2021 12:59:30,1996,10/24/1996,065-066-067/96,HGPE,PREFEITO,,SP,SIM,São Paulo,SIM,Sim,SIM,SIM,SIM,NÃO,NÃO,NÃO,NÃO,NÃO,SIM,NÃO,NÃO,NÃO,NÃO,NÃO,NÃO,NÃO,NÃO,NÃO,NÃO,NÃO,NÃO,NÃO,NÃO,SIM,NÃO,NÃO,NÃO,NÃO,NÃO,NÃO,NÃO,NÃO,NÃO,NÃO,NÃO,NÃO,NÃO,NÃO,NÃO,NÃO,NÃO,NÃO,NÃO,NÃO,NÃO,NÃO,NÃO,NÃO,NÃO,NÃO,NÃO,NÃO,NÃO,NÃO,NÃO,NÃO,NÃO,NÃO,NÃO,NÃO,NÃO,NÃO,NÃO,NÃO,NÃO,NÃO,NÃO,NÃO,NÃO,NÃO,NÃO,NÃO,NÃO,,
1/14/2021 13:03:02,1996,10/25/1996,067/96,HGPE,PREFEITO,,SP,SIM,São Paulo,SIM,Sim,SIM,SIM,SIM,SIM,SIM,SIM,NÃO,NÃO,NÃO,NÃO,SIM,NÃO,NÃO,NÃO,NÃO,NÃO,NÃO,NÃO,NÃO,NÃO,NÃO,NÃO,NÃO,NÃO,NÃO,NÃO,NÃO,NÃO,NÃO,NÃO,NÃO,NÃO,NÃO,NÃO,NÃO,NÃO,NÃO,SIM,NÃO,NÃO,NÃO,NÃO,NÃO,NÃO,NÃO,NÃO,NÃO,NÃO,NÃO,NÃO,NÃO,NÃO,NÃO,NÃO,SIM,NÃO,NÃO,NÃO,NÃO,NÃO,NÃO,NÃO,NÃO,NÃO,NÃO,NÃO,NÃO,NÃO,NÃO,NÃO,NÃO,NÃO,NÃO,,
1/14/2021 13:07:07,1996,10/26/1996,067/96B,HGPE,PREFEITO,,SP,SIM,São Paulo,SIM,Sim,SIM,SIM,SIM,SIM,SIM,SIM,NÃO,NÃO,NÃO,NÃO,SIM,NÃO,NÃO,NÃO,NÃO,NÃO,NÃO,NÃO,NÃO,NÃO,NÃO,NÃO,NÃO,NÃO,NÃO,NÃO,NÃO,NÃO,NÃO,NÃO,NÃO,NÃO,NÃO,NÃO,NÃO,NÃO,NÃO,SIM,NÃO,NÃO,NÃO,NÃO,NÃO,NÃO,NÃO,NÃO,NÃO,NÃO,NÃO,NÃO,NÃO,NÃO,NÃO,NÃO,SIM,NÃO,NÃO,NÃO,NÃO,NÃO,NÃO,NÃO,NÃO,NÃO,NÃO,NÃO,NÃO,NÃO,NÃO,NÃO,NÃO,NÃO,NÃO,,
1/14/2021 13:12:39,1996,10/27/1996,068/96A,HGPE,"PREFEITO, VEREADOR",,SP,SIM,São Paulo,SIM,Sim,SIM,SIM,SIM,SIM,SIM,SIM,NÃO,NÃO,SIM,NÃO,SIM,NÃO,SIM,NÃO,SIM,NÃO,NÃO,SIM,SIM,SIM,NÃO,NÃO,NÃO,SIM,NÃO,NÃO,SIM,NÃO,NÃO,NÃO,NÃO,NÃO,NÃO,NÃO,NÃO,NÃO,NÃO,SIM,NÃO,NÃO,SIM,NÃO,NÃO,NÃO,NÃO,NÃO,NÃO,SIM,SIM,NÃO,NÃO,NÃO,SIM,NÃO,SIM,NÃO,NÃO,NÃO,NÃO,NÃO,NÃO,NÃO,NÃO,NÃO,NÃO,NÃO,NÃO,NÃO,NÃO,NÃO,NÃO,NÃO,NÃO,,
1/14/2021 13:17:07,1996,10/28/1996,068/96B,HGPE,"PREFEITO, VEREADOR",,SP,SIM,São Paulo,SIM,Sim,SIM,SIM,SIM,SIM,SIM,SIM,NÃO,NÃO,SIM,NÃO,SIM,NÃO,NÃO,NÃO,SIM,NÃO,NÃO,SIM,NÃO,SIM,NÃO,NÃO,NÃO,SIM,NÃO,NÃO,SIM,NÃO,NÃO,NÃO,NÃO,NÃO,NÃO,NÃO,NÃO,NÃO,NÃO,SIM,NÃO,NÃO,NÃO,NÃO,NÃO,NÃO,NÃO,NÃO,NÃO,SIM,SIM,NÃO,NÃO,NÃO,SIM,NÃO,SIM,NÃO,NÃO,NÃO,NÃO,NÃO,NÃO,NÃO,NÃO,NÃO,NÃO,NÃO,NÃO,NÃO,NÃO,NÃO,NÃO,NÃO,NÃO,,
1/14/2021 13:29:50,1996,10/29/1996,069/96,HGPE,"PREFEITO, VEREADOR",,SP,SIM,São Paulo,SIM,Sim,SIM,SIM,SIM,SIM,SIM,SIM,NÃO,NÃO,SIM,NÃO,NÃO,NÃO,SIM,NÃO,SIM,NÃO,NÃO,SIM,NÃO,SIM,NÃO,NÃO,SIM,SIM,NÃO,SIM,SIM,NÃO,NÃO,NÃO,NÃO,NÃO,NÃO,NÃO,NÃO,NÃO,NÃO,SIM,NÃO,SIM,NÃO,NÃO,NÃO,NÃO,NÃO,NÃO,NÃO,SIM,SIM,NÃO,NÃO,NÃO,SIM,SIM,SIM,NÃO,NÃO,NÃO,NÃO,NÃO,NÃO,NÃO,NÃO,NÃO,NÃO,NÃO,NÃO,NÃO,NÃO,NÃO,NÃO,NÃO,NÃO,,
1/14/2021 13:35:11,1996,10/30/1996,076/96,HGPE,"PREFEITO, VEREADOR",,SP,SIM,São Paulo,SIM,Sim,SIM,SIM,SIM,SIM,SIM,SIM,NÃO,NÃO,SIM,NÃO,NÃO,NÃO,SIM,NÃO,SIM,NÃO,NÃO,SIM,NÃO,SIM,NÃO,NÃO,SIM,SIM,NÃO,NÃO,SIM,NÃO,NÃO,NÃO,NÃO,NÃO,NÃO,NÃO,NÃO,NÃO,NÃO,SIM,NÃO,SIM,NÃO,NÃO,NÃO,NÃO,NÃO,NÃO,NÃO,SIM,NÃO,NÃO,NÃO,NÃO,NÃO,SIM,SIM,NÃO,NÃO,NÃO,NÃO,NÃO,NÃO,NÃO,NÃO,NÃO,NÃO,NÃO,NÃO,NÃO,NÃO,NÃO,NÃO,NÃO,NÃO,,
1/14/2021 13:40:10,1996,11/1/1996,077/96,HGPE,"PREFEITO, VEREADOR",,SP,SIM,São Paulo,SIM,Sim,SIM,SIM,SIM,SIM,SIM,SIM,NÃO,NÃO,SIM,NÃO,NÃO,NÃO,NÃO,NÃO,SIM,NÃO,NÃO,SIM,NÃO,SIM,NÃO,NÃO,SIM,SIM,NÃO,SIM,SIM,NÃO,NÃO,NÃO,NÃO,NÃO,NÃO,NÃO,NÃO,NÃO,NÃO,SIM,NÃO,SIM,NÃO,NÃO,NÃO,NÃO,NÃO,NÃO,NÃO,SIM,SIM,NÃO,NÃO,NÃO,SIM,SIM,SIM,NÃO,NÃO,NÃO,NÃO,NÃO,NÃO,NÃO,NÃO,NÃO,NÃO,NÃO,NÃO,NÃO,NÃO,NÃO,NÃO,NÃO,NÃO,,
1/14/2021 13:44:33,1996,11/2/1996,078/96,HGPE,"PREFEITO, VEREADOR",,SP,SIM,São Paulo,SIM,Sim,SIM,SIM,SIM,SIM,SIM,SIM,NÃO,NÃO,SIM,NÃO,NÃO,NÃO,NÃO,NÃO,SIM,NÃO,NÃO,SIM,NÃO,SIM,NÃO,NÃO,SIM,SIM,NÃO,SIM,SIM,NÃO,NÃO,NÃO,NÃO,NÃO,NÃO,NÃO,NÃO,NÃO,NÃO,SIM,NÃO,SIM,NÃO,NÃO,NÃO,NÃO,NÃO,NÃO,NÃO,SIM,SIM,NÃO,NÃO,NÃO,SIM,SIM,SIM,NÃO,NÃO,NÃO,NÃO,NÃO,NÃO,NÃO,NÃO,NÃO,NÃO,NÃO,NÃO,NÃO,NÃO,NÃO,NÃO,NÃO,NÃO,,
1/14/2021 13:49:37,1996,11/3/1996,079/96,HGPE,"PREFEITO, VEREADOR",,SP,SIM,São Paulo,SIM,Sim,SIM,SIM,SIM,SIM,SIM,SIM,NÃO,NÃO,SIM,NÃO,NÃO,NÃO,SIM,NÃO,NÃO,NÃO,NÃO,SIM,NÃO,SIM,NÃO,NÃO,SIM,SIM,NÃO,NÃO,SIM,NÃO,NÃO,NÃO,NÃO,NÃO,NÃO,NÃO,NÃO,NÃO,NÃO,SIM,NÃO,SIM,NÃO,NÃO,NÃO,NÃO,NÃO,NÃO,NÃO,SIM,SIM,NÃO,NÃO,NÃO,SIM,SIM,SIM,NÃO,NÃO,NÃO,NÃO,NÃO,NÃO,NÃO,NÃO,NÃO,NÃO,NÃO,NÃO,NÃO,NÃO,NÃO,NÃO,NÃO,NÃO,,
1/14/2021 13:54:26,1996,11/4/1996,080/96,HGPE,"PREFEITO, VEREADOR",,SP,SIM,São Paulo,SIM,Sim,SIM,SIM,SIM,SIM,SIM,SIM,NÃO,NÃO,SIM,NÃO,NÃO,NÃO,SIM,NÃO,NÃO,NÃO,NÃO,SIM,NÃO,SIM,NÃO,NÃO,SIM,SIM,NÃO,NÃO,SIM,NÃO,NÃO,NÃO,NÃO,NÃO,NÃO,NÃO,NÃO,NÃO,NÃO,SIM,NÃO,SIM,NÃO,NÃO,NÃO,NÃO,NÃO,NÃO,NÃO,SIM,SIM,NÃO,NÃO,NÃO,SIM,SIM,SIM,NÃO,NÃO,NÃO,NÃO,NÃO,NÃO,NÃO,NÃO,NÃO,NÃO,NÃO,NÃO,NÃO,NÃO,NÃO,NÃO,NÃO,NÃO,,
1/14/2021 13:59:00,1996,11/5/1996,081/96,HGPE,"PREFEITO, VEREADOR",,SP,SIM,São Paulo,SIM,Sim,SIM,SIM,SIM,SIM,SIM,SIM,NÃO,NÃO,SIM,NÃO,NÃO,NÃO,SIM,NÃO,NÃO,NÃO,NÃO,SIM,NÃO,SIM,NÃO,NÃO,SIM,SIM,NÃO,NÃO,SIM,NÃO,NÃO,NÃO,NÃO,NÃO,NÃO,NÃO,NÃO,NÃO,NÃO,SIM,NÃO,SIM,NÃO,NÃO,NÃO,NÃO,NÃO,NÃO,NÃO,SIM,SIM,NÃO,NÃO,NÃO,SIM,SIM,SIM,NÃO,NÃO,NÃO,NÃO,NÃO,NÃO,NÃO,NÃO,NÃO,NÃO,NÃO,NÃO,NÃO,NÃO,NÃO,NÃO,NÃO,NÃO,,
1/14/2021 14:03:28,1996,11/6/1996,082/96,HGPE,PREFEITO,A gravação tem apenas 16:23 e na minutagem 12:58 começa apresentar defeito (incompleto),,SIM,São Paulo,SIM,Sim,SIM,SIM,SIM,SIM,SIM,NÃO,NÃO,NÃO,NÃO,NÃO,NÃO,NÃO,NÃO,NÃO,NÃO,NÃO,NÃO,NÃO,NÃO,NÃO,NÃO,NÃO,NÃO,NÃO,NÃO,NÃO,NÃO,NÃO,NÃO,NÃO,NÃO,NÃO,NÃO,NÃO,NÃO,NÃO,NÃO,NÃO,NÃO,SIM,NÃO,NÃO,NÃO,NÃO,NÃO,NÃO,NÃO,NÃO,NÃO,NÃO,NÃO,NÃO,NÃO,SIM,NÃO,NÃO,NÃO,NÃO,NÃO,NÃO,NÃO,NÃO,NÃO,NÃO,NÃO,NÃO,NÃO,NÃO,NÃO,NÃO,NÃO,NÃO,NÃO,,
1/14/2021 14:13:31,1996,11/7/1996,083/96,HGPE,PREFEITO,,SP,SIM,São Paulo,SIM,Sim,SIM,SIM,SIM,SIM,NÃO,NÃO,NÃO,NÃO,NÃO,NÃO,NÃO,NÃO,NÃO,NÃO,NÃO,NÃO,NÃO,NÃO,NÃO,NÃO,NÃO,NÃO,NÃO,NÃO,NÃO,NÃO,NÃO,NÃO,NÃO,NÃO,NÃO,NÃO,NÃO,NÃO,NÃO,NÃO,NÃO,NÃO,NÃO,SIM,NÃO,NÃO,NÃO,NÃO,NÃO,NÃO,NÃO,NÃO,NÃO,NÃO,NÃO,NÃO,NÃO,SIM,NÃO,NÃO,NÃO,NÃO,NÃO,NÃO,NÃO,NÃO,NÃO,NÃO,NÃO,NÃO,NÃO,NÃO,NÃO,NÃO,NÃO,NÃO,NÃO,,
1/14/2021 14:16:57,1996,11/8/1996,084/96,HGPE,"PREFEITO, VEREADOR",,SP,SIM,São Paulo,SIM,Sim,SIM,SIM,SIM,SIM,NÃO,NÃO,NÃO,NÃO,NÃO,NÃO,NÃO,NÃO,NÃO,NÃO,NÃO,NÃO,NÃO,NÃO,NÃO,NÃO,NÃO,NÃO,NÃO,NÃO,NÃO,NÃO,NÃO,NÃO,NÃO,NÃO,NÃO,NÃO,NÃO,NÃO,NÃO,NÃO,NÃO,NÃO,NÃO,SIM,NÃO,NÃO,NÃO,NÃO,NÃO,NÃO,NÃO,NÃO,NÃO,NÃO,NÃO,NÃO,NÃO,SIM,NÃO,NÃO,NÃO,NÃO,NÃO,NÃO,NÃO,NÃO,NÃO,NÃO,NÃO,NÃO,NÃO,NÃO,NÃO,NÃO,NÃO,NÃO,NÃO,,
1/14/2021 14:23:47,1996,11/9/1996,085-086-087-088/96,HGPE,PREFEITO,,SP,SIM,São Paulo,SIM,Sim,SIM,SIM,SIM,SIM,NÃO,NÃO,NÃO,NÃO,NÃO,NÃO,NÃO,NÃO,NÃO,NÃO,NÃO,NÃO,NÃO,NÃO,NÃO,NÃO,NÃO,NÃO,NÃO,NÃO,NÃO,NÃO,NÃO,NÃO,NÃO,NÃO,NÃO,NÃO,NÃO,NÃO,NÃO,NÃO,NÃO,NÃO,NÃO,SIM,NÃO,NÃO,NÃO,NÃO,NÃO,NÃO,NÃO,NÃO,NÃO,NÃO,NÃO,NÃO,NÃO,SIM,NÃO,NÃO,NÃO,NÃO,NÃO,NÃO,NÃO,NÃO,NÃO,NÃO,NÃO,NÃO,NÃO,NÃO,NÃO,NÃO,NÃO,NÃO,NÃO,,
1/14/2021 14:27:03,1996,11/10/1996,089/96,ENTREVISTA,PREFEITO,,SP,SIM,São Paulo,SIM,Sim,SIM,SIM,SIM,SIM,NÃO,NÃO,NÃO,NÃO,NÃO,NÃO,NÃO,NÃO,NÃO,NÃO,NÃO,NÃO,NÃO,NÃO,NÃO,NÃO,NÃO,NÃO,NÃO,NÃO,NÃO,NÃO,NÃO,NÃO,NÃO,NÃO,NÃO,NÃO,NÃO,NÃO,NÃO,NÃO,NÃO,NÃO,NÃO,NÃO,NÃO,NÃO,NÃO,NÃO,NÃO,NÃO,NÃO,NÃO,NÃO,NÃO,NÃO,NÃO,NÃO,NÃO,NÃO,NÃO,NÃO,NÃO,NÃO,NÃO,NÃO,NÃO,NÃO,NÃO,NÃO,NÃO,NÃO,NÃO,NÃO,NÃO,NÃO,NÃO,NÃO,,
1/14/2021 14:30:44,1996,11/11/1996,090/96,TELEJORNAL,,,,NÃO,,SIM,Sim,SIM,SIM,SIM,NÃO,NÃO,NÃO,NÃO,NÃO,NÃO,NÃO,NÃO,NÃO,NÃO,NÃO,NÃO,NÃO,NÃO,NÃO,NÃO,NÃO,NÃO,NÃO,NÃO,NÃO,NÃO,NÃO,NÃO,NÃO,NÃO,NÃO,NÃO,NÃO,NÃO,NÃO,NÃO,NÃO,NÃO,NÃO,NÃO,NÃO,NÃO,NÃO,NÃO,NÃO,NÃO,NÃO,NÃO,NÃO,NÃO,NÃO,NÃO,NÃO,NÃO,NÃO,NÃO,NÃO,NÃO,NÃO,NÃO,NÃO,NÃO,NÃO,NÃO,NÃO,NÃO,NÃO,NÃO,NÃO,NÃO,NÃO,NÃO,NÃO,NÃO,,
1/14/2021 14:39:51,1996,10/1/1996,091/96A,HGPE,PREFEITO,,RJ,SIM,Rio de Janeiro,SIM,Sim,SIM,SIM,SIM,SIM,SIM,SIM,SIM,NÃO,SIM,SIM,NÃO,SIM,SIM,SIM,SIM,SIM,NÃO,SIM,SIM,SIM,NÃO,SIM,SIM,SIM,SIM,NÃO,SIM,NÃO,NÃO,NÃO,NÃO,NÃO,NÃO,NÃO,NÃO,NÃO,NÃO,SIM,NÃO,SIM,NÃO,NÃO,NÃO,NÃO,NÃO,NÃO,NÃO,SIM,SIM,NÃO,NÃO,NÃO,SIM,SIM,SIM,NÃO,NÃO,NÃO,NÃO,NÃO,NÃO,NÃO,NÃO,NÃO,NÃO,NÃO,NÃO,NÃO,NÃO,NÃO,NÃO,NÃO,NÃO,,
1/14/2021 15:25:51,1996,10/2/1996,091/96B,HGPE,PREFEITO,,RJ,SIM,Rio de Janeiro,SIM,Sim,SIM,SIM,SIM,SIM,SIM,SIM,SIM,NÃO,SIM,SIM,NÃO,SIM,SIM,SIM,SIM,SIM,NÃO,SIM,SIM,SIM,NÃO,SIM,SIM,SIM,SIM,NÃO,SIM,NÃO,NÃO,NÃO,NÃO,NÃO,NÃO,NÃO,NÃO,NÃO,NÃO,SIM,NÃO,SIM,NÃO,NÃO,NÃO,NÃO,NÃO,NÃO,NÃO,SIM,SIM,NÃO,NÃO,NÃO,SIM,SIM,SIM,NÃO,NÃO,NÃO,NÃO,NÃO,NÃO,NÃO,NÃO,NÃO,NÃO,NÃO,NÃO,NÃO,NÃO,NÃO,NÃO,NÃO,NÃO,,
1/14/2021 16:04:26,1996,10/3/1996,091/96C,HGPE,PREFEITO,,RJ,SIM,Rio de Janeiro,SIM,Sim,SIM,SIM,SIM,SIM,SIM,SIM,SIM,NÃO,SIM,SIM,NÃO,SIM,SIM,SIM,SIM,SIM,NÃO,SIM,SIM,SIM,NÃO,SIM,SIM,SIM,SIM,NÃO,SIM,NÃO,NÃO,NÃO,NÃO,NÃO,NÃO,NÃO,NÃO,NÃO,NÃO,SIM,NÃO,SIM,NÃO,NÃO,NÃO,NÃO,NÃO,NÃO,NÃO,SIM,SIM,NÃO,NÃO,NÃO,SIM,SIM,SIM,NÃO,NÃO,NÃO,NÃO,NÃO,NÃO,NÃO,NÃO,NÃO,NÃO,NÃO,NÃO,NÃO,NÃO,NÃO,NÃO,NÃO,NÃO,,
1/14/2021 16:14:02,1996,10/4/1996,091/96D,HGPE,PREFEITO,,RJ,SIM,Rio de Janeiro,SIM,Sim,SIM,SIM,SIM,SIM,SIM,SIM,SIM,NÃO,SIM,SIM,NÃO,SIM,SIM,SIM,SIM,SIM,NÃO,SIM,SIM,SIM,NÃO,SIM,SIM,SIM,SIM,NÃO,SIM,NÃO,NÃO,NÃO,NÃO,NÃO,NÃO,NÃO,NÃO,NÃO,NÃO,SIM,NÃO,SIM,NÃO,NÃO,NÃO,NÃO,NÃO,NÃO,NÃO,SIM,SIM,NÃO,NÃO,NÃO,SIM,SIM,SIM,NÃO,NÃO,NÃO,NÃO,NÃO,NÃO,NÃO,NÃO,NÃO,NÃO,NÃO,NÃO,NÃO,NÃO,NÃO,NÃO,NÃO,NÃO,,
1/14/2021 16:19:08,1996,10/5/1996,092/96,HGPE,VEREADOR,,RJ,SIM,Rio de Janeiro,SIM,Sim,SIM,SIM,SIM,SIM,SIM,SIM,SIM,NÃO,SIM,SIM,NÃO,SIM,SIM,SIM,SIM,SIM,NÃO,SIM,SIM,SIM,NÃO,SIM,SIM,SIM,SIM,NÃO,SIM,NÃO,NÃO,NÃO,NÃO,NÃO,NÃO,NÃO,NÃO,NÃO,NÃO,SIM,NÃO,SIM,NÃO,NÃO,NÃO,NÃO,NÃO,NÃO,NÃO,SIM,SIM,NÃO,NÃO,NÃO,SIM,SIM,SIM,NÃO,NÃO,NÃO,NÃO,NÃO,NÃO,NÃO,NÃO,NÃO,NÃO,NÃO,NÃO,NÃO,NÃO,NÃO,NÃO,NÃO,NÃO,,
1/14/2021 16:22:26,1996,10/6/1996,093-094/96,HGPE,PREFEITO,,"RJ, SP",SIM,Rio de Janeiro / São Paulo,SIM,Sim,SIM,SIM,SIM,NÃO,NÃO,NÃO,NÃO,NÃO,NÃO,NÃO,NÃO,NÃO,NÃO,NÃO,NÃO,NÃO,NÃO,NÃO,NÃO,NÃO,NÃO,NÃO,NÃO,NÃO,NÃO,NÃO,NÃO,NÃO,NÃO,NÃO,NÃO,NÃO,NÃO,NÃO,NÃO,NÃO,NÃO,NÃO,NÃO,SIM,NÃO,NÃO,NÃO,NÃO,NÃO,NÃO,NÃO,NÃO,NÃO,NÃO,NÃO,NÃO,NÃO,SIM,NÃO,NÃO,NÃO,NÃO,NÃO,NÃO,NÃO,NÃO,NÃO,NÃO,NÃO,NÃO,NÃO,NÃO,NÃO,NÃO,NÃO,NÃO,NÃO,,
1/14/2021 16:25:22,1996,10/7/1996,100/96,HGPE,PREFEITO,,PR,SIM,Curitiba,SIM,Sim,SIM,SIM,SIM,NÃO,NÃO,SIM,NÃO,NÃO,NÃO,NÃO,NÃO,NÃO,NÃO,NÃO,SIM,NÃO,NÃO,NÃO,NÃO,NÃO,NÃO,NÃO,SIM,NÃO,NÃO,NÃO,NÃO,NÃO,NÃO,NÃO,NÃO,NÃO,NÃO,NÃO,NÃO,NÃO,NÃO,NÃO,NÃO,SIM,NÃO,NÃO,NÃO,NÃO,NÃO,NÃO,NÃO,NÃO,NÃO,NÃO,NÃO,NÃO,NÃO,SIM,NÃO,NÃO,NÃO,NÃO,NÃO,NÃO,NÃO,NÃO,NÃO,NÃO,NÃO,NÃO,NÃO,NÃO,NÃO,NÃO,NÃO,NÃO,NÃO,,
1/14/2021 16:31:30,1996,10/8/1996,101-102/96,HGPE,PREFEITO,,PR,SIM,Curitiba,SIM,Sim,SIM,SIM,SIM,NÃO,NÃO,SIM,NÃO,NÃO,NÃO,NÃO,NÃO,NÃO,NÃO,NÃO,SIM,NÃO,NÃO,NÃO,NÃO,NÃO,NÃO,NÃO,SIM,NÃO,NÃO,NÃO,NÃO,NÃO,NÃO,NÃO,NÃO,NÃO,NÃO,NÃO,NÃO,NÃO,NÃO,NÃO,NÃO,SIM,NÃO,NÃO,NÃO,NÃO,NÃO,NÃO,NÃO,NÃO,NÃO,NÃO,NÃO,NÃO,NÃO,SIM,NÃO,NÃO,NÃO,NÃO,NÃO,NÃO,NÃO,NÃO,NÃO,NÃO,NÃO,NÃO,NÃO,NÃO,NÃO,NÃO,NÃO,NÃO,NÃO,,
1/14/2021 16:35:03,1996,10/9/1996,1996,HGPE,PREFEITO,,PR,SIM,Curitiba,SIM,Sim,SIM,SIM,SIM,NÃO,NÃO,SIM,NÃO,NÃO,NÃO,NÃO,NÃO,NÃO,NÃO,NÃO,SIM,NÃO,NÃO,NÃO,NÃO,NÃO,NÃO,NÃO,SIM,NÃO,NÃO,NÃO,NÃO,NÃO,NÃO,NÃO,NÃO,NÃO,NÃO,NÃO,NÃO,NÃO,NÃO,NÃO,NÃO,SIM,NÃO,NÃO,NÃO,NÃO,NÃO,NÃO,NÃO,NÃO,NÃO,NÃO,NÃO,NÃO,NÃO,SIM,NÃO,NÃO,NÃO,NÃO,NÃO,NÃO,NÃO,NÃO,NÃO,NÃO,NÃO,NÃO,NÃO,NÃO,NÃO,NÃO,NÃO,NÃO,NÃO,,
1/21/2021 13:09:42,1997,10/1/1997,001/97,TELEJORNAL,,A gravação tem apenas 11:48,,NÃO,,SIM,Sim,SIM,SIM,SIM,NÃO,NÃO,NÃO,NÃO,NÃO,NÃO,NÃO,NÃO,NÃO,NÃO,NÃO,NÃO,NÃO,NÃO,NÃO,NÃO,NÃO,NÃO,NÃO,NÃO,NÃO,NÃO,NÃO,NÃO,NÃO,NÃO,NÃO,NÃO,NÃO,NÃO,NÃO,NÃO,NÃO,NÃO,NÃO,NÃO,NÃO,NÃO,NÃO,NÃO,NÃO,NÃO,NÃO,NÃO,NÃO,NÃO,NÃO,NÃO,NÃO,NÃO,NÃO,NÃO,NÃO,NÃO,NÃO,NÃO,NÃO,NÃO,NÃO,NÃO,NÃO,NÃO,NÃO,NÃO,NÃO,NÃO,NÃO,NÃO,NÃO,NÃO,,
1/21/2021 13:13:44,1997,10/2/1997,002/97,DIREÇÃO NACIONAL DO PARTIDO,"DEPUTADO ESTADUAL, PREFEITO, VEREADOR",,,NÃO,,SIM,Sim,SIM,SIM,SIM,NÃO,NÃO,NÃO,NÃO,NÃO,SIM,NÃO,NÃO,NÃO,NÃO,NÃO,NÃO,NÃO,NÃO,NÃO,NÃO,NÃO,NÃO,NÃO,NÃO,NÃO,NÃO,NÃO,SIM,NÃO,NÃO,NÃO,NÃO,NÃO,NÃO,NÃO,NÃO,NÃO,NÃO,NÃO,NÃO,NÃO,NÃO,NÃO,NÃO,NÃO,NÃO,NÃO,NÃO,NÃO,NÃO,NÃO,NÃO,NÃO,NÃO,NÃO,NÃO,NÃO,NÃO,NÃO,NÃO,NÃO,NÃO,NÃO,NÃO,NÃO,NÃO,NÃO,NÃO,NÃO,NÃO,NÃO,NÃO,NÃO,NÃO,,
1/21/2021 13:16:37,1997,10/3/1997,003/97,DIREÇÃO NACIONAL DO PARTIDO,,,,NÃO,,SIM,Sim,SIM,SIM,SIM,SIM,NÃO,NÃO,NÃO,NÃO,NÃO,NÃO,NÃO,NÃO,NÃO,NÃO,NÃO,NÃO,NÃO,NÃO,NÃO,NÃO,NÃO,NÃO,NÃO,NÃO,NÃO,NÃO,NÃO,NÃO,NÃO,NÃO,NÃO,NÃO,NÃO,NÃO,NÃO,NÃO,NÃO,NÃO,NÃO,NÃO,NÃO,NÃO,NÃO,NÃO,NÃO,NÃO,NÃO,NÃO,NÃO,NÃO,NÃO,NÃO,NÃO,NÃO,NÃO,NÃO,NÃO,NÃO,NÃO,NÃO,NÃO,NÃO,NÃO,NÃO,NÃO,NÃO,NÃO,NÃO,NÃO,NÃO,NÃO,NÃO,NÃO,,
1/21/2021 13:33:10,1997,10/4/1997,004/97,TELEJORNAL,,,,NÃO,,SIM,Sim,SIM,SIM,SIM,NÃO,NÃO,NÃO,NÃO,NÃO,NÃO,NÃO,NÃO,NÃO,NÃO,NÃO,NÃO,NÃO,NÃO,NÃO,NÃO,NÃO,NÃO,NÃO,NÃO,NÃO,NÃO,NÃO,NÃO,NÃO,NÃO,NÃO,NÃO,NÃO,NÃO,NÃO,NÃO,NÃO,NÃO,NÃO,NÃO,NÃO,NÃO,NÃO,NÃO,NÃO,NÃO,NÃO,NÃO,NÃO,NÃO,NÃO,NÃO,NÃO,NÃO,NÃO,NÃO,NÃO,NÃO,NÃO,NÃO,NÃO,NÃO,NÃO,NÃO,NÃO,NÃO,NÃO,NÃO,NÃO,NÃO,NÃO,NÃO,NÃO,NÃO,,
1/21/2021 13:37:18,1997,10/5/1997,008/97b - 009/97a,TELEJORNAL,,,,NÃO,,SIM,Sim,SIM,SIM,SIM,NÃO,NÃO,NÃO,NÃO,NÃO,NÃO,NÃO,NÃO,NÃO,NÃO,NÃO,NÃO,NÃO,NÃO,NÃO,NÃO,NÃO,NÃO,NÃO,NÃO,NÃO,NÃO,NÃO,NÃO,NÃO,NÃO,NÃO,NÃO,NÃO,NÃO,NÃO,NÃO,NÃO,NÃO,NÃO,NÃO,NÃO,NÃO,NÃO,NÃO,NÃO,NÃO,NÃO,NÃO,NÃO,NÃO,NÃO,NÃO,NÃO,NÃO,NÃO,NÃO,NÃO,NÃO,NÃO,NÃO,NÃO,NÃO,NÃO,NÃO,NÃO,NÃO,NÃO,NÃO,NÃO,NÃO,NÃO,NÃO,NÃO,NÃO,,
1/21/2021 13:40:59,1997,10/6/1997,009/97b - 010/97a,TELEJORNAL,,A gravação apresenta defeito de 1:10:36 até 1:26:03 ,,NÃO,,SIM,Sim,SIM,SIM,SIM,NÃO,NÃO,NÃO,NÃO,NÃO,NÃO,NÃO,NÃO,NÃO,NÃO,NÃO,NÃO,NÃO,NÃO,NÃO,NÃO,NÃO,NÃO,NÃO,NÃO,NÃO,NÃO,NÃO,NÃO,NÃO,NÃO,NÃO,NÃO,NÃO,NÃO,NÃO,NÃO,NÃO,NÃO,NÃO,NÃO,NÃO,NÃO,NÃO,NÃO,NÃO,NÃO,NÃO,NÃO,NÃO,NÃO,NÃO,NÃO,NÃO,NÃO,NÃO,NÃO,NÃO,NÃO,NÃO,NÃO,NÃO,NÃO,NÃO,NÃO,NÃO,NÃO,NÃO,NÃO,NÃO,NÃO,NÃO,NÃO,NÃO,NÃO,,
1/21/2021 13:58:59,1997,10/7/1997,011/97A,DIREÇÃO NACIONAL DO PARTIDO,,,,NÃO,,SIM,Sim,SIM,SIM,SIM,NÃO,NÃO,NÃO,NÃO,NÃO,NÃO,NÃO,NÃO,SIM,NÃO,NÃO,NÃO,NÃO,NÃO,NÃO,NÃO,NÃO,NÃO,NÃO,NÃO,NÃO,NÃO,NÃO,NÃO,NÃO,NÃO,NÃO,NÃO,NÃO,NÃO,NÃO,NÃO,NÃO,NÃO,NÃO,NÃO,NÃO,NÃO,NÃO,NÃO,NÃO,NÃO,NÃO,NÃO,NÃO,NÃO,NÃO,NÃO,NÃO,NÃO,NÃO,NÃO,NÃO,NÃO,NÃO,NÃO,NÃO,NÃO,NÃO,NÃO,NÃO,NÃO,NÃO,NÃO,NÃO,NÃO,NÃO,NÃO,NÃO,NÃO,,
1/21/2021 14:02:14,1997,10/8/1997,011/97B - 012/97A,DIREÇÃO NACIONAL DO PARTIDO,,Apresenta defeito de 11:36 até 14:02 ,,NÃO,,SIM,Sim,SIM,SIM,SIM,NÃO,NÃO,NÃO,NÃO,NÃO,SIM,NÃO,NÃO,SIM,NÃO,NÃO,NÃO,NÃO,NÃO,NÃO,NÃO,NÃO,NÃO,NÃO,NÃO,NÃO,NÃO,NÃO,NÃO,NÃO,NÃO,NÃO,NÃO,NÃO,NÃO,NÃO,NÃO,NÃO,NÃO,NÃO,NÃO,NÃO,NÃO,NÃO,NÃO,NÃO,NÃO,NÃO,NÃO,NÃO,NÃO,NÃO,NÃO,NÃO,NÃO,NÃO,NÃO,NÃO,NÃO,NÃO,NÃO,NÃO,NÃO,NÃO,NÃO,NÃO,NÃO,NÃO,NÃO,NÃO,NÃO,NÃO,NÃO,NÃO,NÃO,,
1/21/2021 14:04:37,1997,10/9/1997,013/97B,DIREÇÃO NACIONAL DO PARTIDO,,,,NÃO,,SIM,Sim,SIM,SIM,SIM,NÃO,NÃO,NÃO,NÃO,NÃO,NÃO,NÃO,NÃO,NÃO,NÃO,NÃO,NÃO,NÃO,NÃO,NÃO,NÃO,NÃO,NÃO,NÃO,NÃO,NÃO,NÃO,NÃO,NÃO,NÃO,NÃO,NÃO,NÃO,NÃO,NÃO,NÃO,NÃO,NÃO,NÃO,NÃO,NÃO,NÃO,NÃO,NÃO,NÃO,NÃO,NÃO,NÃO,NÃO,NÃO,NÃO,NÃO,NÃO,NÃO,NÃO,SIM,NÃO,NÃO,NÃO,NÃO,NÃO,NÃO,NÃO,NÃO,NÃO,NÃO,NÃO,NÃO,NÃO,NÃO,NÃO,NÃO,NÃO,NÃO,NÃO,,
1/21/2021 14:06:35,1997,10/10/1997,014/97A,DIREÇÃO NACIONAL DO PARTIDO,,,,NÃO,,SIM,Sim,SIM,SIM,SIM,SIM,NÃO,NÃO,NÃO,NÃO,NÃO,NÃO,NÃO,NÃO,NÃO,NÃO,NÃO,NÃO,NÃO,NÃO,NÃO,NÃO,NÃO,NÃO,NÃO,NÃO,NÃO,NÃO,NÃO,NÃO,NÃO,NÃO,NÃO,NÃO,NÃO,NÃO,NÃO,NÃO,NÃO,NÃO,NÃO,NÃO,NÃO,NÃO,NÃO,NÃO,NÃO,NÃO,NÃO,NÃO,NÃO,NÃO,NÃO,NÃO,NÃO,NÃO,NÃO,NÃO,NÃO,NÃO,NÃO,NÃO,NÃO,NÃO,NÃO,NÃO,NÃO,NÃO,NÃO,NÃO,NÃO,NÃO,NÃO,NÃO,NÃO,,
1/21/2021 14:16:25,1997,10/11/1997,014/97B - 015/97A,DIREÇÃO NACIONAL DO PARTIDO,,A gravação apresenta defeito de 32:52 até 39:48,,NÃO,,SIM,Sim,SIM,SIM,SIM,NÃO,NÃO,NÃO,NÃO,NÃO,SIM,NÃO,NÃO,NÃO,NÃO,NÃO,NÃO,NÃO,NÃO,NÃO,NÃO,NÃO,NÃO,NÃO,NÃO,NÃO,NÃO,NÃO,NÃO,NÃO,NÃO,NÃO,NÃO,NÃO,NÃO,NÃO,NÃO,NÃO,NÃO,NÃO,NÃO,NÃO,NÃO,NÃO,NÃO,NÃO,NÃO,NÃO,NÃO,NÃO,NÃO,NÃO,NÃO,NÃO,NÃO,NÃO,NÃO,NÃO,NÃO,NÃO,NÃO,NÃO,NÃO,NÃO,NÃO,NÃO,NÃO,NÃO,NÃO,NÃO,NÃO,NÃO,NÃO,NÃO,NÃO,,
1/21/2021 14:19:51,1997,10/12/1997,015/97B - 016/97A,DIREÇÃO NACIONAL DO PARTIDO,,,,NÃO,,SIM,Sim,SIM,SIM,SIM,NÃO,NÃO,NÃO,NÃO,NÃO,NÃO,NÃO,NÃO,NÃO,NÃO,NÃO,NÃO,NÃO,NÃO,NÃO,NÃO,NÃO,NÃO,NÃO,NÃO,NÃO,NÃO,NÃO,NÃO,NÃO,NÃO,NÃO,NÃO,NÃO,NÃO,NÃO,NÃO,NÃO,NÃO,NÃO,NÃO,NÃO,NÃO,NÃO,NÃO,NÃO,NÃO,NÃO,NÃO,NÃO,NÃO,NÃO,NÃO,NÃO,NÃO,SIM,NÃO,NÃO,NÃO,NÃO,NÃO,NÃO,NÃO,NÃO,NÃO,NÃO,NÃO,NÃO,NÃO,NÃO,NÃO,NÃO,NÃO,NÃO,NÃO,,
1/21/2021 14:21:51,1997,10/13/1997,016/97B,TELEJORNAL,,,,NÃO,,SIM,Sim,SIM,SIM,SIM,NÃO,NÃO,NÃO,NÃO,NÃO,NÃO,NÃO,NÃO,NÃO,NÃO,NÃO,NÃO,NÃO,NÃO,NÃO,NÃO,NÃO,NÃO,NÃO,NÃO,NÃO,NÃO,NÃO,NÃO,NÃO,NÃO,NÃO,NÃO,NÃO,NÃO,NÃO,NÃO,NÃO,NÃO,NÃO,NÃO,NÃO,NÃO,NÃO,NÃO,NÃO,NÃO,NÃO,NÃO,NÃO,NÃO,NÃO,NÃO,NÃO,NÃO,NÃO,NÃO,NÃO,NÃO,NÃO,NÃO,NÃO,NÃO,NÃO,NÃO,NÃO,NÃO,NÃO,NÃO,NÃO,NÃO,NÃO,NÃO,NÃO,NÃO,,
1/21/2021 14:23:47,1997,10/14/1997,016/97C,TELEJORNAL,,,,NÃO,,SIM,Sim,SIM,SIM,SIM,NÃO,NÃO,NÃO,NÃO,NÃO,NÃO,NÃO,NÃO,NÃO,NÃO,NÃO,NÃO,NÃO,NÃO,NÃO,NÃO,NÃO,NÃO,NÃO,NÃO,NÃO,NÃO,NÃO,NÃO,NÃO,NÃO,NÃO,NÃO,NÃO,NÃO,NÃO,NÃO,NÃO,NÃO,NÃO,NÃO,NÃO,NÃO,NÃO,NÃO,NÃO,NÃO,NÃO,NÃO,NÃO,NÃO,NÃO,NÃO,NÃO,NÃO,NÃO,NÃO,NÃO,NÃO,NÃO,NÃO,NÃO,NÃO,NÃO,NÃO,NÃO,NÃO,NÃO,NÃO,NÃO,NÃO,NÃO,NÃO,NÃO,NÃO,,
1/21/2021 14:26:46,1997,10/15/1997,016/97D - 017/97A,DIREÇÃO NACIONAL DO PARTIDO,,,,NÃO,,SIM,Sim,SIM,SIM,SIM,NÃO,NÃO,SIM,NÃO,NÃO,NÃO,NÃO,NÃO,NÃO,NÃO,NÃO,NÃO,NÃO,NÃO,NÃO,SIM,NÃO,NÃO,NÃO,NÃO,NÃO,NÃO,NÃO,NÃO,NÃO,NÃO,NÃO,NÃO,NÃO,NÃO,NÃO,NÃO,NÃO,NÃO,NÃO,NÃO,NÃO,NÃO,NÃO,NÃO,NÃO,NÃO,NÃO,NÃO,NÃO,NÃO,NÃO,NÃO,NÃO,NÃO,SIM,NÃO,NÃO,NÃO,NÃO,NÃO,NÃO,NÃO,NÃO,NÃO,NÃO,NÃO,NÃO,NÃO,NÃO,NÃO,NÃO,NÃO,NÃO,NÃO,,
1/21/2021 14:28:57,1997,10/16/1997,017/97b,TELEJORNAL,,A gravação começa apresentar defeito de 11:25 até o final do DVD,,NÃO,,SIM,Sim,SIM,SIM,SIM,NÃO,NÃO,NÃO,NÃO,NÃO,NÃO,NÃO,NÃO,NÃO,NÃO,NÃO,NÃO,NÃO,NÃO,NÃO,NÃO,NÃO,NÃO,NÃO,NÃO,NÃO,NÃO,NÃO,NÃO,NÃO,NÃO,NÃO,NÃO,NÃO,NÃO,NÃO,NÃO,NÃO,NÃO,NÃO,NÃO,NÃO,NÃO,NÃO,NÃO,NÃO,NÃO,NÃO,NÃO,NÃO,NÃO,NÃO,NÃO,NÃO,NÃO,NÃO,NÃO,NÃO,NÃO,NÃO,NÃO,NÃO,NÃO,NÃO,NÃO,NÃO,NÃO,NÃO,NÃO,NÃO,NÃO,NÃO,NÃO,NÃO,NÃO,,
1/21/2021 14:33:49,1997,10/17/1997,017/97C,DIREÇÃO NACIONAL DO PARTIDO,,A gravação apresenta defeito de 1:24:05 até o fim,,NÃO,,SIM,Sim,SIM,SIM,SIM,NÃO,NÃO,NÃO,NÃO,NÃO,NÃO,NÃO,NÃO,NÃO,NÃO,NÃO,NÃO,NÃO,NÃO,NÃO,NÃO,NÃO,NÃO,NÃO,NÃO,NÃO,NÃO,NÃO,NÃO,NÃO,NÃO,NÃO,NÃO,NÃO,NÃO,NÃO,NÃO,NÃO,NÃO,NÃO,NÃO,NÃO,NÃO,NÃO,NÃO,NÃO,NÃO,NÃO,NÃO,NÃO,NÃO,NÃO,NÃO,NÃO,NÃO,NÃO,NÃO,NÃO,NÃO,NÃO,NÃO,NÃO,NÃO,NÃO,NÃO,NÃO,NÃO,NÃO,NÃO,NÃO,NÃO,NÃO,NÃO,NÃO,NÃO,,
1/21/2021 14:37:59,1997,10/18/1997,018/97D - 019/97A,DIREÇÃO NACIONAL DO PARTIDO,,,,NÃO,,SIM,Sim,SIM,SIM,SIM,NÃO,NÃO,SIM,NÃO,NÃO,NÃO,NÃO,NÃO,NÃO,NÃO,NÃO,NÃO,NÃO,NÃO,NÃO,NÃO,NÃO,NÃO,NÃO,NÃO,NÃO,NÃO,NÃO,NÃO,NÃO,NÃO,NÃO,NÃO,NÃO,NÃO,NÃO,NÃO,NÃO,NÃO,NÃO,NÃO,NÃO,NÃO,NÃO,NÃO,NÃO,NÃO,NÃO,NÃO,NÃO,NÃO,NÃO,NÃO,NÃO,NÃO,NÃO,NÃO,NÃO,NÃO,NÃO,NÃO,NÃO,NÃO,NÃO,NÃO,NÃO,NÃO,NÃO,NÃO,NÃO,NÃO,NÃO,NÃO,NÃO,NÃO,,
1/21/2021 14:40:16,1997,10/19/1997,019/97B - 020/97A,TELEJORNAL,,,,NÃO,,SIM,Sim,SIM,SIM,SIM,NÃO,NÃO,NÃO,NÃO,NÃO,NÃO,NÃO,NÃO,NÃO,NÃO,NÃO,NÃO,NÃO,NÃO,NÃO,NÃO,NÃO,NÃO,NÃO,NÃO,NÃO,NÃO,NÃO,NÃO,NÃO,NÃO,NÃO,NÃO,NÃO,NÃO,NÃO,NÃO,NÃO,NÃO,NÃO,NÃO,NÃO,NÃO,NÃO,NÃO,NÃO,NÃO,NÃO,NÃO,NÃO,NÃO,NÃO,NÃO,NÃO,NÃO,NÃO,NÃO,NÃO,NÃO,NÃO,NÃO,NÃO,NÃO,NÃO,NÃO,NÃO,NÃO,NÃO,NÃO,NÃO,NÃO,NÃO,NÃO,NÃO,NÃO,,
1/21/2021 14:42:37,1997,10/20/1997,020/97B,TELEJORNAL,,,,NÃO,,SIM,Sim,SIM,SIM,SIM,NÃO,NÃO,NÃO,NÃO,NÃO,NÃO,NÃO,NÃO,NÃO,NÃO,NÃO,NÃO,NÃO,NÃO,NÃO,NÃO,NÃO,NÃO,NÃO,NÃO,NÃO,NÃO,NÃO,NÃO,NÃO,NÃO,NÃO,NÃO,NÃO,NÃO,NÃO,NÃO,NÃO,NÃO,NÃO,NÃO,NÃO,NÃO,NÃO,NÃO,NÃO,NÃO,NÃO,NÃO,NÃO,NÃO,NÃO,NÃO,NÃO,NÃO,NÃO,NÃO,NÃO,NÃO,NÃO,NÃO,NÃO,NÃO,NÃO,NÃO,NÃO,NÃO,NÃO,NÃO,NÃO,NÃO,NÃO,NÃO,NÃO,NÃO,,
1/21/2021 14:44:43,1997,10/21/1997,020/97D,TELEJORNAL,,A qualidade da gravação está ruim,,NÃO,,SIM,Sim,SIM,SIM,SIM,NÃO,NÃO,NÃO,NÃO,NÃO,NÃO,NÃO,NÃO,NÃO,NÃO,NÃO,NÃO,NÃO,NÃO,NÃO,NÃO,NÃO,NÃO,NÃO,NÃO,NÃO,NÃO,NÃO,NÃO,NÃO,NÃO,NÃO,NÃO,NÃO,NÃO,NÃO,NÃO,NÃO,NÃO,NÃO,NÃO,NÃO,NÃO,NÃO,NÃO,NÃO,NÃO,NÃO,NÃO,NÃO,NÃO,NÃO,NÃO,NÃO,NÃO,NÃO,NÃO,NÃO,NÃO,NÃO,NÃO,NÃO,NÃO,NÃO,NÃO,NÃO,NÃO,NÃO,NÃO,NÃO,NÃO,NÃO,NÃO,NÃO,NÃO,,
1/21/2021 14:47:16,1997,10/22/1997,021/97A,DIREÇÃO NACIONAL DO PARTIDO,,,,NÃO,,SIM,Sim,SIM,SIM,SIM,NÃO,NÃO,NÃO,NÃO,NÃO,SIM,NÃO,NÃO,NÃO,NÃO,NÃO,NÃO,NÃO,NÃO,NÃO,NÃO,NÃO,NÃO,NÃO,NÃO,NÃO,NÃO,NÃO,NÃO,NÃO,NÃO,NÃO,NÃO,NÃO,NÃO,NÃO,NÃO,NÃO,NÃO,NÃO,NÃO,NÃO,NÃO,NÃO,NÃO,NÃO,NÃO,NÃO,NÃO,NÃO,NÃO,NÃO,NÃO,NÃO,NÃO,NÃO,NÃO,NÃO,NÃO,NÃO,NÃO,NÃO,NÃO,NÃO,NÃO,NÃO,NÃO,NÃO,NÃO,NÃO,NÃO,NÃO,NÃO,NÃO,NÃO,,
1/21/2021 14:49:42,1997,10/23/1997,021/97B,DIREÇÃO NACIONAL DO PARTIDO,,A qualidade da gravação está ruim,,NÃO,,SIM,Sim,SIM,SIM,SIM,NÃO,SIM,NÃO,NÃO,NÃO,NÃO,NÃO,NÃO,NÃO,NÃO,NÃO,NÃO,NÃO,NÃO,NÃO,NÃO,NÃO,NÃO,NÃO,NÃO,NÃO,NÃO,NÃO,NÃO,NÃO,NÃO,NÃO,NÃO,NÃO,NÃO,NÃO,NÃO,NÃO,NÃO,NÃO,NÃO,NÃO,NÃO,NÃO,NÃO,NÃO,NÃO,NÃO,NÃO,NÃO,NÃO,NÃO,NÃO,NÃO,NÃO,NÃO,NÃO,NÃO,NÃO,NÃO,NÃO,NÃO,NÃO,NÃO,NÃO,NÃO,NÃO,NÃO,NÃO,NÃO,NÃO,NÃO,NÃO,NÃO,NÃO,,
1/21/2021 14:53:07,1997,10/24/1997,021/97C - 022/97A,DIREÇÃO NACIONAL DO PARTIDO,,A qualidade da gravação está ruim,,NÃO,,SIM,Sim,SIM,SIM,SIM,NÃO,NÃO,NÃO,NÃO,NÃO,SIM,NÃO,NÃO,NÃO,NÃO,NÃO,NÃO,NÃO,NÃO,NÃO,NÃO,NÃO,NÃO,NÃO,NÃO,NÃO,NÃO,NÃO,NÃO,NÃO,NÃO,NÃO,NÃO,NÃO,NÃO,NÃO,NÃO,NÃO,NÃO,NÃO,NÃO,NÃO,NÃO,NÃO,NÃO,NÃO,NÃO,NÃO,NÃO,NÃO,NÃO,NÃO,NÃO,NÃO,NÃO,NÃO,NÃO,NÃO,NÃO,NÃO,NÃO,NÃO,NÃO,NÃO,NÃO,NÃO,NÃO,NÃO,NÃO,NÃO,NÃO,NÃO,NÃO,NÃO,NÃO,,
1/21/2021 14:55:49,1997,10/25/1997,022/97B,DIREÇÃO NACIONAL DO PARTIDO,,,,NÃO,,SIM,Sim,SIM,SIM,SIM,NÃO,NÃO,NÃO,NÃO,NÃO,SIM,NÃO,NÃO,NÃO,NÃO,NÃO,NÃO,NÃO,NÃO,NÃO,NÃO,NÃO,NÃO,NÃO,NÃO,NÃO,NÃO,NÃO,NÃO,NÃO,NÃO,NÃO,NÃO,NÃO,NÃO,NÃO,NÃO,NÃO,NÃO,NÃO,NÃO,NÃO,NÃO,NÃO,NÃO,NÃO,NÃO,NÃO,NÃO,NÃO,NÃO,NÃO,NÃO,NÃO,NÃO,NÃO,NÃO,NÃO,NÃO,NÃO,NÃO,NÃO,NÃO,NÃO,NÃO,NÃO,NÃO,NÃO,NÃO,NÃO,NÃO,NÃO,NÃO,NÃO,NÃO,,
1/21/2021 14:57:40,1997,10/26/1997,022/97C,TELEJORNAL,,,,NÃO,,SIM,Sim,SIM,SIM,SIM,NÃO,NÃO,NÃO,NÃO,NÃO,NÃO,NÃO,NÃO,NÃO,NÃO,NÃO,NÃO,NÃO,NÃO,NÃO,NÃO,NÃO,NÃO,NÃO,NÃO,NÃO,NÃO,NÃO,NÃO,NÃO,NÃO,NÃO,NÃO,NÃO,NÃO,NÃO,NÃO,NÃO,NÃO,NÃO,NÃO,NÃO,NÃO,NÃO,NÃO,NÃO,NÃO,NÃO,NÃO,NÃO,NÃO,NÃO,NÃO,NÃO,NÃO,NÃO,NÃO,NÃO,NÃO,NÃO,NÃO,NÃO,NÃO,NÃO,NÃO,NÃO,NÃO,NÃO,NÃO,NÃO,NÃO,NÃO,NÃO,NÃO,NÃO,,
1/21/2021 15:01:18,1997,10/27/1997,022/97D - 023/97A,DIREÇÃO NACIONAL DO PARTIDO,,,,NÃO,,SIM,Sim,SIM,SIM,SIM,NÃO,NÃO,NÃO,NÃO,NÃO,NÃO,NÃO,NÃO,NÃO,NÃO,NÃO,SIM,NÃO,NÃO,NÃO,NÃO,NÃO,NÃO,NÃO,NÃO,NÃO,NÃO,NÃO,NÃO,NÃO,NÃO,NÃO,NÃO,NÃO,NÃO,NÃO,NÃO,NÃO,NÃO,NÃO,NÃO,NÃO,NÃO,NÃO,NÃO,NÃO,NÃO,NÃO,NÃO,NÃO,NÃO,NÃO,NÃO,NÃO,NÃO,NÃO,NÃO,NÃO,NÃO,NÃO,NÃO,NÃO,NÃO,NÃO,NÃO,NÃO,NÃO,NÃO,NÃO,NÃO,NÃO,NÃO,NÃO,NÃO,NÃO,,
1/21/2021 15:03:47,1997,10/28/1997,023/97B,DIREÇÃO NACIONAL DO PARTIDO,,,,NÃO,,SIM,Sim,SIM,SIM,SIM,NÃO,NÃO,NÃO,NÃO,NÃO,NÃO,NÃO,NÃO,NÃO,NÃO,NÃO,SIM,NÃO,NÃO,NÃO,NÃO,NÃO,NÃO,NÃO,NÃO,NÃO,NÃO,NÃO,NÃO,NÃO,NÃO,NÃO,NÃO,NÃO,NÃO,NÃO,NÃO,NÃO,NÃO,NÃO,NÃO,NÃO,NÃO,NÃO,NÃO,NÃO,NÃO,NÃO,NÃO,NÃO,NÃO,NÃO,NÃO,NÃO,NÃO,NÃO,NÃO,NÃO,NÃO,NÃO,NÃO,NÃO,NÃO,NÃO,NÃO,NÃO,NÃO,NÃO,NÃO,NÃO,NÃO,NÃO,NÃO,NÃO,NÃO,,
1/21/2021 15:05:43,1997,10/29/1997,023/97C,DIREÇÃO NACIONAL DO PARTIDO,,,,NÃO,,SIM,Sim,SIM,SIM,SIM,NÃO,NÃO,NÃO,NÃO,NÃO,NÃO,NÃO,NÃO,NÃO,NÃO,NÃO,SIM,NÃO,NÃO,NÃO,NÃO,NÃO,NÃO,NÃO,NÃO,NÃO,NÃO,NÃO,NÃO,NÃO,NÃO,NÃO,NÃO,NÃO,NÃO,NÃO,NÃO,NÃO,NÃO,NÃO,NÃO,NÃO,NÃO,NÃO,NÃO,NÃO,NÃO,NÃO,NÃO,NÃO,NÃO,NÃO,NÃO,NÃO,NÃO,NÃO,NÃO,NÃO,NÃO,NÃO,NÃO,NÃO,NÃO,NÃO,NÃO,NÃO,NÃO,NÃO,NÃO,NÃO,NÃO,NÃO,NÃO,NÃO,NÃO,,
1/21/2021 15:07:41,1997,10/30/1997,024/97A,TELEJORNAL,,,,NÃO,,SIM,Sim,SIM,SIM,SIM,NÃO,NÃO,NÃO,NÃO,NÃO,NÃO,NÃO,NÃO,NÃO,NÃO,NÃO,NÃO,NÃO,NÃO,NÃO,NÃO,NÃO,NÃO,NÃO,NÃO,NÃO,NÃO,NÃO,NÃO,NÃO,NÃO,NÃO,NÃO,NÃO,NÃO,NÃO,NÃO,NÃO,NÃO,NÃO,NÃO,NÃO,NÃO,NÃO,NÃO,NÃO,NÃO,NÃO,NÃO,NÃO,NÃO,NÃO,NÃO,NÃO,NÃO,NÃO,NÃO,NÃO,NÃO,NÃO,NÃO,NÃO,NÃO,NÃO,NÃO,NÃO,NÃO,NÃO,NÃO,NÃO,NÃO,NÃO,NÃO,NÃO,NÃO,,
1/21/2021 15:09:50,1997,10/31/1997,024/97B - 025/97A,TELEJORNAL,,,,NÃO,,SIM,Sim,SIM,SIM,SIM,NÃO,NÃO,NÃO,NÃO,NÃO,NÃO,NÃO,NÃO,NÃO,NÃO,NÃO,NÃO,NÃO,NÃO,NÃO,NÃO,NÃO,NÃO,NÃO,NÃO,NÃO,NÃO,NÃO,NÃO,NÃO,NÃO,NÃO,NÃO,NÃO,NÃO,NÃO,NÃO,NÃO,NÃO,NÃO,NÃO,NÃO,NÃO,NÃO,NÃO,NÃO,NÃO,NÃO,NÃO,NÃO,NÃO,NÃO,NÃO,NÃO,NÃO,NÃO,NÃO,NÃO,NÃO,NÃO,NÃO,NÃO,NÃO,NÃO,NÃO,NÃO,NÃO,NÃO,NÃO,NÃO,NÃO,NÃO,NÃO,NÃO,NÃO,,
1/21/2021 15:12:02,1997,11/1/1997,025/97B - 026/97,TELEJORNAL,,,,NÃO,,SIM,Sim,SIM,SIM,SIM,NÃO,NÃO,NÃO,NÃO,NÃO,NÃO,NÃO,NÃO,NÃO,NÃO,NÃO,NÃO,NÃO,NÃO,NÃO,NÃO,NÃO,NÃO,NÃO,NÃO,NÃO,NÃO,NÃO,NÃO,NÃO,NÃO,NÃO,NÃO,NÃO,NÃO,NÃO,NÃO,NÃO,NÃO,NÃO,NÃO,NÃO,NÃO,NÃO,NÃO,NÃO,NÃO,NÃO,NÃO,NÃO,NÃO,NÃO,NÃO,NÃO,NÃO,NÃO,NÃO,NÃO,NÃO,NÃO,NÃO,NÃO,NÃO,NÃO,NÃO,NÃO,NÃO,NÃO,NÃO,NÃO,NÃO,NÃO,NÃO,NÃO,NÃO,,
1/21/2021 15:14:08,1997,11/2/1997,027/97,TELEJORNAL,,,,NÃO,,SIM,Sim,SIM,SIM,SIM,NÃO,NÃO,NÃO,NÃO,NÃO,NÃO,NÃO,NÃO,NÃO,NÃO,NÃO,NÃO,NÃO,NÃO,NÃO,NÃO,NÃO,NÃO,NÃO,NÃO,NÃO,NÃO,NÃO,NÃO,NÃO,NÃO,NÃO,NÃO,NÃO,NÃO,NÃO,NÃO,NÃO,NÃO,NÃO,NÃO,NÃO,NÃO,NÃO,NÃO,NÃO,NÃO,NÃO,NÃO,NÃO,NÃO,NÃO,NÃO,NÃO,NÃO,NÃO,NÃO,NÃO,NÃO,NÃO,NÃO,NÃO,NÃO,NÃO,NÃO,NÃO,NÃO,NÃO,NÃO,NÃO,NÃO,NÃO,NÃO,NÃO,NÃO,,
1/21/2021 15:16:10,1997,3/11/1997,027/97B - 028/97A,TELEJORNAL,,,,NÃO,,SIM,Sim,SIM,SIM,SIM,NÃO,NÃO,NÃO,NÃO,NÃO,NÃO,NÃO,NÃO,NÃO,NÃO,NÃO,NÃO,NÃO,NÃO,NÃO,NÃO,NÃO,NÃO,NÃO,NÃO,NÃO,NÃO,NÃO,NÃO,NÃO,NÃO,NÃO,NÃO,NÃO,NÃO,NÃO,NÃO,NÃO,NÃO,NÃO,NÃO,NÃO,NÃO,NÃO,NÃO,NÃO,NÃO,NÃO,NÃO,NÃO,NÃO,NÃO,NÃO,NÃO,NÃO,NÃO,NÃO,NÃO,NÃO,NÃO,NÃO,NÃO,NÃO,NÃO,NÃO,NÃO,NÃO,NÃO,NÃO,NÃO,NÃO,NÃO,NÃO,NÃO,NÃO,,
1/21/2021 15:18:37,1997,11/4/1997,028/97B - 029/97,TELEJORNAL,,,,NÃO,,SIM,Sim,SIM,SIM,SIM,NÃO,NÃO,NÃO,NÃO,NÃO,NÃO,NÃO,NÃO,NÃO,NÃO,NÃO,NÃO,NÃO,NÃO,NÃO,NÃO,NÃO,NÃO,NÃO,NÃO,NÃO,NÃO,NÃO,NÃO,NÃO,NÃO,NÃO,NÃO,NÃO,NÃO,NÃO,NÃO,NÃO,NÃO,NÃO,NÃO,NÃO,NÃO,NÃO,NÃO,NÃO,NÃO,NÃO,NÃO,NÃO,NÃO,NÃO,NÃO,NÃO,NÃO,NÃO,NÃO,NÃO,NÃO,NÃO,NÃO,NÃO,NÃO,NÃO,NÃO,NÃO,NÃO,NÃO,NÃO,NÃO,NÃO,NÃO,NÃO,NÃO,NÃO,,
1/21/2021 15:20:36,1997,11/5/1997,030/97,TELEJORNAL,,,,NÃO,,SIM,Sim,SIM,SIM,SIM,NÃO,NÃO,NÃO,NÃO,NÃO,NÃO,NÃO,NÃO,NÃO,NÃO,NÃO,NÃO,NÃO,NÃO,NÃO,NÃO,NÃO,NÃO,NÃO,NÃO,NÃO,NÃO,NÃO,NÃO,NÃO,NÃO,NÃO,NÃO,NÃO,NÃO,NÃO,NÃO,NÃO,NÃO,NÃO,NÃO,NÃO,NÃO,NÃO,NÃO,NÃO,NÃO,NÃO,NÃO,NÃO,NÃO,NÃO,NÃO,NÃO,NÃO,NÃO,NÃO,NÃO,NÃO,NÃO,NÃO,NÃO,NÃO,NÃO,NÃO,NÃO,NÃO,NÃO,NÃO,NÃO,NÃO,NÃO,NÃO,NÃO,NÃO,,
1/21/2021 15:22:26,1997,11/6/1997,031/97,TELEJORNAL,,,,NÃO,,SIM,Sim,SIM,SIM,SIM,NÃO,NÃO,NÃO,NÃO,NÃO,NÃO,NÃO,NÃO,NÃO,NÃO,NÃO,NÃO,NÃO,NÃO,NÃO,NÃO,NÃO,NÃO,NÃO,NÃO,NÃO,NÃO,NÃO,NÃO,NÃO,NÃO,NÃO,NÃO,NÃO,NÃO,NÃO,NÃO,NÃO,NÃO,NÃO,NÃO,NÃO,NÃO,NÃO,NÃO,NÃO,NÃO,NÃO,NÃO,NÃO,NÃO,NÃO,NÃO,NÃO,NÃO,NÃO,NÃO,NÃO,NÃO,NÃO,NÃO,NÃO,NÃO,NÃO,NÃO,NÃO,NÃO,NÃO,NÃO,NÃO,NÃO,NÃO,NÃO,NÃO,NÃO,,
1/21/2021 15:24:24,1997,11/7/1997,032/97 - 033/97,TELEJORNAL,,,,NÃO,,SIM,Sim,SIM,SIM,SIM,NÃO,NÃO,NÃO,NÃO,NÃO,NÃO,NÃO,NÃO,NÃO,NÃO,NÃO,NÃO,NÃO,NÃO,NÃO,NÃO,NÃO,NÃO,NÃO,NÃO,NÃO,NÃO,NÃO,NÃO,NÃO,NÃO,NÃO,NÃO,NÃO,NÃO,NÃO,NÃO,NÃO,NÃO,NÃO,NÃO,NÃO,NÃO,NÃO,NÃO,NÃO,NÃO,NÃO,NÃO,NÃO,NÃO,NÃO,NÃO,NÃO,NÃO,NÃO,NÃO,NÃO,NÃO,NÃO,NÃO,NÃO,NÃO,NÃO,NÃO,NÃO,NÃO,NÃO,NÃO,NÃO,NÃO,NÃO,NÃO,NÃO,NÃO,,
1/21/2021 15:28:35,1997,11/8/1997,034/97A,TELEJORNAL,,,,NÃO,,SIM,Sim,SIM,SIM,SIM,NÃO,NÃO,NÃO,NÃO,NÃO,NÃO,NÃO,NÃO,NÃO,NÃO,NÃO,NÃO,NÃO,NÃO,NÃO,NÃO,NÃO,NÃO,NÃO,NÃO,NÃO,NÃO,NÃO,NÃO,NÃO,NÃO,NÃO,NÃO,NÃO,NÃO,NÃO,NÃO,NÃO,NÃO,NÃO,NÃO,NÃO,NÃO,NÃO,NÃO,NÃO,NÃO,NÃO,NÃO,NÃO,NÃO,NÃO,NÃO,NÃO,NÃO,NÃO,NÃO,NÃO,NÃO,NÃO,NÃO,NÃO,NÃO,NÃO,NÃO,NÃO,NÃO,NÃO,NÃO,NÃO,NÃO,NÃO,NÃO,NÃO,NÃO,,
1/21/2021 15:30:48,1997,11/9/1997,034/97B - 035/97A,TELEJORNAL,,,,NÃO,,SIM,Sim,SIM,SIM,SIM,NÃO,NÃO,NÃO,NÃO,NÃO,NÃO,NÃO,NÃO,NÃO,NÃO,NÃO,NÃO,NÃO,NÃO,NÃO,NÃO,NÃO,NÃO,NÃO,NÃO,NÃO,NÃO,NÃO,NÃO,NÃO,NÃO,NÃO,NÃO,NÃO,NÃO,NÃO,NÃO,NÃO,NÃO,NÃO,NÃO,NÃO,NÃO,NÃO,NÃO,NÃO,NÃO,NÃO,NÃO,NÃO,NÃO,NÃO,NÃO,NÃO,NÃO,NÃO,NÃO,NÃO,NÃO,NÃO,NÃO,NÃO,NÃO,NÃO,NÃO,NÃO,NÃO,NÃO,NÃO,NÃO,NÃO,NÃO,NÃO,NÃO,NÃO,,
1/21/2021 15:32:50,1997,11/10/1997,035/97B - 036/97,TELEJORNAL,,,,NÃO,,SIM,Sim,SIM,SIM,SIM,NÃO,NÃO,NÃO,NÃO,NÃO,NÃO,NÃO,NÃO,NÃO,NÃO,NÃO,NÃO,NÃO,NÃO,NÃO,NÃO,NÃO,NÃO,NÃO,NÃO,NÃO,NÃO,NÃO,NÃO,NÃO,NÃO,NÃO,NÃO,NÃO,NÃO,NÃO,NÃO,NÃO,NÃO,NÃO,NÃO,NÃO,NÃO,NÃO,NÃO,NÃO,NÃO,NÃO,NÃO,NÃO,NÃO,NÃO,NÃO,NÃO,NÃO,NÃO,NÃO,NÃO,NÃO,NÃO,NÃO,NÃO,NÃO,NÃO,NÃO,NÃO,NÃO,NÃO,NÃO,NÃO,NÃO,NÃO,NÃO,NÃO,NÃO,,
1/21/2021 15:34:42,1997,11/11/1997,044/97,TELEJORNAL,,,,NÃO,,SIM,Sim,SIM,SIM,SIM,NÃO,NÃO,NÃO,NÃO,NÃO,NÃO,NÃO,NÃO,NÃO,NÃO,NÃO,NÃO,NÃO,NÃO,NÃO,NÃO,NÃO,NÃO,NÃO,NÃO,NÃO,NÃO,NÃO,NÃO,NÃO,NÃO,NÃO,NÃO,NÃO,NÃO,NÃO,NÃO,NÃO,NÃO,NÃO,NÃO,NÃO,NÃO,NÃO,NÃO,NÃO,NÃO,NÃO,NÃO,NÃO,NÃO,NÃO,NÃO,NÃO,NÃO,NÃO,NÃO,NÃO,NÃO,NÃO,NÃO,NÃO,NÃO,NÃO,NÃO,NÃO,NÃO,NÃO,NÃO,NÃO,NÃO,NÃO,NÃO,NÃO,NÃO,,
1/28/2021 12:14:15,1998,10/1/1998,001/98,HGPE,"PRESIDENTE, DEPUTADO FEDERAL",,"BRASIL, RJ",NÃO,,SIM,Sim,SIM,SIM,SIM,SIM,SIM,SIM,SIM,NÃO,SIM,SIM,NÃO,SIM,SIM,SIM,SIM,SIM,NÃO,SIM,SIM,SIM,NÃO,SIM,SIM,SIM,SIM,NÃO,SIM,NÃO,NÃO,NÃO,NÃO,NÃO,NÃO,NÃO,NÃO,NÃO,NÃO,SIM,SIM,SIM,SIM,NÃO,NÃO,NÃO,NÃO,NÃO,NÃO,SIM,SIM,NÃO,NÃO,NÃO,SIM,SIM,SIM,NÃO,NÃO,NÃO,NÃO,NÃO,NÃO,NÃO,NÃO,NÃO,NÃO,NÃO,NÃO,NÃO,NÃO,NÃO,NÃO,SIM,NÃO,,
1/28/2021 12:17:19,1998,10/2/1998,1-2/98,HGPE,PRESIDENTE,,BRASIL,NÃO,,SIM,Sim,SIM,SIM,SIM,SIM,SIM,SIM,SIM,NÃO,NÃO,NÃO,NÃO,SIM,SIM,NÃO,NÃO,SIM,NÃO,NÃO,NÃO,NÃO,NÃO,NÃO,NÃO,SIM,NÃO,NÃO,NÃO,NÃO,NÃO,NÃO,NÃO,NÃO,NÃO,NÃO,NÃO,NÃO,NÃO,NÃO,NÃO,NÃO,NÃO,NÃO,NÃO,NÃO,NÃO,NÃO,NÃO,NÃO,NÃO,NÃO,NÃO,NÃO,NÃO,NÃO,NÃO,NÃO,NÃO,NÃO,NÃO,NÃO,NÃO,NÃO,NÃO,NÃO,NÃO,NÃO,NÃO,NÃO,NÃO,NÃO,NÃO,NÃO,NÃO,,
1/28/2021 12:20:42,1998,10/3/1998,1-3/98,OUTRO,,A gravação está com defeito,,NÃO,,SIM,Não,SIM,SIM,SIM,NÃO,NÃO,NÃO,NÃO,NÃO,NÃO,NÃO,NÃO,NÃO,NÃO,NÃO,NÃO,NÃO,NÃO,NÃO,NÃO,NÃO,NÃO,NÃO,NÃO,NÃO,NÃO,NÃO,NÃO,NÃO,NÃO,NÃO,NÃO,NÃO,NÃO,NÃO,NÃO,NÃO,NÃO,NÃO,NÃO,NÃO,NÃO,NÃO,NÃO,NÃO,NÃO,NÃO,NÃO,NÃO,NÃO,NÃO,NÃO,NÃO,NÃO,NÃO,NÃO,NÃO,NÃO,NÃO,NÃO,NÃO,NÃO,NÃO,NÃO,NÃO,NÃO,NÃO,NÃO,NÃO,NÃO,NÃO,NÃO,NÃO,NÃO,,
1/28/2021 12:24:05,1998,10/4/1998,1-3/98,HGPE,PRESIDENTE,,BRASIL,NÃO,,SIM,Sim,SIM,SIM,SIM,NÃO,SIM,NÃO,NÃO,NÃO,NÃO,NÃO,NÃO,NÃO,NÃO,NÃO,SIM,NÃO,NÃO,NÃO,SIM,NÃO,NÃO,NÃO,NÃO,NÃO,NÃO,NÃO,NÃO,NÃO,NÃO,NÃO,NÃO,NÃO,NÃO,NÃO,NÃO,NÃO,NÃO,NÃO,NÃO,SIM,NÃO,NÃO,NÃO,NÃO,NÃO,NÃO,NÃO,NÃO,NÃO,NÃO,NÃO,NÃO,NÃO,SIM,NÃO,NÃO,NÃO,NÃO,NÃO,NÃO,NÃO,NÃO,NÃO,NÃO,NÃO,NÃO,NÃO,NÃO,NÃO,NÃO,NÃO,NÃO,NÃO,,
1/28/2021 12:27:38,1998,10/5/1998,1-8/94 - 1-8/98,HGPE,PRESIDENTE,A gravação tem apenas 40 segundos (incompleto),BRASIL,NÃO,,SIM,Não,SIM,SIM,SIM,NÃO,NÃO,NÃO,NÃO,NÃO,NÃO,NÃO,NÃO,NÃO,NÃO,NÃO,NÃO,NÃO,NÃO,NÃO,NÃO,NÃO,NÃO,NÃO,NÃO,NÃO,NÃO,NÃO,NÃO,NÃO,NÃO,NÃO,NÃO,NÃO,NÃO,NÃO,NÃO,NÃO,NÃO,NÃO,NÃO,NÃO,NÃO,NÃO,NÃO,NÃO,NÃO,NÃO,NÃO,SIM,NÃO,NÃO,NÃO,NÃO,NÃO,NÃO,NÃO,NÃO,NÃO,NÃO,NÃO,NÃO,NÃO,NÃO,NÃO,NÃO,NÃO,NÃO,NÃO,NÃO,NÃO,NÃO,NÃO,NÃO,NÃO,,
1/28/2021 12:32:44,1998,10/6/1998,002/98,HGPE,"GOVERNADOR, DEPUTADO ESTADUAL",,RJ,NÃO,Rio de Janeiro,SIM,Sim,SIM,SIM,SIM,SIM,SIM,SIM,SIM,NÃO,SIM,SIM,NÃO,SIM,SIM,SIM,SIM,SIM,NÃO,SIM,SIM,SIM,NÃO,SIM,SIM,SIM,SIM,NÃO,SIM,NÃO,NÃO,NÃO,NÃO,NÃO,NÃO,NÃO,NÃO,NÃO,NÃO,SIM,NÃO,SIM,SIM,NÃO,NÃO,NÃO,NÃO,NÃO,NÃO,SIM,SIM,NÃO,NÃO,NÃO,SIM,SIM,SIM,NÃO,NÃO,NÃO,NÃO,NÃO,NÃO,NÃO,NÃO,NÃO,NÃO,NÃO,NÃO,NÃO,NÃO,NÃO,NÃO,SIM,NÃO,,
1/28/2021 12:39:59,1998,10/7/1998,003/98,HGPE,"PRESIDENTE, DEPUTADO FEDERAL",,"BRASIL, RJ",NÃO,,SIM,Sim,SIM,SIM,SIM,SIM,SIM,SIM,SIM,NÃO,SIM,SIM,NÃO,SIM,SIM,SIM,SIM,SIM,NÃO,SIM,SIM,SIM,NÃO,SIM,SIM,SIM,SIM,NÃO,SIM,NÃO,NÃO,NÃO,NÃO,NÃO,NÃO,NÃO,NÃO,NÃO,NÃO,SIM,SIM,SIM,SIM,NÃO,NÃO,NÃO,NÃO,NÃO,NÃO,SIM,SIM,NÃO,NÃO,NÃO,NÃO,SIM,SIM,NÃO,NÃO,NÃO,NÃO,NÃO,NÃO,NÃO,NÃO,NÃO,NÃO,NÃO,NÃO,NÃO,NÃO,NÃO,NÃO,SIM,NÃO,,
1/28/2021 12:45:17,1998,10/8/1998,004/98,HGPE,"PRESIDENTE, DEPUTADO FEDERAL, DEPUTADO ESTADUAL",,"BRASIL, RJ",NÃO,,SIM,Sim,SIM,SIM,SIM,SIM,SIM,SIM,SIM,NÃO,SIM,SIM,NÃO,SIM,SIM,SIM,SIM,SIM,NÃO,SIM,SIM,SIM,NÃO,SIM,SIM,SIM,SIM,NÃO,SIM,NÃO,NÃO,NÃO,NÃO,NÃO,NÃO,NÃO,NÃO,NÃO,NÃO,SIM,SIM,SIM,SIM,NÃO,NÃO,NÃO,NÃO,NÃO,NÃO,SIM,SIM,NÃO,NÃO,NÃO,NÃO,SIM,SIM,NÃO,NÃO,NÃO,NÃO,NÃO,NÃO,NÃO,NÃO,NÃO,NÃO,NÃO,NÃO,NÃO,NÃO,NÃO,NÃO,SIM,NÃO,,
1/28/2021 12:48:32,1998,10/9/1998,005/97B,TELEJORNAL,,A gravação está na pasta errada e é do ano de 1997,,NÃO,,SIM,Sim,SIM,SIM,SIM,NÃO,NÃO,NÃO,NÃO,NÃO,NÃO,NÃO,NÃO,NÃO,NÃO,NÃO,NÃO,NÃO,NÃO,NÃO,NÃO,NÃO,NÃO,NÃO,NÃO,NÃO,NÃO,NÃO,NÃO,NÃO,NÃO,NÃO,NÃO,NÃO,NÃO,NÃO,NÃO,NÃO,NÃO,NÃO,NÃO,NÃO,NÃO,NÃO,NÃO,NÃO,NÃO,NÃO,NÃO,NÃO,NÃO,NÃO,NÃO,NÃO,NÃO,NÃO,NÃO,NÃO,NÃO,NÃO,NÃO,NÃO,NÃO,NÃO,NÃO,NÃO,NÃO,NÃO,NÃO,NÃO,NÃO,NÃO,NÃO,NÃO,NÃO,,
1/28/2021 12:51:17,1998,10/10/1998,005/97c - 006/97a,TELEJORNAL,,A gravação está na pasta errada e é do ano de 1997,,NÃO,,SIM,Sim,SIM,SIM,SIM,NÃO,NÃO,NÃO,NÃO,NÃO,NÃO,NÃO,NÃO,NÃO,NÃO,NÃO,NÃO,NÃO,NÃO,NÃO,NÃO,NÃO,NÃO,NÃO,NÃO,NÃO,NÃO,NÃO,NÃO,NÃO,NÃO,NÃO,NÃO,NÃO,NÃO,NÃO,NÃO,NÃO,NÃO,NÃO,NÃO,NÃO,NÃO,NÃO,NÃO,NÃO,NÃO,NÃO,NÃO,NÃO,NÃO,NÃO,NÃO,NÃO,NÃO,NÃO,NÃO,NÃO,NÃO,NÃO,NÃO,NÃO,NÃO,NÃO,NÃO,NÃO,NÃO,NÃO,NÃO,NÃO,NÃO,NÃO,NÃO,NÃO,NÃO,,
1/28/2021 12:54:13,1998,10/11/1998,006/97b,TELEJORNAL,,A gravação não abre e parece ser do ano de 1997,,NÃO,,SIM,Sim,SIM,SIM,SIM,NÃO,NÃO,NÃO,NÃO,NÃO,NÃO,NÃO,NÃO,NÃO,NÃO,NÃO,NÃO,NÃO,NÃO,NÃO,NÃO,NÃO,NÃO,NÃO,NÃO,NÃO,NÃO,NÃO,NÃO,NÃO,NÃO,NÃO,NÃO,NÃO,NÃO,NÃO,NÃO,NÃO,NÃO,NÃO,NÃO,NÃO,NÃO,NÃO,NÃO,NÃO,NÃO,NÃO,NÃO,NÃO,NÃO,NÃO,NÃO,NÃO,NÃO,NÃO,NÃO,NÃO,NÃO,NÃO,NÃO,NÃO,NÃO,NÃO,NÃO,NÃO,NÃO,NÃO,NÃO,NÃO,NÃO,NÃO,NÃO,NÃO,NÃO,,
1/28/2021 12:56:47,1998,10/12/1998,006/97D - 007/97A,TELEJORNAL,,A gravação está na pasta errada e é do ano de 1997,,NÃO,,SIM,Sim,SIM,SIM,SIM,NÃO,NÃO,NÃO,NÃO,NÃO,NÃO,NÃO,NÃO,NÃO,NÃO,NÃO,NÃO,NÃO,NÃO,NÃO,NÃO,NÃO,NÃO,NÃO,NÃO,NÃO,NÃO,NÃO,NÃO,NÃO,NÃO,NÃO,NÃO,NÃO,NÃO,NÃO,NÃO,NÃO,NÃO,NÃO,NÃO,NÃO,NÃO,NÃO,NÃO,NÃO,NÃO,NÃO,NÃO,NÃO,NÃO,NÃO,NÃO,NÃO,NÃO,NÃO,NÃO,NÃO,NÃO,NÃO,NÃO,NÃO,NÃO,NÃO,NÃO,NÃO,NÃO,NÃO,NÃO,NÃO,NÃO,NÃO,NÃO,NÃO,NÃO,,
1/28/2021 13:02:39,1998,10/13/1998,006/98a,HGPE,"PRESIDENTE, GOVERNADOR, DEPUTADO ESTADUAL",,"BRASIL, RJ",NÃO,Rio de Janeiro,SIM,Sim,SIM,SIM,SIM,SIM,SIM,SIM,SIM,NÃO,SIM,SIM,NÃO,SIM,SIM,SIM,SIM,SIM,NÃO,SIM,SIM,SIM,NÃO,SIM,SIM,SIM,SIM,NÃO,SIM,NÃO,NÃO,NÃO,NÃO,NÃO,NÃO,NÃO,NÃO,NÃO,NÃO,SIM,NÃO,SIM,SIM,NÃO,NÃO,NÃO,NÃO,NÃO,NÃO,SIM,SIM,NÃO,NÃO,NÃO,SIM,SIM,SIM,NÃO,NÃO,NÃO,NÃO,NÃO,NÃO,NÃO,NÃO,NÃO,NÃO,NÃO,NÃO,NÃO,NÃO,NÃO,NÃO,SIM,NÃO,,
1/28/2021 13:07:36,1998,10/14/1998,006/98b,HGPE,"PRESIDENTE, DEPUTADO FEDERAL",,"BRASIL, RJ",NÃO,,SIM,Sim,SIM,SIM,SIM,SIM,SIM,SIM,SIM,NÃO,SIM,SIM,NÃO,SIM,SIM,SIM,SIM,SIM,NÃO,SIM,SIM,SIM,NÃO,SIM,SIM,SIM,SIM,NÃO,SIM,NÃO,NÃO,NÃO,NÃO,NÃO,NÃO,NÃO,NÃO,NÃO,NÃO,SIM,SIM,SIM,SIM,NÃO,NÃO,NÃO,NÃO,NÃO,NÃO,SIM,SIM,NÃO,NÃO,NÃO,NÃO,SIM,SIM,NÃO,NÃO,NÃO,NÃO,NÃO,NÃO,NÃO,NÃO,NÃO,NÃO,NÃO,NÃO,NÃO,NÃO,NÃO,NÃO,SIM,NÃO,,
1/28/2021 13:10:22,1998,10/15/1998,007/97,TELEJORNAL,,A gravação está na pasta errada e é do ano de 1997,,NÃO,,SIM,Sim,SIM,SIM,SIM,NÃO,NÃO,NÃO,NÃO,NÃO,NÃO,NÃO,NÃO,NÃO,NÃO,NÃO,NÃO,NÃO,NÃO,NÃO,NÃO,NÃO,NÃO,NÃO,NÃO,NÃO,NÃO,NÃO,NÃO,NÃO,NÃO,NÃO,NÃO,NÃO,NÃO,NÃO,NÃO,NÃO,NÃO,NÃO,NÃO,NÃO,NÃO,NÃO,NÃO,NÃO,NÃO,NÃO,NÃO,NÃO,NÃO,NÃO,NÃO,NÃO,NÃO,NÃO,NÃO,NÃO,NÃO,NÃO,NÃO,NÃO,NÃO,NÃO,NÃO,NÃO,NÃO,NÃO,NÃO,NÃO,NÃO,NÃO,NÃO,NÃO,NÃO,,
1/28/2021 13:14:28,1998,10/16/1998,009/98,HGPE,PRESIDENTE,,BRASIL,NÃO,,SIM,Sim,SIM,SIM,SIM,NÃO,SIM,NÃO,NÃO,NÃO,NÃO,SIM,NÃO,NÃO,SIM,SIM,SIM,NÃO,NÃO,NÃO,SIM,SIM,NÃO,NÃO,SIM,SIM,SIM,NÃO,NÃO,NÃO,NÃO,NÃO,NÃO,NÃO,NÃO,NÃO,NÃO,NÃO,NÃO,SIM,NÃO,SIM,SIM,NÃO,NÃO,NÃO,NÃO,NÃO,NÃO,SIM,NÃO,NÃO,NÃO,NÃO,NÃO,SIM,NÃO,NÃO,NÃO,NÃO,NÃO,NÃO,NÃO,NÃO,NÃO,NÃO,NÃO,NÃO,NÃO,NÃO,NÃO,NÃO,NÃO,SIM,NÃO,,
1/28/2021 13:21:28,1998,10/17/1998,010/98,HGPE,"GOVERNADOR, DEPUTADO ESTADUAL",,RJ,NÃO,,SIM,Sim,SIM,SIM,SIM,SIM,SIM,SIM,SIM,NÃO,SIM,SIM,NÃO,SIM,SIM,SIM,SIM,SIM,NÃO,SIM,SIM,SIM,NÃO,SIM,SIM,SIM,SIM,NÃO,SIM,NÃO,NÃO,NÃO,NÃO,NÃO,NÃO,NÃO,NÃO,NÃO,NÃO,SIM,NÃO,SIM,SIM,NÃO,NÃO,NÃO,NÃO,NÃO,NÃO,SIM,SIM,NÃO,NÃO,NÃO,SIM,SIM,SIM,NÃO,NÃO,NÃO,NÃO,NÃO,NÃO,NÃO,NÃO,NÃO,NÃO,NÃO,NÃO,NÃO,NÃO,NÃO,NÃO,SIM,NÃO,,
1/28/2021 13:26:29,1998,10/18/1998,011/98,HGPE,"PRESIDENTE, DEPUTADO FEDERAL",,"BRASIL, RJ",NÃO,,SIM,Sim,SIM,SIM,SIM,SIM,SIM,SIM,SIM,NÃO,SIM,SIM,NÃO,SIM,SIM,SIM,SIM,SIM,NÃO,SIM,SIM,SIM,NÃO,SIM,SIM,SIM,SIM,NÃO,SIM,NÃO,NÃO,NÃO,NÃO,NÃO,NÃO,NÃO,NÃO,NÃO,NÃO,SIM,SIM,SIM,SIM,NÃO,NÃO,NÃO,NÃO,NÃO,NÃO,SIM,SIM,NÃO,NÃO,NÃO,NÃO,SIM,SIM,NÃO,NÃO,NÃO,NÃO,NÃO,NÃO,NÃO,NÃO,NÃO,NÃO,NÃO,NÃO,NÃO,NÃO,NÃO,NÃO,SIM,NÃO,,
1/28/2021 13:31:06,1998,10/19/1998,012/98,HGPE,"GOVERNADOR, DEPUTADO ESTADUAL",,RJ,NÃO,Rio de Janeiro,SIM,Sim,SIM,SIM,SIM,SIM,SIM,SIM,SIM,NÃO,SIM,SIM,NÃO,SIM,SIM,SIM,SIM,SIM,NÃO,SIM,SIM,SIM,NÃO,SIM,SIM,SIM,SIM,NÃO,SIM,NÃO,NÃO,NÃO,NÃO,NÃO,NÃO,NÃO,NÃO,NÃO,NÃO,SIM,NÃO,SIM,SIM,NÃO,NÃO,NÃO,NÃO,NÃO,NÃO,SIM,SIM,NÃO,NÃO,NÃO,SIM,SIM,SIM,NÃO,NÃO,NÃO,NÃO,NÃO,NÃO,NÃO,NÃO,NÃO,NÃO,NÃO,NÃO,NÃO,NÃO,NÃO,NÃO,SIM,NÃO,,
1/28/2021 13:41:01,1998,10/20/1998,013/98,HGPE,"PRESIDENTE, DEPUTADO FEDERAL",,"BRASIL, RJ",NÃO,,SIM,Sim,SIM,SIM,SIM,SIM,SIM,SIM,SIM,NÃO,SIM,SIM,NÃO,SIM,SIM,SIM,SIM,SIM,NÃO,SIM,SIM,SIM,NÃO,SIM,SIM,SIM,SIM,NÃO,SIM,NÃO,NÃO,NÃO,NÃO,NÃO,NÃO,NÃO,NÃO,NÃO,NÃO,SIM,SIM,SIM,SIM,NÃO,NÃO,NÃO,NÃO,NÃO,NÃO,SIM,SIM,NÃO,NÃO,NÃO,NÃO,SIM,SIM,NÃO,NÃO,NÃO,NÃO,NÃO,NÃO,NÃO,NÃO,NÃO,NÃO,NÃO,NÃO,NÃO,NÃO,NÃO,NÃO,SIM,NÃO,,
1/28/2021 13:45:56,1998,10/21/1998,014/98,HGPE,"GOVERNADOR, DEPUTADO ESTADUAL",,RJ,NÃO,Rio de Janeiro,SIM,Sim,SIM,SIM,SIM,SIM,SIM,SIM,SIM,NÃO,SIM,SIM,NÃO,SIM,SIM,SIM,SIM,SIM,NÃO,SIM,SIM,SIM,NÃO,SIM,SIM,SIM,SIM,NÃO,SIM,NÃO,NÃO,NÃO,NÃO,NÃO,NÃO,NÃO,NÃO,NÃO,NÃO,SIM,NÃO,SIM,SIM,NÃO,NÃO,NÃO,NÃO,NÃO,NÃO,SIM,SIM,NÃO,NÃO,NÃO,SIM,SIM,SIM,NÃO,NÃO,NÃO,NÃO,NÃO,NÃO,NÃO,NÃO,NÃO,NÃO,NÃO,NÃO,NÃO,NÃO,NÃO,NÃO,SIM,NÃO,,
1/28/2021 13:50:55,1998,10/22/1998,015/98,HGPE,"PRESIDENTE, DEPUTADO FEDERAL",,"BRASIL, RJ",NÃO,,SIM,Sim,SIM,SIM,SIM,SIM,SIM,SIM,SIM,NÃO,SIM,SIM,NÃO,SIM,SIM,SIM,SIM,SIM,NÃO,SIM,SIM,SIM,NÃO,SIM,SIM,SIM,SIM,NÃO,SIM,NÃO,NÃO,NÃO,NÃO,NÃO,NÃO,NÃO,NÃO,NÃO,NÃO,SIM,SIM,SIM,SIM,NÃO,NÃO,NÃO,NÃO,NÃO,NÃO,SIM,SIM,NÃO,NÃO,NÃO,NÃO,SIM,SIM,NÃO,NÃO,NÃO,NÃO,NÃO,NÃO,NÃO,NÃO,NÃO,NÃO,NÃO,NÃO,NÃO,NÃO,NÃO,NÃO,SIM,NÃO,,
1/28/2021 13:55:40,1998,10/23/1998,016/98,HGPE,"GOVERNADOR, DEPUTADO ESTADUAL",,RJ,NÃO,Rio de Janeiro,SIM,Sim,SIM,SIM,SIM,SIM,SIM,SIM,SIM,NÃO,SIM,SIM,NÃO,SIM,SIM,SIM,SIM,SIM,NÃO,SIM,SIM,SIM,NÃO,SIM,SIM,SIM,SIM,NÃO,SIM,NÃO,NÃO,NÃO,NÃO,NÃO,NÃO,NÃO,NÃO,NÃO,NÃO,SIM,NÃO,SIM,SIM,NÃO,NÃO,NÃO,NÃO,NÃO,NÃO,SIM,SIM,NÃO,NÃO,NÃO,SIM,SIM,SIM,NÃO,NÃO,NÃO,NÃO,NÃO,NÃO,NÃO,NÃO,NÃO,NÃO,NÃO,NÃO,NÃO,NÃO,NÃO,NÃO,SIM,NÃO,,
1/28/2021 14:04:04,1998,10/24/1998,017/98,HGPE,"PRESIDENTE, DEPUTADO FEDERAL",,"BRASIL, RJ",NÃO,,SIM,Sim,SIM,SIM,SIM,SIM,SIM,SIM,SIM,NÃO,SIM,SIM,NÃO,SIM,SIM,SIM,SIM,SIM,NÃO,SIM,SIM,SIM,NÃO,SIM,SIM,SIM,SIM,NÃO,SIM,NÃO,NÃO,NÃO,NÃO,NÃO,NÃO,NÃO,NÃO,NÃO,NÃO,SIM,SIM,SIM,SIM,NÃO,NÃO,NÃO,NÃO,NÃO,NÃO,SIM,SIM,NÃO,NÃO,NÃO,NÃO,SIM,SIM,NÃO,NÃO,NÃO,NÃO,NÃO,NÃO,NÃO,NÃO,NÃO,NÃO,NÃO,NÃO,NÃO,NÃO,NÃO,NÃO,SIM,NÃO,,
1/28/2021 14:09:07,1998,10/25/1998,018/98,HGPE,"PRESIDENTE, DEPUTADO FEDERAL",,"BRASIL, RJ",NÃO,,SIM,Sim,SIM,SIM,SIM,SIM,SIM,SIM,SIM,NÃO,SIM,SIM,NÃO,SIM,SIM,SIM,SIM,SIM,NÃO,SIM,SIM,SIM,NÃO,SIM,SIM,SIM,SIM,NÃO,SIM,NÃO,NÃO,NÃO,NÃO,NÃO,NÃO,NÃO,NÃO,NÃO,NÃO,SIM,SIM,SIM,SIM,NÃO,NÃO,NÃO,NÃO,NÃO,NÃO,SIM,SIM,NÃO,NÃO,NÃO,NÃO,SIM,SIM,NÃO,NÃO,NÃO,NÃO,NÃO,NÃO,NÃO,NÃO,NÃO,NÃO,NÃO,NÃO,NÃO,NÃO,NÃO,NÃO,SIM,NÃO,,
1/28/2021 14:16:07,1998,10/26/1998,019/98,HGPE,"GOVERNADOR, DEPUTADO ESTADUAL",,RJ,NÃO,Rio de Janeiro,SIM,Sim,SIM,SIM,SIM,SIM,SIM,SIM,SIM,NÃO,SIM,SIM,NÃO,SIM,SIM,SIM,SIM,SIM,NÃO,SIM,SIM,SIM,NÃO,SIM,SIM,SIM,SIM,NÃO,SIM,NÃO,NÃO,NÃO,NÃO,NÃO,NÃO,NÃO,NÃO,NÃO,NÃO,SIM,NÃO,SIM,SIM,NÃO,NÃO,NÃO,NÃO,NÃO,NÃO,SIM,SIM,NÃO,NÃO,NÃO,SIM,SIM,SIM,NÃO,NÃO,NÃO,NÃO,NÃO,NÃO,NÃO,NÃO,NÃO,NÃO,NÃO,NÃO,NÃO,NÃO,NÃO,NÃO,SIM,NÃO,,
1/28/2021 14:20:59,1998,10/27/1998,020/98a,HGPE,"GOVERNADOR, DEPUTADO ESTADUAL",,RJ,NÃO,Rio de Janeiro,SIM,Sim,SIM,SIM,SIM,SIM,SIM,SIM,SIM,NÃO,SIM,SIM,NÃO,SIM,SIM,SIM,SIM,SIM,NÃO,SIM,SIM,SIM,NÃO,SIM,SIM,SIM,SIM,NÃO,SIM,NÃO,NÃO,NÃO,NÃO,NÃO,NÃO,NÃO,NÃO,NÃO,NÃO,SIM,NÃO,SIM,SIM,NÃO,NÃO,NÃO,NÃO,NÃO,NÃO,SIM,SIM,NÃO,NÃO,NÃO,SIM,SIM,SIM,NÃO,NÃO,NÃO,NÃO,NÃO,NÃO,NÃO,NÃO,NÃO,NÃO,NÃO,NÃO,NÃO,NÃO,NÃO,NÃO,SIM,NÃO,,
1/28/2021 14:28:32,1998,10/28/1998,020/98b,HGPE,"GOVERNADOR, DEPUTADO ESTADUAL",,RJ,NÃO,Rio de Janeiro,SIM,Sim,SIM,SIM,SIM,SIM,SIM,SIM,SIM,NÃO,SIM,SIM,NÃO,SIM,SIM,SIM,SIM,SIM,NÃO,SIM,SIM,SIM,NÃO,SIM,SIM,SIM,SIM,NÃO,SIM,NÃO,NÃO,NÃO,NÃO,NÃO,NÃO,NÃO,NÃO,NÃO,NÃO,SIM,NÃO,SIM,SIM,NÃO,NÃO,NÃO,NÃO,NÃO,NÃO,SIM,SIM,NÃO,NÃO,NÃO,SIM,SIM,SIM,NÃO,NÃO,NÃO,NÃO,NÃO,NÃO,NÃO,NÃO,NÃO,NÃO,NÃO,NÃO,NÃO,NÃO,NÃO,NÃO,SIM,NÃO,,
5/18/2022 12:50:03,1998,9/8/1998,022/98,HGPE,"PRESIDENTE, DEPUTADO FEDERAL",,"BRASIL, RJ",NÃO,,SIM,Sim,SIM,SIM,SIM,SIM,SIM,SIM,SIM,NÃO,SIM,SIM,NÃO,SIM,SIM,SIM,SIM,SIM,NÃO,SIM,SIM,SIM,NÃO,NÃO,SIM,SIM,SIM,NÃO,SIM,NÃO,NÃO,NÃO,NÃO,NÃO,NÃO,NÃO,NÃO,NÃO,NÃO,SIM,SIM,SIM,SIM,NÃO,NÃO,NÃO,NÃO,NÃO,NÃO,SIM,SIM,NÃO,NÃO,NÃO,SIM,SIM,SIM,NÃO,NÃO,NÃO,NÃO,NÃO,NÃO,NÃO,NÃO,NÃO,NÃO,NÃO,NÃO,NÃO,NÃO,NÃO,NÃO,SIM,NÃO,,
5/18/2022 13:02:03,1998,9/10/1998,024/98A,HGPE,"PRESIDENTE, DEPUTADO FEDERAL",,"BRASIL, RJ",NÃO,,SIM,Sim,SIM,SIM,SIM,SIM,SIM,SIM,SIM,NÃO,SIM,NÃO,NÃO,SIM,SIM,SIM,SIM,SIM,NÃO,SIM,SIM,SIM,NÃO,NÃO,SIM,SIM,SIM,NÃO,SIM,NÃO,NÃO,NÃO,NÃO,NÃO,NÃO,NÃO,NÃO,NÃO,NÃO,SIM,SIM,SIM,SIM,NÃO,NÃO,NÃO,NÃO,NÃO,NÃO,SIM,SIM,NÃO,NÃO,NÃO,SIM,SIM,SIM,NÃO,NÃO,NÃO,NÃO,NÃO,NÃO,NÃO,NÃO,NÃO,NÃO,NÃO,NÃO,NÃO,NÃO,NÃO,NÃO,SIM,NÃO,,
1/28/2021 14:31:49,1998,10/29/1998,024/98B,TELEJORNAL,,A gravação tem apenas 12:10 e aparecem apenas pesquisas simulando as intenções de voto para presidente,,NÃO,,SIM,Sim,SIM,SIM,SIM,NÃO,NÃO,NÃO,NÃO,NÃO,NÃO,NÃO,NÃO,NÃO,NÃO,NÃO,NÃO,NÃO,NÃO,NÃO,NÃO,NÃO,NÃO,NÃO,NÃO,NÃO,NÃO,NÃO,NÃO,NÃO,NÃO,NÃO,NÃO,NÃO,NÃO,NÃO,NÃO,NÃO,NÃO,NÃO,NÃO,NÃO,NÃO,NÃO,NÃO,NÃO,NÃO,NÃO,NÃO,NÃO,NÃO,NÃO,NÃO,NÃO,NÃO,NÃO,NÃO,NÃO,NÃO,NÃO,NÃO,NÃO,NÃO,NÃO,NÃO,NÃO,NÃO,NÃO,NÃO,NÃO,NÃO,NÃO,NÃO,NÃO,NÃO,,
1/28/2021 14:36:39,1998,10/30/1998,025/98,HGPE,"GOVERNADOR, DEPUTADO ESTADUAL",,RJ,NÃO,Rio de Janeiro,SIM,Sim,SIM,SIM,SIM,SIM,SIM,SIM,SIM,NÃO,SIM,SIM,NÃO,SIM,SIM,SIM,SIM,SIM,NÃO,SIM,SIM,SIM,NÃO,SIM,SIM,SIM,SIM,NÃO,SIM,NÃO,NÃO,NÃO,NÃO,NÃO,NÃO,NÃO,NÃO,NÃO,NÃO,SIM,NÃO,SIM,SIM,NÃO,NÃO,NÃO,NÃO,NÃO,NÃO,SIM,SIM,NÃO,NÃO,NÃO,SIM,SIM,SIM,NÃO,NÃO,NÃO,NÃO,NÃO,NÃO,NÃO,NÃO,NÃO,NÃO,NÃO,NÃO,NÃO,NÃO,NÃO,NÃO,SIM,NÃO,,
1/28/2021 14:41:15,1998,10/31/1998,026/98,HGPE,"GOVERNADOR, DEPUTADO ESTADUAL",,RJ,NÃO,Rio de Janeiro,SIM,Sim,SIM,SIM,SIM,SIM,SIM,SIM,SIM,NÃO,SIM,SIM,NÃO,SIM,SIM,SIM,SIM,SIM,NÃO,SIM,SIM,SIM,NÃO,SIM,SIM,SIM,SIM,NÃO,SIM,NÃO,NÃO,NÃO,NÃO,NÃO,NÃO,NÃO,NÃO,NÃO,NÃO,SIM,NÃO,SIM,SIM,NÃO,NÃO,NÃO,NÃO,NÃO,NÃO,SIM,SIM,NÃO,NÃO,NÃO,SIM,SIM,SIM,NÃO,NÃO,NÃO,NÃO,NÃO,NÃO,NÃO,NÃO,NÃO,NÃO,NÃO,NÃO,NÃO,NÃO,NÃO,NÃO,SIM,NÃO,,
1/28/2021 14:46:30,1998,11/1/1998,027/98,HGPE,"PRESIDENTE, DEPUTADO FEDERAL",,"BRASIL, RJ",NÃO,,SIM,Sim,SIM,SIM,SIM,SIM,SIM,SIM,SIM,NÃO,SIM,SIM,NÃO,SIM,SIM,SIM,SIM,SIM,NÃO,SIM,SIM,SIM,NÃO,SIM,SIM,SIM,SIM,NÃO,SIM,NÃO,NÃO,NÃO,NÃO,NÃO,NÃO,NÃO,NÃO,NÃO,NÃO,SIM,SIM,SIM,SIM,NÃO,NÃO,NÃO,NÃO,NÃO,NÃO,SIM,SIM,NÃO,NÃO,NÃO,NÃO,SIM,SIM,NÃO,NÃO,NÃO,NÃO,NÃO,NÃO,NÃO,NÃO,NÃO,NÃO,NÃO,NÃO,NÃO,NÃO,NÃO,NÃO,SIM,NÃO,,
2/4/2021 12:45:40,1998,11/2/1998,028/98,HGPE,"PRESIDENTE, DEPUTADO FEDERAL",,"BRASIL, RJ",NÃO,,SIM,Sim,SIM,SIM,SIM,SIM,SIM,SIM,SIM,NÃO,SIM,SIM,NÃO,SIM,SIM,SIM,SIM,SIM,NÃO,SIM,SIM,SIM,NÃO,NÃO,SIM,SIM,SIM,NÃO,NÃO,NÃO,NÃO,NÃO,NÃO,NÃO,NÃO,NÃO,NÃO,NÃO,NÃO,SIM,SIM,SIM,SIM,NÃO,NÃO,NÃO,NÃO,NÃO,NÃO,SIM,SIM,NÃO,NÃO,NÃO,SIM,SIM,NÃO,NÃO,NÃO,NÃO,NÃO,NÃO,NÃO,NÃO,NÃO,NÃO,NÃO,NÃO,NÃO,NÃO,NÃO,NÃO,NÃO,SIM,NÃO,,
2/4/2021 12:50:25,1998,11/3/1998,029/98,HGPE,"PRESIDENTE, DEPUTADO FEDERAL",,"BRASIL, RJ",NÃO,,SIM,Sim,SIM,SIM,SIM,SIM,SIM,SIM,SIM,NÃO,SIM,SIM,NÃO,SIM,SIM,SIM,SIM,SIM,NÃO,SIM,SIM,SIM,NÃO,NÃO,SIM,SIM,SIM,NÃO,NÃO,NÃO,NÃO,NÃO,NÃO,NÃO,NÃO,NÃO,NÃO,NÃO,NÃO,SIM,SIM,SIM,SIM,NÃO,NÃO,NÃO,NÃO,NÃO,NÃO,SIM,SIM,NÃO,NÃO,NÃO,SIM,SIM,NÃO,NÃO,NÃO,NÃO,NÃO,NÃO,NÃO,NÃO,NÃO,NÃO,NÃO,NÃO,NÃO,NÃO,NÃO,NÃO,NÃO,SIM,NÃO,,
2/4/2021 12:55:18,1998,11/4/1998,030/98B,HGPE,"PRESIDENTE, DEPUTADO FEDERAL",,"BRASIL, RJ",NÃO,,SIM,Sim,SIM,SIM,SIM,SIM,SIM,SIM,SIM,NÃO,SIM,SIM,NÃO,SIM,SIM,SIM,SIM,SIM,NÃO,SIM,SIM,SIM,NÃO,NÃO,SIM,SIM,SIM,NÃO,NÃO,NÃO,NÃO,NÃO,NÃO,NÃO,NÃO,NÃO,NÃO,NÃO,NÃO,SIM,SIM,SIM,SIM,NÃO,NÃO,NÃO,NÃO,NÃO,NÃO,SIM,SIM,NÃO,NÃO,NÃO,SIM,SIM,NÃO,NÃO,NÃO,NÃO,NÃO,NÃO,NÃO,NÃO,NÃO,NÃO,NÃO,NÃO,NÃO,NÃO,NÃO,NÃO,NÃO,SIM,NÃO,,
2/4/2021 12:59:12,1998,11/5/1998,030/98a,HGPE,"GOVERNADOR, DEPUTADO ESTADUAL",,RJ,NÃO,Rio de Janeiro,SIM,Sim,SIM,SIM,SIM,SIM,SIM,SIM,SIM,NÃO,SIM,SIM,NÃO,SIM,SIM,SIM,SIM,SIM,NÃO,SIM,SIM,SIM,NÃO,SIM,SIM,SIM,SIM,NÃO,SIM,NÃO,NÃO,NÃO,NÃO,NÃO,NÃO,NÃO,NÃO,NÃO,NÃO,SIM,NÃO,SIM,SIM,NÃO,NÃO,NÃO,NÃO,NÃO,NÃO,SIM,SIM,NÃO,NÃO,NÃO,SIM,SIM,SIM,NÃO,NÃO,NÃO,NÃO,NÃO,NÃO,NÃO,NÃO,NÃO,NÃO,NÃO,NÃO,NÃO,NÃO,NÃO,NÃO,SIM,NÃO,,
2/4/2021 13:04:34,1998,11/6/1998,031/98a,HGPE,"PRESIDENTE, DEPUTADO FEDERAL",,"BRASIL, RJ",NÃO,,SIM,Sim,SIM,SIM,SIM,SIM,SIM,SIM,SIM,NÃO,SIM,SIM,NÃO,SIM,SIM,SIM,SIM,SIM,NÃO,SIM,SIM,SIM,NÃO,NÃO,SIM,SIM,SIM,NÃO,NÃO,NÃO,NÃO,NÃO,NÃO,NÃO,NÃO,NÃO,NÃO,NÃO,NÃO,SIM,SIM,SIM,SIM,NÃO,NÃO,NÃO,NÃO,NÃO,NÃO,SIM,SIM,NÃO,NÃO,NÃO,SIM,SIM,NÃO,NÃO,NÃO,NÃO,NÃO,NÃO,NÃO,NÃO,NÃO,NÃO,NÃO,NÃO,NÃO,NÃO,NÃO,NÃO,NÃO,SIM,NÃO,,
2/4/2021 13:08:41,1998,11/7/1998,031/98b,HGPE,"GOVERNADOR, DEPUTADO ESTADUAL",,RJ,NÃO,Rio de Janeiro,SIM,Sim,SIM,SIM,SIM,SIM,SIM,SIM,SIM,NÃO,SIM,SIM,NÃO,SIM,SIM,SIM,SIM,SIM,NÃO,SIM,SIM,SIM,NÃO,SIM,SIM,SIM,SIM,NÃO,SIM,NÃO,NÃO,NÃO,NÃO,NÃO,NÃO,NÃO,NÃO,NÃO,NÃO,SIM,NÃO,SIM,SIM,NÃO,NÃO,NÃO,NÃO,NÃO,NÃO,SIM,SIM,NÃO,NÃO,NÃO,SIM,SIM,SIM,NÃO,NÃO,NÃO,NÃO,NÃO,NÃO,NÃO,NÃO,NÃO,NÃO,NÃO,NÃO,NÃO,NÃO,NÃO,NÃO,SIM,NÃO,,
5/18/2022 13:10:07,1998,9/17/1998,032/98A,HGPE,"PRESIDENTE, GOVERNADOR, SENADOR, DEPUTADO FEDERAL",,"BRASIL, RJ",NÃO,,SIM,Sim,SIM,SIM,SIM,SIM,SIM,SIM,SIM,NÃO,SIM,SIM,NÃO,SIM,SIM,SIM,SIM,SIM,NÃO,SIM,SIM,SIM,NÃO,NÃO,SIM,SIM,SIM,NÃO,SIM,NÃO,NÃO,NÃO,NÃO,NÃO,NÃO,NÃO,NÃO,NÃO,NÃO,SIM,SIM,SIM,SIM,NÃO,NÃO,NÃO,NÃO,NÃO,NÃO,SIM,SIM,NÃO,NÃO,NÃO,SIM,SIM,SIM,NÃO,NÃO,NÃO,NÃO,NÃO,NÃO,NÃO,NÃO,NÃO,NÃO,NÃO,NÃO,NÃO,NÃO,NÃO,NÃO,SIM,NÃO,,
5/18/2022 13:23:07,1998,9/17/1998,032/98B,HGPE,"PRESIDENTE, GOVERNADOR, SENADOR, DEPUTADO FEDERAL",,"BRASIL, RJ",NÃO,,SIM,Sim,SIM,SIM,SIM,SIM,SIM,SIM,SIM,NÃO,SIM,SIM,NÃO,SIM,SIM,SIM,SIM,SIM,NÃO,SIM,SIM,SIM,NÃO,NÃO,SIM,SIM,SIM,NÃO,SIM,NÃO,NÃO,NÃO,NÃO,NÃO,NÃO,NÃO,NÃO,NÃO,NÃO,SIM,SIM,SIM,SIM,NÃO,NÃO,NÃO,NÃO,NÃO,NÃO,SIM,SIM,NÃO,NÃO,NÃO,SIM,SIM,SIM,NÃO,NÃO,NÃO,NÃO,NÃO,NÃO,NÃO,NÃO,NÃO,NÃO,NÃO,NÃO,NÃO,NÃO,NÃO,NÃO,SIM,NÃO,,
5/18/2022 13:29:26,1998,9/19/1998,033/98,HGPE,"PRESIDENTE, DEPUTADO FEDERAL",,"BRASIL, RJ",NÃO,,SIM,Sim,SIM,SIM,SIM,SIM,SIM,SIM,SIM,NÃO,SIM,SIM,NÃO,SIM,SIM,SIM,SIM,SIM,NÃO,SIM,SIM,SIM,NÃO,NÃO,SIM,SIM,SIM,NÃO,SIM,NÃO,NÃO,NÃO,NÃO,NÃO,NÃO,NÃO,NÃO,NÃO,NÃO,SIM,SIM,SIM,SIM,NÃO,NÃO,NÃO,NÃO,NÃO,NÃO,SIM,SIM,NÃO,NÃO,NÃO,SIM,NÃO,SIM,NÃO,NÃO,NÃO,NÃO,NÃO,NÃO,NÃO,NÃO,NÃO,NÃO,NÃO,NÃO,NÃO,NÃO,NÃO,NÃO,SIM,NÃO,,
2/4/2021 13:14:08,1998,11/8/1998,034/98,HGPE,"GOVERNADOR, SENADOR, DEPUTADO FEDERAL, DEPUTADO ESTADUAL",A gravação apresenta defeito de 1:13:31 até o fim,RJ,NÃO,Rio de Janeiro,SIM,Sim,SIM,SIM,SIM,SIM,SIM,SIM,SIM,NÃO,SIM,SIM,NÃO,SIM,SIM,SIM,SIM,SIM,NÃO,SIM,SIM,SIM,NÃO,SIM,SIM,SIM,SIM,NÃO,SIM,NÃO,NÃO,NÃO,NÃO,NÃO,NÃO,NÃO,NÃO,NÃO,NÃO,SIM,NÃO,SIM,SIM,NÃO,NÃO,NÃO,NÃO,NÃO,NÃO,SIM,SIM,NÃO,NÃO,NÃO,SIM,SIM,SIM,NÃO,NÃO,NÃO,NÃO,NÃO,NÃO,NÃO,NÃO,NÃO,NÃO,NÃO,NÃO,NÃO,NÃO,NÃO,NÃO,SIM,NÃO,,
5/18/2022 13:33:57,1998,9/22/1998,036/98,HGPE,PRESIDENTE,,BRASIL,NÃO,,SIM,Sim,SIM,SIM,SIM,NÃO,SIM,NÃO,NÃO,NÃO,NÃO,SIM,NÃO,NÃO,SIM,SIM,NÃO,NÃO,NÃO,NÃO,NÃO,SIM,NÃO,NÃO,SIM,NÃO,SIM,NÃO,NÃO,NÃO,NÃO,NÃO,NÃO,NÃO,NÃO,NÃO,NÃO,NÃO,NÃO,NÃO,NÃO,NÃO,NÃO,NÃO,NÃO,NÃO,NÃO,NÃO,NÃO,SIM,SIM,NÃO,NÃO,NÃO,NÃO,SIM,NÃO,NÃO,NÃO,NÃO,NÃO,NÃO,NÃO,NÃO,NÃO,NÃO,NÃO,NÃO,NÃO,NÃO,NÃO,NÃO,NÃO,SIM,NÃO,,
2/4/2021 13:16:53,1998,11/9/1998,039/98,OUTRO,,TV Câmara Aberta com especialista,,NÃO,,SIM,Sim,SIM,SIM,SIM,NÃO,NÃO,NÃO,NÃO,NÃO,NÃO,NÃO,NÃO,NÃO,NÃO,NÃO,NÃO,NÃO,NÃO,NÃO,NÃO,NÃO,NÃO,NÃO,NÃO,NÃO,NÃO,NÃO,NÃO,NÃO,NÃO,NÃO,NÃO,NÃO,NÃO,NÃO,NÃO,NÃO,NÃO,NÃO,NÃO,NÃO,NÃO,NÃO,NÃO,NÃO,NÃO,NÃO,NÃO,NÃO,NÃO,NÃO,NÃO,NÃO,NÃO,NÃO,NÃO,NÃO,NÃO,NÃO,NÃO,NÃO,NÃO,NÃO,NÃO,NÃO,NÃO,NÃO,NÃO,NÃO,NÃO,NÃO,NÃO,NÃO,NÃO,,
2/4/2021 13:27:51,1998,11/10/1998,040/98,HGPE,"PRESIDENTE, DEPUTADO FEDERAL",,"BRASIL, RJ",NÃO,,SIM,Sim,SIM,SIM,SIM,SIM,SIM,SIM,SIM,NÃO,SIM,SIM,NÃO,SIM,SIM,SIM,SIM,SIM,NÃO,SIM,SIM,SIM,NÃO,NÃO,SIM,SIM,SIM,NÃO,NÃO,NÃO,NÃO,NÃO,NÃO,NÃO,NÃO,NÃO,NÃO,NÃO,NÃO,SIM,SIM,SIM,SIM,NÃO,NÃO,NÃO,NÃO,NÃO,NÃO,SIM,SIM,NÃO,NÃO,NÃO,SIM,SIM,NÃO,NÃO,NÃO,NÃO,NÃO,NÃO,NÃO,NÃO,NÃO,NÃO,NÃO,NÃO,NÃO,NÃO,NÃO,NÃO,NÃO,SIM,NÃO,,
2/4/2021 13:31:08,1998,10/11/1998,040/98B,HGPE,"PRESIDENTE, DEPUTADO FEDERAL",,"BRASIL, RJ",NÃO,,SIM,Sim,SIM,SIM,SIM,NÃO,NÃO,SIM,SIM,NÃO,NÃO,SIM,NÃO,NÃO,SIM,NÃO,SIM,SIM,NÃO,NÃO,NÃO,NÃO,NÃO,NÃO,NÃO,SIM,SIM,NÃO,NÃO,NÃO,NÃO,NÃO,NÃO,NÃO,NÃO,NÃO,NÃO,NÃO,NÃO,NÃO,NÃO,SIM,NÃO,NÃO,NÃO,NÃO,NÃO,NÃO,NÃO,SIM,NÃO,NÃO,NÃO,NÃO,NÃO,SIM,NÃO,NÃO,NÃO,NÃO,NÃO,NÃO,NÃO,NÃO,NÃO,NÃO,NÃO,NÃO,NÃO,NÃO,NÃO,NÃO,NÃO,NÃO,NÃO,,
2/4/2021 13:35:50,1998,10/12/1998,041/98A,HGPE,"PRESIDENTE, DEPUTADO FEDERAL",,"BRASIL, RJ",NÃO,,SIM,Sim,SIM,SIM,SIM,SIM,SIM,SIM,SIM,NÃO,SIM,SIM,NÃO,SIM,SIM,SIM,SIM,SIM,NÃO,SIM,SIM,SIM,NÃO,NÃO,SIM,SIM,SIM,NÃO,NÃO,NÃO,NÃO,NÃO,NÃO,NÃO,NÃO,NÃO,NÃO,NÃO,NÃO,SIM,SIM,SIM,SIM,NÃO,NÃO,NÃO,NÃO,NÃO,NÃO,NÃO,SIM,NÃO,NÃO,NÃO,SIM,SIM,NÃO,NÃO,NÃO,NÃO,NÃO,NÃO,NÃO,NÃO,NÃO,NÃO,NÃO,NÃO,NÃO,NÃO,NÃO,NÃO,NÃO,SIM,NÃO,,
2/4/2021 13:39:28,1998,10/13/1998,041/98B,HGPE,"PRESIDENTE, DEPUTADO FEDERAL",,"BRASIL, RJ",NÃO,,SIM,Sim,SIM,SIM,SIM,SIM,NÃO,SIM,SIM,NÃO,NÃO,NÃO,NÃO,NÃO,NÃO,NÃO,NÃO,SIM,NÃO,NÃO,NÃO,NÃO,NÃO,NÃO,NÃO,NÃO,NÃO,NÃO,NÃO,NÃO,NÃO,NÃO,NÃO,NÃO,NÃO,NÃO,NÃO,NÃO,NÃO,NÃO,NÃO,SIM,NÃO,NÃO,NÃO,NÃO,NÃO,NÃO,NÃO,NÃO,NÃO,NÃO,NÃO,NÃO,NÃO,SIM,NÃO,NÃO,NÃO,NÃO,NÃO,NÃO,NÃO,NÃO,NÃO,NÃO,NÃO,NÃO,NÃO,NÃO,NÃO,NÃO,NÃO,NÃO,NÃO,,
2/4/2021 13:45:19,1998,11/14/1998,042/98A,HGPE,"GOVERNADOR, SENADOR, DEPUTADO ESTADUAL",,RJ,NÃO,,SIM,Sim,SIM,SIM,SIM,SIM,SIM,SIM,SIM,NÃO,SIM,SIM,NÃO,SIM,SIM,SIM,SIM,SIM,NÃO,SIM,SIM,SIM,NÃO,SIM,SIM,SIM,SIM,NÃO,SIM,NÃO,NÃO,NÃO,NÃO,NÃO,NÃO,NÃO,NÃO,NÃO,NÃO,SIM,NÃO,SIM,SIM,NÃO,NÃO,NÃO,NÃO,NÃO,NÃO,SIM,SIM,NÃO,NÃO,NÃO,SIM,SIM,SIM,NÃO,NÃO,NÃO,NÃO,NÃO,NÃO,NÃO,NÃO,NÃO,NÃO,NÃO,NÃO,NÃO,NÃO,NÃO,NÃO,SIM,NÃO,,
2/4/2021 13:47:27,1998,11/15/1998,042/98B,ENTREVISTA,PRESIDENTE,,BRASIL,NÃO,,SIM,Sim,SIM,SIM,SIM,NÃO,NÃO,NÃO,NÃO,NÃO,NÃO,NÃO,NÃO,NÃO,SIM,NÃO,NÃO,NÃO,NÃO,NÃO,NÃO,NÃO,NÃO,NÃO,NÃO,NÃO,NÃO,NÃO,NÃO,NÃO,NÃO,NÃO,NÃO,NÃO,NÃO,NÃO,NÃO,NÃO,NÃO,NÃO,NÃO,NÃO,NÃO,NÃO,NÃO,NÃO,NÃO,NÃO,NÃO,NÃO,NÃO,NÃO,NÃO,NÃO,NÃO,NÃO,NÃO,NÃO,NÃO,NÃO,NÃO,NÃO,NÃO,NÃO,NÃO,NÃO,NÃO,NÃO,NÃO,NÃO,NÃO,NÃO,NÃO,NÃO,NÃO,,
2/4/2021 13:52:08,1998,11/16/1998,043/98,HGPE,"PRESIDENTE, DEPUTADO FEDERAL",,"BRASIL, RJ",NÃO,,SIM,Sim,SIM,SIM,SIM,SIM,SIM,SIM,SIM,NÃO,SIM,SIM,NÃO,SIM,SIM,SIM,SIM,SIM,NÃO,SIM,SIM,SIM,NÃO,NÃO,SIM,SIM,SIM,NÃO,NÃO,NÃO,NÃO,NÃO,NÃO,NÃO,NÃO,NÃO,NÃO,NÃO,NÃO,SIM,SIM,SIM,SIM,NÃO,NÃO,NÃO,NÃO,NÃO,NÃO,NÃO,SIM,NÃO,NÃO,NÃO,SIM,SIM,NÃO,NÃO,NÃO,NÃO,NÃO,NÃO,NÃO,NÃO,NÃO,NÃO,NÃO,NÃO,NÃO,NÃO,NÃO,NÃO,NÃO,SIM,NÃO,,
2/4/2021 13:56:23,1998,11/17/1998,044/98A,HGPE,GOVERNADOR,,RJ,SIM,Rio de Janeiro,SIM,Sim,SIM,SIM,SIM,NÃO,NÃO,SIM,NÃO,NÃO,NÃO,NÃO,NÃO,NÃO,NÃO,NÃO,NÃO,NÃO,NÃO,NÃO,NÃO,NÃO,NÃO,NÃO,NÃO,NÃO,NÃO,NÃO,NÃO,NÃO,NÃO,NÃO,NÃO,NÃO,NÃO,NÃO,NÃO,NÃO,NÃO,NÃO,NÃO,SIM,NÃO,NÃO,NÃO,NÃO,NÃO,NÃO,NÃO,NÃO,NÃO,NÃO,NÃO,NÃO,NÃO,NÃO,NÃO,NÃO,NÃO,NÃO,NÃO,NÃO,NÃO,NÃO,NÃO,NÃO,NÃO,NÃO,NÃO,NÃO,NÃO,NÃO,NÃO,NÃO,NÃO,,
2/4/2021 14:03:01,1998,11/18/1998,044/98B,HGPE,GOVERNADOR,,RJ,SIM,Rio de Janeiro,SIM,Sim,SIM,SIM,SIM,NÃO,NÃO,SIM,NÃO,NÃO,NÃO,NÃO,NÃO,NÃO,NÃO,NÃO,NÃO,NÃO,NÃO,NÃO,NÃO,NÃO,NÃO,NÃO,NÃO,NÃO,NÃO,NÃO,NÃO,NÃO,NÃO,NÃO,NÃO,NÃO,NÃO,NÃO,NÃO,NÃO,NÃO,NÃO,NÃO,SIM,NÃO,NÃO,NÃO,NÃO,NÃO,NÃO,NÃO,NÃO,NÃO,NÃO,NÃO,NÃO,NÃO,NÃO,NÃO,NÃO,NÃO,NÃO,NÃO,NÃO,NÃO,NÃO,NÃO,NÃO,NÃO,NÃO,NÃO,NÃO,NÃO,NÃO,NÃO,NÃO,NÃO,,
2/4/2021 14:05:41,1998,11/19/1998,046/98B,HGPE,"GOVERNADOR, DEPUTADO ESTADUAL",,RJ,SIM,Rio de Janeiro,SIM,Sim,SIM,SIM,SIM,NÃO,NÃO,SIM,NÃO,NÃO,NÃO,NÃO,NÃO,NÃO,NÃO,NÃO,NÃO,NÃO,NÃO,NÃO,NÃO,NÃO,NÃO,NÃO,NÃO,NÃO,NÃO,NÃO,NÃO,NÃO,NÃO,NÃO,NÃO,NÃO,NÃO,NÃO,NÃO,NÃO,NÃO,NÃO,NÃO,SIM,NÃO,NÃO,NÃO,NÃO,NÃO,NÃO,NÃO,NÃO,NÃO,NÃO,NÃO,NÃO,NÃO,NÃO,NÃO,NÃO,NÃO,NÃO,NÃO,NÃO,NÃO,NÃO,NÃO,NÃO,NÃO,NÃO,NÃO,NÃO,NÃO,NÃO,NÃO,NÃO,NÃO,,
2/4/2021 14:08:28,1998,11/20/1998,047/98,HGPE,GOVERNADOR,,RJ,SIM,Rio de Janeiro,SIM,Sim,SIM,SIM,SIM,NÃO,NÃO,SIM,NÃO,NÃO,NÃO,NÃO,NÃO,NÃO,NÃO,NÃO,NÃO,NÃO,NÃO,NÃO,NÃO,NÃO,NÃO,NÃO,NÃO,NÃO,NÃO,NÃO,NÃO,NÃO,NÃO,NÃO,NÃO,NÃO,NÃO,NÃO,NÃO,NÃO,NÃO,NÃO,NÃO,SIM,NÃO,NÃO,NÃO,NÃO,NÃO,NÃO,NÃO,NÃO,NÃO,NÃO,NÃO,NÃO,NÃO,NÃO,NÃO,NÃO,NÃO,NÃO,NÃO,NÃO,NÃO,NÃO,NÃO,NÃO,NÃO,NÃO,NÃO,NÃO,NÃO,NÃO,NÃO,NÃO,NÃO,,
2/4/2021 14:10:46,1998,11/21/1998,048/98,HGPE,GOVERNADOR,,RJ,SIM,Rio de Janeiro,SIM,Sim,SIM,SIM,SIM,NÃO,NÃO,SIM,NÃO,NÃO,NÃO,NÃO,NÃO,NÃO,NÃO,NÃO,NÃO,NÃO,NÃO,NÃO,NÃO,NÃO,NÃO,NÃO,NÃO,NÃO,NÃO,NÃO,NÃO,NÃO,NÃO,NÃO,NÃO,NÃO,NÃO,NÃO,NÃO,NÃO,NÃO,NÃO,NÃO,SIM,NÃO,NÃO,NÃO,NÃO,NÃO,NÃO,NÃO,NÃO,NÃO,NÃO,NÃO,NÃO,NÃO,NÃO,NÃO,NÃO,NÃO,NÃO,NÃO,NÃO,NÃO,NÃO,NÃO,NÃO,NÃO,NÃO,NÃO,NÃO,NÃO,NÃO,NÃO,NÃO,NÃO,,
2/4/2021 14:14:17,1998,11/22/1998,049/98A,HGPE,GOVERNADOR,,RJ,SIM,RIo de Janeiro,SIM,Sim,SIM,SIM,SIM,NÃO,NÃO,SIM,NÃO,NÃO,NÃO,NÃO,NÃO,NÃO,NÃO,NÃO,NÃO,NÃO,NÃO,NÃO,NÃO,NÃO,NÃO,NÃO,NÃO,NÃO,NÃO,NÃO,NÃO,NÃO,NÃO,NÃO,NÃO,NÃO,NÃO,NÃO,NÃO,NÃO,NÃO,NÃO,NÃO,SIM,NÃO,NÃO,NÃO,NÃO,NÃO,NÃO,NÃO,NÃO,NÃO,NÃO,NÃO,NÃO,NÃO,NÃO,NÃO,NÃO,NÃO,NÃO,NÃO,NÃO,NÃO,NÃO,NÃO,NÃO,NÃO,NÃO,NÃO,NÃO,NÃO,NÃO,NÃO,NÃO,NÃO,,
2/4/2021 14:16:27,1998,11/23/1998,049/98B,HGPE,GOVERNADOR,,RJ,SIM,Rio de Janeiro,SIM,Sim,SIM,SIM,SIM,NÃO,NÃO,SIM,NÃO,NÃO,NÃO,NÃO,NÃO,NÃO,NÃO,NÃO,NÃO,NÃO,NÃO,NÃO,NÃO,NÃO,NÃO,NÃO,NÃO,NÃO,NÃO,NÃO,NÃO,NÃO,NÃO,NÃO,NÃO,NÃO,NÃO,NÃO,NÃO,NÃO,NÃO,NÃO,NÃO,SIM,NÃO,NÃO,NÃO,NÃO,NÃO,NÃO,NÃO,NÃO,NÃO,NÃO,NÃO,NÃO,NÃO,NÃO,NÃO,NÃO,NÃO,NÃO,NÃO,NÃO,NÃO,NÃO,NÃO,NÃO,NÃO,NÃO,NÃO,NÃO,NÃO,NÃO,NÃO,NÃO,NÃO,,
2/4/2021 14:18:52,1998,11/24/1998,050/98,HGPE,GOVERNADOR,,RJ,SIM,Rio de Janeiro,SIM,Sim,SIM,SIM,SIM,NÃO,NÃO,SIM,NÃO,NÃO,NÃO,NÃO,NÃO,NÃO,NÃO,NÃO,NÃO,NÃO,NÃO,NÃO,NÃO,NÃO,NÃO,NÃO,NÃO,NÃO,NÃO,NÃO,NÃO,NÃO,NÃO,NÃO,NÃO,NÃO,NÃO,NÃO,NÃO,NÃO,NÃO,NÃO,NÃO,SIM,NÃO,NÃO,NÃO,NÃO,NÃO,NÃO,NÃO,NÃO,NÃO,NÃO,NÃO,NÃO,NÃO,NÃO,NÃO,NÃO,NÃO,NÃO,NÃO,NÃO,NÃO,NÃO,NÃO,NÃO,NÃO,NÃO,NÃO,NÃO,NÃO,NÃO,NÃO,NÃO,NÃO,,
2/4/2021 14:22:34,1998,11/25/1998,051/98A,TELEJORNAL,,É um telejornal com alguns compromissos de campanha e pesquisa de intenções de voto,,NÃO,,SIM,Sim,SIM,SIM,SIM,NÃO,NÃO,NÃO,NÃO,NÃO,NÃO,NÃO,NÃO,NÃO,NÃO,NÃO,NÃO,NÃO,NÃO,NÃO,NÃO,NÃO,NÃO,NÃO,NÃO,NÃO,NÃO,NÃO,NÃO,NÃO,NÃO,NÃO,NÃO,NÃO,NÃO,NÃO,NÃO,NÃO,NÃO,NÃO,NÃO,NÃO,NÃO,NÃO,NÃO,NÃO,NÃO,NÃO,NÃO,NÃO,NÃO,NÃO,NÃO,NÃO,NÃO,NÃO,NÃO,NÃO,NÃO,NÃO,NÃO,NÃO,NÃO,NÃO,NÃO,NÃO,NÃO,NÃO,NÃO,NÃO,NÃO,NÃO,NÃO,NÃO,NÃO,,
2/4/2021 14:25:38,1998,11/26/1998,051/98B,TELEJORNAL,,,,NÃO,,SIM,Sim,SIM,SIM,SIM,NÃO,NÃO,NÃO,NÃO,NÃO,NÃO,NÃO,NÃO,NÃO,NÃO,NÃO,NÃO,NÃO,NÃO,NÃO,NÃO,NÃO,NÃO,NÃO,NÃO,NÃO,NÃO,NÃO,NÃO,NÃO,NÃO,NÃO,NÃO,NÃO,NÃO,NÃO,NÃO,NÃO,NÃO,NÃO,NÃO,NÃO,NÃO,NÃO,NÃO,NÃO,NÃO,NÃO,NÃO,NÃO,NÃO,NÃO,NÃO,NÃO,NÃO,NÃO,NÃO,NÃO,NÃO,NÃO,NÃO,NÃO,NÃO,NÃO,NÃO,NÃO,NÃO,NÃO,NÃO,NÃO,NÃO,NÃO,NÃO,NÃO,NÃO,,
2/4/2021 14:27:49,1998,11/27/1998,052/98,TELEJORNAL,,,,NÃO,,SIM,Sim,SIM,SIM,SIM,NÃO,NÃO,NÃO,NÃO,NÃO,NÃO,NÃO,NÃO,NÃO,NÃO,NÃO,NÃO,NÃO,NÃO,NÃO,NÃO,NÃO,NÃO,NÃO,NÃO,NÃO,NÃO,NÃO,NÃO,NÃO,NÃO,NÃO,NÃO,NÃO,NÃO,NÃO,NÃO,NÃO,NÃO,NÃO,NÃO,NÃO,NÃO,NÃO,NÃO,NÃO,NÃO,NÃO,NÃO,NÃO,NÃO,NÃO,NÃO,NÃO,NÃO,NÃO,NÃO,NÃO,NÃO,NÃO,NÃO,NÃO,NÃO,NÃO,NÃO,NÃO,NÃO,NÃO,NÃO,NÃO,NÃO,NÃO,NÃO,NÃO,NÃO,,
2/4/2021 14:33:54,1998,11/28/1998,053/98,MESA REDONDA,,,,NÃO,,SIM,Sim,SIM,SIM,SIM,NÃO,NÃO,NÃO,NÃO,NÃO,NÃO,NÃO,NÃO,NÃO,NÃO,NÃO,NÃO,NÃO,NÃO,NÃO,NÃO,NÃO,NÃO,NÃO,NÃO,NÃO,NÃO,NÃO,NÃO,NÃO,NÃO,NÃO,NÃO,NÃO,NÃO,NÃO,NÃO,NÃO,NÃO,NÃO,NÃO,NÃO,NÃO,NÃO,NÃO,NÃO,NÃO,NÃO,NÃO,NÃO,NÃO,NÃO,NÃO,NÃO,NÃO,NÃO,NÃO,NÃO,NÃO,NÃO,NÃO,NÃO,NÃO,NÃO,NÃO,NÃO,NÃO,NÃO,NÃO,NÃO,NÃO,NÃO,NÃO,NÃO,NÃO,,
2/4/2021 14:36:47,1998,11/29/1998,054/98,ENTREVISTA,GOVERNADOR,,RJ,SIM,Rio de Janeiro,SIM,Sim,SIM,SIM,SIM,NÃO,NÃO,SIM,NÃO,NÃO,NÃO,NÃO,NÃO,NÃO,NÃO,NÃO,NÃO,NÃO,NÃO,NÃO,NÃO,NÃO,NÃO,NÃO,NÃO,NÃO,NÃO,NÃO,NÃO,NÃO,NÃO,NÃO,NÃO,NÃO,NÃO,NÃO,NÃO,NÃO,NÃO,NÃO,NÃO,NÃO,NÃO,NÃO,NÃO,NÃO,NÃO,NÃO,NÃO,NÃO,NÃO,NÃO,NÃO,NÃO,NÃO,NÃO,NÃO,NÃO,NÃO,NÃO,NÃO,NÃO,NÃO,NÃO,NÃO,NÃO,NÃO,NÃO,NÃO,NÃO,NÃO,NÃO,NÃO,NÃO,NÃO,,
2/4/2021 14:39:13,1998,10/1/1998,056/98 - 057/98,TELEJORNAL,,,,NÃO,,SIM,Sim,SIM,SIM,SIM,NÃO,NÃO,NÃO,NÃO,NÃO,NÃO,NÃO,NÃO,NÃO,NÃO,NÃO,NÃO,NÃO,NÃO,NÃO,NÃO,NÃO,NÃO,NÃO,NÃO,NÃO,NÃO,NÃO,NÃO,NÃO,NÃO,NÃO,NÃO,NÃO,NÃO,NÃO,NÃO,NÃO,NÃO,NÃO,NÃO,NÃO,NÃO,NÃO,NÃO,NÃO,NÃO,NÃO,NÃO,NÃO,NÃO,NÃO,NÃO,NÃO,NÃO,NÃO,NÃO,NÃO,NÃO,NÃO,NÃO,NÃO,NÃO,NÃO,NÃO,NÃO,NÃO,NÃO,NÃO,NÃO,NÃO,NÃO,NÃO,NÃO,NÃO,,
2/4/2021 14:45:17,1998,10/2/1998,058/98,TELEJORNAL,,,,NÃO,,SIM,Sim,SIM,SIM,SIM,NÃO,NÃO,NÃO,NÃO,NÃO,NÃO,NÃO,NÃO,NÃO,NÃO,NÃO,NÃO,NÃO,NÃO,NÃO,NÃO,NÃO,NÃO,NÃO,NÃO,NÃO,NÃO,NÃO,NÃO,NÃO,NÃO,NÃO,NÃO,NÃO,NÃO,NÃO,NÃO,NÃO,NÃO,NÃO,NÃO,NÃO,NÃO,NÃO,NÃO,NÃO,NÃO,NÃO,NÃO,NÃO,NÃO,NÃO,NÃO,NÃO,NÃO,NÃO,NÃO,NÃO,NÃO,NÃO,NÃO,NÃO,NÃO,NÃO,NÃO,NÃO,NÃO,NÃO,NÃO,NÃO,NÃO,NÃO,NÃO,NÃO,NÃO,,
2/4/2021 14:47:47,1998,10/3/1998,059/98A,MESA REDONDA,,,,NÃO,,SIM,Sim,SIM,SIM,SIM,NÃO,NÃO,NÃO,NÃO,NÃO,NÃO,NÃO,NÃO,NÃO,NÃO,NÃO,NÃO,NÃO,NÃO,NÃO,NÃO,NÃO,NÃO,NÃO,NÃO,NÃO,NÃO,NÃO,NÃO,NÃO,NÃO,NÃO,NÃO,NÃO,NÃO,NÃO,NÃO,NÃO,NÃO,NÃO,NÃO,NÃO,NÃO,NÃO,NÃO,NÃO,NÃO,NÃO,NÃO,NÃO,NÃO,NÃO,NÃO,NÃO,NÃO,NÃO,NÃO,NÃO,NÃO,NÃO,NÃO,NÃO,NÃO,NÃO,NÃO,NÃO,NÃO,NÃO,NÃO,NÃO,NÃO,NÃO,NÃO,NÃO,NÃO,,
2/4/2021 14:51:18,1998,10/1/1998,059/98B,MESA REDONDA,,,,NÃO,,SIM,Sim,SIM,SIM,SIM,NÃO,NÃO,NÃO,NÃO,NÃO,NÃO,NÃO,NÃO,NÃO,NÃO,NÃO,NÃO,NÃO,NÃO,NÃO,NÃO,NÃO,NÃO,NÃO,NÃO,NÃO,NÃO,NÃO,NÃO,NÃO,NÃO,NÃO,NÃO,NÃO,NÃO,NÃO,NÃO,NÃO,NÃO,NÃO,NÃO,NÃO,NÃO,NÃO,NÃO,NÃO,NÃO,NÃO,NÃO,NÃO,NÃO,NÃO,NÃO,NÃO,NÃO,NÃO,NÃO,NÃO,NÃO,NÃO,NÃO,NÃO,NÃO,NÃO,NÃO,NÃO,NÃO,NÃO,NÃO,NÃO,NÃO,NÃO,NÃO,NÃO,NÃO,,
2/4/2021 14:53:28,1998,10/2/1998,060/98,TELEJORNAL,,É um telejornal com alguns compromissos de campanha e pesquisa de intenções de voto,,NÃO,,SIM,Sim,SIM,SIM,SIM,NÃO,NÃO,NÃO,NÃO,NÃO,NÃO,NÃO,NÃO,NÃO,NÃO,NÃO,NÃO,NÃO,NÃO,NÃO,NÃO,NÃO,NÃO,NÃO,NÃO,NÃO,NÃO,NÃO,NÃO,NÃO,NÃO,NÃO,NÃO,NÃO,NÃO,NÃO,NÃO,NÃO,NÃO,NÃO,NÃO,NÃO,NÃO,NÃO,NÃO,NÃO,NÃO,NÃO,NÃO,NÃO,NÃO,NÃO,NÃO,NÃO,NÃO,NÃO,NÃO,NÃO,NÃO,NÃO,NÃO,NÃO,NÃO,NÃO,NÃO,NÃO,NÃO,NÃO,NÃO,NÃO,NÃO,NÃO,NÃO,NÃO,NÃO,,
2/4/2021 14:55:34,1998,10/3/1998,061/98,ENTREVISTA,PRESIDENTE,,BRASIL,NÃO,,SIM,Sim,SIM,SIM,SIM,NÃO,NÃO,NÃO,NÃO,NÃO,NÃO,SIM,NÃO,NÃO,NÃO,NÃO,NÃO,NÃO,NÃO,NÃO,NÃO,NÃO,NÃO,NÃO,NÃO,NÃO,NÃO,NÃO,NÃO,NÃO,NÃO,NÃO,NÃO,NÃO,NÃO,NÃO,NÃO,NÃO,NÃO,NÃO,NÃO,NÃO,NÃO,NÃO,NÃO,NÃO,NÃO,NÃO,NÃO,NÃO,NÃO,NÃO,NÃO,NÃO,NÃO,NÃO,NÃO,NÃO,NÃO,NÃO,NÃO,NÃO,NÃO,NÃO,NÃO,NÃO,NÃO,NÃO,NÃO,NÃO,NÃO,NÃO,NÃO,NÃO,NÃO,,
2/4/2021 14:58:26,1998,10/4/1998,062/98A,ENTREVISTA,GOVERNADOR,,RJ,NÃO,Rio de Janeiro,SIM,Sim,SIM,SIM,SIM,NÃO,NÃO,SIM,NÃO,NÃO,NÃO,NÃO,NÃO,NÃO,NÃO,NÃO,NÃO,NÃO,NÃO,NÃO,NÃO,NÃO,NÃO,NÃO,NÃO,NÃO,NÃO,NÃO,NÃO,NÃO,NÃO,NÃO,NÃO,NÃO,NÃO,NÃO,NÃO,NÃO,NÃO,NÃO,NÃO,SIM,NÃO,NÃO,NÃO,NÃO,NÃO,NÃO,NÃO,NÃO,NÃO,NÃO,NÃO,NÃO,NÃO,NÃO,NÃO,NÃO,NÃO,NÃO,NÃO,NÃO,NÃO,NÃO,NÃO,NÃO,NÃO,NÃO,NÃO,NÃO,NÃO,NÃO,NÃO,NÃO,NÃO,,
2/4/2021 15:01:38,1998,10/5/1998,062/98B,TELEJORNAL,,É um telejornal com alguns compromissos de campanha e pesquisa de intenções de voto,,NÃO,,SIM,Sim,SIM,SIM,SIM,NÃO,NÃO,NÃO,NÃO,NÃO,NÃO,NÃO,NÃO,NÃO,NÃO,NÃO,NÃO,NÃO,NÃO,NÃO,NÃO,NÃO,NÃO,NÃO,NÃO,NÃO,NÃO,NÃO,NÃO,NÃO,NÃO,NÃO,NÃO,NÃO,NÃO,NÃO,NÃO,NÃO,NÃO,NÃO,NÃO,NÃO,NÃO,NÃO,NÃO,NÃO,NÃO,NÃO,NÃO,NÃO,NÃO,NÃO,NÃO,NÃO,NÃO,NÃO,NÃO,NÃO,NÃO,NÃO,NÃO,NÃO,NÃO,NÃO,NÃO,NÃO,NÃO,NÃO,NÃO,NÃO,NÃO,NÃO,NÃO,NÃO,NÃO,,
2/4/2021 15:04:07,1998,10/6/1998,063/98,TELEJORNAL,,É um telejornal com alguns compromissos de campanha ,,NÃO,,SIM,Sim,SIM,SIM,SIM,NÃO,NÃO,NÃO,NÃO,NÃO,NÃO,NÃO,NÃO,NÃO,NÃO,NÃO,NÃO,NÃO,NÃO,NÃO,NÃO,NÃO,NÃO,NÃO,NÃO,NÃO,NÃO,NÃO,NÃO,NÃO,NÃO,NÃO,NÃO,NÃO,NÃO,NÃO,NÃO,NÃO,NÃO,NÃO,NÃO,NÃO,NÃO,NÃO,NÃO,NÃO,NÃO,NÃO,NÃO,NÃO,NÃO,NÃO,NÃO,NÃO,NÃO,NÃO,NÃO,NÃO,NÃO,NÃO,NÃO,NÃO,NÃO,NÃO,NÃO,NÃO,NÃO,NÃO,NÃO,NÃO,NÃO,NÃO,NÃO,NÃO,NÃO,,
2/4/2021 15:06:28,1998,10/7/1998,072/98,ENTREVISTA,GOVERNADOR,,RJ,SIM,Rio de Janeiro,SIM,Sim,SIM,SIM,SIM,NÃO,NÃO,NÃO,NÃO,NÃO,NÃO,NÃO,NÃO,NÃO,NÃO,NÃO,NÃO,NÃO,NÃO,NÃO,NÃO,NÃO,NÃO,NÃO,NÃO,NÃO,NÃO,NÃO,NÃO,NÃO,NÃO,NÃO,NÃO,NÃO,NÃO,NÃO,NÃO,NÃO,NÃO,NÃO,NÃO,SIM,NÃO,NÃO,NÃO,NÃO,NÃO,NÃO,NÃO,NÃO,NÃO,NÃO,NÃO,NÃO,NÃO,NÃO,NÃO,NÃO,NÃO,NÃO,NÃO,NÃO,NÃO,NÃO,NÃO,NÃO,NÃO,NÃO,NÃO,NÃO,NÃO,NÃO,NÃO,NÃO,NÃO,,
2/4/2021 15:09:49,1998,10/8/1998,073/98,TELEJORNAL,,É um telejornal com alguns compromissos de campanha ,,NÃO,,SIM,Sim,SIM,SIM,SIM,NÃO,NÃO,NÃO,NÃO,NÃO,NÃO,NÃO,NÃO,NÃO,NÃO,NÃO,NÃO,NÃO,NÃO,NÃO,NÃO,NÃO,NÃO,NÃO,NÃO,NÃO,NÃO,NÃO,NÃO,NÃO,NÃO,NÃO,NÃO,NÃO,NÃO,NÃO,NÃO,NÃO,NÃO,NÃO,NÃO,NÃO,NÃO,NÃO,NÃO,NÃO,NÃO,NÃO,NÃO,NÃO,NÃO,NÃO,NÃO,NÃO,NÃO,NÃO,NÃO,NÃO,NÃO,NÃO,NÃO,NÃO,NÃO,NÃO,NÃO,NÃO,NÃO,NÃO,NÃO,NÃO,NÃO,NÃO,NÃO,NÃO,NÃO,,
2/19/2021 16:47:54,1998,10/9/1998,074/98A,ENTREVISTA,PRESIDENTE,,BRASIL,NÃO,,SIM,Sim,SIM,SIM,SIM,SIM,NÃO,NÃO,NÃO,NÃO,NÃO,NÃO,NÃO,NÃO,NÃO,NÃO,NÃO,NÃO,NÃO,NÃO,NÃO,NÃO,NÃO,NÃO,NÃO,NÃO,NÃO,NÃO,NÃO,NÃO,NÃO,NÃO,NÃO,NÃO,NÃO,NÃO,NÃO,NÃO,NÃO,NÃO,NÃO,NÃO,NÃO,NÃO,NÃO,NÃO,NÃO,NÃO,NÃO,NÃO,NÃO,NÃO,NÃO,NÃO,NÃO,NÃO,NÃO,NÃO,NÃO,NÃO,NÃO,NÃO,NÃO,NÃO,NÃO,NÃO,NÃO,NÃO,NÃO,NÃO,NÃO,NÃO,NÃO,NÃO,NÃO,,
2/19/2021 16:51:09,1998,10/10/1998,074/98B,MESA REDONDA,,,,NÃO,,SIM,Sim,SIM,SIM,SIM,NÃO,NÃO,NÃO,NÃO,NÃO,NÃO,NÃO,NÃO,NÃO,NÃO,NÃO,NÃO,NÃO,NÃO,NÃO,NÃO,NÃO,NÃO,NÃO,NÃO,NÃO,NÃO,NÃO,NÃO,NÃO,NÃO,NÃO,NÃO,NÃO,NÃO,NÃO,NÃO,NÃO,NÃO,NÃO,NÃO,NÃO,NÃO,NÃO,NÃO,NÃO,NÃO,NÃO,NÃO,NÃO,NÃO,NÃO,NÃO,NÃO,NÃO,NÃO,NÃO,NÃO,NÃO,NÃO,NÃO,NÃO,NÃO,NÃO,NÃO,NÃO,NÃO,NÃO,NÃO,NÃO,NÃO,NÃO,NÃO,NÃO,NÃO,,
2/19/2021 16:53:51,1998,10/11/1998,076/98,TELEJORNAL,,Telejornal com pesquisas de inteções de voto,,NÃO,,SIM,Sim,SIM,SIM,SIM,NÃO,NÃO,NÃO,NÃO,NÃO,NÃO,NÃO,NÃO,NÃO,NÃO,NÃO,NÃO,NÃO,NÃO,NÃO,NÃO,NÃO,NÃO,NÃO,NÃO,NÃO,NÃO,NÃO,NÃO,NÃO,NÃO,NÃO,NÃO,NÃO,NÃO,NÃO,NÃO,NÃO,NÃO,NÃO,NÃO,NÃO,NÃO,NÃO,NÃO,NÃO,NÃO,NÃO,NÃO,NÃO,NÃO,NÃO,NÃO,NÃO,NÃO,NÃO,NÃO,NÃO,NÃO,NÃO,NÃO,NÃO,NÃO,NÃO,NÃO,NÃO,NÃO,NÃO,NÃO,NÃO,NÃO,NÃO,NÃO,NÃO,NÃO,,
2/19/2021 16:57:04,1998,10/12/1998,078/98,TELEJORNAL,,Telejornal com compromisso de campanha dos candidatos à presidência,,NÃO,,SIM,Sim,SIM,SIM,SIM,NÃO,NÃO,NÃO,NÃO,NÃO,NÃO,NÃO,NÃO,NÃO,NÃO,NÃO,NÃO,NÃO,NÃO,NÃO,NÃO,NÃO,NÃO,NÃO,NÃO,NÃO,NÃO,NÃO,NÃO,NÃO,NÃO,NÃO,NÃO,NÃO,NÃO,NÃO,NÃO,NÃO,NÃO,NÃO,NÃO,NÃO,NÃO,NÃO,NÃO,NÃO,NÃO,NÃO,NÃO,NÃO,NÃO,NÃO,NÃO,NÃO,NÃO,NÃO,NÃO,NÃO,NÃO,NÃO,NÃO,NÃO,NÃO,NÃO,NÃO,NÃO,NÃO,NÃO,NÃO,NÃO,NÃO,NÃO,NÃO,NÃO,NÃO,,
2/19/2021 17:00:08,1998,10/13/1998,080/98,TELEJORNAL,,Telejornal com pesquisas de inteções de voto,,NÃO,,SIM,Sim,SIM,SIM,SIM,NÃO,NÃO,NÃO,NÃO,NÃO,NÃO,NÃO,NÃO,NÃO,NÃO,NÃO,NÃO,NÃO,NÃO,NÃO,NÃO,NÃO,NÃO,NÃO,NÃO,NÃO,NÃO,NÃO,NÃO,NÃO,NÃO,NÃO,NÃO,NÃO,NÃO,NÃO,NÃO,NÃO,NÃO,NÃO,NÃO,NÃO,NÃO,NÃO,NÃO,NÃO,NÃO,NÃO,NÃO,NÃO,NÃO,NÃO,NÃO,NÃO,NÃO,NÃO,NÃO,NÃO,NÃO,NÃO,NÃO,NÃO,NÃO,NÃO,NÃO,NÃO,NÃO,NÃO,NÃO,NÃO,NÃO,NÃO,NÃO,NÃO,NÃO,,
2/19/2021 17:02:34,1998,10/14/1998,083/98,ENTREVISTA,PREFEITO,,RJ,NÃO,,SIM,Sim,SIM,SIM,SIM,NÃO,NÃO,SIM,NÃO,NÃO,NÃO,NÃO,NÃO,NÃO,NÃO,NÃO,NÃO,NÃO,NÃO,NÃO,NÃO,NÃO,NÃO,NÃO,NÃO,NÃO,NÃO,NÃO,NÃO,NÃO,NÃO,NÃO,NÃO,NÃO,NÃO,NÃO,NÃO,NÃO,NÃO,NÃO,NÃO,NÃO,NÃO,NÃO,NÃO,NÃO,NÃO,NÃO,NÃO,NÃO,NÃO,NÃO,NÃO,NÃO,NÃO,NÃO,NÃO,NÃO,NÃO,NÃO,NÃO,NÃO,NÃO,NÃO,NÃO,NÃO,NÃO,NÃO,NÃO,NÃO,NÃO,NÃO,NÃO,NÃO,NÃO,,
2/19/2021 18:05:37,1998,10/15/1998,084/98,MESA REDONDA,,,,NÃO,,SIM,Sim,SIM,SIM,SIM,NÃO,NÃO,NÃO,NÃO,NÃO,NÃO,NÃO,NÃO,NÃO,NÃO,NÃO,NÃO,NÃO,NÃO,NÃO,NÃO,NÃO,NÃO,NÃO,NÃO,NÃO,NÃO,NÃO,NÃO,NÃO,NÃO,NÃO,NÃO,NÃO,NÃO,NÃO,NÃO,NÃO,NÃO,NÃO,NÃO,NÃO,NÃO,NÃO,NÃO,NÃO,NÃO,NÃO,NÃO,NÃO,NÃO,NÃO,NÃO,NÃO,NÃO,NÃO,NÃO,NÃO,NÃO,NÃO,NÃO,NÃO,NÃO,NÃO,NÃO,NÃO,NÃO,NÃO,NÃO,NÃO,NÃO,NÃO,NÃO,NÃO,NÃO,,
2/19/2021 18:27:46,1998,10/16/1998,085/98,TELEJORNAL,,Telejornal com compromisso de campanha e intenções de voto para a presidência,,NÃO,,SIM,Sim,SIM,SIM,SIM,NÃO,NÃO,NÃO,NÃO,NÃO,NÃO,NÃO,NÃO,NÃO,NÃO,NÃO,NÃO,NÃO,NÃO,NÃO,NÃO,NÃO,NÃO,NÃO,NÃO,NÃO,NÃO,NÃO,NÃO,NÃO,NÃO,NÃO,NÃO,NÃO,NÃO,NÃO,NÃO,NÃO,NÃO,NÃO,NÃO,NÃO,NÃO,NÃO,NÃO,NÃO,NÃO,NÃO,NÃO,NÃO,NÃO,NÃO,NÃO,NÃO,NÃO,NÃO,NÃO,NÃO,NÃO,NÃO,NÃO,NÃO,NÃO,NÃO,NÃO,NÃO,NÃO,NÃO,NÃO,NÃO,NÃO,NÃO,NÃO,NÃO,NÃO,,
2/19/2021 18:31:06,1998,10/17/1998,086/98,TELEJORNAL,,Telejornal com compromisso de campanha e intenções de voto para a presidência,,NÃO,,SIM,Sim,SIM,SIM,SIM,NÃO,NÃO,NÃO,NÃO,NÃO,NÃO,NÃO,NÃO,NÃO,NÃO,NÃO,NÃO,NÃO,NÃO,NÃO,NÃO,NÃO,NÃO,NÃO,NÃO,NÃO,NÃO,NÃO,NÃO,NÃO,NÃO,NÃO,NÃO,NÃO,NÃO,NÃO,NÃO,NÃO,NÃO,NÃO,NÃO,NÃO,NÃO,NÃO,NÃO,NÃO,NÃO,NÃO,NÃO,NÃO,NÃO,NÃO,NÃO,NÃO,NÃO,NÃO,NÃO,NÃO,NÃO,NÃO,NÃO,NÃO,NÃO,NÃO,NÃO,NÃO,NÃO,NÃO,NÃO,NÃO,NÃO,NÃO,NÃO,NÃO,NÃO,,
2/19/2021 18:33:30,1998,10/18/1998,086/98B,MESA REDONDA,,Roda com especialistas,,NÃO,,SIM,Sim,SIM,SIM,SIM,NÃO,NÃO,NÃO,NÃO,NÃO,NÃO,NÃO,NÃO,NÃO,NÃO,NÃO,NÃO,NÃO,NÃO,NÃO,NÃO,NÃO,NÃO,NÃO,NÃO,NÃO,NÃO,NÃO,NÃO,NÃO,NÃO,NÃO,NÃO,NÃO,NÃO,NÃO,NÃO,NÃO,NÃO,NÃO,NÃO,NÃO,NÃO,NÃO,NÃO,NÃO,NÃO,NÃO,NÃO,NÃO,NÃO,NÃO,NÃO,NÃO,NÃO,NÃO,NÃO,NÃO,NÃO,NÃO,NÃO,NÃO,NÃO,NÃO,NÃO,NÃO,NÃO,NÃO,NÃO,NÃO,NÃO,NÃO,NÃO,NÃO,NÃO,,
2/19/2021 18:38:11,1998,10/19/1998,087/98A,HGPE,"GOVERNADOR, DEPUTADO ESTADUAL",,RJ,NÃO,Rio de Janeiro,SIM,Sim,SIM,SIM,SIM,SIM,SIM,SIM,SIM,NÃO,SIM,SIM,NÃO,SIM,SIM,SIM,SIM,SIM,NÃO,SIM,SIM,SIM,NÃO,SIM,SIM,SIM,SIM,NÃO,SIM,NÃO,NÃO,NÃO,NÃO,NÃO,NÃO,NÃO,NÃO,NÃO,NÃO,SIM,SIM,SIM,SIM,NÃO,NÃO,NÃO,NÃO,NÃO,NÃO,SIM,SIM,NÃO,NÃO,NÃO,SIM,SIM,SIM,NÃO,NÃO,NÃO,NÃO,NÃO,NÃO,NÃO,NÃO,NÃO,NÃO,NÃO,NÃO,NÃO,NÃO,NÃO,NÃO,SIM,NÃO,,
2/19/2021 18:40:38,1998,10/20/1998,087/98B,MESA REDONDA,,,,NÃO,,SIM,Sim,SIM,SIM,SIM,NÃO,NÃO,NÃO,NÃO,NÃO,NÃO,NÃO,NÃO,NÃO,NÃO,NÃO,NÃO,NÃO,NÃO,NÃO,NÃO,NÃO,NÃO,NÃO,NÃO,NÃO,NÃO,NÃO,NÃO,NÃO,NÃO,NÃO,NÃO,NÃO,NÃO,NÃO,NÃO,NÃO,NÃO,NÃO,NÃO,NÃO,NÃO,NÃO,NÃO,NÃO,NÃO,NÃO,NÃO,NÃO,NÃO,NÃO,NÃO,NÃO,NÃO,NÃO,NÃO,NÃO,NÃO,NÃO,NÃO,NÃO,NÃO,NÃO,NÃO,NÃO,NÃO,NÃO,NÃO,NÃO,NÃO,NÃO,NÃO,NÃO,NÃO,,
2/19/2021 18:43:19,1998,10/21/1998,088/98A,ENTREVISTA,,,,NÃO,,SIM,Sim,SIM,SIM,SIM,NÃO,NÃO,NÃO,NÃO,NÃO,NÃO,NÃO,NÃO,SIM,NÃO,NÃO,NÃO,NÃO,NÃO,NÃO,NÃO,NÃO,NÃO,NÃO,NÃO,NÃO,NÃO,NÃO,NÃO,NÃO,NÃO,NÃO,NÃO,NÃO,NÃO,NÃO,NÃO,NÃO,NÃO,NÃO,NÃO,NÃO,NÃO,NÃO,NÃO,NÃO,NÃO,NÃO,NÃO,NÃO,NÃO,NÃO,NÃO,NÃO,NÃO,NÃO,NÃO,NÃO,NÃO,NÃO,NÃO,NÃO,NÃO,NÃO,NÃO,NÃO,NÃO,NÃO,NÃO,NÃO,NÃO,NÃO,NÃO,NÃO,NÃO,,
2/19/2021 18:46:07,1998,10/22/1998,088/98B,TELEJORNAL,,Telejornal com compromisso de campanha e intenções de voto para a presidência,,NÃO,,SIM,Sim,SIM,SIM,SIM,NÃO,NÃO,NÃO,NÃO,NÃO,NÃO,NÃO,NÃO,NÃO,NÃO,NÃO,NÃO,NÃO,NÃO,NÃO,NÃO,NÃO,NÃO,NÃO,NÃO,NÃO,NÃO,NÃO,NÃO,NÃO,NÃO,NÃO,NÃO,NÃO,NÃO,NÃO,NÃO,NÃO,NÃO,NÃO,NÃO,NÃO,NÃO,NÃO,NÃO,NÃO,NÃO,NÃO,NÃO,NÃO,NÃO,NÃO,NÃO,NÃO,NÃO,NÃO,NÃO,NÃO,NÃO,NÃO,NÃO,NÃO,NÃO,NÃO,NÃO,NÃO,NÃO,NÃO,NÃO,NÃO,NÃO,NÃO,NÃO,NÃO,NÃO,,
2/19/2021 18:53:10,1998,10/23/1998,089/98A,HGPE,"GOVERNADOR, DEPUTADO ESTADUAL",,RJ,NÃO,Rio de Janeiro,SIM,Sim,SIM,SIM,SIM,SIM,SIM,SIM,SIM,NÃO,SIM,SIM,NÃO,SIM,SIM,SIM,SIM,SIM,NÃO,SIM,SIM,SIM,NÃO,SIM,SIM,SIM,SIM,NÃO,SIM,NÃO,NÃO,NÃO,NÃO,NÃO,NÃO,NÃO,NÃO,NÃO,NÃO,SIM,SIM,SIM,SIM,NÃO,NÃO,NÃO,NÃO,NÃO,NÃO,SIM,SIM,NÃO,NÃO,NÃO,SIM,SIM,SIM,NÃO,NÃO,NÃO,NÃO,NÃO,NÃO,NÃO,NÃO,NÃO,NÃO,NÃO,NÃO,NÃO,NÃO,NÃO,NÃO,SIM,NÃO,,
2/19/2021 18:58:41,1998,10/24/1998,089/98B,HGPE,"PRESIDENTE, GOVERNADOR, DEPUTADO FEDERAL, DEPUTADO ESTADUAL",,"BRASIL, RJ",NÃO,Rio de Janeiro,SIM,Sim,SIM,SIM,SIM,SIM,SIM,SIM,SIM,NÃO,SIM,SIM,NÃO,SIM,SIM,SIM,SIM,SIM,NÃO,SIM,SIM,SIM,NÃO,SIM,SIM,SIM,SIM,NÃO,SIM,NÃO,NÃO,NÃO,NÃO,NÃO,NÃO,NÃO,NÃO,NÃO,NÃO,SIM,SIM,SIM,SIM,NÃO,NÃO,NÃO,NÃO,NÃO,NÃO,SIM,SIM,NÃO,NÃO,NÃO,SIM,SIM,SIM,NÃO,NÃO,NÃO,NÃO,NÃO,NÃO,NÃO,NÃO,NÃO,NÃO,NÃO,NÃO,NÃO,NÃO,NÃO,NÃO,SIM,NÃO,,
2/19/2021 19:04:16,1998,10/25/1998,090/98,ENTREVISTA,GOVERNADOR,Parte é de telejornal com o dia da votação para presidente e governador do RJ,RJ,NÃO,Rio de Janeiro,SIM,Sim,SIM,SIM,SIM,NÃO,NÃO,SIM,NÃO,NÃO,NÃO,NÃO,NÃO,NÃO,NÃO,NÃO,NÃO,NÃO,NÃO,NÃO,NÃO,NÃO,NÃO,NÃO,NÃO,NÃO,NÃO,NÃO,NÃO,NÃO,NÃO,NÃO,NÃO,NÃO,NÃO,NÃO,NÃO,NÃO,NÃO,NÃO,NÃO,SIM,NÃO,NÃO,NÃO,NÃO,NÃO,NÃO,NÃO,NÃO,NÃO,NÃO,NÃO,NÃO,NÃO,NÃO,NÃO,NÃO,NÃO,NÃO,NÃO,NÃO,NÃO,NÃO,NÃO,NÃO,NÃO,NÃO,NÃO,NÃO,NÃO,NÃO,NÃO,NÃO,NÃO,,
2/19/2021 19:07:02,1998,10/26/1998,091/98,ENTREVISTA,GOVERNADOR,,RJ,SIM,Rio de Janeiro,SIM,Sim,SIM,SIM,SIM,NÃO,NÃO,SIM,NÃO,NÃO,NÃO,NÃO,NÃO,NÃO,NÃO,NÃO,NÃO,NÃO,NÃO,NÃO,NÃO,NÃO,NÃO,NÃO,NÃO,NÃO,NÃO,NÃO,NÃO,NÃO,NÃO,NÃO,NÃO,NÃO,NÃO,NÃO,NÃO,NÃO,NÃO,NÃO,NÃO,SIM,NÃO,NÃO,NÃO,NÃO,NÃO,NÃO,NÃO,NÃO,NÃO,NÃO,NÃO,NÃO,NÃO,NÃO,NÃO,NÃO,NÃO,NÃO,NÃO,NÃO,NÃO,NÃO,NÃO,NÃO,NÃO,NÃO,NÃO,NÃO,NÃO,NÃO,NÃO,NÃO,NÃO,,
2/19/2021 19:10:29,1998,10/27/1998,092/98,ENTREVISTA,GOVERNADOR,,RJ,SIM,Rio de Janeiro,SIM,Sim,SIM,SIM,SIM,NÃO,NÃO,NÃO,NÃO,NÃO,NÃO,NÃO,NÃO,NÃO,NÃO,NÃO,NÃO,NÃO,NÃO,NÃO,NÃO,NÃO,NÃO,NÃO,NÃO,NÃO,NÃO,NÃO,NÃO,NÃO,NÃO,NÃO,NÃO,NÃO,NÃO,NÃO,NÃO,NÃO,NÃO,NÃO,NÃO,SIM,NÃO,NÃO,NÃO,NÃO,NÃO,NÃO,NÃO,NÃO,NÃO,NÃO,NÃO,NÃO,NÃO,NÃO,NÃO,NÃO,NÃO,NÃO,NÃO,NÃO,NÃO,NÃO,NÃO,NÃO,NÃO,NÃO,NÃO,NÃO,NÃO,NÃO,NÃO,NÃO,NÃO,,
2/19/2021 19:13:36,1998,10/28/1998,093/98,TELEJORNAL,,Telejornal com compromisso de campanha e intenções de voto 2º turno governador RJ,,NÃO,,SIM,Sim,SIM,SIM,SIM,NÃO,NÃO,NÃO,NÃO,NÃO,NÃO,NÃO,NÃO,NÃO,NÃO,NÃO,NÃO,NÃO,NÃO,NÃO,NÃO,NÃO,NÃO,NÃO,NÃO,NÃO,NÃO,NÃO,NÃO,NÃO,NÃO,NÃO,NÃO,NÃO,NÃO,NÃO,NÃO,NÃO,NÃO,NÃO,NÃO,NÃO,NÃO,NÃO,NÃO,NÃO,NÃO,NÃO,NÃO,NÃO,NÃO,NÃO,NÃO,NÃO,NÃO,NÃO,NÃO,NÃO,NÃO,NÃO,NÃO,NÃO,NÃO,NÃO,NÃO,NÃO,NÃO,NÃO,NÃO,NÃO,NÃO,NÃO,NÃO,NÃO,NÃO,,
2/19/2021 19:17:11,1998,10/29/1998,096/98,DIREÇÃO NACIONAL DO PARTIDO,,,,NÃO,,SIM,Sim,SIM,SIM,SIM,NÃO,NÃO,SIM,NÃO,NÃO,SIM,NÃO,NÃO,SIM,NÃO,NÃO,SIM,NÃO,NÃO,SIM,NÃO,NÃO,NÃO,NÃO,NÃO,NÃO,NÃO,NÃO,NÃO,NÃO,NÃO,NÃO,NÃO,NÃO,NÃO,NÃO,NÃO,NÃO,NÃO,NÃO,NÃO,NÃO,NÃO,NÃO,NÃO,NÃO,NÃO,NÃO,NÃO,NÃO,NÃO,NÃO,NÃO,NÃO,NÃO,NÃO,NÃO,NÃO,NÃO,NÃO,NÃO,NÃO,NÃO,NÃO,NÃO,NÃO,NÃO,NÃO,NÃO,NÃO,NÃO,NÃO,NÃO,NÃO,NÃO,,
2/19/2021 19:19:29,1998,10/30/1998,097/98,HGPE,GOVERNADOR,,RJ,SIM,Rio de Janeiro,SIM,Sim,SIM,SIM,SIM,SIM,SIM,SIM,NÃO,NÃO,NÃO,NÃO,NÃO,NÃO,NÃO,NÃO,NÃO,NÃO,NÃO,NÃO,NÃO,NÃO,NÃO,NÃO,NÃO,NÃO,NÃO,NÃO,NÃO,NÃO,NÃO,NÃO,NÃO,NÃO,NÃO,NÃO,NÃO,NÃO,NÃO,NÃO,NÃO,NÃO,NÃO,NÃO,NÃO,NÃO,NÃO,NÃO,NÃO,NÃO,NÃO,NÃO,NÃO,NÃO,NÃO,NÃO,NÃO,NÃO,NÃO,NÃO,NÃO,NÃO,NÃO,NÃO,NÃO,NÃO,NÃO,NÃO,NÃO,NÃO,NÃO,NÃO,NÃO,NÃO,NÃO,,
2/19/2021 19:21:58,1998,10/31/1998,098/98,HGPE,GOVERNADOR,,RJ,SIM,Rio de Janeiro,SIM,Sim,SIM,SIM,SIM,NÃO,NÃO,NÃO,NÃO,NÃO,NÃO,NÃO,NÃO,NÃO,NÃO,NÃO,NÃO,NÃO,NÃO,NÃO,NÃO,NÃO,NÃO,NÃO,NÃO,NÃO,NÃO,NÃO,NÃO,NÃO,NÃO,NÃO,NÃO,NÃO,NÃO,NÃO,NÃO,NÃO,NÃO,SIM,NÃO,SIM,NÃO,NÃO,NÃO,NÃO,NÃO,NÃO,NÃO,NÃO,NÃO,NÃO,NÃO,NÃO,NÃO,SIM,NÃO,NÃO,NÃO,NÃO,NÃO,NÃO,NÃO,NÃO,NÃO,NÃO,NÃO,NÃO,NÃO,NÃO,NÃO,NÃO,NÃO,NÃO,NÃO,,
2/19/2021 19:24:33,1998,11/1/1998,099/98,HGPE,DEPUTADO FEDERAL,,RJ,NÃO,,SIM,Sim,SIM,SIM,SIM,NÃO,NÃO,SIM,NÃO,NÃO,NÃO,NÃO,NÃO,NÃO,NÃO,NÃO,NÃO,NÃO,NÃO,NÃO,NÃO,NÃO,NÃO,NÃO,NÃO,NÃO,NÃO,NÃO,NÃO,NÃO,NÃO,NÃO,NÃO,NÃO,NÃO,NÃO,NÃO,NÃO,NÃO,SIM,NÃO,SIM,NÃO,NÃO,NÃO,NÃO,NÃO,NÃO,NÃO,NÃO,NÃO,NÃO,NÃO,NÃO,NÃO,NÃO,NÃO,NÃO,NÃO,NÃO,NÃO,NÃO,NÃO,NÃO,NÃO,NÃO,NÃO,NÃO,NÃO,NÃO,NÃO,NÃO,NÃO,NÃO,NÃO,,
4/7/2021 12:19:57,1998,11/2/1998,100/98,DIREÇÃO NACIONAL DO PARTIDO,,,,NÃO,,SIM,Sim,SIM,SIM,SIM,SIM,NÃO,SIM,NÃO,NÃO,SIM,NÃO,NÃO,NÃO,NÃO,NÃO,NÃO,NÃO,NÃO,NÃO,NÃO,NÃO,NÃO,NÃO,NÃO,NÃO,NÃO,NÃO,NÃO,NÃO,NÃO,NÃO,NÃO,NÃO,NÃO,NÃO,NÃO,NÃO,NÃO,NÃO,NÃO,SIM,NÃO,NÃO,NÃO,NÃO,NÃO,NÃO,NÃO,NÃO,NÃO,NÃO,NÃO,NÃO,NÃO,SIM,NÃO,NÃO,NÃO,NÃO,NÃO,NÃO,NÃO,NÃO,NÃO,NÃO,NÃO,NÃO,NÃO,NÃO,NÃO,NÃO,NÃO,NÃO,NÃO,,
4/7/2021 12:22:05,1998,11/3/1998,101/98,TELEJORNAL,,,,NÃO,,SIM,Sim,SIM,SIM,SIM,NÃO,NÃO,NÃO,NÃO,NÃO,NÃO,NÃO,NÃO,NÃO,NÃO,NÃO,NÃO,NÃO,NÃO,NÃO,NÃO,NÃO,NÃO,NÃO,NÃO,NÃO,NÃO,NÃO,NÃO,NÃO,NÃO,NÃO,NÃO,NÃO,NÃO,NÃO,NÃO,NÃO,NÃO,NÃO,NÃO,NÃO,NÃO,NÃO,NÃO,NÃO,NÃO,NÃO,NÃO,NÃO,NÃO,NÃO,NÃO,NÃO,NÃO,NÃO,NÃO,NÃO,NÃO,NÃO,NÃO,NÃO,NÃO,NÃO,NÃO,NÃO,NÃO,NÃO,NÃO,NÃO,NÃO,NÃO,NÃO,NÃO,NÃO,,
4/7/2021 12:24:43,1998,11/4/1998,102/98,TELEJORNAL,,,,NÃO,,SIM,Sim,SIM,SIM,SIM,NÃO,NÃO,NÃO,NÃO,NÃO,NÃO,NÃO,NÃO,NÃO,NÃO,NÃO,NÃO,NÃO,NÃO,NÃO,NÃO,NÃO,NÃO,NÃO,NÃO,NÃO,NÃO,NÃO,NÃO,NÃO,NÃO,NÃO,NÃO,NÃO,NÃO,NÃO,NÃO,NÃO,NÃO,NÃO,NÃO,NÃO,NÃO,NÃO,NÃO,NÃO,NÃO,NÃO,NÃO,NÃO,NÃO,NÃO,NÃO,NÃO,NÃO,NÃO,NÃO,NÃO,NÃO,NÃO,NÃO,NÃO,NÃO,NÃO,NÃO,NÃO,NÃO,NÃO,NÃO,NÃO,NÃO,NÃO,NÃO,NÃO,NÃO,,
4/7/2021 12:27:34,1998,11/5/1998,103/98,TELEJORNAL,,TELEJORNAL com intenções de voto,,NÃO,,SIM,Sim,SIM,SIM,SIM,NÃO,NÃO,NÃO,NÃO,NÃO,NÃO,NÃO,NÃO,NÃO,NÃO,NÃO,NÃO,NÃO,NÃO,NÃO,NÃO,NÃO,NÃO,NÃO,NÃO,NÃO,NÃO,NÃO,NÃO,NÃO,NÃO,NÃO,NÃO,NÃO,NÃO,NÃO,NÃO,NÃO,NÃO,NÃO,NÃO,NÃO,NÃO,NÃO,NÃO,NÃO,NÃO,NÃO,NÃO,NÃO,NÃO,NÃO,NÃO,NÃO,NÃO,NÃO,NÃO,NÃO,NÃO,NÃO,NÃO,NÃO,NÃO,NÃO,NÃO,NÃO,NÃO,NÃO,NÃO,NÃO,NÃO,NÃO,NÃO,NÃO,NÃO,,
4/7/2021 12:29:48,1998,11/6/1998,104/98,TELEJORNAL,,,,NÃO,,SIM,Sim,SIM,SIM,SIM,NÃO,NÃO,NÃO,NÃO,NÃO,NÃO,NÃO,NÃO,NÃO,NÃO,NÃO,NÃO,NÃO,NÃO,NÃO,NÃO,NÃO,NÃO,NÃO,NÃO,NÃO,NÃO,NÃO,NÃO,NÃO,NÃO,NÃO,NÃO,NÃO,NÃO,NÃO,NÃO,NÃO,NÃO,NÃO,NÃO,NÃO,NÃO,NÃO,NÃO,NÃO,NÃO,NÃO,NÃO,NÃO,NÃO,NÃO,NÃO,NÃO,NÃO,NÃO,NÃO,NÃO,NÃO,NÃO,NÃO,NÃO,NÃO,NÃO,NÃO,NÃO,NÃO,NÃO,NÃO,NÃO,NÃO,NÃO,NÃO,NÃO,NÃO,,
4/7/2021 12:32:07,1998,11/7/1998,105/98,TELEJORNAL,,,,NÃO,,SIM,Sim,SIM,SIM,SIM,NÃO,NÃO,NÃO,NÃO,NÃO,NÃO,NÃO,NÃO,NÃO,NÃO,NÃO,NÃO,NÃO,NÃO,NÃO,NÃO,NÃO,NÃO,NÃO,NÃO,NÃO,NÃO,NÃO,NÃO,NÃO,NÃO,NÃO,NÃO,NÃO,NÃO,NÃO,NÃO,NÃO,NÃO,NÃO,NÃO,NÃO,NÃO,NÃO,NÃO,NÃO,NÃO,NÃO,NÃO,NÃO,NÃO,NÃO,NÃO,NÃO,NÃO,NÃO,NÃO,NÃO,NÃO,NÃO,NÃO,NÃO,NÃO,NÃO,NÃO,NÃO,NÃO,NÃO,NÃO,NÃO,NÃO,NÃO,NÃO,NÃO,NÃO,,
4/7/2021 12:35:47,1998,11/8/1998,106/98,TELEJORNAL,,TELEJORNAL com compromisso de FHC,,NÃO,,SIM,Sim,SIM,SIM,SIM,NÃO,SIM,NÃO,NÃO,NÃO,NÃO,NÃO,NÃO,NÃO,NÃO,NÃO,NÃO,NÃO,NÃO,NÃO,NÃO,NÃO,NÃO,NÃO,NÃO,NÃO,NÃO,NÃO,NÃO,NÃO,NÃO,NÃO,NÃO,NÃO,NÃO,NÃO,NÃO,NÃO,NÃO,NÃO,NÃO,NÃO,NÃO,NÃO,NÃO,NÃO,NÃO,NÃO,NÃO,NÃO,NÃO,NÃO,NÃO,NÃO,NÃO,NÃO,NÃO,NÃO,NÃO,NÃO,NÃO,NÃO,NÃO,NÃO,NÃO,NÃO,NÃO,NÃO,NÃO,NÃO,NÃO,NÃO,NÃO,NÃO,NÃO,,
4/7/2021 12:46:19,1998,11/9/1998,107/98,TELEJORNAL,,,,NÃO,,SIM,Sim,SIM,SIM,SIM,NÃO,NÃO,NÃO,NÃO,NÃO,NÃO,NÃO,NÃO,NÃO,NÃO,NÃO,NÃO,NÃO,NÃO,NÃO,NÃO,NÃO,NÃO,NÃO,NÃO,NÃO,NÃO,NÃO,NÃO,NÃO,NÃO,NÃO,NÃO,NÃO,NÃO,NÃO,NÃO,NÃO,NÃO,NÃO,NÃO,NÃO,NÃO,NÃO,NÃO,NÃO,NÃO,NÃO,NÃO,NÃO,NÃO,NÃO,NÃO,NÃO,NÃO,NÃO,NÃO,NÃO,NÃO,NÃO,NÃO,NÃO,NÃO,NÃO,NÃO,NÃO,NÃO,NÃO,NÃO,NÃO,NÃO,NÃO,NÃO,NÃO,NÃO,,
4/7/2021 12:48:46,1998,11/10/1998,108/98,TELEJORNAL,,,,NÃO,,SIM,Sim,SIM,SIM,SIM,NÃO,NÃO,NÃO,NÃO,NÃO,NÃO,NÃO,NÃO,NÃO,NÃO,NÃO,NÃO,NÃO,NÃO,NÃO,NÃO,NÃO,NÃO,NÃO,NÃO,NÃO,NÃO,NÃO,NÃO,NÃO,NÃO,NÃO,NÃO,NÃO,NÃO,NÃO,NÃO,NÃO,NÃO,NÃO,NÃO,NÃO,NÃO,NÃO,NÃO,NÃO,NÃO,NÃO,NÃO,NÃO,NÃO,NÃO,NÃO,NÃO,NÃO,NÃO,NÃO,NÃO,NÃO,NÃO,NÃO,NÃO,NÃO,NÃO,NÃO,NÃO,NÃO,NÃO,NÃO,NÃO,NÃO,NÃO,NÃO,NÃO,NÃO,,
4/7/2021 12:50:46,1998,11/11/1998,109/98,TELEJORNAL,,,,NÃO,,SIM,Sim,SIM,SIM,SIM,NÃO,NÃO,NÃO,NÃO,NÃO,NÃO,NÃO,NÃO,NÃO,NÃO,NÃO,NÃO,NÃO,NÃO,NÃO,NÃO,NÃO,NÃO,NÃO,NÃO,NÃO,NÃO,NÃO,NÃO,NÃO,NÃO,NÃO,NÃO,NÃO,NÃO,NÃO,NÃO,NÃO,NÃO,NÃO,NÃO,NÃO,NÃO,NÃO,NÃO,NÃO,NÃO,NÃO,NÃO,NÃO,NÃO,NÃO,NÃO,NÃO,NÃO,NÃO,NÃO,NÃO,NÃO,NÃO,NÃO,NÃO,NÃO,NÃO,NÃO,NÃO,NÃO,NÃO,NÃO,NÃO,NÃO,NÃO,NÃO,NÃO,NÃO,,
4/7/2021 13:29:18,1998,11/12/1998,110/98,TELEJORNAL,,TELEJORNAL com compromisso de campanha FHC,,NÃO,,SIM,Sim,SIM,SIM,SIM,NÃO,SIM,NÃO,NÃO,NÃO,NÃO,NÃO,NÃO,NÃO,NÃO,NÃO,NÃO,NÃO,NÃO,NÃO,NÃO,NÃO,NÃO,NÃO,NÃO,NÃO,NÃO,NÃO,NÃO,NÃO,NÃO,NÃO,NÃO,NÃO,NÃO,NÃO,NÃO,NÃO,NÃO,NÃO,NÃO,NÃO,NÃO,NÃO,NÃO,NÃO,NÃO,NÃO,NÃO,NÃO,NÃO,NÃO,NÃO,NÃO,NÃO,NÃO,NÃO,NÃO,NÃO,NÃO,NÃO,NÃO,NÃO,NÃO,NÃO,NÃO,NÃO,NÃO,NÃO,NÃO,NÃO,NÃO,NÃO,NÃO,NÃO,,
4/7/2021 13:35:32,1998,11/13/1998,111/98,TELEJORNAL,,TELEJORNALcom compromissos FHC,,NÃO,,SIM,Sim,SIM,SIM,SIM,NÃO,SIM,NÃO,NÃO,NÃO,NÃO,NÃO,NÃO,NÃO,NÃO,NÃO,NÃO,NÃO,NÃO,NÃO,NÃO,NÃO,NÃO,NÃO,NÃO,NÃO,NÃO,NÃO,NÃO,NÃO,NÃO,NÃO,NÃO,NÃO,NÃO,NÃO,NÃO,NÃO,NÃO,NÃO,NÃO,NÃO,NÃO,NÃO,NÃO,NÃO,NÃO,NÃO,NÃO,NÃO,NÃO,NÃO,NÃO,NÃO,NÃO,NÃO,NÃO,NÃO,NÃO,NÃO,NÃO,NÃO,NÃO,NÃO,NÃO,NÃO,NÃO,NÃO,NÃO,NÃO,NÃO,NÃO,NÃO,NÃO,NÃO,,
4/7/2021 13:39:19,1998,11/14/1998,112/98,TELEJORNAL,,TELEJORNAL com compromissos de FHC,,NÃO,,SIM,Sim,SIM,SIM,SIM,NÃO,SIM,NÃO,NÃO,NÃO,NÃO,NÃO,NÃO,NÃO,NÃO,NÃO,NÃO,NÃO,NÃO,NÃO,NÃO,NÃO,NÃO,NÃO,NÃO,NÃO,NÃO,NÃO,NÃO,NÃO,NÃO,NÃO,NÃO,NÃO,NÃO,NÃO,NÃO,NÃO,NÃO,NÃO,NÃO,NÃO,NÃO,NÃO,NÃO,NÃO,NÃO,NÃO,NÃO,NÃO,NÃO,NÃO,NÃO,NÃO,NÃO,NÃO,NÃO,NÃO,NÃO,NÃO,NÃO,NÃO,NÃO,NÃO,NÃO,NÃO,NÃO,NÃO,NÃO,NÃO,NÃO,NÃO,NÃO,NÃO,NÃO,,
4/7/2021 13:42:41,1998,11/15/1998,113/98,TELEJORNAL,,TELEJORNAL com compromissos de FHC,,NÃO,,SIM,Sim,SIM,SIM,SIM,NÃO,SIM,NÃO,NÃO,NÃO,NÃO,NÃO,NÃO,NÃO,NÃO,NÃO,NÃO,NÃO,NÃO,NÃO,NÃO,NÃO,NÃO,NÃO,NÃO,NÃO,NÃO,NÃO,NÃO,NÃO,NÃO,NÃO,NÃO,NÃO,NÃO,NÃO,NÃO,NÃO,NÃO,NÃO,NÃO,NÃO,NÃO,NÃO,NÃO,NÃO,NÃO,NÃO,NÃO,NÃO,NÃO,NÃO,NÃO,NÃO,NÃO,NÃO,NÃO,NÃO,NÃO,NÃO,NÃO,NÃO,NÃO,NÃO,NÃO,NÃO,NÃO,NÃO,NÃO,NÃO,NÃO,NÃO,NÃO,NÃO,NÃO,,
4/7/2021 13:44:44,1998,11/16/1998,114/98,TELEJORNAL,,,,NÃO,,SIM,Sim,SIM,SIM,SIM,NÃO,NÃO,NÃO,NÃO,NÃO,NÃO,NÃO,NÃO,NÃO,NÃO,NÃO,NÃO,NÃO,NÃO,NÃO,NÃO,NÃO,NÃO,NÃO,NÃO,NÃO,NÃO,NÃO,NÃO,NÃO,NÃO,NÃO,NÃO,NÃO,NÃO,NÃO,NÃO,NÃO,NÃO,NÃO,NÃO,NÃO,NÃO,NÃO,NÃO,NÃO,NÃO,NÃO,NÃO,NÃO,NÃO,NÃO,NÃO,NÃO,NÃO,NÃO,NÃO,NÃO,NÃO,NÃO,NÃO,NÃO,NÃO,NÃO,NÃO,NÃO,NÃO,NÃO,NÃO,NÃO,NÃO,NÃO,NÃO,NÃO,NÃO,,
4/7/2021 13:47:02,1998,11/17/1998,115/98,TELEJORNAL,,,,NÃO,,SIM,Sim,SIM,SIM,SIM,NÃO,NÃO,NÃO,NÃO,NÃO,NÃO,NÃO,NÃO,NÃO,NÃO,NÃO,NÃO,NÃO,NÃO,NÃO,NÃO,NÃO,NÃO,NÃO,NÃO,NÃO,NÃO,NÃO,NÃO,NÃO,NÃO,NÃO,NÃO,NÃO,NÃO,NÃO,NÃO,NÃO,NÃO,NÃO,NÃO,NÃO,NÃO,NÃO,NÃO,NÃO,NÃO,NÃO,NÃO,NÃO,NÃO,NÃO,NÃO,NÃO,NÃO,NÃO,NÃO,NÃO,NÃO,NÃO,NÃO,NÃO,NÃO,NÃO,NÃO,NÃO,NÃO,NÃO,NÃO,NÃO,NÃO,NÃO,NÃO,NÃO,NÃO,,
4/7/2021 13:50:06,1998,11/18/1998,116/98,TELEJORNAL,,,,NÃO,,SIM,Sim,SIM,SIM,SIM,NÃO,NÃO,NÃO,NÃO,NÃO,NÃO,NÃO,NÃO,NÃO,NÃO,NÃO,NÃO,NÃO,NÃO,NÃO,NÃO,NÃO,NÃO,NÃO,NÃO,NÃO,NÃO,NÃO,NÃO,NÃO,NÃO,NÃO,NÃO,NÃO,NÃO,NÃO,NÃO,NÃO,NÃO,NÃO,NÃO,NÃO,NÃO,NÃO,NÃO,NÃO,NÃO,NÃO,NÃO,NÃO,NÃO,NÃO,NÃO,NÃO,NÃO,NÃO,NÃO,NÃO,NÃO,NÃO,NÃO,NÃO,NÃO,NÃO,NÃO,NÃO,NÃO,NÃO,NÃO,NÃO,NÃO,NÃO,NÃO,NÃO,NÃO,,
4/7/2021 13:59:34,1998,11/19/1998,117/98,TELEJORNAL,,TELEJORNAL com compromissos de campanha dos candidatos à presidência,,NÃO,,SIM,Sim,SIM,SIM,SIM,NÃO,NÃO,NÃO,NÃO,NÃO,NÃO,NÃO,NÃO,NÃO,NÃO,NÃO,NÃO,NÃO,NÃO,NÃO,NÃO,NÃO,NÃO,NÃO,NÃO,NÃO,NÃO,NÃO,NÃO,NÃO,NÃO,NÃO,NÃO,NÃO,NÃO,NÃO,NÃO,NÃO,NÃO,NÃO,NÃO,NÃO,NÃO,NÃO,NÃO,NÃO,NÃO,NÃO,NÃO,NÃO,NÃO,NÃO,NÃO,NÃO,NÃO,NÃO,NÃO,NÃO,NÃO,NÃO,NÃO,NÃO,NÃO,NÃO,NÃO,NÃO,NÃO,NÃO,NÃO,NÃO,NÃO,NÃO,NÃO,NÃO,NÃO,,
4/7/2021 14:01:41,1998,11/20/1998,118/98,TELEJORNAL,,,,NÃO,,SIM,Sim,SIM,SIM,SIM,NÃO,NÃO,NÃO,NÃO,NÃO,NÃO,NÃO,NÃO,NÃO,NÃO,NÃO,NÃO,NÃO,NÃO,NÃO,NÃO,NÃO,NÃO,NÃO,NÃO,NÃO,NÃO,NÃO,NÃO,NÃO,NÃO,NÃO,NÃO,NÃO,NÃO,NÃO,NÃO,NÃO,NÃO,NÃO,NÃO,NÃO,NÃO,NÃO,NÃO,NÃO,NÃO,NÃO,NÃO,NÃO,NÃO,NÃO,NÃO,NÃO,NÃO,NÃO,NÃO,NÃO,NÃO,NÃO,NÃO,NÃO,NÃO,NÃO,NÃO,NÃO,NÃO,NÃO,NÃO,NÃO,NÃO,NÃO,NÃO,NÃO,NÃO,,
4/7/2021 14:03:58,1998,11/21/1998,119/98,TELEJORNAL,,,,NÃO,,SIM,Sim,SIM,SIM,SIM,NÃO,NÃO,NÃO,NÃO,NÃO,NÃO,NÃO,NÃO,NÃO,NÃO,NÃO,NÃO,NÃO,NÃO,NÃO,NÃO,NÃO,NÃO,NÃO,NÃO,NÃO,NÃO,NÃO,NÃO,NÃO,NÃO,NÃO,NÃO,NÃO,NÃO,NÃO,NÃO,NÃO,NÃO,NÃO,NÃO,NÃO,NÃO,NÃO,NÃO,NÃO,NÃO,NÃO,NÃO,NÃO,NÃO,NÃO,NÃO,NÃO,NÃO,NÃO,NÃO,NÃO,NÃO,NÃO,NÃO,NÃO,NÃO,NÃO,NÃO,NÃO,NÃO,NÃO,NÃO,NÃO,NÃO,NÃO,NÃO,NÃO,NÃO,,
4/7/2021 14:08:25,1998,11/22/1998,120/98,TELEJORNAL,,TELEJORNAL com compromissos de campanha dos candidatos à presidência,,NÃO,,SIM,Sim,SIM,SIM,SIM,NÃO,NÃO,NÃO,NÃO,NÃO,NÃO,NÃO,NÃO,NÃO,NÃO,NÃO,NÃO,NÃO,NÃO,NÃO,NÃO,NÃO,NÃO,NÃO,NÃO,NÃO,NÃO,NÃO,NÃO,NÃO,NÃO,NÃO,NÃO,NÃO,NÃO,NÃO,NÃO,NÃO,NÃO,NÃO,NÃO,NÃO,NÃO,NÃO,NÃO,NÃO,NÃO,NÃO,NÃO,NÃO,NÃO,NÃO,NÃO,NÃO,NÃO,NÃO,NÃO,NÃO,NÃO,NÃO,NÃO,NÃO,NÃO,NÃO,NÃO,NÃO,NÃO,NÃO,NÃO,NÃO,NÃO,NÃO,NÃO,NÃO,NÃO,,
4/7/2021 14:11:03,1998,11/23/1998,121/98A,TELEJORNAL,,,,NÃO,,SIM,Sim,SIM,SIM,SIM,NÃO,NÃO,NÃO,NÃO,NÃO,NÃO,NÃO,NÃO,NÃO,NÃO,NÃO,NÃO,NÃO,NÃO,NÃO,NÃO,NÃO,NÃO,NÃO,NÃO,NÃO,NÃO,NÃO,NÃO,NÃO,NÃO,NÃO,NÃO,NÃO,NÃO,NÃO,NÃO,NÃO,NÃO,NÃO,NÃO,NÃO,NÃO,NÃO,NÃO,NÃO,NÃO,NÃO,NÃO,NÃO,NÃO,NÃO,NÃO,NÃO,NÃO,NÃO,NÃO,NÃO,NÃO,NÃO,NÃO,NÃO,NÃO,NÃO,NÃO,NÃO,NÃO,NÃO,NÃO,NÃO,NÃO,NÃO,NÃO,NÃO,NÃO,,
4/7/2021 14:13:53,1998,11/24/1998,121/98B - 122/98A,TELEJORNAL,,,,NÃO,,SIM,Sim,SIM,SIM,SIM,NÃO,NÃO,NÃO,NÃO,NÃO,NÃO,NÃO,NÃO,NÃO,NÃO,NÃO,NÃO,NÃO,NÃO,NÃO,NÃO,NÃO,NÃO,NÃO,NÃO,NÃO,NÃO,NÃO,NÃO,NÃO,NÃO,NÃO,NÃO,NÃO,NÃO,NÃO,NÃO,NÃO,NÃO,NÃO,NÃO,NÃO,NÃO,NÃO,NÃO,NÃO,NÃO,NÃO,NÃO,NÃO,NÃO,NÃO,NÃO,NÃO,NÃO,NÃO,NÃO,NÃO,NÃO,NÃO,NÃO,NÃO,NÃO,NÃO,NÃO,NÃO,NÃO,NÃO,NÃO,NÃO,NÃO,NÃO,NÃO,NÃO,NÃO,,
4/7/2021 14:16:24,1998,11/25/1998,122/98B,TELEJORNAL,,TELEJORNAL com movimentações políticas de FHC,,NÃO,,SIM,Sim,SIM,SIM,SIM,NÃO,NÃO,NÃO,NÃO,NÃO,NÃO,NÃO,NÃO,NÃO,NÃO,NÃO,NÃO,NÃO,NÃO,NÃO,NÃO,NÃO,NÃO,NÃO,NÃO,NÃO,NÃO,NÃO,NÃO,NÃO,NÃO,NÃO,NÃO,NÃO,NÃO,NÃO,NÃO,NÃO,NÃO,NÃO,NÃO,NÃO,NÃO,NÃO,NÃO,NÃO,NÃO,NÃO,NÃO,NÃO,NÃO,NÃO,NÃO,NÃO,NÃO,NÃO,NÃO,NÃO,NÃO,NÃO,NÃO,NÃO,NÃO,NÃO,NÃO,NÃO,NÃO,NÃO,NÃO,NÃO,NÃO,NÃO,NÃO,NÃO,NÃO,,
4/7/2021 14:18:45,1998,11/26/1998,123/98A,TELEJORNAL,,,,NÃO,,SIM,Sim,SIM,SIM,SIM,NÃO,NÃO,NÃO,NÃO,NÃO,NÃO,NÃO,NÃO,NÃO,NÃO,NÃO,NÃO,NÃO,NÃO,NÃO,NÃO,NÃO,NÃO,NÃO,NÃO,NÃO,NÃO,NÃO,NÃO,NÃO,NÃO,NÃO,NÃO,NÃO,NÃO,NÃO,NÃO,NÃO,NÃO,NÃO,NÃO,NÃO,NÃO,NÃO,NÃO,NÃO,NÃO,NÃO,NÃO,NÃO,NÃO,NÃO,NÃO,NÃO,NÃO,NÃO,NÃO,NÃO,NÃO,NÃO,NÃO,NÃO,NÃO,NÃO,NÃO,NÃO,NÃO,NÃO,NÃO,NÃO,NÃO,NÃO,NÃO,NÃO,NÃO,,
4/7/2021 14:21:19,1998,11/27/1998,123/98b,TELEJORNAL,,,,NÃO,,SIM,Sim,SIM,SIM,SIM,NÃO,NÃO,NÃO,NÃO,NÃO,NÃO,NÃO,NÃO,NÃO,NÃO,NÃO,NÃO,NÃO,NÃO,NÃO,NÃO,NÃO,NÃO,NÃO,NÃO,NÃO,NÃO,NÃO,NÃO,NÃO,NÃO,NÃO,NÃO,NÃO,NÃO,NÃO,NÃO,NÃO,NÃO,NÃO,NÃO,NÃO,NÃO,NÃO,NÃO,NÃO,NÃO,NÃO,NÃO,NÃO,NÃO,NÃO,NÃO,NÃO,NÃO,NÃO,NÃO,NÃO,NÃO,NÃO,NÃO,NÃO,NÃO,NÃO,NÃO,NÃO,NÃO,NÃO,NÃO,NÃO,NÃO,NÃO,NÃO,NÃO,NÃO,,
4/7/2021 14:27:56,1998,11/28/1998,124/98a,TELEJORNAL,,,,NÃO,,SIM,Sim,SIM,SIM,SIM,NÃO,NÃO,NÃO,NÃO,NÃO,NÃO,NÃO,NÃO,NÃO,NÃO,NÃO,NÃO,NÃO,NÃO,NÃO,NÃO,NÃO,NÃO,NÃO,NÃO,NÃO,NÃO,NÃO,NÃO,NÃO,NÃO,NÃO,NÃO,NÃO,NÃO,NÃO,NÃO,NÃO,NÃO,NÃO,NÃO,NÃO,NÃO,NÃO,NÃO,NÃO,NÃO,NÃO,NÃO,NÃO,NÃO,NÃO,NÃO,NÃO,NÃO,NÃO,NÃO,NÃO,NÃO,NÃO,NÃO,NÃO,NÃO,NÃO,NÃO,NÃO,NÃO,NÃO,NÃO,NÃO,NÃO,NÃO,NÃO,NÃO,NÃO,,
4/7/2021 14:30:19,1998,11/29/1998,125/98b - 128/98,TELEJORNAL,,,,NÃO,,SIM,Sim,SIM,SIM,SIM,NÃO,NÃO,NÃO,NÃO,NÃO,NÃO,NÃO,NÃO,NÃO,NÃO,NÃO,NÃO,NÃO,NÃO,NÃO,NÃO,NÃO,NÃO,NÃO,NÃO,NÃO,NÃO,NÃO,NÃO,NÃO,NÃO,NÃO,NÃO,NÃO,NÃO,NÃO,NÃO,NÃO,NÃO,NÃO,NÃO,NÃO,NÃO,NÃO,NÃO,NÃO,NÃO,NÃO,NÃO,NÃO,NÃO,NÃO,NÃO,NÃO,NÃO,NÃO,NÃO,NÃO,NÃO,NÃO,NÃO,NÃO,NÃO,NÃO,NÃO,NÃO,NÃO,NÃO,NÃO,NÃO,NÃO,NÃO,NÃO,NÃO,NÃO,,
4/7/2021 14:32:42,1998,11/30/1998,127/98,TELEJORNAL,,,,NÃO,,SIM,Sim,SIM,SIM,SIM,NÃO,NÃO,NÃO,NÃO,NÃO,NÃO,NÃO,NÃO,NÃO,NÃO,NÃO,NÃO,NÃO,NÃO,NÃO,NÃO,NÃO,NÃO,NÃO,NÃO,NÃO,NÃO,NÃO,NÃO,NÃO,NÃO,NÃO,NÃO,NÃO,NÃO,NÃO,NÃO,NÃO,NÃO,NÃO,NÃO,NÃO,NÃO,NÃO,NÃO,NÃO,NÃO,NÃO,NÃO,NÃO,NÃO,NÃO,NÃO,NÃO,NÃO,NÃO,NÃO,NÃO,NÃO,NÃO,NÃO,NÃO,NÃO,NÃO,NÃO,NÃO,NÃO,NÃO,NÃO,NÃO,NÃO,NÃO,NÃO,NÃO,NÃO,,
4/7/2021 14:34:52,1998,10/1/1998,129/98,TELEJORNAL,,,,NÃO,,SIM,Sim,SIM,SIM,SIM,NÃO,NÃO,NÃO,NÃO,NÃO,NÃO,NÃO,NÃO,NÃO,NÃO,NÃO,NÃO,NÃO,NÃO,NÃO,NÃO,NÃO,NÃO,NÃO,NÃO,NÃO,NÃO,NÃO,NÃO,NÃO,NÃO,NÃO,NÃO,NÃO,NÃO,NÃO,NÃO,NÃO,NÃO,NÃO,NÃO,NÃO,NÃO,NÃO,NÃO,NÃO,NÃO,NÃO,NÃO,NÃO,NÃO,NÃO,NÃO,NÃO,NÃO,NÃO,NÃO,NÃO,NÃO,NÃO,NÃO,NÃO,NÃO,NÃO,NÃO,NÃO,NÃO,NÃO,NÃO,NÃO,NÃO,NÃO,NÃO,NÃO,NÃO,,
4/7/2021 14:38:59,1998,10/2/1998,130/98,TELEJORNAL,,,,NÃO,,SIM,Sim,SIM,SIM,SIM,NÃO,NÃO,NÃO,NÃO,NÃO,NÃO,NÃO,NÃO,NÃO,NÃO,NÃO,NÃO,NÃO,NÃO,NÃO,NÃO,NÃO,NÃO,NÃO,NÃO,NÃO,NÃO,NÃO,NÃO,NÃO,NÃO,NÃO,NÃO,NÃO,NÃO,NÃO,NÃO,NÃO,NÃO,NÃO,NÃO,NÃO,NÃO,NÃO,NÃO,NÃO,NÃO,NÃO,NÃO,NÃO,NÃO,NÃO,NÃO,NÃO,NÃO,NÃO,NÃO,NÃO,NÃO,NÃO,NÃO,NÃO,NÃO,NÃO,NÃO,NÃO,NÃO,NÃO,NÃO,NÃO,NÃO,NÃO,NÃO,NÃO,NÃO,,
4/7/2021 14:41:49,1998,10/3/1998,131/98,TELEJORNAL,,TELEJORNAL com compromisso político de FHC,,NÃO,,SIM,Sim,SIM,SIM,SIM,NÃO,SIM,NÃO,NÃO,NÃO,NÃO,NÃO,NÃO,NÃO,NÃO,NÃO,NÃO,NÃO,NÃO,NÃO,NÃO,NÃO,NÃO,NÃO,NÃO,NÃO,NÃO,NÃO,NÃO,NÃO,NÃO,NÃO,NÃO,NÃO,NÃO,NÃO,NÃO,NÃO,NÃO,NÃO,NÃO,NÃO,NÃO,NÃO,NÃO,NÃO,NÃO,NÃO,NÃO,NÃO,NÃO,NÃO,NÃO,NÃO,NÃO,NÃO,NÃO,NÃO,NÃO,NÃO,NÃO,NÃO,NÃO,NÃO,NÃO,NÃO,NÃO,NÃO,NÃO,NÃO,NÃO,NÃO,NÃO,NÃO,NÃO,,
4/8/2021 15:09:18,1998,10/4/1998,132/98,TELEJORNAL,,,,NÃO,,SIM,Sim,SIM,SIM,SIM,NÃO,NÃO,NÃO,NÃO,NÃO,NÃO,NÃO,NÃO,NÃO,NÃO,NÃO,NÃO,NÃO,NÃO,NÃO,NÃO,NÃO,NÃO,NÃO,NÃO,NÃO,NÃO,NÃO,NÃO,NÃO,NÃO,NÃO,NÃO,NÃO,NÃO,NÃO,NÃO,NÃO,NÃO,NÃO,NÃO,NÃO,NÃO,NÃO,NÃO,NÃO,NÃO,NÃO,NÃO,NÃO,NÃO,NÃO,NÃO,NÃO,NÃO,NÃO,NÃO,NÃO,NÃO,NÃO,NÃO,NÃO,NÃO,NÃO,NÃO,NÃO,NÃO,NÃO,NÃO,NÃO,NÃO,NÃO,NÃO,NÃO,NÃO,,
4/8/2021 15:11:34,1998,10/5/1998,133/98,OUTRO,,O DVD não pode ser reproduzido por problemas,,NÃO,,SIM,Não,SIM,SIM,SIM,NÃO,NÃO,NÃO,NÃO,NÃO,NÃO,NÃO,NÃO,NÃO,NÃO,NÃO,NÃO,NÃO,NÃO,NÃO,NÃO,NÃO,NÃO,NÃO,NÃO,NÃO,NÃO,NÃO,NÃO,NÃO,NÃO,NÃO,NÃO,NÃO,NÃO,NÃO,NÃO,NÃO,NÃO,NÃO,NÃO,NÃO,NÃO,NÃO,NÃO,NÃO,NÃO,NÃO,NÃO,NÃO,NÃO,NÃO,NÃO,NÃO,NÃO,NÃO,NÃO,NÃO,NÃO,NÃO,NÃO,NÃO,NÃO,NÃO,NÃO,NÃO,NÃO,NÃO,NÃO,NÃO,NÃO,NÃO,NÃO,NÃO,NÃO,,
4/8/2021 15:13:39,1998,10/6/1998,134/98,TELEJORNAL,,,,NÃO,,SIM,Sim,SIM,SIM,SIM,NÃO,NÃO,NÃO,NÃO,NÃO,NÃO,NÃO,NÃO,NÃO,NÃO,NÃO,NÃO,NÃO,NÃO,NÃO,NÃO,NÃO,NÃO,NÃO,NÃO,NÃO,NÃO,NÃO,NÃO,NÃO,NÃO,NÃO,NÃO,NÃO,NÃO,NÃO,NÃO,NÃO,NÃO,NÃO,NÃO,NÃO,NÃO,NÃO,NÃO,NÃO,NÃO,NÃO,NÃO,NÃO,NÃO,NÃO,NÃO,NÃO,NÃO,NÃO,NÃO,NÃO,NÃO,NÃO,NÃO,NÃO,NÃO,NÃO,NÃO,NÃO,NÃO,NÃO,NÃO,NÃO,NÃO,NÃO,NÃO,NÃO,NÃO,,
4/8/2021 15:16:03,1998,10/7/1998,135/98,TELEJORNAL,,,,NÃO,,SIM,Sim,SIM,SIM,SIM,NÃO,NÃO,NÃO,NÃO,NÃO,NÃO,NÃO,NÃO,NÃO,NÃO,NÃO,NÃO,NÃO,NÃO,NÃO,NÃO,NÃO,NÃO,NÃO,NÃO,NÃO,NÃO,NÃO,NÃO,NÃO,NÃO,NÃO,NÃO,NÃO,NÃO,NÃO,NÃO,NÃO,NÃO,NÃO,NÃO,NÃO,NÃO,NÃO,NÃO,NÃO,NÃO,NÃO,NÃO,NÃO,NÃO,NÃO,NÃO,NÃO,NÃO,NÃO,NÃO,NÃO,NÃO,NÃO,NÃO,NÃO,NÃO,NÃO,NÃO,NÃO,NÃO,NÃO,NÃO,NÃO,NÃO,NÃO,NÃO,NÃO,NÃO,,
4/8/2021 15:18:59,1998,10/8/1998,136/98,TELEJORNAL,,,,NÃO,,SIM,Sim,SIM,SIM,SIM,NÃO,NÃO,NÃO,NÃO,NÃO,NÃO,NÃO,NÃO,NÃO,NÃO,NÃO,NÃO,NÃO,NÃO,NÃO,NÃO,NÃO,NÃO,NÃO,NÃO,NÃO,NÃO,NÃO,NÃO,NÃO,NÃO,NÃO,NÃO,NÃO,NÃO,NÃO,NÃO,NÃO,NÃO,NÃO,NÃO,NÃO,NÃO,NÃO,NÃO,NÃO,NÃO,NÃO,NÃO,NÃO,NÃO,NÃO,NÃO,NÃO,NÃO,NÃO,NÃO,NÃO,NÃO,NÃO,NÃO,NÃO,NÃO,NÃO,NÃO,NÃO,NÃO,NÃO,NÃO,NÃO,NÃO,NÃO,NÃO,NÃO,NÃO,,
4/8/2021 15:21:17,1998,10/9/1998,137/98,TELEJORNAL,,,,NÃO,,SIM,Sim,SIM,SIM,SIM,NÃO,NÃO,NÃO,NÃO,NÃO,NÃO,NÃO,NÃO,NÃO,NÃO,NÃO,NÃO,NÃO,NÃO,NÃO,NÃO,NÃO,NÃO,NÃO,NÃO,NÃO,NÃO,NÃO,NÃO,NÃO,NÃO,NÃO,NÃO,NÃO,NÃO,NÃO,NÃO,NÃO,NÃO,NÃO,NÃO,NÃO,NÃO,NÃO,NÃO,NÃO,NÃO,NÃO,NÃO,NÃO,NÃO,NÃO,NÃO,NÃO,NÃO,NÃO,NÃO,NÃO,NÃO,NÃO,NÃO,NÃO,NÃO,NÃO,NÃO,NÃO,NÃO,NÃO,NÃO,NÃO,NÃO,NÃO,NÃO,NÃO,NÃO,,
4/8/2021 15:24:08,1998,10/10/1998,139/98,TELEJORNAL,,,,NÃO,,SIM,Sim,SIM,SIM,SIM,NÃO,NÃO,NÃO,NÃO,NÃO,NÃO,NÃO,NÃO,NÃO,NÃO,NÃO,NÃO,NÃO,NÃO,NÃO,NÃO,NÃO,NÃO,NÃO,NÃO,NÃO,NÃO,NÃO,NÃO,NÃO,NÃO,NÃO,NÃO,NÃO,NÃO,NÃO,NÃO,NÃO,NÃO,NÃO,NÃO,NÃO,NÃO,NÃO,NÃO,NÃO,NÃO,NÃO,NÃO,NÃO,NÃO,NÃO,NÃO,NÃO,NÃO,NÃO,NÃO,NÃO,NÃO,NÃO,NÃO,NÃO,NÃO,NÃO,NÃO,NÃO,NÃO,NÃO,NÃO,NÃO,NÃO,NÃO,NÃO,NÃO,NÃO,,
4/8/2021 15:26:55,1998,10/11/1998,139/98B - 140/98A,TELEJORNAL,,,,NÃO,,SIM,Sim,SIM,SIM,SIM,NÃO,NÃO,NÃO,NÃO,NÃO,NÃO,NÃO,NÃO,NÃO,NÃO,NÃO,NÃO,NÃO,NÃO,NÃO,NÃO,NÃO,NÃO,NÃO,NÃO,NÃO,NÃO,NÃO,NÃO,NÃO,NÃO,NÃO,NÃO,NÃO,NÃO,NÃO,NÃO,NÃO,NÃO,NÃO,NÃO,NÃO,NÃO,NÃO,NÃO,NÃO,NÃO,NÃO,NÃO,NÃO,NÃO,NÃO,NÃO,NÃO,NÃO,NÃO,NÃO,NÃO,NÃO,NÃO,NÃO,NÃO,NÃO,NÃO,NÃO,NÃO,NÃO,NÃO,NÃO,NÃO,NÃO,NÃO,NÃO,NÃO,NÃO,,
4/8/2021 15:54:38,1998,10/12/1998,140/98B - 141/98A,TELEJORNAL,,,,NÃO,,SIM,Sim,SIM,SIM,SIM,NÃO,NÃO,NÃO,NÃO,NÃO,NÃO,NÃO,NÃO,NÃO,NÃO,NÃO,NÃO,NÃO,NÃO,NÃO,NÃO,NÃO,NÃO,NÃO,NÃO,NÃO,NÃO,NÃO,NÃO,NÃO,NÃO,NÃO,NÃO,NÃO,NÃO,NÃO,NÃO,NÃO,NÃO,NÃO,NÃO,NÃO,NÃO,NÃO,NÃO,NÃO,NÃO,NÃO,NÃO,NÃO,NÃO,NÃO,NÃO,NÃO,NÃO,NÃO,NÃO,NÃO,NÃO,NÃO,NÃO,NÃO,NÃO,NÃO,NÃO,NÃO,NÃO,NÃO,NÃO,NÃO,NÃO,NÃO,NÃO,NÃO,NÃO,,
4/8/2021 15:57:19,1998,10/13/1998,141/98b,TELEJORNAL,,,,NÃO,,SIM,Sim,SIM,SIM,SIM,NÃO,NÃO,NÃO,NÃO,NÃO,NÃO,NÃO,NÃO,NÃO,NÃO,NÃO,NÃO,NÃO,NÃO,NÃO,NÃO,NÃO,NÃO,NÃO,NÃO,NÃO,NÃO,NÃO,NÃO,NÃO,NÃO,NÃO,NÃO,NÃO,NÃO,NÃO,NÃO,NÃO,NÃO,NÃO,NÃO,NÃO,NÃO,NÃO,NÃO,NÃO,NÃO,NÃO,NÃO,NÃO,NÃO,NÃO,NÃO,NÃO,NÃO,NÃO,NÃO,NÃO,NÃO,NÃO,NÃO,NÃO,NÃO,NÃO,NÃO,NÃO,NÃO,NÃO,NÃO,NÃO,NÃO,NÃO,NÃO,NÃO,NÃO,,
4/8/2021 15:59:22,1998,10/14/1998,142/98,TELEJORNAL,,,,NÃO,,SIM,Sim,SIM,SIM,SIM,NÃO,NÃO,NÃO,NÃO,NÃO,NÃO,NÃO,NÃO,NÃO,NÃO,NÃO,NÃO,NÃO,NÃO,NÃO,NÃO,NÃO,NÃO,NÃO,NÃO,NÃO,NÃO,NÃO,NÃO,NÃO,NÃO,NÃO,NÃO,NÃO,NÃO,NÃO,NÃO,NÃO,NÃO,NÃO,NÃO,NÃO,NÃO,NÃO,NÃO,NÃO,NÃO,NÃO,NÃO,NÃO,NÃO,NÃO,NÃO,NÃO,NÃO,NÃO,NÃO,NÃO,NÃO,NÃO,NÃO,NÃO,NÃO,NÃO,NÃO,NÃO,NÃO,NÃO,NÃO,NÃO,NÃO,NÃO,NÃO,NÃO,NÃO,,
4/8/2021 16:02:55,1998,10/15/1998,143/98,TELEJORNAL,,,,NÃO,,SIM,Sim,SIM,SIM,SIM,NÃO,NÃO,NÃO,NÃO,NÃO,NÃO,NÃO,NÃO,NÃO,NÃO,NÃO,NÃO,NÃO,NÃO,NÃO,NÃO,NÃO,NÃO,NÃO,NÃO,NÃO,NÃO,NÃO,NÃO,NÃO,NÃO,NÃO,NÃO,NÃO,NÃO,NÃO,NÃO,NÃO,NÃO,NÃO,NÃO,NÃO,NÃO,NÃO,NÃO,NÃO,NÃO,NÃO,NÃO,NÃO,NÃO,NÃO,NÃO,NÃO,NÃO,NÃO,NÃO,NÃO,NÃO,NÃO,NÃO,NÃO,NÃO,NÃO,NÃO,NÃO,NÃO,NÃO,NÃO,NÃO,NÃO,NÃO,NÃO,NÃO,NÃO,,
4/8/2021 16:05:09,1998,10/16/1998,144/98,TELEJORNAL,,,,NÃO,,SIM,Sim,SIM,SIM,SIM,NÃO,NÃO,NÃO,NÃO,NÃO,NÃO,NÃO,NÃO,NÃO,NÃO,NÃO,NÃO,NÃO,NÃO,NÃO,NÃO,NÃO,NÃO,NÃO,NÃO,NÃO,NÃO,NÃO,NÃO,NÃO,NÃO,NÃO,NÃO,NÃO,NÃO,NÃO,NÃO,NÃO,NÃO,NÃO,NÃO,NÃO,NÃO,NÃO,NÃO,NÃO,NÃO,NÃO,NÃO,NÃO,NÃO,NÃO,NÃO,NÃO,NÃO,NÃO,NÃO,NÃO,NÃO,NÃO,NÃO,NÃO,NÃO,NÃO,NÃO,NÃO,NÃO,NÃO,NÃO,NÃO,NÃO,NÃO,NÃO,NÃO,NÃO,,
4/8/2021 16:07:31,1998,10/17/1998,145/98,TELEJORNAL,,,,NÃO,,SIM,Sim,SIM,SIM,SIM,NÃO,NÃO,NÃO,NÃO,NÃO,NÃO,NÃO,NÃO,NÃO,NÃO,NÃO,NÃO,NÃO,NÃO,NÃO,NÃO,NÃO,NÃO,NÃO,NÃO,NÃO,NÃO,NÃO,NÃO,NÃO,NÃO,NÃO,NÃO,NÃO,NÃO,NÃO,NÃO,NÃO,NÃO,NÃO,NÃO,NÃO,NÃO,NÃO,NÃO,NÃO,NÃO,NÃO,NÃO,NÃO,NÃO,NÃO,NÃO,NÃO,NÃO,NÃO,NÃO,NÃO,NÃO,NÃO,NÃO,NÃO,NÃO,NÃO,NÃO,NÃO,NÃO,NÃO,NÃO,NÃO,NÃO,NÃO,NÃO,NÃO,NÃO,,
4/8/2021 16:11:55,1998,10/18/1998,146/98,TELEJORNAL,,,,NÃO,,SIM,Sim,SIM,SIM,SIM,NÃO,NÃO,NÃO,NÃO,NÃO,NÃO,NÃO,NÃO,NÃO,NÃO,NÃO,NÃO,NÃO,NÃO,NÃO,NÃO,NÃO,NÃO,NÃO,NÃO,NÃO,NÃO,NÃO,NÃO,NÃO,NÃO,NÃO,NÃO,NÃO,NÃO,NÃO,NÃO,NÃO,NÃO,NÃO,NÃO,NÃO,NÃO,NÃO,NÃO,NÃO,NÃO,NÃO,NÃO,NÃO,NÃO,NÃO,NÃO,NÃO,NÃO,NÃO,NÃO,NÃO,NÃO,NÃO,NÃO,NÃO,NÃO,NÃO,NÃO,NÃO,NÃO,NÃO,NÃO,NÃO,NÃO,NÃO,NÃO,NÃO,NÃO,,
4/8/2021 16:15:21,1998,10/19/1998,147/98,TELEJORNAL,,,,NÃO,,SIM,Sim,SIM,SIM,SIM,NÃO,NÃO,NÃO,NÃO,NÃO,NÃO,NÃO,NÃO,NÃO,NÃO,NÃO,NÃO,NÃO,NÃO,NÃO,NÃO,NÃO,NÃO,NÃO,NÃO,NÃO,NÃO,NÃO,NÃO,NÃO,NÃO,NÃO,NÃO,NÃO,NÃO,NÃO,NÃO,NÃO,NÃO,NÃO,NÃO,NÃO,NÃO,NÃO,NÃO,NÃO,NÃO,NÃO,NÃO,NÃO,NÃO,NÃO,NÃO,NÃO,NÃO,NÃO,NÃO,NÃO,NÃO,NÃO,NÃO,NÃO,NÃO,NÃO,NÃO,NÃO,NÃO,NÃO,NÃO,NÃO,NÃO,NÃO,NÃO,NÃO,NÃO,,
4/8/2021 16:18:15,1998,10/20/1998,148/98,TELEJORNAL,,,,NÃO,,SIM,Sim,SIM,SIM,SIM,NÃO,NÃO,NÃO,NÃO,NÃO,NÃO,NÃO,NÃO,NÃO,NÃO,NÃO,NÃO,NÃO,NÃO,NÃO,NÃO,NÃO,NÃO,NÃO,NÃO,NÃO,NÃO,NÃO,NÃO,NÃO,NÃO,NÃO,NÃO,NÃO,NÃO,NÃO,NÃO,NÃO,NÃO,NÃO,NÃO,NÃO,NÃO,NÃO,NÃO,NÃO,NÃO,NÃO,NÃO,NÃO,NÃO,NÃO,NÃO,NÃO,NÃO,NÃO,NÃO,NÃO,NÃO,NÃO,NÃO,NÃO,NÃO,NÃO,NÃO,NÃO,NÃO,NÃO,NÃO,NÃO,NÃO,NÃO,NÃO,NÃO,NÃO,,
4/8/2021 16:20:32,1998,10/21/1998,149/98,TELEJORNAL,,,,NÃO,,SIM,Sim,SIM,SIM,SIM,NÃO,NÃO,NÃO,NÃO,NÃO,NÃO,NÃO,NÃO,NÃO,NÃO,NÃO,NÃO,NÃO,NÃO,NÃO,NÃO,NÃO,NÃO,NÃO,NÃO,NÃO,NÃO,NÃO,NÃO,NÃO,NÃO,NÃO,NÃO,NÃO,NÃO,NÃO,NÃO,NÃO,NÃO,NÃO,NÃO,NÃO,NÃO,NÃO,NÃO,NÃO,NÃO,NÃO,NÃO,NÃO,NÃO,NÃO,NÃO,NÃO,NÃO,NÃO,NÃO,NÃO,NÃO,NÃO,NÃO,NÃO,NÃO,NÃO,NÃO,NÃO,NÃO,NÃO,NÃO,NÃO,NÃO,NÃO,NÃO,NÃO,NÃO,,
4/8/2021 16:23:31,1998,10/22/1998,150/98,TELEJORNAL,,,,NÃO,,SIM,Sim,SIM,SIM,SIM,NÃO,NÃO,NÃO,NÃO,NÃO,NÃO,NÃO,NÃO,NÃO,NÃO,NÃO,NÃO,NÃO,NÃO,NÃO,NÃO,NÃO,NÃO,NÃO,NÃO,NÃO,NÃO,NÃO,NÃO,NÃO,NÃO,NÃO,NÃO,NÃO,NÃO,NÃO,NÃO,NÃO,NÃO,NÃO,NÃO,NÃO,NÃO,NÃO,NÃO,NÃO,NÃO,NÃO,NÃO,NÃO,NÃO,NÃO,NÃO,NÃO,NÃO,NÃO,NÃO,NÃO,NÃO,NÃO,NÃO,NÃO,NÃO,NÃO,NÃO,NÃO,NÃO,NÃO,NÃO,NÃO,NÃO,NÃO,NÃO,NÃO,NÃO,,
4/8/2021 16:26:10,1998,10/23/1998,151/98,TELEJORNAL,,,,NÃO,,SIM,Sim,SIM,SIM,SIM,NÃO,NÃO,NÃO,NÃO,NÃO,NÃO,NÃO,NÃO,NÃO,NÃO,NÃO,NÃO,NÃO,NÃO,NÃO,NÃO,NÃO,NÃO,NÃO,NÃO,NÃO,NÃO,NÃO,NÃO,NÃO,NÃO,NÃO,NÃO,NÃO,NÃO,NÃO,NÃO,NÃO,NÃO,NÃO,NÃO,NÃO,NÃO,NÃO,NÃO,NÃO,NÃO,NÃO,NÃO,NÃO,NÃO,NÃO,NÃO,NÃO,NÃO,NÃO,NÃO,NÃO,NÃO,NÃO,NÃO,NÃO,NÃO,NÃO,NÃO,NÃO,NÃO,NÃO,NÃO,NÃO,NÃO,NÃO,NÃO,NÃO,NÃO,,
4/8/2021 16:28:27,1998,10/24/1998,152/98,TELEJORNAL,,,,NÃO,,SIM,Sim,SIM,SIM,SIM,NÃO,NÃO,NÃO,NÃO,NÃO,NÃO,NÃO,NÃO,NÃO,NÃO,NÃO,NÃO,NÃO,NÃO,NÃO,NÃO,NÃO,NÃO,NÃO,NÃO,NÃO,NÃO,NÃO,NÃO,NÃO,NÃO,NÃO,NÃO,NÃO,NÃO,NÃO,NÃO,NÃO,NÃO,NÃO,NÃO,NÃO,NÃO,NÃO,NÃO,NÃO,NÃO,NÃO,NÃO,NÃO,NÃO,NÃO,NÃO,NÃO,NÃO,NÃO,NÃO,NÃO,NÃO,NÃO,NÃO,NÃO,NÃO,NÃO,NÃO,NÃO,NÃO,NÃO,NÃO,NÃO,NÃO,NÃO,NÃO,NÃO,NÃO,,
4/8/2021 16:31:39,1998,10/25/1998,153/98,TELEJORNAL,,,,NÃO,,SIM,Sim,SIM,SIM,SIM,NÃO,NÃO,NÃO,NÃO,NÃO,NÃO,NÃO,NÃO,NÃO,NÃO,NÃO,NÃO,NÃO,NÃO,NÃO,NÃO,NÃO,NÃO,NÃO,NÃO,NÃO,NÃO,NÃO,NÃO,NÃO,NÃO,NÃO,NÃO,NÃO,NÃO,NÃO,NÃO,NÃO,NÃO,NÃO,NÃO,NÃO,NÃO,NÃO,NÃO,NÃO,NÃO,NÃO,NÃO,NÃO,NÃO,NÃO,NÃO,NÃO,NÃO,NÃO,NÃO,NÃO,NÃO,NÃO,NÃO,NÃO,NÃO,NÃO,NÃO,NÃO,NÃO,NÃO,NÃO,NÃO,NÃO,NÃO,NÃO,NÃO,NÃO,,
4/8/2021 16:33:53,1998,10/26/1998,154/98,TELEJORNAL,,,,NÃO,,SIM,Sim,SIM,SIM,SIM,NÃO,NÃO,NÃO,NÃO,NÃO,NÃO,NÃO,NÃO,NÃO,NÃO,NÃO,NÃO,NÃO,NÃO,NÃO,NÃO,NÃO,NÃO,NÃO,NÃO,NÃO,NÃO,NÃO,NÃO,NÃO,NÃO,NÃO,NÃO,NÃO,NÃO,NÃO,NÃO,NÃO,NÃO,NÃO,NÃO,NÃO,NÃO,NÃO,NÃO,NÃO,NÃO,NÃO,NÃO,NÃO,NÃO,NÃO,NÃO,NÃO,NÃO,NÃO,NÃO,NÃO,NÃO,NÃO,NÃO,NÃO,NÃO,NÃO,NÃO,NÃO,NÃO,NÃO,NÃO,NÃO,NÃO,NÃO,NÃO,NÃO,NÃO,,
4/8/2021 16:36:22,1998,10/27/1998,155/98b - 157/98a,TELEJORNAL,,,,NÃO,,SIM,Sim,SIM,SIM,SIM,NÃO,NÃO,NÃO,NÃO,NÃO,NÃO,NÃO,NÃO,NÃO,NÃO,NÃO,NÃO,NÃO,NÃO,NÃO,NÃO,NÃO,NÃO,NÃO,NÃO,NÃO,NÃO,NÃO,NÃO,NÃO,NÃO,NÃO,NÃO,NÃO,NÃO,NÃO,NÃO,NÃO,NÃO,NÃO,NÃO,NÃO,NÃO,NÃO,NÃO,NÃO,NÃO,NÃO,NÃO,NÃO,NÃO,NÃO,NÃO,NÃO,NÃO,NÃO,NÃO,NÃO,NÃO,NÃO,NÃO,NÃO,NÃO,NÃO,NÃO,NÃO,NÃO,NÃO,NÃO,NÃO,NÃO,NÃO,NÃO,NÃO,NÃO,,
4/15/2021 12:21:03,1998,10/28/1998,156/98,TELEJORNAL,,Compromisso de campanha dos candidatos à presidência,,NÃO,,SIM,Sim,SIM,SIM,SIM,NÃO,NÃO,NÃO,NÃO,NÃO,NÃO,NÃO,NÃO,NÃO,NÃO,NÃO,NÃO,NÃO,NÃO,NÃO,NÃO,NÃO,NÃO,NÃO,NÃO,NÃO,NÃO,NÃO,NÃO,NÃO,NÃO,NÃO,NÃO,NÃO,NÃO,NÃO,NÃO,NÃO,NÃO,NÃO,NÃO,NÃO,NÃO,NÃO,NÃO,NÃO,NÃO,NÃO,NÃO,NÃO,NÃO,NÃO,NÃO,NÃO,NÃO,NÃO,NÃO,NÃO,NÃO,NÃO,NÃO,NÃO,NÃO,NÃO,NÃO,NÃO,NÃO,NÃO,NÃO,NÃO,NÃO,NÃO,NÃO,NÃO,NÃO,,
4/15/2021 12:23:18,1998,10/29/1998,157/98b,TELEJORNAL,,,,NÃO,,SIM,Sim,SIM,SIM,SIM,NÃO,NÃO,NÃO,NÃO,NÃO,NÃO,NÃO,NÃO,NÃO,NÃO,NÃO,NÃO,NÃO,NÃO,NÃO,NÃO,NÃO,NÃO,NÃO,NÃO,NÃO,NÃO,NÃO,NÃO,NÃO,NÃO,NÃO,NÃO,NÃO,NÃO,NÃO,NÃO,NÃO,NÃO,NÃO,NÃO,NÃO,NÃO,NÃO,NÃO,NÃO,NÃO,NÃO,NÃO,NÃO,NÃO,NÃO,NÃO,NÃO,NÃO,NÃO,NÃO,NÃO,NÃO,NÃO,NÃO,NÃO,NÃO,NÃO,NÃO,NÃO,NÃO,NÃO,NÃO,NÃO,NÃO,NÃO,NÃO,NÃO,NÃO,,
4/15/2021 12:26:57,1998,10/30/1998,158/98a,TELEJORNAL,"PRESIDENTE, GOVERNADOR, SENADOR",,"BRASIL, RJ",NÃO,,SIM,Sim,SIM,SIM,SIM,NÃO,SIM,NÃO,NÃO,NÃO,NÃO,NÃO,NÃO,NÃO,NÃO,SIM,SIM,NÃO,NÃO,NÃO,NÃO,NÃO,NÃO,NÃO,NÃO,NÃO,NÃO,NÃO,NÃO,NÃO,NÃO,NÃO,NÃO,NÃO,NÃO,NÃO,NÃO,NÃO,NÃO,NÃO,NÃO,SIM,NÃO,NÃO,NÃO,NÃO,NÃO,NÃO,NÃO,NÃO,NÃO,NÃO,NÃO,NÃO,NÃO,SIM,NÃO,NÃO,NÃO,NÃO,NÃO,NÃO,NÃO,NÃO,NÃO,NÃO,NÃO,NÃO,NÃO,NÃO,NÃO,NÃO,NÃO,SIM,NÃO,,
4/15/2021 12:30:44,1998,11/1/1998,158/98B - 18298A,TELEJORNAL,"PRESIDENTE, GOVERNADOR, DEPUTADO FEDERAL",,"BRASIL, RJ",NÃO,,SIM,Sim,SIM,SIM,SIM,NÃO,SIM,NÃO,NÃO,NÃO,NÃO,NÃO,NÃO,NÃO,NÃO,NÃO,SIM,NÃO,NÃO,NÃO,NÃO,NÃO,NÃO,NÃO,NÃO,NÃO,NÃO,NÃO,NÃO,NÃO,NÃO,NÃO,NÃO,NÃO,NÃO,NÃO,NÃO,NÃO,NÃO,NÃO,NÃO,SIM,NÃO,NÃO,NÃO,NÃO,NÃO,NÃO,NÃO,NÃO,NÃO,NÃO,NÃO,NÃO,NÃO,SIM,NÃO,NÃO,NÃO,NÃO,NÃO,NÃO,NÃO,NÃO,NÃO,NÃO,NÃO,NÃO,NÃO,NÃO,NÃO,NÃO,NÃO,NÃO,NÃO,,
4/15/2021 12:33:40,1998,11/2/1998,159/98a,TELEJORNAL,"PRESIDENTE, SENADOR, DEPUTADO FEDERAL, DEPUTADO ESTADUAL",,,NÃO,,SIM,Sim,SIM,SIM,SIM,NÃO,NÃO,SIM,NÃO,NÃO,SIM,NÃO,NÃO,NÃO,NÃO,NÃO,SIM,NÃO,NÃO,NÃO,NÃO,NÃO,NÃO,NÃO,NÃO,NÃO,NÃO,NÃO,NÃO,NÃO,NÃO,NÃO,NÃO,NÃO,NÃO,NÃO,NÃO,NÃO,NÃO,NÃO,NÃO,SIM,NÃO,NÃO,NÃO,NÃO,NÃO,NÃO,NÃO,SIM,NÃO,NÃO,NÃO,NÃO,NÃO,SIM,NÃO,NÃO,NÃO,NÃO,NÃO,NÃO,NÃO,NÃO,NÃO,NÃO,NÃO,NÃO,NÃO,NÃO,NÃO,NÃO,NÃO,NÃO,NÃO,,
4/15/2021 12:36:13,1998,11/3/1998,160/98a,TELEJORNAL,"PRESIDENTE, DEPUTADO FEDERAL, DEPUTADO ESTADUAL",,"BRASIL, RJ",NÃO,,SIM,Sim,SIM,SIM,SIM,NÃO,SIM,NÃO,NÃO,NÃO,NÃO,NÃO,NÃO,NÃO,NÃO,NÃO,NÃO,NÃO,NÃO,NÃO,NÃO,NÃO,NÃO,NÃO,NÃO,SIM,NÃO,NÃO,NÃO,NÃO,NÃO,NÃO,NÃO,NÃO,NÃO,NÃO,NÃO,NÃO,NÃO,NÃO,NÃO,NÃO,NÃO,NÃO,NÃO,NÃO,NÃO,NÃO,NÃO,SIM,NÃO,NÃO,NÃO,NÃO,NÃO,NÃO,NÃO,NÃO,NÃO,NÃO,NÃO,NÃO,NÃO,NÃO,NÃO,NÃO,NÃO,NÃO,NÃO,NÃO,NÃO,NÃO,NÃO,NÃO,NÃO,,
4/15/2021 12:39:09,1998,11/4/1998,160/98b - 161/98a,TELEJORNAL,,A gravação apresenta defeito de 9:42 até 15:32,,NÃO,,SIM,Sim,SIM,SIM,SIM,NÃO,NÃO,NÃO,NÃO,NÃO,NÃO,NÃO,NÃO,NÃO,NÃO,NÃO,NÃO,NÃO,NÃO,NÃO,NÃO,NÃO,NÃO,NÃO,NÃO,NÃO,NÃO,NÃO,NÃO,NÃO,NÃO,NÃO,NÃO,NÃO,NÃO,NÃO,NÃO,NÃO,NÃO,NÃO,NÃO,NÃO,NÃO,NÃO,NÃO,NÃO,NÃO,NÃO,NÃO,NÃO,NÃO,NÃO,NÃO,NÃO,NÃO,NÃO,NÃO,NÃO,NÃO,NÃO,NÃO,NÃO,NÃO,NÃO,NÃO,NÃO,NÃO,NÃO,NÃO,NÃO,NÃO,NÃO,NÃO,NÃO,NÃO,,
4/15/2021 12:42:46,1998,11/5/1998,161/98b - 163/98,TELEJORNAL,,A gravação apresenta defeito de 4:10 até o fim,,NÃO,,SIM,Sim,SIM,SIM,SIM,NÃO,NÃO,NÃO,NÃO,NÃO,NÃO,NÃO,NÃO,NÃO,NÃO,NÃO,NÃO,NÃO,NÃO,NÃO,NÃO,NÃO,NÃO,NÃO,NÃO,NÃO,NÃO,NÃO,NÃO,NÃO,NÃO,NÃO,NÃO,NÃO,NÃO,NÃO,NÃO,NÃO,NÃO,NÃO,NÃO,NÃO,NÃO,NÃO,NÃO,NÃO,NÃO,NÃO,NÃO,NÃO,NÃO,NÃO,NÃO,NÃO,NÃO,NÃO,NÃO,NÃO,NÃO,NÃO,NÃO,NÃO,NÃO,NÃO,NÃO,NÃO,NÃO,NÃO,NÃO,NÃO,NÃO,NÃO,NÃO,NÃO,NÃO,,
4/15/2021 12:49:59,1998,11/6/1998,162/98b,TELEJORNAL,,,,NÃO,,SIM,Sim,SIM,SIM,SIM,NÃO,NÃO,NÃO,NÃO,NÃO,NÃO,NÃO,NÃO,NÃO,NÃO,NÃO,NÃO,NÃO,NÃO,NÃO,NÃO,NÃO,NÃO,NÃO,NÃO,NÃO,NÃO,NÃO,NÃO,NÃO,NÃO,NÃO,NÃO,NÃO,NÃO,NÃO,NÃO,NÃO,NÃO,NÃO,NÃO,NÃO,NÃO,NÃO,NÃO,NÃO,NÃO,NÃO,NÃO,NÃO,NÃO,NÃO,NÃO,NÃO,NÃO,NÃO,NÃO,NÃO,NÃO,NÃO,NÃO,NÃO,NÃO,NÃO,NÃO,NÃO,NÃO,NÃO,NÃO,NÃO,NÃO,NÃO,NÃO,NÃO,NÃO,,
4/15/2021 12:52:08,1998,11/7/1998,164/98b,TELEJORNAL,,,,NÃO,,SIM,Sim,SIM,SIM,SIM,NÃO,NÃO,NÃO,NÃO,NÃO,NÃO,NÃO,NÃO,NÃO,NÃO,NÃO,NÃO,NÃO,NÃO,NÃO,NÃO,NÃO,NÃO,NÃO,NÃO,NÃO,NÃO,NÃO,NÃO,NÃO,NÃO,NÃO,NÃO,NÃO,NÃO,NÃO,NÃO,NÃO,NÃO,NÃO,NÃO,NÃO,NÃO,NÃO,NÃO,NÃO,NÃO,NÃO,NÃO,NÃO,NÃO,NÃO,NÃO,NÃO,NÃO,NÃO,NÃO,NÃO,NÃO,NÃO,NÃO,NÃO,NÃO,NÃO,NÃO,NÃO,NÃO,NÃO,NÃO,NÃO,NÃO,NÃO,NÃO,NÃO,NÃO,,
4/15/2021 12:55:36,1998,11/8/1998,165/98A,TELEJORNAL,,,,NÃO,,SIM,Sim,SIM,SIM,SIM,NÃO,NÃO,NÃO,NÃO,NÃO,NÃO,NÃO,NÃO,NÃO,NÃO,NÃO,NÃO,NÃO,NÃO,NÃO,NÃO,NÃO,NÃO,NÃO,NÃO,NÃO,NÃO,NÃO,NÃO,NÃO,NÃO,NÃO,NÃO,NÃO,NÃO,NÃO,NÃO,NÃO,NÃO,NÃO,NÃO,NÃO,NÃO,NÃO,NÃO,NÃO,NÃO,NÃO,NÃO,NÃO,NÃO,NÃO,NÃO,NÃO,NÃO,NÃO,NÃO,NÃO,NÃO,NÃO,NÃO,NÃO,NÃO,NÃO,NÃO,NÃO,NÃO,NÃO,NÃO,NÃO,NÃO,NÃO,NÃO,NÃO,NÃO,,
4/15/2021 12:57:42,1998,11/9/1998,166/98A,TELEJORNAL,,,,NÃO,,SIM,Sim,SIM,SIM,SIM,NÃO,NÃO,NÃO,NÃO,NÃO,NÃO,NÃO,NÃO,NÃO,NÃO,NÃO,NÃO,NÃO,NÃO,NÃO,NÃO,NÃO,NÃO,NÃO,NÃO,NÃO,NÃO,NÃO,NÃO,NÃO,NÃO,NÃO,NÃO,NÃO,NÃO,NÃO,NÃO,NÃO,NÃO,NÃO,NÃO,NÃO,NÃO,NÃO,NÃO,NÃO,NÃO,NÃO,NÃO,NÃO,NÃO,NÃO,NÃO,NÃO,NÃO,NÃO,NÃO,NÃO,NÃO,NÃO,NÃO,NÃO,NÃO,NÃO,NÃO,NÃO,NÃO,NÃO,NÃO,NÃO,NÃO,NÃO,NÃO,NÃO,NÃO,,
4/15/2021 13:00:28,1998,11/10/1998,166/98B - 168/98A,TELEJORNAL,,,,NÃO,,SIM,Sim,SIM,SIM,SIM,NÃO,NÃO,NÃO,NÃO,NÃO,NÃO,NÃO,NÃO,NÃO,NÃO,NÃO,NÃO,NÃO,NÃO,NÃO,NÃO,NÃO,NÃO,NÃO,NÃO,NÃO,NÃO,NÃO,NÃO,NÃO,NÃO,NÃO,NÃO,NÃO,NÃO,NÃO,NÃO,NÃO,NÃO,NÃO,NÃO,NÃO,NÃO,NÃO,NÃO,NÃO,NÃO,NÃO,NÃO,NÃO,NÃO,NÃO,NÃO,NÃO,NÃO,NÃO,NÃO,NÃO,NÃO,NÃO,NÃO,NÃO,NÃO,NÃO,NÃO,NÃO,NÃO,NÃO,NÃO,NÃO,NÃO,NÃO,NÃO,NÃO,NÃO,,
4/15/2021 13:06:16,1998,11/11/1998,167/98B - 169/98A,TELEJORNAL,PRESIDENTE,,BRASIL,NÃO,,SIM,Sim,SIM,SIM,SIM,SIM,SIM,SIM,SIM,NÃO,NÃO,SIM,NÃO,SIM,SIM,SIM,SIM,SIM,NÃO,SIM,SIM,SIM,NÃO,NÃO,SIM,SIM,NÃO,NÃO,SIM,NÃO,NÃO,NÃO,NÃO,NÃO,NÃO,NÃO,NÃO,NÃO,NÃO,SIM,SIM,SIM,SIM,NÃO,NÃO,NÃO,NÃO,NÃO,NÃO,SIM,SIM,NÃO,NÃO,NÃO,NÃO,SIM,NÃO,NÃO,NÃO,NÃO,NÃO,NÃO,NÃO,NÃO,NÃO,NÃO,NÃO,NÃO,NÃO,NÃO,NÃO,NÃO,NÃO,SIM,NÃO,,
4/15/2021 13:08:35,1998,11/12/1998,168/98B - 170/98A,TELEJORNAL,,,,NÃO,,SIM,Sim,SIM,SIM,SIM,NÃO,NÃO,NÃO,NÃO,NÃO,NÃO,NÃO,NÃO,NÃO,NÃO,NÃO,NÃO,NÃO,NÃO,NÃO,NÃO,NÃO,NÃO,NÃO,NÃO,NÃO,NÃO,NÃO,NÃO,NÃO,NÃO,NÃO,NÃO,NÃO,NÃO,NÃO,NÃO,NÃO,NÃO,NÃO,NÃO,NÃO,NÃO,NÃO,NÃO,NÃO,NÃO,NÃO,NÃO,NÃO,NÃO,NÃO,NÃO,NÃO,NÃO,NÃO,NÃO,NÃO,NÃO,NÃO,NÃO,NÃO,NÃO,NÃO,NÃO,NÃO,NÃO,NÃO,NÃO,NÃO,NÃO,NÃO,NÃO,NÃO,NÃO,,
4/15/2021 13:11:17,1998,11/13/1998,169/98b - 171/98a,TELEJORNAL,,,,NÃO,,SIM,Sim,SIM,SIM,SIM,NÃO,NÃO,NÃO,NÃO,NÃO,NÃO,NÃO,NÃO,NÃO,NÃO,NÃO,NÃO,NÃO,NÃO,NÃO,NÃO,NÃO,NÃO,NÃO,NÃO,NÃO,NÃO,NÃO,NÃO,NÃO,NÃO,NÃO,NÃO,NÃO,NÃO,NÃO,NÃO,NÃO,NÃO,NÃO,NÃO,NÃO,NÃO,NÃO,NÃO,NÃO,NÃO,NÃO,NÃO,NÃO,NÃO,NÃO,NÃO,NÃO,NÃO,NÃO,NÃO,NÃO,NÃO,NÃO,NÃO,NÃO,NÃO,NÃO,NÃO,NÃO,NÃO,NÃO,NÃO,NÃO,NÃO,NÃO,NÃO,NÃO,NÃO,,
4/15/2021 13:23:12,1998,11/14/1998,170/98B - 172/98A,TELEJORNAL,,,,NÃO,,SIM,Sim,SIM,SIM,SIM,NÃO,NÃO,NÃO,NÃO,NÃO,NÃO,NÃO,NÃO,NÃO,NÃO,NÃO,NÃO,NÃO,NÃO,NÃO,NÃO,NÃO,NÃO,NÃO,NÃO,NÃO,NÃO,NÃO,NÃO,NÃO,NÃO,NÃO,NÃO,NÃO,NÃO,NÃO,NÃO,NÃO,NÃO,NÃO,NÃO,NÃO,NÃO,NÃO,NÃO,NÃO,NÃO,NÃO,NÃO,NÃO,NÃO,NÃO,NÃO,NÃO,NÃO,NÃO,NÃO,NÃO,NÃO,NÃO,NÃO,NÃO,NÃO,NÃO,NÃO,NÃO,NÃO,NÃO,NÃO,NÃO,NÃO,NÃO,NÃO,NÃO,NÃO,,
4/15/2021 13:27:44,1998,11/15/1998,172/98,TELEJORNAL,,,,NÃO,,SIM,Sim,SIM,SIM,SIM,NÃO,NÃO,NÃO,NÃO,NÃO,NÃO,NÃO,NÃO,NÃO,NÃO,NÃO,NÃO,NÃO,NÃO,NÃO,NÃO,NÃO,NÃO,NÃO,NÃO,NÃO,NÃO,NÃO,NÃO,NÃO,NÃO,NÃO,NÃO,NÃO,NÃO,NÃO,NÃO,NÃO,NÃO,NÃO,NÃO,NÃO,NÃO,NÃO,NÃO,NÃO,NÃO,NÃO,NÃO,NÃO,NÃO,NÃO,NÃO,NÃO,NÃO,NÃO,NÃO,NÃO,NÃO,NÃO,NÃO,NÃO,NÃO,NÃO,NÃO,NÃO,NÃO,NÃO,NÃO,NÃO,NÃO,NÃO,NÃO,NÃO,NÃO,,
4/15/2021 13:30:18,1998,11/16/1998,172/98b,TELEJORNAL,,,,NÃO,,SIM,Sim,SIM,SIM,SIM,NÃO,NÃO,NÃO,NÃO,NÃO,NÃO,NÃO,NÃO,NÃO,NÃO,NÃO,NÃO,NÃO,NÃO,NÃO,NÃO,NÃO,NÃO,NÃO,NÃO,NÃO,NÃO,NÃO,NÃO,NÃO,NÃO,NÃO,NÃO,NÃO,NÃO,NÃO,NÃO,NÃO,NÃO,NÃO,NÃO,NÃO,NÃO,NÃO,NÃO,NÃO,NÃO,NÃO,NÃO,NÃO,NÃO,NÃO,NÃO,NÃO,NÃO,NÃO,NÃO,NÃO,NÃO,NÃO,NÃO,NÃO,NÃO,NÃO,NÃO,NÃO,NÃO,NÃO,NÃO,NÃO,NÃO,NÃO,NÃO,NÃO,NÃO,,
4/15/2021 13:32:25,1998,11/17/1998,174/98,TELEJORNAL,,,,NÃO,,SIM,Sim,SIM,SIM,SIM,NÃO,NÃO,NÃO,NÃO,NÃO,NÃO,NÃO,NÃO,NÃO,NÃO,NÃO,NÃO,NÃO,NÃO,NÃO,NÃO,NÃO,NÃO,NÃO,NÃO,NÃO,NÃO,NÃO,NÃO,NÃO,NÃO,NÃO,NÃO,NÃO,NÃO,NÃO,NÃO,NÃO,NÃO,NÃO,NÃO,NÃO,NÃO,NÃO,NÃO,NÃO,NÃO,NÃO,NÃO,NÃO,NÃO,NÃO,NÃO,NÃO,NÃO,NÃO,NÃO,NÃO,NÃO,NÃO,NÃO,NÃO,NÃO,NÃO,NÃO,NÃO,NÃO,NÃO,NÃO,NÃO,NÃO,NÃO,NÃO,NÃO,NÃO,,
4/15/2021 13:35:11,1998,11/18/1998,175/98,TELEJORNAL,,,,NÃO,,SIM,Sim,SIM,SIM,SIM,NÃO,NÃO,NÃO,NÃO,NÃO,NÃO,NÃO,NÃO,NÃO,NÃO,NÃO,NÃO,NÃO,NÃO,NÃO,NÃO,NÃO,NÃO,NÃO,NÃO,NÃO,NÃO,NÃO,NÃO,NÃO,NÃO,NÃO,NÃO,NÃO,NÃO,NÃO,NÃO,NÃO,NÃO,NÃO,NÃO,NÃO,NÃO,NÃO,NÃO,NÃO,NÃO,NÃO,NÃO,NÃO,NÃO,NÃO,NÃO,NÃO,NÃO,NÃO,NÃO,NÃO,NÃO,NÃO,NÃO,NÃO,NÃO,NÃO,NÃO,NÃO,NÃO,NÃO,NÃO,NÃO,NÃO,NÃO,NÃO,NÃO,NÃO,,
4/15/2021 13:37:48,1998,11/19/1998,178/98,TELEJORNAL,,,,NÃO,,SIM,Sim,SIM,SIM,SIM,NÃO,NÃO,NÃO,NÃO,NÃO,NÃO,NÃO,NÃO,NÃO,NÃO,NÃO,NÃO,NÃO,NÃO,NÃO,NÃO,NÃO,NÃO,NÃO,NÃO,NÃO,NÃO,NÃO,NÃO,NÃO,NÃO,NÃO,NÃO,NÃO,NÃO,NÃO,NÃO,NÃO,NÃO,NÃO,NÃO,NÃO,NÃO,NÃO,NÃO,NÃO,NÃO,NÃO,NÃO,NÃO,NÃO,NÃO,NÃO,NÃO,NÃO,NÃO,NÃO,NÃO,NÃO,NÃO,NÃO,NÃO,NÃO,NÃO,NÃO,NÃO,NÃO,NÃO,NÃO,NÃO,NÃO,NÃO,NÃO,NÃO,NÃO,,
4/15/2021 13:39:47,1998,11/20/1998,179/98,TELEJORNAL,,,,NÃO,,SIM,Sim,SIM,SIM,SIM,NÃO,NÃO,NÃO,NÃO,NÃO,NÃO,NÃO,NÃO,NÃO,NÃO,NÃO,NÃO,NÃO,NÃO,NÃO,NÃO,NÃO,NÃO,NÃO,NÃO,NÃO,NÃO,NÃO,NÃO,NÃO,NÃO,NÃO,NÃO,NÃO,NÃO,NÃO,NÃO,NÃO,NÃO,NÃO,NÃO,NÃO,NÃO,NÃO,NÃO,NÃO,NÃO,NÃO,NÃO,NÃO,NÃO,NÃO,NÃO,NÃO,NÃO,NÃO,NÃO,NÃO,NÃO,NÃO,NÃO,NÃO,NÃO,NÃO,NÃO,NÃO,NÃO,NÃO,NÃO,NÃO,NÃO,NÃO,NÃO,NÃO,NÃO,,
4/15/2021 13:41:42,1998,11/21/1998,180/98,TELEJORNAL,,,,NÃO,,SIM,Sim,SIM,SIM,SIM,NÃO,NÃO,NÃO,NÃO,NÃO,NÃO,NÃO,NÃO,NÃO,NÃO,NÃO,NÃO,NÃO,NÃO,NÃO,NÃO,NÃO,NÃO,NÃO,NÃO,NÃO,NÃO,NÃO,NÃO,NÃO,NÃO,NÃO,NÃO,NÃO,NÃO,NÃO,NÃO,NÃO,NÃO,NÃO,NÃO,NÃO,NÃO,NÃO,NÃO,NÃO,NÃO,NÃO,NÃO,NÃO,NÃO,NÃO,NÃO,NÃO,NÃO,NÃO,NÃO,NÃO,NÃO,NÃO,NÃO,NÃO,NÃO,NÃO,NÃO,NÃO,NÃO,NÃO,NÃO,NÃO,NÃO,NÃO,NÃO,NÃO,NÃO,,
4/15/2021 13:46:09,1998,11/22/1998,181/98,TELEJORNAL,,,,NÃO,,SIM,Sim,SIM,SIM,SIM,NÃO,NÃO,NÃO,NÃO,NÃO,NÃO,NÃO,NÃO,NÃO,NÃO,NÃO,NÃO,NÃO,NÃO,NÃO,NÃO,NÃO,NÃO,NÃO,NÃO,NÃO,NÃO,NÃO,NÃO,NÃO,NÃO,NÃO,NÃO,NÃO,NÃO,NÃO,NÃO,NÃO,NÃO,NÃO,NÃO,NÃO,NÃO,NÃO,NÃO,NÃO,NÃO,NÃO,NÃO,NÃO,NÃO,NÃO,NÃO,NÃO,NÃO,NÃO,NÃO,NÃO,NÃO,NÃO,NÃO,NÃO,NÃO,NÃO,NÃO,NÃO,NÃO,NÃO,NÃO,NÃO,NÃO,NÃO,NÃO,NÃO,NÃO,,
4/15/2021 13:50:25,1998,11/23/1998,182/98B - 183/98A,TELEJORNAL,,,,NÃO,,SIM,Sim,SIM,SIM,SIM,NÃO,NÃO,NÃO,NÃO,NÃO,NÃO,NÃO,NÃO,NÃO,NÃO,NÃO,NÃO,NÃO,NÃO,NÃO,NÃO,NÃO,NÃO,NÃO,NÃO,NÃO,NÃO,NÃO,NÃO,NÃO,NÃO,NÃO,NÃO,NÃO,NÃO,NÃO,NÃO,NÃO,NÃO,NÃO,NÃO,NÃO,NÃO,NÃO,NÃO,NÃO,NÃO,NÃO,NÃO,NÃO,NÃO,NÃO,NÃO,NÃO,NÃO,NÃO,NÃO,NÃO,NÃO,NÃO,NÃO,NÃO,NÃO,NÃO,NÃO,NÃO,NÃO,NÃO,NÃO,NÃO,NÃO,NÃO,NÃO,NÃO,NÃO,,
4/15/2021 13:53:36,1998,11/24/1998,183/98B - 184/98A,TELEJORNAL,,,,NÃO,,SIM,Sim,SIM,SIM,SIM,NÃO,NÃO,NÃO,NÃO,NÃO,NÃO,NÃO,NÃO,NÃO,NÃO,NÃO,NÃO,NÃO,NÃO,NÃO,NÃO,NÃO,NÃO,NÃO,NÃO,NÃO,NÃO,NÃO,NÃO,NÃO,NÃO,NÃO,NÃO,NÃO,NÃO,NÃO,NÃO,NÃO,NÃO,NÃO,NÃO,NÃO,NÃO,NÃO,NÃO,NÃO,NÃO,NÃO,NÃO,NÃO,NÃO,NÃO,NÃO,NÃO,NÃO,NÃO,NÃO,NÃO,NÃO,NÃO,NÃO,NÃO,NÃO,NÃO,NÃO,NÃO,NÃO,NÃO,NÃO,NÃO,NÃO,NÃO,NÃO,NÃO,NÃO,,
4/15/2021 13:55:54,1998,11/25/1998,185/98B - 186/98A,TELEJORNAL,,,,NÃO,,SIM,Sim,SIM,SIM,SIM,NÃO,NÃO,NÃO,NÃO,NÃO,NÃO,NÃO,NÃO,NÃO,NÃO,NÃO,NÃO,NÃO,NÃO,NÃO,NÃO,NÃO,NÃO,NÃO,NÃO,NÃO,NÃO,NÃO,NÃO,NÃO,NÃO,NÃO,NÃO,NÃO,NÃO,NÃO,NÃO,NÃO,NÃO,NÃO,NÃO,NÃO,NÃO,NÃO,NÃO,NÃO,NÃO,NÃO,NÃO,NÃO,NÃO,NÃO,NÃO,NÃO,NÃO,NÃO,NÃO,NÃO,NÃO,NÃO,NÃO,NÃO,NÃO,NÃO,NÃO,NÃO,NÃO,NÃO,NÃO,NÃO,NÃO,NÃO,NÃO,NÃO,NÃO,,
4/15/2021 13:58:54,1998,11/26/1998,186/98B - 187/98A,TELEJORNAL,,,,NÃO,,SIM,Sim,SIM,SIM,SIM,NÃO,NÃO,NÃO,NÃO,NÃO,NÃO,NÃO,NÃO,NÃO,NÃO,NÃO,NÃO,NÃO,NÃO,NÃO,NÃO,NÃO,NÃO,NÃO,NÃO,NÃO,NÃO,NÃO,NÃO,NÃO,NÃO,NÃO,NÃO,NÃO,NÃO,NÃO,NÃO,NÃO,NÃO,NÃO,NÃO,NÃO,NÃO,NÃO,NÃO,NÃO,NÃO,NÃO,NÃO,NÃO,NÃO,NÃO,NÃO,NÃO,NÃO,NÃO,NÃO,NÃO,NÃO,NÃO,NÃO,NÃO,NÃO,NÃO,NÃO,NÃO,NÃO,NÃO,NÃO,NÃO,NÃO,NÃO,NÃO,NÃO,NÃO,,
4/15/2021 14:01:30,1998,11/27/1998,187/98B - 188/98A,TELEJORNAL,,,,NÃO,,SIM,Sim,SIM,SIM,SIM,NÃO,NÃO,NÃO,NÃO,NÃO,NÃO,NÃO,NÃO,NÃO,NÃO,NÃO,NÃO,NÃO,NÃO,NÃO,NÃO,NÃO,NÃO,NÃO,NÃO,NÃO,NÃO,NÃO,NÃO,NÃO,NÃO,NÃO,NÃO,NÃO,NÃO,NÃO,NÃO,NÃO,NÃO,NÃO,NÃO,NÃO,NÃO,NÃO,NÃO,NÃO,NÃO,NÃO,NÃO,NÃO,NÃO,NÃO,NÃO,NÃO,NÃO,NÃO,NÃO,NÃO,NÃO,NÃO,NÃO,NÃO,NÃO,NÃO,NÃO,NÃO,NÃO,NÃO,NÃO,NÃO,NÃO,NÃO,NÃO,NÃO,NÃO,,
4/15/2021 14:10:18,1998,11/28/1998,188/98B - 189/98A,TELEJORNAL,,,,NÃO,,SIM,Sim,SIM,SIM,SIM,NÃO,NÃO,NÃO,NÃO,NÃO,NÃO,NÃO,NÃO,NÃO,NÃO,NÃO,NÃO,NÃO,NÃO,NÃO,NÃO,NÃO,NÃO,NÃO,NÃO,NÃO,NÃO,NÃO,NÃO,NÃO,NÃO,NÃO,NÃO,NÃO,NÃO,NÃO,NÃO,NÃO,NÃO,NÃO,NÃO,NÃO,NÃO,NÃO,NÃO,NÃO,NÃO,NÃO,NÃO,NÃO,NÃO,NÃO,NÃO,NÃO,NÃO,NÃO,NÃO,NÃO,NÃO,NÃO,NÃO,NÃO,NÃO,NÃO,NÃO,NÃO,NÃO,NÃO,NÃO,NÃO,NÃO,NÃO,NÃO,NÃO,NÃO,,
4/15/2021 14:14:38,1998,11/29/1998,189/98B,TELEJORNAL,,,,NÃO,,SIM,Sim,SIM,SIM,SIM,NÃO,NÃO,NÃO,NÃO,NÃO,NÃO,NÃO,NÃO,NÃO,NÃO,NÃO,NÃO,NÃO,NÃO,NÃO,NÃO,NÃO,NÃO,NÃO,NÃO,NÃO,NÃO,NÃO,NÃO,NÃO,NÃO,NÃO,NÃO,NÃO,NÃO,NÃO,NÃO,NÃO,NÃO,NÃO,NÃO,NÃO,NÃO,NÃO,NÃO,NÃO,NÃO,NÃO,NÃO,NÃO,NÃO,NÃO,NÃO,NÃO,NÃO,NÃO,NÃO,NÃO,NÃO,NÃO,NÃO,NÃO,NÃO,NÃO,NÃO,NÃO,NÃO,NÃO,NÃO,NÃO,NÃO,NÃO,NÃO,NÃO,NÃO,,
4/15/2021 14:27:16,1998,11/30/1998,190/98B,TELEJORNAL,,,,NÃO,,SIM,Sim,SIM,SIM,SIM,NÃO,NÃO,NÃO,NÃO,NÃO,NÃO,NÃO,NÃO,NÃO,NÃO,NÃO,NÃO,NÃO,NÃO,NÃO,NÃO,NÃO,NÃO,NÃO,NÃO,NÃO,NÃO,NÃO,NÃO,NÃO,NÃO,NÃO,NÃO,NÃO,NÃO,NÃO,NÃO,NÃO,NÃO,NÃO,NÃO,NÃO,NÃO,NÃO,NÃO,NÃO,NÃO,NÃO,NÃO,NÃO,NÃO,NÃO,NÃO,NÃO,NÃO,NÃO,NÃO,NÃO,NÃO,NÃO,NÃO,NÃO,NÃO,NÃO,NÃO,NÃO,NÃO,NÃO,NÃO,NÃO,NÃO,NÃO,NÃO,NÃO,NÃO,,
4/15/2021 14:34:07,1998,10/1/1998,190/98A,TELEJORNAL,,A gravação não reproduz,,NÃO,,SIM,Não,SIM,SIM,SIM,NÃO,NÃO,NÃO,NÃO,NÃO,NÃO,NÃO,NÃO,NÃO,NÃO,NÃO,NÃO,NÃO,NÃO,NÃO,NÃO,NÃO,NÃO,NÃO,NÃO,NÃO,NÃO,NÃO,NÃO,NÃO,NÃO,NÃO,NÃO,NÃO,NÃO,NÃO,NÃO,NÃO,NÃO,NÃO,NÃO,NÃO,NÃO,NÃO,NÃO,NÃO,NÃO,NÃO,NÃO,NÃO,NÃO,NÃO,NÃO,NÃO,NÃO,NÃO,NÃO,NÃO,NÃO,NÃO,NÃO,NÃO,NÃO,NÃO,NÃO,NÃO,NÃO,NÃO,NÃO,NÃO,NÃO,NÃO,NÃO,NÃO,NÃO,,
4/15/2021 14:36:31,1998,10/2/1998,191/98B,TELEJORNAL,,,,NÃO,,SIM,Sim,SIM,SIM,SIM,NÃO,NÃO,NÃO,NÃO,NÃO,NÃO,NÃO,NÃO,NÃO,NÃO,NÃO,NÃO,NÃO,NÃO,NÃO,NÃO,NÃO,NÃO,NÃO,NÃO,NÃO,NÃO,NÃO,NÃO,NÃO,NÃO,NÃO,NÃO,NÃO,NÃO,NÃO,NÃO,NÃO,NÃO,NÃO,NÃO,NÃO,NÃO,NÃO,NÃO,NÃO,NÃO,NÃO,NÃO,NÃO,NÃO,NÃO,NÃO,NÃO,NÃO,NÃO,NÃO,NÃO,NÃO,NÃO,NÃO,NÃO,NÃO,NÃO,NÃO,NÃO,NÃO,NÃO,NÃO,NÃO,NÃO,NÃO,NÃO,NÃO,NÃO,,
4/15/2021 14:39:05,1998,10/3/1998,192/98B,TELEJORNAL,,,,NÃO,,SIM,Sim,SIM,SIM,SIM,NÃO,NÃO,NÃO,NÃO,NÃO,NÃO,NÃO,NÃO,NÃO,NÃO,NÃO,NÃO,NÃO,NÃO,NÃO,NÃO,NÃO,NÃO,NÃO,NÃO,NÃO,NÃO,NÃO,NÃO,NÃO,NÃO,NÃO,NÃO,NÃO,NÃO,NÃO,NÃO,NÃO,NÃO,NÃO,NÃO,NÃO,NÃO,NÃO,NÃO,NÃO,NÃO,NÃO,NÃO,NÃO,NÃO,NÃO,NÃO,NÃO,NÃO,NÃO,NÃO,NÃO,NÃO,NÃO,NÃO,NÃO,NÃO,NÃO,NÃO,NÃO,NÃO,NÃO,NÃO,NÃO,NÃO,NÃO,NÃO,NÃO,NÃO,,
4/15/2021 14:42:16,1998,10/4/1998,192/98A,TELEJORNAL,,,,NÃO,,SIM,Sim,SIM,SIM,SIM,NÃO,NÃO,NÃO,NÃO,NÃO,NÃO,NÃO,NÃO,NÃO,NÃO,NÃO,NÃO,NÃO,NÃO,NÃO,NÃO,NÃO,NÃO,NÃO,NÃO,NÃO,NÃO,NÃO,NÃO,NÃO,NÃO,NÃO,NÃO,NÃO,NÃO,NÃO,NÃO,NÃO,NÃO,NÃO,NÃO,NÃO,NÃO,NÃO,NÃO,NÃO,NÃO,NÃO,NÃO,NÃO,NÃO,NÃO,NÃO,NÃO,NÃO,NÃO,NÃO,NÃO,NÃO,NÃO,NÃO,NÃO,NÃO,NÃO,NÃO,NÃO,NÃO,NÃO,NÃO,NÃO,NÃO,NÃO,NÃO,NÃO,NÃO,,
4/15/2021 14:45:23,1998,10/5/1998,193/98B,TELEJORNAL,,A gravação apresenta defeito de 8:11 até o fim,,NÃO,,SIM,Sim,SIM,SIM,SIM,NÃO,NÃO,NÃO,NÃO,NÃO,NÃO,NÃO,NÃO,NÃO,NÃO,NÃO,NÃO,NÃO,NÃO,NÃO,NÃO,NÃO,NÃO,NÃO,NÃO,NÃO,NÃO,NÃO,NÃO,NÃO,NÃO,NÃO,NÃO,NÃO,NÃO,NÃO,NÃO,NÃO,NÃO,NÃO,NÃO,NÃO,NÃO,NÃO,NÃO,NÃO,NÃO,NÃO,NÃO,NÃO,NÃO,NÃO,NÃO,NÃO,NÃO,NÃO,NÃO,NÃO,NÃO,NÃO,NÃO,NÃO,NÃO,NÃO,NÃO,NÃO,NÃO,NÃO,NÃO,NÃO,NÃO,NÃO,NÃO,NÃO,NÃO,,
4/15/2021 14:48:07,1998,10/6/1998,193/98A,TELEJORNAL,,,,NÃO,,SIM,Sim,SIM,SIM,SIM,NÃO,NÃO,NÃO,NÃO,NÃO,NÃO,NÃO,NÃO,NÃO,NÃO,NÃO,NÃO,NÃO,NÃO,NÃO,NÃO,NÃO,NÃO,NÃO,NÃO,NÃO,NÃO,NÃO,NÃO,NÃO,NÃO,NÃO,NÃO,NÃO,NÃO,NÃO,NÃO,NÃO,NÃO,NÃO,NÃO,NÃO,NÃO,NÃO,NÃO,NÃO,NÃO,NÃO,NÃO,NÃO,NÃO,NÃO,NÃO,NÃO,NÃO,NÃO,NÃO,NÃO,NÃO,NÃO,NÃO,NÃO,NÃO,NÃO,NÃO,NÃO,NÃO,NÃO,NÃO,NÃO,NÃO,NÃO,NÃO,NÃO,NÃO,,
4/15/2021 14:50:00,1998,10/7/1998,194/98,TELEJORNAL,,,,NÃO,,SIM,Sim,SIM,SIM,SIM,NÃO,NÃO,NÃO,NÃO,NÃO,NÃO,NÃO,NÃO,NÃO,NÃO,NÃO,NÃO,NÃO,NÃO,NÃO,NÃO,NÃO,NÃO,NÃO,NÃO,NÃO,NÃO,NÃO,NÃO,NÃO,NÃO,NÃO,NÃO,NÃO,NÃO,NÃO,NÃO,NÃO,NÃO,NÃO,NÃO,NÃO,NÃO,NÃO,NÃO,NÃO,NÃO,NÃO,NÃO,NÃO,NÃO,NÃO,NÃO,NÃO,NÃO,NÃO,NÃO,NÃO,NÃO,NÃO,NÃO,NÃO,NÃO,NÃO,NÃO,NÃO,NÃO,NÃO,NÃO,NÃO,NÃO,NÃO,NÃO,NÃO,NÃO,,
5/6/2021 18:13:21,1998,8/10/1998,195/98,TELEJORNAL,,,,NÃO,,SIM,Sim,SIM,SIM,SIM,NÃO,NÃO,NÃO,NÃO,NÃO,NÃO,NÃO,NÃO,NÃO,NÃO,NÃO,NÃO,NÃO,NÃO,NÃO,NÃO,NÃO,NÃO,NÃO,NÃO,NÃO,NÃO,NÃO,NÃO,NÃO,NÃO,NÃO,NÃO,NÃO,NÃO,NÃO,NÃO,NÃO,NÃO,NÃO,NÃO,NÃO,NÃO,NÃO,NÃO,NÃO,NÃO,NÃO,NÃO,NÃO,NÃO,NÃO,NÃO,NÃO,NÃO,NÃO,NÃO,NÃO,NÃO,NÃO,NÃO,NÃO,NÃO,NÃO,NÃO,NÃO,NÃO,NÃO,NÃO,NÃO,NÃO,NÃO,NÃO,NÃO,NÃO,,
5/6/2021 18:17:16,1998,9/10/1998,196/98B,TELEJORNAL,,,,NÃO,,SIM,Sim,SIM,SIM,SIM,NÃO,NÃO,NÃO,NÃO,NÃO,NÃO,NÃO,NÃO,NÃO,NÃO,NÃO,NÃO,NÃO,NÃO,NÃO,NÃO,NÃO,NÃO,NÃO,NÃO,NÃO,NÃO,NÃO,NÃO,NÃO,NÃO,NÃO,NÃO,NÃO,NÃO,NÃO,NÃO,NÃO,NÃO,NÃO,NÃO,NÃO,NÃO,NÃO,NÃO,NÃO,NÃO,NÃO,NÃO,NÃO,NÃO,NÃO,NÃO,NÃO,NÃO,NÃO,NÃO,NÃO,NÃO,NÃO,NÃO,NÃO,NÃO,NÃO,NÃO,NÃO,NÃO,NÃO,NÃO,NÃO,NÃO,NÃO,NÃO,NÃO,NÃO,,
5/6/2021 18:23:27,1998,10/10/1998,196/98A,TELEJORNAL,,,,NÃO,,SIM,Sim,SIM,SIM,SIM,NÃO,NÃO,NÃO,NÃO,NÃO,NÃO,NÃO,NÃO,NÃO,NÃO,NÃO,NÃO,NÃO,NÃO,NÃO,NÃO,NÃO,NÃO,NÃO,NÃO,NÃO,NÃO,NÃO,NÃO,NÃO,NÃO,NÃO,NÃO,NÃO,NÃO,NÃO,NÃO,NÃO,NÃO,NÃO,NÃO,NÃO,NÃO,NÃO,NÃO,NÃO,NÃO,NÃO,NÃO,NÃO,NÃO,NÃO,NÃO,NÃO,NÃO,NÃO,NÃO,NÃO,NÃO,NÃO,NÃO,NÃO,NÃO,NÃO,NÃO,NÃO,NÃO,NÃO,NÃO,NÃO,NÃO,NÃO,NÃO,NÃO,NÃO,,
5/6/2021 18:38:31,1998,11/10/1998,197/98,TELEJORNAL,,,,NÃO,,SIM,Sim,SIM,SIM,SIM,NÃO,NÃO,NÃO,NÃO,NÃO,NÃO,NÃO,NÃO,NÃO,NÃO,NÃO,NÃO,NÃO,NÃO,NÃO,NÃO,NÃO,NÃO,NÃO,NÃO,NÃO,NÃO,NÃO,NÃO,NÃO,NÃO,NÃO,NÃO,NÃO,NÃO,NÃO,NÃO,NÃO,NÃO,NÃO,NÃO,NÃO,NÃO,NÃO,NÃO,NÃO,NÃO,NÃO,NÃO,NÃO,NÃO,NÃO,NÃO,NÃO,NÃO,NÃO,NÃO,NÃO,NÃO,NÃO,NÃO,NÃO,NÃO,NÃO,NÃO,NÃO,NÃO,NÃO,NÃO,NÃO,NÃO,NÃO,NÃO,NÃO,NÃO,,
5/6/2021 18:46:48,1998,12/10/1998,199/98,TELEJORNAL,,,,NÃO,,SIM,Sim,SIM,SIM,SIM,NÃO,NÃO,NÃO,NÃO,NÃO,NÃO,NÃO,NÃO,NÃO,NÃO,NÃO,NÃO,NÃO,NÃO,NÃO,NÃO,NÃO,NÃO,NÃO,NÃO,NÃO,NÃO,NÃO,NÃO,NÃO,NÃO,NÃO,NÃO,NÃO,NÃO,NÃO,NÃO,NÃO,NÃO,NÃO,NÃO,NÃO,NÃO,NÃO,NÃO,NÃO,NÃO,NÃO,NÃO,NÃO,NÃO,NÃO,NÃO,NÃO,NÃO,NÃO,NÃO,NÃO,NÃO,NÃO,NÃO,NÃO,NÃO,NÃO,NÃO,NÃO,NÃO,NÃO,NÃO,NÃO,NÃO,NÃO,NÃO,NÃO,NÃO,,
5/6/2021 19:00:03,1998,10/13/1998,201/98,TELEJORNAL,,,,NÃO,,SIM,Sim,SIM,SIM,SIM,NÃO,NÃO,NÃO,NÃO,NÃO,NÃO,NÃO,NÃO,NÃO,NÃO,NÃO,NÃO,NÃO,NÃO,NÃO,NÃO,NÃO,NÃO,NÃO,NÃO,NÃO,NÃO,NÃO,NÃO,NÃO,NÃO,NÃO,NÃO,NÃO,NÃO,NÃO,NÃO,NÃO,NÃO,NÃO,NÃO,NÃO,NÃO,NÃO,NÃO,NÃO,NÃO,NÃO,NÃO,NÃO,NÃO,NÃO,NÃO,NÃO,NÃO,NÃO,NÃO,NÃO,NÃO,NÃO,NÃO,NÃO,NÃO,NÃO,NÃO,NÃO,NÃO,NÃO,NÃO,NÃO,NÃO,NÃO,NÃO,NÃO,NÃO,,
5/6/2021 19:08:10,1998,10/14/1998,202/98,TELEJORNAL,,,,NÃO,,SIM,Sim,SIM,SIM,SIM,NÃO,NÃO,NÃO,NÃO,NÃO,NÃO,NÃO,NÃO,NÃO,NÃO,NÃO,NÃO,NÃO,NÃO,NÃO,NÃO,NÃO,NÃO,NÃO,NÃO,NÃO,NÃO,NÃO,NÃO,NÃO,NÃO,NÃO,NÃO,NÃO,NÃO,NÃO,NÃO,NÃO,NÃO,NÃO,NÃO,NÃO,NÃO,NÃO,NÃO,NÃO,NÃO,NÃO,NÃO,NÃO,NÃO,NÃO,NÃO,NÃO,NÃO,NÃO,NÃO,NÃO,NÃO,NÃO,NÃO,NÃO,NÃO,NÃO,NÃO,NÃO,NÃO,NÃO,NÃO,NÃO,NÃO,NÃO,NÃO,NÃO,NÃO,,
5/6/2021 19:24:16,1998,10/15/1998,203/98,TELEJORNAL,,,,NÃO,,SIM,Sim,SIM,SIM,SIM,NÃO,NÃO,NÃO,NÃO,NÃO,NÃO,NÃO,NÃO,NÃO,NÃO,NÃO,NÃO,NÃO,NÃO,NÃO,NÃO,NÃO,NÃO,NÃO,NÃO,NÃO,NÃO,NÃO,NÃO,NÃO,NÃO,NÃO,NÃO,NÃO,NÃO,NÃO,NÃO,NÃO,NÃO,NÃO,NÃO,NÃO,NÃO,NÃO,NÃO,NÃO,NÃO,NÃO,NÃO,NÃO,NÃO,NÃO,NÃO,NÃO,NÃO,NÃO,NÃO,NÃO,NÃO,NÃO,NÃO,NÃO,NÃO,NÃO,NÃO,NÃO,NÃO,NÃO,NÃO,NÃO,NÃO,NÃO,NÃO,NÃO,NÃO,,
5/6/2021 19:34:21,1998,10/16/1998,204/98,TELEJORNAL,,,,NÃO,,SIM,Sim,SIM,SIM,SIM,NÃO,NÃO,NÃO,NÃO,NÃO,NÃO,NÃO,NÃO,NÃO,NÃO,NÃO,NÃO,NÃO,NÃO,NÃO,NÃO,NÃO,NÃO,NÃO,NÃO,NÃO,NÃO,NÃO,NÃO,NÃO,NÃO,NÃO,NÃO,NÃO,NÃO,NÃO,NÃO,NÃO,NÃO,NÃO,NÃO,NÃO,NÃO,NÃO,NÃO,NÃO,NÃO,NÃO,NÃO,NÃO,NÃO,NÃO,NÃO,NÃO,NÃO,NÃO,NÃO,NÃO,NÃO,NÃO,NÃO,NÃO,NÃO,NÃO,NÃO,NÃO,NÃO,NÃO,NÃO,NÃO,NÃO,NÃO,NÃO,NÃO,NÃO,,
5/6/2021 19:43:34,1998,12/10/1998,206/98,TELEJORNAL,,A gravação está dando erro de reprodução,,NÃO,,SIM,Sim,SIM,SIM,SIM,NÃO,NÃO,NÃO,NÃO,NÃO,NÃO,NÃO,NÃO,NÃO,NÃO,NÃO,NÃO,NÃO,NÃO,NÃO,NÃO,NÃO,NÃO,NÃO,NÃO,NÃO,NÃO,NÃO,NÃO,NÃO,NÃO,NÃO,NÃO,NÃO,NÃO,NÃO,NÃO,NÃO,NÃO,NÃO,NÃO,NÃO,NÃO,NÃO,NÃO,NÃO,NÃO,NÃO,NÃO,NÃO,NÃO,NÃO,NÃO,NÃO,NÃO,NÃO,NÃO,NÃO,NÃO,NÃO,NÃO,NÃO,NÃO,NÃO,NÃO,NÃO,NÃO,NÃO,NÃO,NÃO,NÃO,NÃO,NÃO,NÃO,NÃO,,
5/6/2021 20:31:55,1998,10/18/1998,208/98A,TELEJORNAL,,,,NÃO,,SIM,Sim,SIM,SIM,SIM,NÃO,NÃO,NÃO,NÃO,NÃO,NÃO,NÃO,NÃO,NÃO,NÃO,NÃO,NÃO,NÃO,NÃO,NÃO,NÃO,NÃO,NÃO,NÃO,NÃO,NÃO,NÃO,NÃO,NÃO,NÃO,NÃO,NÃO,NÃO,NÃO,NÃO,NÃO,NÃO,NÃO,NÃO,NÃO,NÃO,NÃO,NÃO,NÃO,NÃO,NÃO,NÃO,NÃO,NÃO,NÃO,NÃO,NÃO,NÃO,NÃO,NÃO,NÃO,NÃO,NÃO,NÃO,NÃO,NÃO,NÃO,NÃO,NÃO,NÃO,NÃO,NÃO,NÃO,NÃO,NÃO,NÃO,NÃO,NÃO,NÃO,NÃO,,
5/6/2021 20:35:15,1998,10/19/1998,208/98B,TELEJORNAL,,,,NÃO,,SIM,Sim,SIM,SIM,SIM,NÃO,NÃO,NÃO,NÃO,NÃO,NÃO,NÃO,NÃO,NÃO,NÃO,NÃO,NÃO,NÃO,NÃO,NÃO,NÃO,NÃO,NÃO,NÃO,NÃO,NÃO,NÃO,NÃO,NÃO,NÃO,NÃO,NÃO,NÃO,NÃO,NÃO,NÃO,NÃO,NÃO,NÃO,NÃO,NÃO,NÃO,NÃO,NÃO,NÃO,NÃO,NÃO,NÃO,NÃO,NÃO,NÃO,NÃO,NÃO,NÃO,NÃO,NÃO,NÃO,NÃO,NÃO,NÃO,NÃO,NÃO,NÃO,NÃO,NÃO,NÃO,NÃO,NÃO,NÃO,NÃO,NÃO,NÃO,NÃO,NÃO,NÃO,,
5/6/2021 20:37:30,1998,10/20/1998,209/98,TELEJORNAL,,,,NÃO,,SIM,Sim,SIM,SIM,SIM,NÃO,NÃO,NÃO,NÃO,NÃO,NÃO,NÃO,NÃO,NÃO,NÃO,NÃO,NÃO,NÃO,NÃO,NÃO,NÃO,NÃO,NÃO,NÃO,NÃO,NÃO,NÃO,NÃO,NÃO,NÃO,NÃO,NÃO,NÃO,NÃO,NÃO,NÃO,NÃO,NÃO,NÃO,NÃO,NÃO,NÃO,NÃO,NÃO,NÃO,NÃO,NÃO,NÃO,NÃO,NÃO,NÃO,NÃO,NÃO,NÃO,NÃO,NÃO,NÃO,NÃO,NÃO,NÃO,NÃO,NÃO,NÃO,NÃO,NÃO,NÃO,NÃO,NÃO,NÃO,NÃO,NÃO,NÃO,NÃO,NÃO,NÃO,,
5/6/2021 20:39:24,1998,10/21/1998,210/98,TELEJORNAL,,,,NÃO,,SIM,Sim,SIM,SIM,SIM,NÃO,NÃO,NÃO,NÃO,NÃO,NÃO,NÃO,NÃO,NÃO,NÃO,NÃO,NÃO,NÃO,NÃO,NÃO,NÃO,NÃO,NÃO,NÃO,NÃO,NÃO,NÃO,NÃO,NÃO,NÃO,NÃO,NÃO,NÃO,NÃO,NÃO,NÃO,NÃO,NÃO,NÃO,NÃO,NÃO,NÃO,NÃO,NÃO,NÃO,NÃO,NÃO,NÃO,NÃO,NÃO,NÃO,NÃO,NÃO,NÃO,NÃO,NÃO,NÃO,NÃO,NÃO,NÃO,NÃO,NÃO,NÃO,NÃO,NÃO,NÃO,NÃO,NÃO,NÃO,NÃO,NÃO,NÃO,NÃO,NÃO,NÃO,,
5/6/2021 20:41:25,1998,10/22/1998,212/98,TELEJORNAL,,,,NÃO,,SIM,Sim,SIM,SIM,SIM,NÃO,NÃO,NÃO,NÃO,NÃO,NÃO,NÃO,NÃO,NÃO,NÃO,NÃO,NÃO,NÃO,NÃO,NÃO,NÃO,NÃO,NÃO,NÃO,NÃO,NÃO,NÃO,NÃO,NÃO,NÃO,NÃO,NÃO,NÃO,NÃO,NÃO,NÃO,NÃO,NÃO,NÃO,NÃO,NÃO,NÃO,NÃO,NÃO,NÃO,NÃO,NÃO,NÃO,NÃO,NÃO,NÃO,NÃO,NÃO,NÃO,NÃO,NÃO,NÃO,NÃO,NÃO,NÃO,NÃO,NÃO,NÃO,NÃO,NÃO,NÃO,NÃO,NÃO,NÃO,NÃO,NÃO,NÃO,NÃO,NÃO,NÃO,,
5/6/2021 20:43:44,1998,10/23/1998,213/98,TELEJORNAL,,,,NÃO,,SIM,Sim,SIM,SIM,SIM,NÃO,NÃO,NÃO,NÃO,NÃO,NÃO,NÃO,NÃO,NÃO,NÃO,NÃO,NÃO,NÃO,NÃO,NÃO,NÃO,NÃO,NÃO,NÃO,NÃO,NÃO,NÃO,NÃO,NÃO,NÃO,NÃO,NÃO,NÃO,NÃO,NÃO,NÃO,NÃO,NÃO,NÃO,NÃO,NÃO,NÃO,NÃO,NÃO,NÃO,NÃO,NÃO,NÃO,NÃO,NÃO,NÃO,NÃO,NÃO,NÃO,NÃO,NÃO,NÃO,NÃO,NÃO,NÃO,NÃO,NÃO,NÃO,NÃO,NÃO,NÃO,NÃO,NÃO,NÃO,NÃO,NÃO,NÃO,NÃO,NÃO,NÃO,,
5/13/2021 12:14:28,1998,10/24/1998,214/98,TELEJORNAL,,,,NÃO,,SIM,Sim,SIM,SIM,SIM,NÃO,NÃO,NÃO,NÃO,NÃO,NÃO,NÃO,NÃO,NÃO,NÃO,NÃO,NÃO,NÃO,NÃO,NÃO,NÃO,NÃO,NÃO,NÃO,NÃO,NÃO,NÃO,NÃO,NÃO,NÃO,NÃO,NÃO,NÃO,NÃO,NÃO,NÃO,NÃO,NÃO,NÃO,NÃO,NÃO,NÃO,NÃO,NÃO,NÃO,NÃO,NÃO,NÃO,NÃO,NÃO,NÃO,NÃO,NÃO,NÃO,NÃO,NÃO,NÃO,NÃO,NÃO,NÃO,NÃO,NÃO,NÃO,NÃO,NÃO,NÃO,NÃO,NÃO,NÃO,NÃO,NÃO,NÃO,NÃO,NÃO,NÃO,,
5/13/2021 12:16:25,1998,10/25/1998,215/98,TELEJORNAL,,,,NÃO,,SIM,Sim,SIM,SIM,SIM,NÃO,NÃO,NÃO,NÃO,NÃO,NÃO,NÃO,NÃO,NÃO,NÃO,NÃO,NÃO,NÃO,NÃO,NÃO,NÃO,NÃO,NÃO,NÃO,NÃO,NÃO,NÃO,NÃO,NÃO,NÃO,NÃO,NÃO,NÃO,NÃO,NÃO,NÃO,NÃO,NÃO,NÃO,NÃO,NÃO,NÃO,NÃO,NÃO,NÃO,NÃO,NÃO,NÃO,NÃO,NÃO,NÃO,NÃO,NÃO,NÃO,NÃO,NÃO,NÃO,NÃO,NÃO,NÃO,NÃO,NÃO,NÃO,NÃO,NÃO,NÃO,NÃO,NÃO,NÃO,NÃO,NÃO,NÃO,NÃO,NÃO,NÃO,,
5/13/2021 12:18:28,1998,10/26/1998,216/98,TELEJORNAL,,,,NÃO,,SIM,Sim,SIM,SIM,SIM,NÃO,NÃO,NÃO,NÃO,NÃO,NÃO,NÃO,NÃO,NÃO,NÃO,NÃO,NÃO,NÃO,NÃO,NÃO,NÃO,NÃO,NÃO,NÃO,NÃO,NÃO,NÃO,NÃO,NÃO,NÃO,NÃO,NÃO,NÃO,NÃO,NÃO,NÃO,NÃO,NÃO,NÃO,NÃO,NÃO,NÃO,NÃO,NÃO,NÃO,NÃO,NÃO,NÃO,NÃO,NÃO,NÃO,NÃO,NÃO,NÃO,NÃO,NÃO,NÃO,NÃO,NÃO,NÃO,NÃO,NÃO,NÃO,NÃO,NÃO,NÃO,NÃO,NÃO,NÃO,NÃO,NÃO,NÃO,NÃO,NÃO,NÃO,,
5/13/2021 12:23:23,1998,10/27/1998,217/98,TELEJORNAL,,A gravação não reproduz,,NÃO,,SIM,Não,SIM,SIM,SIM,NÃO,NÃO,NÃO,NÃO,NÃO,NÃO,NÃO,NÃO,NÃO,NÃO,NÃO,NÃO,NÃO,NÃO,NÃO,NÃO,NÃO,NÃO,NÃO,NÃO,NÃO,NÃO,NÃO,NÃO,NÃO,NÃO,NÃO,NÃO,NÃO,NÃO,NÃO,NÃO,NÃO,NÃO,NÃO,NÃO,NÃO,NÃO,NÃO,NÃO,NÃO,NÃO,NÃO,NÃO,NÃO,NÃO,NÃO,NÃO,NÃO,NÃO,NÃO,NÃO,NÃO,NÃO,NÃO,NÃO,NÃO,NÃO,NÃO,NÃO,NÃO,NÃO,NÃO,NÃO,NÃO,NÃO,NÃO,NÃO,NÃO,NÃO,,
5/13/2021 12:38:44,1998,10/28/1998,218/98,TELEJORNAL,,,,NÃO,,SIM,Sim,SIM,SIM,SIM,NÃO,NÃO,NÃO,NÃO,NÃO,NÃO,NÃO,NÃO,NÃO,NÃO,NÃO,NÃO,NÃO,NÃO,NÃO,NÃO,NÃO,NÃO,NÃO,NÃO,NÃO,NÃO,NÃO,NÃO,NÃO,NÃO,NÃO,NÃO,NÃO,NÃO,NÃO,NÃO,NÃO,NÃO,NÃO,NÃO,NÃO,NÃO,NÃO,NÃO,NÃO,NÃO,NÃO,NÃO,NÃO,NÃO,NÃO,NÃO,NÃO,NÃO,NÃO,NÃO,NÃO,NÃO,NÃO,NÃO,NÃO,NÃO,NÃO,NÃO,NÃO,NÃO,NÃO,NÃO,NÃO,NÃO,NÃO,NÃO,NÃO,NÃO,,
5/13/2021 12:43:16,1998,10/29/1998,219/98,TELEJORNAL,,,,NÃO,,SIM,Sim,SIM,SIM,SIM,NÃO,NÃO,NÃO,NÃO,NÃO,NÃO,NÃO,NÃO,NÃO,NÃO,NÃO,NÃO,NÃO,NÃO,NÃO,NÃO,NÃO,NÃO,NÃO,NÃO,NÃO,NÃO,NÃO,NÃO,NÃO,NÃO,NÃO,NÃO,NÃO,NÃO,NÃO,NÃO,NÃO,NÃO,NÃO,NÃO,NÃO,NÃO,NÃO,NÃO,NÃO,NÃO,NÃO,NÃO,NÃO,NÃO,NÃO,NÃO,NÃO,NÃO,NÃO,NÃO,NÃO,NÃO,NÃO,NÃO,NÃO,NÃO,NÃO,NÃO,NÃO,NÃO,NÃO,NÃO,NÃO,NÃO,NÃO,NÃO,NÃO,NÃO,,
5/13/2021 12:46:23,1998,10/30/1998,221/98,TELEJORNAL,,,,NÃO,,SIM,Sim,SIM,SIM,SIM,NÃO,NÃO,NÃO,NÃO,NÃO,NÃO,NÃO,NÃO,NÃO,NÃO,NÃO,NÃO,NÃO,NÃO,NÃO,NÃO,NÃO,NÃO,NÃO,NÃO,NÃO,NÃO,NÃO,NÃO,NÃO,NÃO,NÃO,NÃO,NÃO,NÃO,NÃO,NÃO,NÃO,NÃO,NÃO,NÃO,NÃO,NÃO,NÃO,NÃO,NÃO,NÃO,NÃO,NÃO,NÃO,NÃO,NÃO,NÃO,NÃO,NÃO,NÃO,NÃO,NÃO,NÃO,NÃO,NÃO,NÃO,NÃO,NÃO,NÃO,NÃO,NÃO,NÃO,NÃO,NÃO,NÃO,NÃO,NÃO,NÃO,NÃO,,
5/13/2021 12:48:54,1998,11/1/1998,222/98,TELEJORNAL,,,,NÃO,,SIM,Sim,SIM,SIM,SIM,NÃO,NÃO,NÃO,NÃO,NÃO,NÃO,NÃO,NÃO,NÃO,NÃO,NÃO,NÃO,NÃO,NÃO,NÃO,NÃO,NÃO,NÃO,NÃO,NÃO,NÃO,NÃO,NÃO,NÃO,NÃO,NÃO,NÃO,NÃO,NÃO,NÃO,NÃO,NÃO,NÃO,NÃO,NÃO,NÃO,NÃO,NÃO,NÃO,NÃO,NÃO,NÃO,NÃO,NÃO,NÃO,NÃO,NÃO,NÃO,NÃO,NÃO,NÃO,NÃO,NÃO,NÃO,NÃO,NÃO,NÃO,NÃO,NÃO,NÃO,NÃO,NÃO,NÃO,NÃO,NÃO,NÃO,NÃO,NÃO,NÃO,NÃO,,
5/13/2021 12:51:07,1998,11/2/1998,223/98,TELEJORNAL,,,,NÃO,,SIM,Sim,SIM,SIM,SIM,NÃO,NÃO,NÃO,NÃO,NÃO,NÃO,NÃO,NÃO,NÃO,NÃO,NÃO,NÃO,NÃO,NÃO,NÃO,NÃO,NÃO,NÃO,NÃO,NÃO,NÃO,NÃO,NÃO,NÃO,NÃO,NÃO,NÃO,NÃO,NÃO,NÃO,NÃO,NÃO,NÃO,NÃO,NÃO,NÃO,NÃO,NÃO,NÃO,NÃO,NÃO,NÃO,NÃO,NÃO,NÃO,NÃO,NÃO,NÃO,NÃO,NÃO,NÃO,NÃO,NÃO,NÃO,NÃO,NÃO,NÃO,NÃO,NÃO,NÃO,NÃO,NÃO,NÃO,NÃO,NÃO,NÃO,NÃO,NÃO,NÃO,NÃO,,
5/13/2021 12:53:24,1998,11/3/1998,224/98,TELEJORNAL,,,,NÃO,,SIM,Sim,SIM,SIM,SIM,NÃO,NÃO,NÃO,NÃO,NÃO,NÃO,NÃO,NÃO,NÃO,NÃO,NÃO,NÃO,NÃO,NÃO,NÃO,NÃO,NÃO,NÃO,NÃO,NÃO,NÃO,NÃO,NÃO,NÃO,NÃO,NÃO,NÃO,NÃO,NÃO,NÃO,NÃO,NÃO,NÃO,NÃO,NÃO,NÃO,NÃO,NÃO,NÃO,NÃO,NÃO,NÃO,NÃO,NÃO,NÃO,NÃO,NÃO,NÃO,NÃO,NÃO,NÃO,NÃO,NÃO,NÃO,NÃO,NÃO,NÃO,NÃO,NÃO,NÃO,NÃO,NÃO,NÃO,NÃO,NÃO,NÃO,NÃO,NÃO,NÃO,NÃO,,
5/13/2021 12:56:06,1998,11/4/1998,225/98,TELEJORNAL,,,,NÃO,,SIM,Sim,SIM,SIM,SIM,NÃO,NÃO,NÃO,NÃO,NÃO,NÃO,NÃO,NÃO,NÃO,NÃO,NÃO,NÃO,NÃO,NÃO,NÃO,NÃO,NÃO,NÃO,NÃO,NÃO,NÃO,NÃO,NÃO,NÃO,NÃO,NÃO,NÃO,NÃO,NÃO,NÃO,NÃO,NÃO,NÃO,NÃO,NÃO,NÃO,NÃO,NÃO,NÃO,NÃO,NÃO,NÃO,NÃO,NÃO,NÃO,NÃO,NÃO,NÃO,NÃO,NÃO,NÃO,NÃO,NÃO,NÃO,NÃO,NÃO,NÃO,NÃO,NÃO,NÃO,NÃO,NÃO,NÃO,NÃO,NÃO,NÃO,NÃO,NÃO,NÃO,NÃO,,
5/13/2021 12:58:53,1998,11/4/1998,226/98,TELEJORNAL,,,,NÃO,,SIM,Sim,SIM,SIM,SIM,NÃO,NÃO,NÃO,NÃO,NÃO,NÃO,NÃO,NÃO,NÃO,NÃO,NÃO,NÃO,NÃO,NÃO,NÃO,NÃO,NÃO,NÃO,NÃO,NÃO,NÃO,NÃO,NÃO,NÃO,NÃO,NÃO,NÃO,NÃO,NÃO,NÃO,NÃO,NÃO,NÃO,NÃO,NÃO,NÃO,NÃO,NÃO,NÃO,NÃO,NÃO,NÃO,NÃO,NÃO,NÃO,NÃO,NÃO,NÃO,NÃO,NÃO,NÃO,NÃO,NÃO,NÃO,NÃO,NÃO,NÃO,NÃO,NÃO,NÃO,NÃO,NÃO,NÃO,NÃO,NÃO,NÃO,NÃO,NÃO,NÃO,NÃO,,
5/13/2021 13:01:01,1998,11/6/1998,227/98,TELEJORNAL,,,,NÃO,,SIM,Sim,SIM,SIM,SIM,NÃO,NÃO,NÃO,NÃO,NÃO,NÃO,NÃO,NÃO,NÃO,NÃO,NÃO,NÃO,NÃO,NÃO,NÃO,NÃO,NÃO,NÃO,NÃO,NÃO,NÃO,NÃO,NÃO,NÃO,NÃO,NÃO,NÃO,NÃO,NÃO,NÃO,NÃO,NÃO,NÃO,NÃO,NÃO,NÃO,NÃO,NÃO,NÃO,NÃO,NÃO,NÃO,NÃO,NÃO,NÃO,NÃO,NÃO,NÃO,NÃO,NÃO,NÃO,NÃO,NÃO,NÃO,NÃO,NÃO,NÃO,NÃO,NÃO,NÃO,NÃO,NÃO,NÃO,NÃO,NÃO,NÃO,NÃO,NÃO,NÃO,NÃO,,
5/13/2021 13:03:26,1998,11/7/1998,228/98,TELEJORNAL,,,,NÃO,,SIM,Sim,SIM,SIM,SIM,NÃO,NÃO,NÃO,NÃO,NÃO,NÃO,NÃO,NÃO,NÃO,NÃO,NÃO,NÃO,NÃO,NÃO,NÃO,NÃO,NÃO,NÃO,NÃO,NÃO,NÃO,NÃO,NÃO,NÃO,NÃO,NÃO,NÃO,NÃO,NÃO,NÃO,NÃO,NÃO,NÃO,NÃO,NÃO,NÃO,NÃO,NÃO,NÃO,NÃO,NÃO,NÃO,NÃO,NÃO,NÃO,NÃO,NÃO,NÃO,NÃO,NÃO,NÃO,NÃO,NÃO,NÃO,NÃO,NÃO,NÃO,NÃO,NÃO,NÃO,NÃO,NÃO,NÃO,NÃO,NÃO,NÃO,NÃO,NÃO,NÃO,NÃO,,
5/13/2021 13:06:00,1998,11/8/1998,229/98,TELEJORNAL,,,,NÃO,,SIM,Sim,SIM,SIM,SIM,NÃO,NÃO,NÃO,NÃO,NÃO,NÃO,NÃO,NÃO,NÃO,NÃO,NÃO,NÃO,NÃO,NÃO,NÃO,NÃO,NÃO,NÃO,NÃO,NÃO,NÃO,NÃO,NÃO,NÃO,NÃO,NÃO,NÃO,NÃO,NÃO,NÃO,NÃO,NÃO,NÃO,NÃO,NÃO,NÃO,NÃO,NÃO,NÃO,NÃO,NÃO,NÃO,NÃO,NÃO,NÃO,NÃO,NÃO,NÃO,NÃO,NÃO,NÃO,NÃO,NÃO,NÃO,NÃO,NÃO,NÃO,NÃO,NÃO,NÃO,NÃO,NÃO,NÃO,NÃO,NÃO,NÃO,NÃO,NÃO,NÃO,NÃO,,
5/13/2021 13:15:11,1998,11/9/1998,230/98,TELEJORNAL,,,,NÃO,,SIM,Sim,SIM,SIM,SIM,NÃO,NÃO,NÃO,NÃO,NÃO,NÃO,NÃO,NÃO,NÃO,NÃO,NÃO,NÃO,NÃO,NÃO,NÃO,NÃO,NÃO,NÃO,NÃO,NÃO,NÃO,NÃO,NÃO,NÃO,NÃO,NÃO,NÃO,NÃO,NÃO,NÃO,NÃO,NÃO,NÃO,NÃO,NÃO,NÃO,NÃO,NÃO,NÃO,NÃO,NÃO,NÃO,NÃO,NÃO,NÃO,NÃO,NÃO,NÃO,NÃO,NÃO,NÃO,NÃO,NÃO,NÃO,NÃO,NÃO,NÃO,NÃO,NÃO,NÃO,NÃO,NÃO,NÃO,NÃO,NÃO,NÃO,NÃO,NÃO,NÃO,NÃO,,
5/13/2021 13:19:21,1998,11/10/1998,231/98,TELEJORNAL,,,,NÃO,,SIM,Sim,SIM,SIM,SIM,NÃO,NÃO,NÃO,NÃO,NÃO,NÃO,NÃO,NÃO,NÃO,NÃO,NÃO,NÃO,NÃO,NÃO,NÃO,NÃO,NÃO,NÃO,NÃO,NÃO,NÃO,NÃO,NÃO,NÃO,NÃO,NÃO,NÃO,NÃO,NÃO,NÃO,NÃO,NÃO,NÃO,NÃO,NÃO,NÃO,NÃO,NÃO,NÃO,NÃO,NÃO,NÃO,NÃO,NÃO,NÃO,NÃO,NÃO,NÃO,NÃO,NÃO,NÃO,NÃO,NÃO,NÃO,NÃO,NÃO,NÃO,NÃO,NÃO,NÃO,NÃO,NÃO,NÃO,NÃO,NÃO,NÃO,NÃO,NÃO,NÃO,NÃO,,
5/13/2021 13:21:31,1998,11/11/1998,232/98,TELEJORNAL,,,,NÃO,,SIM,Sim,SIM,SIM,SIM,NÃO,NÃO,NÃO,NÃO,NÃO,NÃO,NÃO,NÃO,NÃO,NÃO,NÃO,NÃO,NÃO,NÃO,NÃO,NÃO,NÃO,NÃO,NÃO,NÃO,NÃO,NÃO,NÃO,NÃO,NÃO,NÃO,NÃO,NÃO,NÃO,NÃO,NÃO,NÃO,NÃO,NÃO,NÃO,NÃO,NÃO,NÃO,NÃO,NÃO,NÃO,NÃO,NÃO,NÃO,NÃO,NÃO,NÃO,NÃO,NÃO,NÃO,NÃO,NÃO,NÃO,NÃO,NÃO,NÃO,NÃO,NÃO,NÃO,NÃO,NÃO,NÃO,NÃO,NÃO,NÃO,NÃO,NÃO,NÃO,NÃO,NÃO,,
5/13/2021 13:23:31,1998,11/12/1998,233/98,TELEJORNAL,,,,NÃO,,SIM,Sim,SIM,SIM,SIM,NÃO,NÃO,NÃO,NÃO,NÃO,NÃO,NÃO,NÃO,NÃO,NÃO,NÃO,NÃO,NÃO,NÃO,NÃO,NÃO,NÃO,NÃO,NÃO,NÃO,NÃO,NÃO,NÃO,NÃO,NÃO,NÃO,NÃO,NÃO,NÃO,NÃO,NÃO,NÃO,NÃO,NÃO,NÃO,NÃO,NÃO,NÃO,NÃO,NÃO,NÃO,NÃO,NÃO,NÃO,NÃO,NÃO,NÃO,NÃO,NÃO,NÃO,NÃO,NÃO,NÃO,NÃO,NÃO,NÃO,NÃO,NÃO,NÃO,NÃO,NÃO,NÃO,NÃO,NÃO,NÃO,NÃO,NÃO,NÃO,NÃO,NÃO,,
5/13/2021 13:26:05,1998,11/13/1998,235/98,TELEJORNAL,,,,NÃO,,SIM,Sim,SIM,SIM,SIM,NÃO,NÃO,NÃO,NÃO,NÃO,NÃO,NÃO,NÃO,NÃO,NÃO,NÃO,NÃO,NÃO,NÃO,NÃO,NÃO,NÃO,NÃO,NÃO,NÃO,NÃO,NÃO,NÃO,NÃO,NÃO,NÃO,NÃO,NÃO,NÃO,NÃO,NÃO,NÃO,NÃO,NÃO,NÃO,NÃO,NÃO,NÃO,NÃO,NÃO,NÃO,NÃO,NÃO,NÃO,NÃO,NÃO,NÃO,NÃO,NÃO,NÃO,NÃO,NÃO,NÃO,NÃO,NÃO,NÃO,NÃO,NÃO,NÃO,NÃO,NÃO,NÃO,NÃO,NÃO,NÃO,NÃO,NÃO,NÃO,NÃO,NÃO,,
5/13/2021 13:28:27,1998,11/14/1998,236/98,TELEJORNAL,,,,NÃO,,SIM,Sim,SIM,SIM,SIM,NÃO,NÃO,NÃO,NÃO,NÃO,NÃO,NÃO,NÃO,NÃO,NÃO,NÃO,NÃO,NÃO,NÃO,NÃO,NÃO,NÃO,NÃO,NÃO,NÃO,NÃO,NÃO,NÃO,NÃO,NÃO,NÃO,NÃO,NÃO,NÃO,NÃO,NÃO,NÃO,NÃO,NÃO,NÃO,NÃO,NÃO,NÃO,NÃO,NÃO,NÃO,NÃO,NÃO,NÃO,NÃO,NÃO,NÃO,NÃO,NÃO,NÃO,NÃO,NÃO,NÃO,NÃO,NÃO,NÃO,NÃO,NÃO,NÃO,NÃO,NÃO,NÃO,NÃO,NÃO,NÃO,NÃO,NÃO,NÃO,NÃO,NÃO,,
5/13/2021 13:32:01,1998,11/15/1998,237/98,TELEJORNAL,,,,NÃO,,SIM,Sim,SIM,SIM,SIM,NÃO,NÃO,NÃO,NÃO,NÃO,NÃO,NÃO,NÃO,NÃO,NÃO,NÃO,NÃO,NÃO,NÃO,NÃO,NÃO,NÃO,NÃO,NÃO,NÃO,NÃO,NÃO,NÃO,NÃO,NÃO,NÃO,NÃO,NÃO,NÃO,NÃO,NÃO,NÃO,NÃO,NÃO,NÃO,NÃO,NÃO,NÃO,NÃO,NÃO,NÃO,NÃO,NÃO,NÃO,NÃO,NÃO,NÃO,NÃO,NÃO,NÃO,NÃO,NÃO,NÃO,NÃO,NÃO,NÃO,NÃO,NÃO,NÃO,NÃO,NÃO,NÃO,NÃO,NÃO,NÃO,NÃO,NÃO,NÃO,NÃO,NÃO,,
5/13/2021 13:34:20,1998,11/16/1998,238/98,TELEJORNAL,,,,NÃO,,SIM,Sim,SIM,SIM,SIM,NÃO,NÃO,NÃO,NÃO,NÃO,NÃO,NÃO,NÃO,NÃO,NÃO,NÃO,NÃO,NÃO,NÃO,NÃO,NÃO,NÃO,NÃO,NÃO,NÃO,NÃO,NÃO,NÃO,NÃO,NÃO,NÃO,NÃO,NÃO,NÃO,NÃO,NÃO,NÃO,NÃO,NÃO,NÃO,NÃO,NÃO,NÃO,NÃO,NÃO,NÃO,NÃO,NÃO,NÃO,NÃO,NÃO,NÃO,NÃO,NÃO,NÃO,NÃO,NÃO,NÃO,NÃO,NÃO,NÃO,NÃO,NÃO,NÃO,NÃO,NÃO,NÃO,NÃO,NÃO,NÃO,NÃO,NÃO,NÃO,NÃO,NÃO,,
5/13/2021 13:37:26,1998,11/17/1998,239/98,TELEJORNAL,"PRESIDENTE, GOVERNADOR",,"BRASIL, RJ",NÃO,,SIM,Sim,SIM,SIM,SIM,SIM,NÃO,SIM,SIM,NÃO,NÃO,SIM,NÃO,SIM,NÃO,NÃO,NÃO,NÃO,NÃO,NÃO,NÃO,NÃO,NÃO,NÃO,NÃO,NÃO,NÃO,NÃO,NÃO,NÃO,NÃO,NÃO,NÃO,NÃO,NÃO,NÃO,NÃO,NÃO,NÃO,NÃO,NÃO,NÃO,NÃO,NÃO,NÃO,NÃO,NÃO,NÃO,NÃO,NÃO,NÃO,NÃO,NÃO,NÃO,NÃO,NÃO,NÃO,NÃO,NÃO,NÃO,NÃO,NÃO,NÃO,NÃO,NÃO,NÃO,NÃO,NÃO,NÃO,NÃO,NÃO,NÃO,NÃO,NÃO,NÃO,,
5/13/2021 13:40:00,1998,11/18/1998,240/98,TELEJORNAL,,,,NÃO,,SIM,Sim,SIM,SIM,SIM,NÃO,NÃO,NÃO,NÃO,NÃO,NÃO,NÃO,NÃO,NÃO,NÃO,NÃO,NÃO,NÃO,NÃO,NÃO,NÃO,NÃO,NÃO,NÃO,NÃO,NÃO,NÃO,NÃO,NÃO,NÃO,NÃO,NÃO,NÃO,NÃO,NÃO,NÃO,NÃO,NÃO,NÃO,NÃO,NÃO,NÃO,NÃO,NÃO,NÃO,NÃO,NÃO,NÃO,NÃO,NÃO,NÃO,NÃO,NÃO,NÃO,NÃO,NÃO,NÃO,NÃO,NÃO,NÃO,NÃO,NÃO,NÃO,NÃO,NÃO,NÃO,NÃO,NÃO,NÃO,NÃO,NÃO,NÃO,NÃO,NÃO,NÃO,,
5/13/2021 13:42:20,1998,11/19/1998,243/98,TELEJORNAL,,,,NÃO,,SIM,Sim,SIM,SIM,SIM,NÃO,NÃO,NÃO,NÃO,NÃO,NÃO,NÃO,NÃO,NÃO,NÃO,NÃO,NÃO,NÃO,NÃO,NÃO,NÃO,NÃO,NÃO,NÃO,NÃO,NÃO,NÃO,NÃO,NÃO,NÃO,NÃO,NÃO,NÃO,NÃO,NÃO,NÃO,NÃO,NÃO,NÃO,NÃO,NÃO,NÃO,NÃO,NÃO,NÃO,NÃO,NÃO,NÃO,NÃO,NÃO,NÃO,NÃO,NÃO,NÃO,NÃO,NÃO,NÃO,NÃO,NÃO,NÃO,NÃO,NÃO,NÃO,NÃO,NÃO,NÃO,NÃO,NÃO,NÃO,NÃO,NÃO,NÃO,NÃO,NÃO,NÃO,,
5/13/2021 13:44:39,1998,11/20/1998,244/98,TELEJORNAL,,,,NÃO,,SIM,Sim,SIM,SIM,SIM,NÃO,NÃO,NÃO,NÃO,NÃO,NÃO,NÃO,NÃO,NÃO,NÃO,NÃO,NÃO,NÃO,NÃO,NÃO,NÃO,NÃO,NÃO,NÃO,NÃO,NÃO,NÃO,NÃO,NÃO,NÃO,NÃO,NÃO,NÃO,NÃO,NÃO,NÃO,NÃO,NÃO,NÃO,NÃO,NÃO,NÃO,NÃO,NÃO,NÃO,NÃO,NÃO,NÃO,NÃO,NÃO,NÃO,NÃO,NÃO,NÃO,NÃO,NÃO,NÃO,NÃO,NÃO,NÃO,NÃO,NÃO,NÃO,NÃO,NÃO,NÃO,NÃO,NÃO,NÃO,NÃO,NÃO,NÃO,NÃO,NÃO,NÃO,,
5/13/2021 13:47:39,1998,11/21/1998,246/98,TELEJORNAL,,,,NÃO,,SIM,Sim,SIM,SIM,SIM,NÃO,NÃO,NÃO,NÃO,NÃO,NÃO,NÃO,NÃO,NÃO,NÃO,NÃO,NÃO,NÃO,NÃO,NÃO,NÃO,NÃO,NÃO,NÃO,NÃO,NÃO,NÃO,NÃO,NÃO,NÃO,NÃO,NÃO,NÃO,NÃO,NÃO,NÃO,NÃO,NÃO,NÃO,NÃO,NÃO,NÃO,NÃO,NÃO,NÃO,NÃO,NÃO,NÃO,NÃO,NÃO,NÃO,NÃO,NÃO,NÃO,NÃO,NÃO,NÃO,NÃO,NÃO,NÃO,NÃO,NÃO,NÃO,NÃO,NÃO,NÃO,NÃO,NÃO,NÃO,NÃO,NÃO,NÃO,NÃO,NÃO,NÃO,,
5/13/2021 13:50:12,1998,11/22/1998,247/98,TELEJORNAL,,,,NÃO,,SIM,Sim,SIM,SIM,SIM,NÃO,NÃO,NÃO,NÃO,NÃO,NÃO,NÃO,NÃO,NÃO,NÃO,NÃO,NÃO,NÃO,NÃO,NÃO,NÃO,NÃO,NÃO,NÃO,NÃO,NÃO,NÃO,NÃO,NÃO,NÃO,NÃO,NÃO,NÃO,NÃO,NÃO,NÃO,NÃO,NÃO,NÃO,NÃO,NÃO,NÃO,NÃO,NÃO,NÃO,NÃO,NÃO,NÃO,NÃO,NÃO,NÃO,NÃO,NÃO,NÃO,NÃO,NÃO,NÃO,NÃO,NÃO,NÃO,NÃO,NÃO,NÃO,NÃO,NÃO,NÃO,NÃO,NÃO,NÃO,NÃO,NÃO,NÃO,NÃO,NÃO,NÃO,,
5/13/2021 13:52:23,1998,11/23/1998,248/98,TELEJORNAL,,,,NÃO,,SIM,Sim,SIM,SIM,SIM,NÃO,NÃO,NÃO,NÃO,NÃO,NÃO,NÃO,NÃO,NÃO,NÃO,NÃO,NÃO,NÃO,NÃO,NÃO,NÃO,NÃO,NÃO,NÃO,NÃO,NÃO,NÃO,NÃO,NÃO,NÃO,NÃO,NÃO,NÃO,NÃO,NÃO,NÃO,NÃO,NÃO,NÃO,NÃO,NÃO,NÃO,NÃO,NÃO,NÃO,NÃO,NÃO,NÃO,NÃO,NÃO,NÃO,NÃO,NÃO,NÃO,NÃO,NÃO,NÃO,NÃO,NÃO,NÃO,NÃO,NÃO,NÃO,NÃO,NÃO,NÃO,NÃO,NÃO,NÃO,NÃO,NÃO,NÃO,NÃO,NÃO,NÃO,,
5/13/2021 13:54:28,1998,11/24/1998,249/98,TELEJORNAL,,,,NÃO,,SIM,Sim,SIM,SIM,SIM,NÃO,NÃO,NÃO,NÃO,NÃO,NÃO,NÃO,NÃO,NÃO,NÃO,NÃO,NÃO,NÃO,NÃO,NÃO,NÃO,NÃO,NÃO,NÃO,NÃO,NÃO,NÃO,NÃO,NÃO,NÃO,NÃO,NÃO,NÃO,NÃO,NÃO,NÃO,NÃO,NÃO,NÃO,NÃO,NÃO,NÃO,NÃO,NÃO,NÃO,NÃO,NÃO,NÃO,NÃO,NÃO,NÃO,NÃO,NÃO,NÃO,NÃO,NÃO,NÃO,NÃO,NÃO,NÃO,NÃO,NÃO,NÃO,NÃO,NÃO,NÃO,NÃO,NÃO,NÃO,NÃO,NÃO,NÃO,NÃO,NÃO,NÃO,,
5/13/2021 13:57:32,1998,11/25/1998,250/98,TELEJORNAL,PRESIDENTE,Pesquisa com intenções de voto,BRASIL,NÃO,,SIM,Sim,SIM,SIM,SIM,SIM,SIM,NÃO,NÃO,NÃO,NÃO,SIM,NÃO,NÃO,NÃO,NÃO,NÃO,NÃO,NÃO,NÃO,NÃO,NÃO,NÃO,NÃO,NÃO,NÃO,NÃO,NÃO,NÃO,NÃO,NÃO,NÃO,NÃO,NÃO,NÃO,NÃO,NÃO,NÃO,NÃO,NÃO,NÃO,NÃO,NÃO,NÃO,NÃO,NÃO,NÃO,NÃO,NÃO,NÃO,NÃO,NÃO,NÃO,NÃO,NÃO,NÃO,NÃO,NÃO,NÃO,NÃO,NÃO,NÃO,NÃO,NÃO,NÃO,NÃO,NÃO,NÃO,NÃO,NÃO,NÃO,NÃO,NÃO,NÃO,NÃO,,
5/13/2021 14:02:45,1998,11/26/1998,251/98,TELEJORNAL,,,,NÃO,,SIM,Sim,SIM,SIM,SIM,NÃO,NÃO,NÃO,NÃO,NÃO,NÃO,NÃO,NÃO,NÃO,NÃO,NÃO,NÃO,NÃO,NÃO,NÃO,NÃO,NÃO,NÃO,NÃO,NÃO,NÃO,NÃO,NÃO,NÃO,NÃO,NÃO,NÃO,NÃO,NÃO,NÃO,NÃO,NÃO,NÃO,NÃO,NÃO,NÃO,NÃO,NÃO,NÃO,NÃO,NÃO,NÃO,NÃO,NÃO,NÃO,NÃO,NÃO,NÃO,NÃO,NÃO,NÃO,NÃO,NÃO,NÃO,NÃO,NÃO,NÃO,NÃO,NÃO,NÃO,NÃO,NÃO,NÃO,NÃO,NÃO,NÃO,NÃO,NÃO,NÃO,NÃO,,
5/13/2021 14:04:28,1998,11/27/1998,252/98,TELEJORNAL,,,,NÃO,,SIM,Sim,SIM,SIM,SIM,NÃO,NÃO,NÃO,NÃO,NÃO,NÃO,NÃO,NÃO,NÃO,NÃO,NÃO,NÃO,NÃO,NÃO,NÃO,NÃO,NÃO,NÃO,NÃO,NÃO,NÃO,NÃO,NÃO,NÃO,NÃO,NÃO,NÃO,NÃO,NÃO,NÃO,NÃO,NÃO,NÃO,NÃO,NÃO,NÃO,NÃO,NÃO,NÃO,NÃO,NÃO,NÃO,NÃO,NÃO,NÃO,NÃO,NÃO,NÃO,NÃO,NÃO,NÃO,NÃO,NÃO,NÃO,NÃO,NÃO,NÃO,NÃO,NÃO,NÃO,NÃO,NÃO,NÃO,NÃO,NÃO,NÃO,NÃO,NÃO,NÃO,NÃO,,
5/13/2021 14:08:17,1998,11/28/1998,253/98,TELEJORNAL,,,,NÃO,,SIM,Sim,SIM,SIM,SIM,NÃO,NÃO,NÃO,NÃO,NÃO,NÃO,NÃO,NÃO,NÃO,NÃO,NÃO,NÃO,NÃO,NÃO,NÃO,NÃO,NÃO,NÃO,NÃO,NÃO,NÃO,NÃO,NÃO,NÃO,NÃO,NÃO,NÃO,NÃO,NÃO,NÃO,NÃO,NÃO,NÃO,NÃO,NÃO,NÃO,NÃO,NÃO,NÃO,NÃO,NÃO,NÃO,NÃO,NÃO,NÃO,NÃO,NÃO,NÃO,NÃO,NÃO,NÃO,NÃO,NÃO,NÃO,NÃO,NÃO,NÃO,NÃO,NÃO,NÃO,NÃO,NÃO,NÃO,NÃO,NÃO,NÃO,NÃO,NÃO,NÃO,NÃO,,
5/13/2021 14:13:25,1998,9/11/1998,270/98A,HGPE,"GOVERNADOR, SENADOR, DEPUTADO ESTADUAL",,BA,NÃO,,SIM,Sim,SIM,SIM,SIM,SIM,SIM,SIM,SIM,NÃO,SIM,SIM,NÃO,SIM,NÃO,SIM,SIM,NÃO,NÃO,SIM,SIM,NÃO,NÃO,NÃO,SIM,NÃO,SIM,NÃO,SIM,NÃO,NÃO,NÃO,NÃO,NÃO,NÃO,NÃO,NÃO,NÃO,NÃO,SIM,SIM,SIM,SIM,NÃO,NÃO,NÃO,NÃO,NÃO,NÃO,SIM,SIM,NÃO,NÃO,NÃO,NÃO,SIM,SIM,NÃO,NÃO,NÃO,NÃO,NÃO,NÃO,NÃO,NÃO,NÃO,NÃO,NÃO,NÃO,NÃO,NÃO,NÃO,NÃO,SIM,NÃO,,
5/13/2021 14:19:40,1998,9/11/1998,270/98B,HGPE,"PRESIDENTE, GOVERNADOR",,"BRASIL, BA",NÃO,,SIM,Sim,SIM,SIM,SIM,SIM,SIM,SIM,SIM,NÃO,SIM,SIM,NÃO,SIM,SIM,SIM,SIM,SIM,NÃO,SIM,SIM,NÃO,NÃO,NÃO,SIM,SIM,SIM,NÃO,SIM,NÃO,NÃO,NÃO,NÃO,NÃO,NÃO,NÃO,NÃO,NÃO,NÃO,SIM,SIM,SIM,SIM,NÃO,NÃO,NÃO,NÃO,NÃO,NÃO,SIM,SIM,NÃO,NÃO,NÃO,NÃO,SIM,SIM,NÃO,NÃO,NÃO,NÃO,NÃO,NÃO,NÃO,NÃO,NÃO,NÃO,NÃO,NÃO,NÃO,NÃO,NÃO,NÃO,SIM,NÃO,,
5/13/2021 14:23:09,1998,9/11/1998,270/98C,HGPE,GOVERNADOR,A gravação tem apenas 1:13 (incompleto),BA,NÃO,,SIM,Sim,SIM,SIM,SIM,NÃO,NÃO,NÃO,NÃO,NÃO,NÃO,NÃO,NÃO,NÃO,NÃO,NÃO,NÃO,NÃO,NÃO,NÃO,NÃO,NÃO,NÃO,NÃO,NÃO,NÃO,NÃO,NÃO,NÃO,NÃO,NÃO,NÃO,NÃO,NÃO,NÃO,NÃO,NÃO,NÃO,NÃO,NÃO,NÃO,SIM,NÃO,NÃO,NÃO,NÃO,NÃO,NÃO,NÃO,NÃO,NÃO,NÃO,NÃO,NÃO,NÃO,NÃO,NÃO,NÃO,NÃO,NÃO,NÃO,NÃO,NÃO,NÃO,NÃO,NÃO,NÃO,NÃO,NÃO,NÃO,NÃO,NÃO,NÃO,NÃO,NÃO,,
5/13/2021 14:29:43,1998,9/11/1998,270/98D,HGPE,"PRESIDENTE, GOVERNADOR",,"BRASIL, BA",NÃO,,SIM,Sim,SIM,SIM,SIM,SIM,SIM,SIM,SIM,NÃO,SIM,SIM,NÃO,SIM,SIM,SIM,SIM,SIM,NÃO,SIM,SIM,SIM,NÃO,NÃO,SIM,SIM,SIM,NÃO,SIM,NÃO,NÃO,NÃO,NÃO,NÃO,NÃO,NÃO,NÃO,NÃO,NÃO,SIM,SIM,SIM,SIM,NÃO,NÃO,NÃO,NÃO,NÃO,NÃO,SIM,SIM,NÃO,NÃO,NÃO,NÃO,SIM,SIM,NÃO,NÃO,NÃO,NÃO,NÃO,NÃO,NÃO,NÃO,NÃO,NÃO,NÃO,NÃO,NÃO,NÃO,NÃO,NÃO,SIM,NÃO,,
5/13/2021 14:38:50,1998,9/12/1998,271/98C,HGPE,"PRESIDENTE, GOVERNADOR, SENADOR, DEPUTADO FEDERAL",,"BRASIL, BA",NÃO,,SIM,Sim,SIM,SIM,SIM,SIM,SIM,SIM,SIM,NÃO,SIM,SIM,NÃO,SIM,SIM,SIM,SIM,SIM,NÃO,SIM,SIM,SIM,NÃO,NÃO,SIM,SIM,SIM,NÃO,SIM,NÃO,NÃO,NÃO,NÃO,NÃO,NÃO,NÃO,NÃO,NÃO,NÃO,SIM,SIM,SIM,SIM,NÃO,NÃO,NÃO,NÃO,NÃO,NÃO,SIM,SIM,NÃO,NÃO,NÃO,NÃO,SIM,SIM,NÃO,NÃO,NÃO,NÃO,NÃO,NÃO,NÃO,NÃO,NÃO,NÃO,NÃO,NÃO,NÃO,NÃO,NÃO,NÃO,SIM,NÃO,,
5/22/2021 16:59:44,1998,9/13/1998,271/98D,HGPE,"PRESIDENTE, GOVERNADOR, DEPUTADO FEDERAL, DEPUTADO ESTADUAL",,"BRASIL, BA",NÃO,,SIM,Sim,SIM,SIM,SIM,SIM,SIM,SIM,NÃO,NÃO,SIM,SIM,NÃO,SIM,SIM,SIM,SIM,SIM,NÃO,SIM,NÃO,SIM,SIM,NÃO,SIM,SIM,SIM,NÃO,NÃO,NÃO,NÃO,NÃO,NÃO,NÃO,NÃO,NÃO,NÃO,NÃO,NÃO,SIM,SIM,SIM,SIM,NÃO,NÃO,NÃO,NÃO,NÃO,NÃO,SIM,SIM,NÃO,NÃO,NÃO,NÃO,SIM,SIM,NÃO,NÃO,NÃO,NÃO,NÃO,NÃO,NÃO,NÃO,NÃO,NÃO,NÃO,NÃO,NÃO,NÃO,NÃO,NÃO,SIM,NÃO,,
5/22/2021 17:07:36,1998,9/14/1998,272/98D,HGPE,"PRESIDENTE, GOVERNADOR, DEPUTADO FEDERAL, DEPUTADO ESTADUAL",,"BRASIL, BA",NÃO,,SIM,Sim,SIM,SIM,SIM,SIM,SIM,SIM,SIM,NÃO,SIM,SIM,NÃO,SIM,SIM,SIM,SIM,SIM,NÃO,SIM,SIM,SIM,SIM,NÃO,SIM,SIM,SIM,NÃO,NÃO,NÃO,NÃO,NÃO,NÃO,NÃO,NÃO,NÃO,NÃO,NÃO,NÃO,SIM,SIM,SIM,SIM,NÃO,NÃO,NÃO,NÃO,NÃO,NÃO,SIM,SIM,NÃO,NÃO,NÃO,NÃO,SIM,SIM,NÃO,NÃO,NÃO,NÃO,NÃO,NÃO,NÃO,NÃO,NÃO,NÃO,NÃO,NÃO,NÃO,NÃO,NÃO,NÃO,SIM,NÃO,,
5/22/2021 17:13:46,1998,9/15/1998,272/98a,HGPE,"PRESIDENTE, GOVERNADOR, DEPUTADO FEDERAL",,"BRASIL, BA",NÃO,,SIM,Sim,SIM,SIM,SIM,SIM,SIM,SIM,SIM,NÃO,SIM,SIM,NÃO,SIM,SIM,SIM,SIM,SIM,NÃO,SIM,SIM,SIM,SIM,NÃO,SIM,SIM,SIM,NÃO,NÃO,NÃO,NÃO,NÃO,NÃO,NÃO,NÃO,NÃO,NÃO,NÃO,NÃO,SIM,SIM,SIM,SIM,NÃO,NÃO,NÃO,NÃO,NÃO,NÃO,SIM,SIM,NÃO,NÃO,NÃO,NÃO,SIM,SIM,NÃO,NÃO,NÃO,NÃO,NÃO,NÃO,NÃO,NÃO,NÃO,NÃO,NÃO,NÃO,NÃO,NÃO,NÃO,NÃO,SIM,NÃO,,
5/22/2021 17:19:04,1998,9/16/1998,272/98C,HGPE,"GOVERNADOR, DEPUTADO ESTADUAL",,BA,NÃO,,SIM,Sim,SIM,SIM,SIM,SIM,SIM,SIM,SIM,NÃO,SIM,SIM,NÃO,SIM,SIM,SIM,SIM,SIM,NÃO,SIM,SIM,SIM,SIM,NÃO,SIM,SIM,SIM,NÃO,NÃO,NÃO,NÃO,NÃO,NÃO,NÃO,NÃO,NÃO,NÃO,NÃO,NÃO,SIM,SIM,SIM,SIM,NÃO,NÃO,NÃO,NÃO,NÃO,NÃO,SIM,SIM,NÃO,NÃO,NÃO,NÃO,SIM,SIM,NÃO,NÃO,NÃO,NÃO,NÃO,NÃO,NÃO,NÃO,NÃO,NÃO,NÃO,NÃO,NÃO,NÃO,NÃO,NÃO,SIM,NÃO,,
5/22/2021 17:27:35,1998,8/18/1998,273/98a,HGPE,"PRESIDENTE, DEPUTADO FEDERAL",,"BRASIL, BA",NÃO,,SIM,Sim,SIM,SIM,SIM,SIM,SIM,SIM,SIM,NÃO,SIM,SIM,NÃO,SIM,SIM,SIM,SIM,SIM,NÃO,SIM,SIM,SIM,SIM,NÃO,SIM,SIM,SIM,NÃO,NÃO,NÃO,NÃO,NÃO,NÃO,NÃO,NÃO,NÃO,NÃO,NÃO,NÃO,SIM,SIM,SIM,SIM,NÃO,NÃO,NÃO,NÃO,NÃO,NÃO,SIM,SIM,NÃO,NÃO,NÃO,NÃO,SIM,SIM,NÃO,NÃO,NÃO,NÃO,NÃO,NÃO,NÃO,NÃO,NÃO,NÃO,NÃO,NÃO,NÃO,NÃO,NÃO,NÃO,SIM,NÃO,,
5/22/2021 17:40:42,1998,8/18/1998,273/98b,HGPE,"GOVERNADOR, DEPUTADO FEDERAL",,BA,NÃO,,SIM,Sim,SIM,SIM,SIM,SIM,SIM,SIM,SIM,NÃO,SIM,SIM,NÃO,SIM,SIM,SIM,SIM,SIM,NÃO,SIM,SIM,SIM,SIM,NÃO,SIM,SIM,SIM,NÃO,NÃO,NÃO,NÃO,NÃO,NÃO,NÃO,NÃO,NÃO,NÃO,NÃO,NÃO,SIM,SIM,SIM,SIM,NÃO,NÃO,NÃO,NÃO,NÃO,NÃO,SIM,SIM,NÃO,NÃO,NÃO,NÃO,SIM,SIM,NÃO,NÃO,NÃO,NÃO,NÃO,NÃO,NÃO,NÃO,NÃO,NÃO,NÃO,NÃO,NÃO,NÃO,NÃO,NÃO,SIM,NÃO,,
5/22/2021 17:49:21,1998,8/18/1998,273/98c,HGPE,"GOVERNADOR, DEPUTADO ESTADUAL",,BA,NÃO,,SIM,Sim,SIM,SIM,SIM,SIM,SIM,SIM,SIM,NÃO,SIM,SIM,NÃO,SIM,SIM,SIM,SIM,SIM,NÃO,SIM,SIM,SIM,SIM,NÃO,SIM,SIM,SIM,NÃO,NÃO,NÃO,NÃO,NÃO,NÃO,NÃO,NÃO,NÃO,NÃO,NÃO,NÃO,SIM,SIM,SIM,SIM,NÃO,NÃO,NÃO,NÃO,NÃO,NÃO,SIM,SIM,NÃO,NÃO,NÃO,NÃO,SIM,SIM,NÃO,NÃO,NÃO,NÃO,NÃO,NÃO,NÃO,NÃO,NÃO,NÃO,NÃO,NÃO,NÃO,NÃO,NÃO,NÃO,SIM,NÃO,,
5/22/2021 17:56:15,1998,8/18/1998,273/98d,HGPE,"DEPUTADO FEDERAL, DEPUTADO ESTADUAL",,BA,NÃO,,SIM,Sim,SIM,SIM,SIM,SIM,SIM,SIM,SIM,NÃO,SIM,SIM,NÃO,SIM,SIM,SIM,SIM,SIM,NÃO,SIM,SIM,SIM,SIM,NÃO,SIM,SIM,SIM,NÃO,NÃO,NÃO,NÃO,NÃO,NÃO,NÃO,NÃO,NÃO,NÃO,NÃO,NÃO,SIM,SIM,SIM,SIM,NÃO,NÃO,NÃO,NÃO,NÃO,NÃO,SIM,SIM,NÃO,NÃO,NÃO,NÃO,SIM,SIM,NÃO,NÃO,NÃO,NÃO,NÃO,NÃO,NÃO,NÃO,NÃO,NÃO,NÃO,NÃO,NÃO,NÃO,NÃO,NÃO,SIM,NÃO,,
5/22/2021 18:05:50,1998,8/19/1998,274/98a,HGPE,"PRESIDENTE, GOVERNADOR, DEPUTADO FEDERAL, DEPUTADO ESTADUAL",,"BRASIL, BA",NÃO,,SIM,Sim,SIM,SIM,SIM,SIM,SIM,SIM,SIM,NÃO,SIM,SIM,NÃO,SIM,SIM,SIM,SIM,SIM,NÃO,SIM,SIM,SIM,SIM,NÃO,SIM,SIM,SIM,NÃO,NÃO,NÃO,NÃO,NÃO,NÃO,NÃO,NÃO,NÃO,NÃO,NÃO,NÃO,SIM,SIM,SIM,SIM,NÃO,NÃO,NÃO,NÃO,NÃO,NÃO,SIM,SIM,NÃO,NÃO,NÃO,NÃO,SIM,SIM,NÃO,NÃO,NÃO,NÃO,NÃO,NÃO,NÃO,NÃO,NÃO,NÃO,NÃO,NÃO,NÃO,NÃO,NÃO,NÃO,SIM,NÃO,,
5/22/2021 18:11:34,1998,8/20/1998,274/98b,HGPE,"GOVERNADOR, DEPUTADO FEDERAL, DEPUTADO ESTADUAL",,BA,NÃO,,SIM,Sim,SIM,SIM,SIM,SIM,SIM,SIM,SIM,NÃO,SIM,SIM,NÃO,SIM,SIM,SIM,SIM,SIM,NÃO,SIM,SIM,SIM,SIM,NÃO,SIM,SIM,SIM,NÃO,NÃO,NÃO,NÃO,NÃO,NÃO,NÃO,NÃO,NÃO,NÃO,NÃO,NÃO,SIM,SIM,SIM,SIM,NÃO,NÃO,NÃO,NÃO,NÃO,NÃO,SIM,SIM,NÃO,NÃO,NÃO,NÃO,SIM,SIM,NÃO,NÃO,NÃO,NÃO,NÃO,NÃO,NÃO,NÃO,NÃO,NÃO,NÃO,NÃO,NÃO,NÃO,NÃO,NÃO,SIM,NÃO,,
5/22/2021 18:38:50,1998,8/21/1998,274/98c,HGPE,"PRESIDENTE, GOVERNADOR, DEPUTADO FEDERAL, DEPUTADO ESTADUAL",,"BRASIL, BA",NÃO,,SIM,Sim,SIM,SIM,SIM,SIM,SIM,SIM,SIM,NÃO,SIM,SIM,NÃO,SIM,SIM,SIM,SIM,SIM,NÃO,SIM,SIM,SIM,SIM,NÃO,SIM,SIM,SIM,NÃO,NÃO,NÃO,NÃO,NÃO,NÃO,NÃO,NÃO,NÃO,NÃO,NÃO,NÃO,SIM,SIM,SIM,SIM,NÃO,NÃO,NÃO,NÃO,NÃO,NÃO,SIM,SIM,NÃO,NÃO,NÃO,NÃO,SIM,SIM,NÃO,NÃO,NÃO,NÃO,NÃO,NÃO,NÃO,NÃO,NÃO,NÃO,NÃO,NÃO,NÃO,NÃO,NÃO,NÃO,SIM,NÃO,,
5/22/2021 18:45:31,1998,8/22/1998,274/98d,HGPE,"GOVERNADOR, DEPUTADO ESTADUAL",,BA,NÃO,,SIM,Sim,SIM,SIM,SIM,SIM,SIM,SIM,SIM,NÃO,SIM,SIM,NÃO,SIM,SIM,SIM,SIM,SIM,NÃO,SIM,SIM,SIM,SIM,NÃO,SIM,SIM,SIM,NÃO,NÃO,NÃO,NÃO,NÃO,NÃO,NÃO,NÃO,NÃO,NÃO,NÃO,NÃO,SIM,SIM,SIM,SIM,NÃO,NÃO,NÃO,NÃO,NÃO,NÃO,SIM,SIM,NÃO,NÃO,NÃO,NÃO,SIM,SIM,NÃO,NÃO,NÃO,NÃO,NÃO,NÃO,NÃO,NÃO,NÃO,NÃO,NÃO,NÃO,NÃO,NÃO,NÃO,NÃO,SIM,NÃO,,
5/22/2021 18:50:34,1998,10/1/1998,275/98,HGPE,"PRESIDENTE, GOVERNADOR, DEPUTADO FEDERAL",,"BRASIL, BA",NÃO,,SIM,Sim,SIM,SIM,SIM,SIM,SIM,SIM,SIM,NÃO,SIM,SIM,NÃO,SIM,SIM,SIM,SIM,SIM,NÃO,SIM,SIM,SIM,SIM,NÃO,SIM,SIM,SIM,NÃO,NÃO,NÃO,NÃO,NÃO,NÃO,NÃO,NÃO,NÃO,NÃO,NÃO,NÃO,SIM,SIM,SIM,SIM,NÃO,NÃO,NÃO,NÃO,NÃO,NÃO,SIM,SIM,NÃO,NÃO,NÃO,NÃO,SIM,SIM,NÃO,NÃO,NÃO,NÃO,NÃO,NÃO,NÃO,NÃO,NÃO,NÃO,NÃO,NÃO,NÃO,NÃO,NÃO,NÃO,SIM,NÃO,,
5/22/2021 18:54:31,1998,10/2/1998,276/98a - 289/98,HGPE,"PRESIDENTE, SENADOR, DEPUTADO FEDERAL",,"BRASIL, BA",NÃO,,SIM,Sim,SIM,SIM,SIM,SIM,SIM,SIM,NÃO,NÃO,SIM,SIM,NÃO,NÃO,NÃO,NÃO,SIM,NÃO,NÃO,SIM,NÃO,SIM,NÃO,NÃO,SIM,SIM,SIM,NÃO,NÃO,NÃO,NÃO,NÃO,NÃO,NÃO,NÃO,NÃO,NÃO,NÃO,NÃO,NÃO,NÃO,NÃO,NÃO,NÃO,NÃO,NÃO,NÃO,NÃO,NÃO,SIM,SIM,NÃO,NÃO,NÃO,NÃO,NÃO,NÃO,NÃO,NÃO,NÃO,NÃO,NÃO,NÃO,NÃO,NÃO,NÃO,NÃO,NÃO,NÃO,NÃO,NÃO,NÃO,NÃO,SIM,NÃO,,
5/22/2021 18:57:55,1998,10/3/1998,290/98a - 308/98,HGPE,GOVERNADOR,,SP,NÃO,,SIM,Sim,SIM,SIM,SIM,SIM,SIM,SIM,NÃO,NÃO,SIM,NÃO,NÃO,NÃO,NÃO,NÃO,NÃO,NÃO,NÃO,SIM,NÃO,NÃO,NÃO,NÃO,SIM,SIM,NÃO,NÃO,NÃO,NÃO,NÃO,NÃO,NÃO,NÃO,NÃO,NÃO,NÃO,NÃO,NÃO,NÃO,NÃO,NÃO,NÃO,NÃO,NÃO,NÃO,NÃO,NÃO,NÃO,NÃO,NÃO,NÃO,NÃO,NÃO,NÃO,SIM,NÃO,NÃO,NÃO,NÃO,NÃO,NÃO,NÃO,NÃO,NÃO,NÃO,NÃO,NÃO,NÃO,NÃO,NÃO,NÃO,NÃO,NÃO,NÃO,,
5/22/2021 19:07:17,1998,10/4/1998,310/98,HGPE,"PRESIDENTE, DEPUTADO FEDERAL",,"BRASIL, SP",NÃO,,SIM,Sim,SIM,SIM,SIM,SIM,SIM,SIM,SIM,NÃO,SIM,SIM,NÃO,SIM,NÃO,SIM,SIM,NÃO,NÃO,SIM,NÃO,SIM,NÃO,NÃO,SIM,SIM,SIM,SIM,SIM,NÃO,NÃO,NÃO,NÃO,NÃO,NÃO,NÃO,NÃO,NÃO,NÃO,SIM,NÃO,SIM,SIM,NÃO,NÃO,NÃO,NÃO,NÃO,NÃO,SIM,SIM,NÃO,NÃO,NÃO,SIM,SIM,SIM,NÃO,NÃO,NÃO,NÃO,NÃO,NÃO,NÃO,NÃO,NÃO,NÃO,NÃO,NÃO,NÃO,NÃO,NÃO,NÃO,SIM,NÃO,,
7/14/2021 10:53:41,1998,5/10/1998,311/98,HGPE,"GOVERNADOR, DEPUTADO ESTADUAL",,SP,NÃO,,SIM,Sim,SIM,SIM,SIM,SIM,SIM,SIM,SIM,NÃO,SIM,NÃO,NÃO,SIM,SIM,SIM,SIM,NÃO,NÃO,SIM,SIM,SIM,NÃO,NÃO,SIM,SIM,SIM,SIM,NÃO,NÃO,NÃO,NÃO,NÃO,NÃO,NÃO,NÃO,NÃO,NÃO,NÃO,SIM,NÃO,SIM,SIM,NÃO,NÃO,NÃO,NÃO,NÃO,NÃO,SIM,NÃO,NÃO,NÃO,NÃO,SIM,SIM,NÃO,NÃO,NÃO,NÃO,NÃO,NÃO,NÃO,NÃO,NÃO,NÃO,NÃO,NÃO,NÃO,NÃO,NÃO,NÃO,NÃO,SIM,NÃO,,
7/14/2021 10:57:32,1998,6/10/1998,312/98 - 313/98,HGPE,GOVERNADOR,A gravação apresenta defeito de 39:38 até o fim,SP,NÃO,,SIM,Sim,SIM,SIM,SIM,SIM,SIM,SIM,NÃO,NÃO,SIM,NÃO,NÃO,NÃO,SIM,NÃO,NÃO,NÃO,NÃO,SIM,NÃO,NÃO,NÃO,NÃO,SIM,SIM,NÃO,NÃO,NÃO,NÃO,NÃO,NÃO,NÃO,NÃO,NÃO,NÃO,NÃO,NÃO,NÃO,NÃO,NÃO,NÃO,NÃO,NÃO,NÃO,NÃO,NÃO,NÃO,NÃO,SIM,NÃO,NÃO,NÃO,NÃO,NÃO,SIM,NÃO,NÃO,NÃO,NÃO,NÃO,NÃO,NÃO,NÃO,NÃO,NÃO,NÃO,NÃO,NÃO,NÃO,NÃO,NÃO,NÃO,NÃO,NÃO,,
7/14/2021 11:02:15,1998,7/10/1998,314/98 - 315/98,HGPE,"GOVERNADOR, DEPUTADO ESTADUAL",,SP,NÃO,,SIM,Sim,SIM,SIM,SIM,SIM,SIM,SIM,SIM,NÃO,SIM,NÃO,NÃO,SIM,SIM,SIM,SIM,NÃO,NÃO,SIM,SIM,SIM,NÃO,NÃO,SIM,SIM,SIM,SIM,NÃO,NÃO,NÃO,NÃO,NÃO,NÃO,NÃO,NÃO,NÃO,NÃO,NÃO,SIM,NÃO,SIM,SIM,NÃO,NÃO,NÃO,NÃO,NÃO,NÃO,SIM,NÃO,NÃO,NÃO,NÃO,SIM,SIM,NÃO,NÃO,NÃO,NÃO,NÃO,NÃO,NÃO,NÃO,NÃO,NÃO,NÃO,NÃO,NÃO,NÃO,NÃO,NÃO,NÃO,SIM,NÃO,,
7/14/2021 11:06:35,1998,8/10/1998,316/98 - 317/98,HGPE,GOVERNADOR,,SP,NÃO,,SIM,Sim,SIM,SIM,SIM,SIM,SIM,SIM,SIM,NÃO,SIM,NÃO,NÃO,SIM,SIM,SIM,SIM,NÃO,NÃO,SIM,SIM,SIM,NÃO,NÃO,SIM,SIM,SIM,SIM,NÃO,NÃO,NÃO,NÃO,NÃO,NÃO,NÃO,NÃO,NÃO,NÃO,NÃO,SIM,NÃO,SIM,SIM,NÃO,NÃO,NÃO,NÃO,NÃO,NÃO,SIM,NÃO,NÃO,NÃO,NÃO,SIM,SIM,NÃO,NÃO,NÃO,NÃO,NÃO,NÃO,NÃO,NÃO,NÃO,NÃO,NÃO,NÃO,NÃO,NÃO,NÃO,NÃO,NÃO,SIM,NÃO,,
7/14/2021 11:11:50,1998,9/10/1998,318/98 - 319/98,HGPE,GOVERNADOR,,SP,NÃO,,SIM,Sim,SIM,SIM,SIM,SIM,SIM,SIM,SIM,NÃO,SIM,NÃO,NÃO,SIM,SIM,SIM,SIM,NÃO,NÃO,SIM,SIM,SIM,NÃO,NÃO,SIM,SIM,SIM,SIM,NÃO,NÃO,NÃO,NÃO,NÃO,NÃO,NÃO,NÃO,NÃO,NÃO,NÃO,SIM,NÃO,SIM,SIM,NÃO,NÃO,NÃO,NÃO,NÃO,NÃO,SIM,NÃO,NÃO,NÃO,NÃO,SIM,SIM,NÃO,NÃO,NÃO,NÃO,NÃO,NÃO,NÃO,NÃO,NÃO,NÃO,NÃO,NÃO,NÃO,NÃO,NÃO,NÃO,NÃO,SIM,NÃO,,
7/14/2021 11:21:44,1998,10/10/1998,320/98 - 321/98A,HGPE,GOVERNADOR,,SP,NÃO,,SIM,Sim,SIM,SIM,SIM,SIM,SIM,SIM,SIM,NÃO,SIM,NÃO,NÃO,SIM,SIM,SIM,SIM,NÃO,NÃO,SIM,SIM,SIM,NÃO,NÃO,SIM,SIM,SIM,SIM,NÃO,NÃO,NÃO,NÃO,NÃO,NÃO,NÃO,NÃO,NÃO,NÃO,NÃO,SIM,NÃO,SIM,SIM,NÃO,NÃO,NÃO,NÃO,NÃO,NÃO,SIM,NÃO,NÃO,NÃO,NÃO,SIM,SIM,NÃO,NÃO,NÃO,NÃO,NÃO,NÃO,NÃO,NÃO,NÃO,NÃO,NÃO,NÃO,NÃO,NÃO,NÃO,NÃO,NÃO,SIM,NÃO,,
7/14/2021 11:26:04,1998,9/10/1998,321/98B - 322 - 324/98,HGPE,GOVERNADOR,,SP,NÃO,,SIM,Sim,SIM,SIM,SIM,SIM,SIM,SIM,SIM,NÃO,SIM,NÃO,NÃO,SIM,SIM,SIM,SIM,NÃO,NÃO,SIM,SIM,SIM,NÃO,NÃO,SIM,SIM,SIM,SIM,NÃO,NÃO,NÃO,NÃO,NÃO,NÃO,NÃO,NÃO,NÃO,NÃO,NÃO,SIM,NÃO,SIM,SIM,NÃO,NÃO,NÃO,NÃO,NÃO,NÃO,SIM,NÃO,NÃO,NÃO,NÃO,SIM,SIM,NÃO,NÃO,NÃO,NÃO,NÃO,NÃO,NÃO,NÃO,NÃO,NÃO,NÃO,NÃO,NÃO,NÃO,NÃO,NÃO,NÃO,SIM,NÃO,,
7/14/2021 11:31:33,1998,10/10/1998,323/98 - 325 - 326/98,HGPE,GOVERNADOR,,SP,NÃO,,SIM,Sim,SIM,SIM,SIM,SIM,SIM,SIM,SIM,NÃO,SIM,NÃO,NÃO,SIM,SIM,SIM,SIM,NÃO,NÃO,SIM,SIM,SIM,NÃO,NÃO,SIM,SIM,SIM,SIM,NÃO,NÃO,NÃO,NÃO,NÃO,NÃO,NÃO,NÃO,NÃO,NÃO,NÃO,SIM,NÃO,SIM,SIM,NÃO,NÃO,NÃO,NÃO,NÃO,NÃO,SIM,NÃO,NÃO,NÃO,NÃO,SIM,SIM,NÃO,NÃO,NÃO,NÃO,NÃO,NÃO,NÃO,NÃO,NÃO,NÃO,NÃO,NÃO,NÃO,NÃO,NÃO,NÃO,NÃO,SIM,NÃO,,
7/14/2021 11:36:56,1998,11/10/1998,327/98 - 328/98,HGPE,GOVERNADOR,,SP,NÃO,,SIM,Sim,SIM,SIM,SIM,SIM,SIM,SIM,SIM,NÃO,SIM,NÃO,NÃO,SIM,SIM,SIM,SIM,NÃO,NÃO,SIM,SIM,SIM,NÃO,NÃO,SIM,SIM,SIM,SIM,NÃO,NÃO,NÃO,NÃO,NÃO,NÃO,NÃO,NÃO,NÃO,NÃO,NÃO,SIM,NÃO,SIM,SIM,NÃO,NÃO,NÃO,NÃO,NÃO,NÃO,SIM,NÃO,NÃO,NÃO,NÃO,SIM,SIM,NÃO,NÃO,NÃO,NÃO,NÃO,NÃO,NÃO,NÃO,NÃO,NÃO,NÃO,NÃO,NÃO,NÃO,NÃO,NÃO,NÃO,SIM,NÃO,,
7/14/2021 11:40:18,1998,12/10/1998,329/98,HGPE,GOVERNADOR,A gravação apresenta defeito de 40:14 até o fim,SP,NÃO,,SIM,Sim,SIM,SIM,SIM,SIM,SIM,SIM,NÃO,NÃO,SIM,NÃO,NÃO,NÃO,SIM,NÃO,NÃO,NÃO,NÃO,SIM,NÃO,NÃO,NÃO,NÃO,SIM,SIM,NÃO,NÃO,NÃO,NÃO,NÃO,NÃO,NÃO,NÃO,NÃO,NÃO,NÃO,NÃO,NÃO,NÃO,NÃO,NÃO,NÃO,NÃO,NÃO,NÃO,NÃO,NÃO,NÃO,SIM,NÃO,NÃO,NÃO,NÃO,NÃO,SIM,NÃO,NÃO,NÃO,NÃO,NÃO,NÃO,NÃO,NÃO,NÃO,NÃO,NÃO,NÃO,NÃO,NÃO,NÃO,NÃO,NÃO,NÃO,NÃO,,
7/14/2021 11:43:24,1998,10/13/1998,330/98 - 331/98,ENTREVISTA,PRESIDENTE,,BRASIL,NÃO,,SIM,Sim,SIM,SIM,SIM,SIM,NÃO,NÃO,NÃO,NÃO,NÃO,NÃO,NÃO,NÃO,NÃO,NÃO,NÃO,NÃO,NÃO,NÃO,NÃO,NÃO,NÃO,NÃO,NÃO,NÃO,NÃO,NÃO,NÃO,NÃO,NÃO,NÃO,NÃO,NÃO,NÃO,NÃO,NÃO,NÃO,NÃO,NÃO,NÃO,NÃO,NÃO,NÃO,NÃO,NÃO,NÃO,NÃO,NÃO,NÃO,NÃO,NÃO,NÃO,NÃO,NÃO,NÃO,NÃO,NÃO,NÃO,NÃO,NÃO,NÃO,NÃO,NÃO,NÃO,NÃO,NÃO,NÃO,NÃO,NÃO,NÃO,NÃO,NÃO,NÃO,NÃO,,
7/14/2021 11:45:42,1998,10/14/1998,332/98 - 333/98,ENTREVISTA,PRESIDENTE,,BRASIL,NÃO,,SIM,Sim,SIM,SIM,SIM,NÃO,SIM,NÃO,NÃO,NÃO,NÃO,SIM,NÃO,NÃO,NÃO,NÃO,NÃO,NÃO,NÃO,NÃO,NÃO,NÃO,NÃO,NÃO,NÃO,NÃO,NÃO,NÃO,NÃO,NÃO,NÃO,NÃO,NÃO,NÃO,NÃO,NÃO,NÃO,NÃO,NÃO,NÃO,NÃO,NÃO,NÃO,NÃO,NÃO,NÃO,NÃO,NÃO,NÃO,NÃO,NÃO,NÃO,NÃO,NÃO,NÃO,NÃO,NÃO,NÃO,NÃO,NÃO,NÃO,NÃO,NÃO,NÃO,NÃO,NÃO,NÃO,NÃO,NÃO,NÃO,NÃO,NÃO,NÃO,NÃO,NÃO,,
7/14/2021 11:47:49,1998,10/13/1998,334/98 - 335/98,ENTREVISTA,PRESIDENTE,,BRASIL,NÃO,,SIM,Sim,SIM,SIM,SIM,NÃO,NÃO,NÃO,NÃO,NÃO,NÃO,SIM,NÃO,NÃO,NÃO,NÃO,NÃO,NÃO,NÃO,NÃO,NÃO,NÃO,NÃO,NÃO,NÃO,NÃO,NÃO,NÃO,NÃO,NÃO,NÃO,NÃO,NÃO,NÃO,NÃO,NÃO,NÃO,NÃO,NÃO,NÃO,NÃO,NÃO,NÃO,NÃO,NÃO,NÃO,NÃO,NÃO,NÃO,NÃO,NÃO,NÃO,NÃO,NÃO,NÃO,NÃO,NÃO,NÃO,NÃO,NÃO,NÃO,NÃO,NÃO,NÃO,NÃO,NÃO,NÃO,NÃO,NÃO,NÃO,NÃO,NÃO,NÃO,NÃO,NÃO,,
7/14/2021 11:55:29,1998,10/14/1998,338/98 - 339/98,ENTREVISTA,PRESIDENTE,,BRASIL,NÃO,,SIM,Sim,SIM,SIM,SIM,SIM,NÃO,NÃO,NÃO,NÃO,SIM,NÃO,NÃO,NÃO,NÃO,NÃO,NÃO,NÃO,NÃO,NÃO,NÃO,NÃO,NÃO,NÃO,NÃO,NÃO,NÃO,NÃO,NÃO,NÃO,NÃO,NÃO,NÃO,NÃO,NÃO,NÃO,NÃO,NÃO,NÃO,NÃO,NÃO,NÃO,NÃO,NÃO,NÃO,NÃO,NÃO,NÃO,NÃO,NÃO,NÃO,NÃO,NÃO,NÃO,NÃO,NÃO,NÃO,NÃO,NÃO,NÃO,NÃO,NÃO,NÃO,NÃO,NÃO,NÃO,NÃO,NÃO,NÃO,NÃO,NÃO,NÃO,NÃO,NÃO,NÃO,,
7/14/2021 11:57:43,1998,10/15/1998,340/98 - 341/98,ENTREVISTA,PRESIDENTE,,BRASIL,NÃO,,SIM,Sim,SIM,SIM,SIM,NÃO,SIM,NÃO,NÃO,NÃO,NÃO,NÃO,NÃO,NÃO,NÃO,NÃO,NÃO,NÃO,NÃO,NÃO,NÃO,NÃO,NÃO,NÃO,NÃO,NÃO,NÃO,NÃO,NÃO,NÃO,NÃO,NÃO,NÃO,NÃO,NÃO,NÃO,NÃO,NÃO,NÃO,NÃO,NÃO,NÃO,NÃO,NÃO,NÃO,NÃO,NÃO,NÃO,NÃO,NÃO,NÃO,NÃO,NÃO,NÃO,NÃO,NÃO,NÃO,NÃO,NÃO,NÃO,NÃO,NÃO,NÃO,NÃO,NÃO,NÃO,NÃO,NÃO,NÃO,NÃO,NÃO,NÃO,NÃO,NÃO,NÃO,,
7/14/2021 12:01:43,1998,10/16/1998,342 - 343 - 344/98,ENTREVISTA,"PRESIDENTE, GOVERNADOR",,"BRASIL, SP",NÃO,,SIM,Sim,SIM,SIM,SIM,SIM,NÃO,NÃO,NÃO,NÃO,NÃO,SIM,NÃO,NÃO,NÃO,NÃO,NÃO,NÃO,NÃO,NÃO,NÃO,NÃO,NÃO,NÃO,NÃO,NÃO,NÃO,NÃO,NÃO,NÃO,NÃO,NÃO,NÃO,NÃO,NÃO,NÃO,NÃO,NÃO,NÃO,NÃO,NÃO,NÃO,NÃO,NÃO,NÃO,NÃO,NÃO,NÃO,NÃO,NÃO,NÃO,NÃO,NÃO,NÃO,NÃO,NÃO,NÃO,NÃO,NÃO,NÃO,NÃO,NÃO,NÃO,NÃO,NÃO,NÃO,NÃO,NÃO,NÃO,NÃO,NÃO,NÃO,NÃO,NÃO,NÃO,,
7/14/2021 12:07:17,1998,10/17/1998,343/98A,ENTREVISTA,PRESIDENTE,,BRASIL,NÃO,,SIM,Sim,SIM,SIM,SIM,NÃO,NÃO,NÃO,NÃO,NÃO,NÃO,SIM,NÃO,NÃO,NÃO,NÃO,NÃO,NÃO,NÃO,NÃO,NÃO,NÃO,NÃO,NÃO,NÃO,NÃO,NÃO,NÃO,NÃO,NÃO,NÃO,NÃO,NÃO,NÃO,NÃO,NÃO,NÃO,NÃO,NÃO,NÃO,NÃO,NÃO,NÃO,NÃO,NÃO,NÃO,NÃO,NÃO,NÃO,NÃO,NÃO,NÃO,NÃO,NÃO,NÃO,NÃO,NÃO,NÃO,NÃO,NÃO,NÃO,NÃO,NÃO,NÃO,NÃO,NÃO,NÃO,NÃO,NÃO,NÃO,NÃO,NÃO,NÃO,NÃO,NÃO,,
7/14/2021 12:09:28,1998,10/18/1998,345/98 - 347/98,ENTREVISTA,PRESIDENTE,,BRASIL,NÃO,,SIM,Sim,SIM,SIM,SIM,NÃO,SIM,NÃO,NÃO,NÃO,NÃO,SIM,NÃO,NÃO,NÃO,NÃO,NÃO,NÃO,NÃO,NÃO,NÃO,NÃO,NÃO,NÃO,NÃO,NÃO,NÃO,NÃO,NÃO,NÃO,NÃO,NÃO,NÃO,NÃO,NÃO,NÃO,NÃO,NÃO,NÃO,NÃO,NÃO,NÃO,NÃO,NÃO,NÃO,NÃO,NÃO,NÃO,NÃO,NÃO,NÃO,NÃO,NÃO,NÃO,NÃO,NÃO,NÃO,NÃO,NÃO,NÃO,NÃO,NÃO,NÃO,NÃO,NÃO,NÃO,NÃO,NÃO,NÃO,NÃO,NÃO,NÃO,NÃO,NÃO,NÃO,,
7/14/2021 12:12:47,1998,10/19/1998,346/98 - 348 - 350/98,OUTRO,,A gravação não reproduz,,NÃO,,SIM,Não,SIM,SIM,NÃO,NÃO,NÃO,NÃO,NÃO,NÃO,NÃO,NÃO,NÃO,NÃO,NÃO,NÃO,NÃO,NÃO,NÃO,NÃO,NÃO,NÃO,NÃO,NÃO,NÃO,NÃO,NÃO,NÃO,NÃO,NÃO,NÃO,NÃO,NÃO,NÃO,NÃO,NÃO,NÃO,NÃO,NÃO,NÃO,NÃO,NÃO,NÃO,NÃO,NÃO,NÃO,NÃO,NÃO,NÃO,NÃO,NÃO,NÃO,NÃO,NÃO,NÃO,NÃO,NÃO,NÃO,NÃO,NÃO,NÃO,NÃO,NÃO,NÃO,NÃO,NÃO,NÃO,NÃO,NÃO,NÃO,NÃO,NÃO,NÃO,NÃO,NÃO,,
7/14/2021 12:15:37,1998,10/20/1998,349/98,ENTREVISTA,PRESIDENTE,,BRASIL,NÃO,,SIM,Sim,SIM,SIM,SIM,SIM,NÃO,NÃO,NÃO,NÃO,NÃO,NÃO,NÃO,NÃO,NÃO,NÃO,NÃO,NÃO,NÃO,NÃO,NÃO,NÃO,NÃO,NÃO,NÃO,NÃO,NÃO,NÃO,NÃO,NÃO,NÃO,NÃO,NÃO,NÃO,NÃO,NÃO,NÃO,NÃO,NÃO,NÃO,NÃO,NÃO,NÃO,NÃO,NÃO,NÃO,NÃO,NÃO,NÃO,NÃO,NÃO,NÃO,NÃO,NÃO,NÃO,NÃO,NÃO,NÃO,NÃO,NÃO,NÃO,NÃO,NÃO,NÃO,NÃO,NÃO,NÃO,NÃO,NÃO,NÃO,NÃO,NÃO,NÃO,NÃO,NÃO,,
7/14/2021 12:20:16,1998,10/21/1998,351 - 352 - 353/98,HGPE,PRESIDENTE,,BRASIL,NÃO,,SIM,Sim,SIM,SIM,SIM,NÃO,SIM,SIM,NÃO,NÃO,NÃO,NÃO,NÃO,NÃO,NÃO,NÃO,SIM,NÃO,NÃO,NÃO,NÃO,NÃO,NÃO,NÃO,NÃO,NÃO,NÃO,NÃO,SIM,NÃO,NÃO,NÃO,NÃO,NÃO,NÃO,NÃO,NÃO,NÃO,NÃO,NÃO,NÃO,SIM,NÃO,NÃO,NÃO,NÃO,NÃO,NÃO,NÃO,NÃO,NÃO,NÃO,NÃO,NÃO,NÃO,NÃO,NÃO,NÃO,NÃO,NÃO,NÃO,NÃO,NÃO,NÃO,NÃO,NÃO,NÃO,NÃO,NÃO,NÃO,NÃO,NÃO,NÃO,NÃO,NÃO,,
7/14/2021 12:23:00,1998,10/22/1998,354 - 355 - 356/98,ENTREVISTA,PRESIDENTE,,BRASIL,NÃO,,SIM,Sim,SIM,SIM,SIM,NÃO,NÃO,NÃO,NÃO,NÃO,SIM,SIM,NÃO,NÃO,NÃO,NÃO,NÃO,NÃO,NÃO,NÃO,NÃO,NÃO,NÃO,NÃO,NÃO,NÃO,NÃO,NÃO,NÃO,NÃO,NÃO,NÃO,NÃO,NÃO,NÃO,NÃO,NÃO,NÃO,NÃO,NÃO,NÃO,NÃO,NÃO,NÃO,NÃO,NÃO,NÃO,NÃO,NÃO,NÃO,NÃO,NÃO,NÃO,NÃO,NÃO,NÃO,NÃO,NÃO,NÃO,NÃO,NÃO,NÃO,NÃO,NÃO,NÃO,NÃO,NÃO,NÃO,NÃO,NÃO,NÃO,NÃO,NÃO,NÃO,NÃO,,
7/14/2021 12:25:32,1998,10/23/1998,356/98B - 357/98A,ENTREVISTA,PRESIDENTE,,BRASIL,NÃO,,SIM,Sim,SIM,SIM,SIM,NÃO,NÃO,NÃO,NÃO,NÃO,NÃO,NÃO,NÃO,NÃO,NÃO,NÃO,NÃO,NÃO,NÃO,NÃO,NÃO,NÃO,NÃO,NÃO,NÃO,NÃO,NÃO,NÃO,NÃO,NÃO,NÃO,NÃO,NÃO,NÃO,NÃO,NÃO,NÃO,NÃO,NÃO,NÃO,NÃO,NÃO,NÃO,NÃO,NÃO,NÃO,NÃO,NÃO,NÃO,NÃO,NÃO,NÃO,NÃO,NÃO,NÃO,SIM,NÃO,NÃO,NÃO,NÃO,NÃO,NÃO,NÃO,NÃO,NÃO,NÃO,NÃO,NÃO,NÃO,NÃO,NÃO,NÃO,NÃO,NÃO,NÃO,,
7/14/2021 12:27:58,1998,10/24/1998,357/98B - 358/98A,TELEJORNAL,PRESIDENTE,,BRASIL,NÃO,,SIM,Sim,SIM,SIM,SIM,SIM,SIM,SIM,NÃO,NÃO,NÃO,SIM,NÃO,NÃO,NÃO,NÃO,NÃO,NÃO,NÃO,NÃO,NÃO,NÃO,NÃO,NÃO,NÃO,NÃO,NÃO,NÃO,NÃO,NÃO,NÃO,NÃO,NÃO,NÃO,NÃO,NÃO,NÃO,NÃO,NÃO,NÃO,NÃO,NÃO,NÃO,NÃO,NÃO,NÃO,NÃO,NÃO,NÃO,NÃO,NÃO,NÃO,NÃO,NÃO,NÃO,NÃO,NÃO,NÃO,NÃO,NÃO,NÃO,NÃO,NÃO,NÃO,NÃO,NÃO,NÃO,NÃO,NÃO,NÃO,NÃO,NÃO,NÃO,NÃO,NÃO,,
7/14/2021 12:31:47,1998,10/25/1998,358/98B - 359/98A,TELEJORNAL,PRESIDENTE,,BRASIL,NÃO,,SIM,Sim,SIM,SIM,SIM,SIM,SIM,SIM,NÃO,NÃO,NÃO,SIM,NÃO,NÃO,NÃO,NÃO,NÃO,NÃO,NÃO,NÃO,NÃO,NÃO,NÃO,NÃO,NÃO,NÃO,NÃO,NÃO,NÃO,NÃO,NÃO,NÃO,NÃO,NÃO,NÃO,NÃO,NÃO,NÃO,NÃO,NÃO,NÃO,NÃO,NÃO,NÃO,NÃO,NÃO,NÃO,NÃO,NÃO,NÃO,NÃO,NÃO,NÃO,NÃO,NÃO,NÃO,NÃO,NÃO,NÃO,NÃO,NÃO,NÃO,NÃO,NÃO,NÃO,NÃO,NÃO,NÃO,NÃO,NÃO,NÃO,NÃO,NÃO,NÃO,NÃO,,
7/14/2021 12:34:05,1998,10/26/1998,360/98B - 361/98A,TELEJORNAL,PRESIDENTE,,BRASIL,NÃO,,SIM,Sim,SIM,SIM,SIM,SIM,SIM,SIM,NÃO,NÃO,NÃO,SIM,NÃO,NÃO,NÃO,NÃO,NÃO,NÃO,NÃO,NÃO,NÃO,NÃO,NÃO,NÃO,NÃO,NÃO,NÃO,NÃO,NÃO,NÃO,NÃO,NÃO,NÃO,NÃO,NÃO,NÃO,NÃO,NÃO,NÃO,NÃO,NÃO,NÃO,NÃO,NÃO,NÃO,NÃO,NÃO,NÃO,NÃO,NÃO,NÃO,NÃO,NÃO,NÃO,NÃO,NÃO,NÃO,NÃO,NÃO,NÃO,NÃO,NÃO,NÃO,NÃO,NÃO,NÃO,NÃO,NÃO,NÃO,NÃO,NÃO,NÃO,NÃO,NÃO,NÃO,,
7/14/2021 12:36:51,1998,10/27/1998,361/98a - 365/98,TELEJORNAL,PRESIDENTE,,BRASIL,NÃO,,SIM,Sim,SIM,SIM,SIM,SIM,SIM,SIM,NÃO,NÃO,SIM,SIM,NÃO,NÃO,NÃO,NÃO,NÃO,NÃO,NÃO,NÃO,NÃO,NÃO,NÃO,NÃO,NÃO,NÃO,NÃO,NÃO,NÃO,NÃO,NÃO,NÃO,NÃO,NÃO,NÃO,NÃO,NÃO,NÃO,NÃO,NÃO,NÃO,NÃO,NÃO,NÃO,NÃO,NÃO,NÃO,NÃO,NÃO,NÃO,NÃO,NÃO,NÃO,NÃO,NÃO,NÃO,NÃO,NÃO,NÃO,NÃO,NÃO,NÃO,NÃO,NÃO,NÃO,NÃO,NÃO,NÃO,NÃO,NÃO,NÃO,NÃO,NÃO,NÃO,NÃO,,
7/14/2021 12:40:30,1998,10/28/1998,366/98 - 367/98A,MESA REDONDA,,,,NÃO,,SIM,Sim,SIM,SIM,SIM,NÃO,NÃO,NÃO,NÃO,NÃO,NÃO,NÃO,NÃO,NÃO,NÃO,NÃO,NÃO,NÃO,NÃO,NÃO,NÃO,NÃO,NÃO,NÃO,NÃO,NÃO,NÃO,NÃO,NÃO,NÃO,NÃO,NÃO,NÃO,NÃO,NÃO,NÃO,NÃO,NÃO,NÃO,NÃO,NÃO,NÃO,NÃO,NÃO,NÃO,NÃO,NÃO,NÃO,NÃO,NÃO,NÃO,NÃO,NÃO,NÃO,NÃO,NÃO,NÃO,NÃO,NÃO,NÃO,NÃO,NÃO,NÃO,NÃO,NÃO,NÃO,NÃO,NÃO,NÃO,NÃO,NÃO,NÃO,NÃO,NÃO,NÃO,,
7/14/2021 12:43:35,1998,10/29/1998,367/98B - 368/98A,TELEJORNAL,PRESIDENTE,,BRASIL,NÃO,,SIM,Sim,SIM,SIM,SIM,SIM,SIM,SIM,NÃO,NÃO,NÃO,SIM,NÃO,NÃO,SIM,NÃO,NÃO,NÃO,NÃO,NÃO,NÃO,NÃO,NÃO,NÃO,NÃO,NÃO,NÃO,NÃO,NÃO,NÃO,NÃO,NÃO,NÃO,NÃO,NÃO,NÃO,NÃO,NÃO,NÃO,NÃO,NÃO,NÃO,NÃO,NÃO,NÃO,NÃO,NÃO,NÃO,NÃO,NÃO,NÃO,NÃO,NÃO,NÃO,NÃO,NÃO,NÃO,NÃO,NÃO,NÃO,NÃO,NÃO,NÃO,NÃO,NÃO,NÃO,NÃO,NÃO,NÃO,NÃO,NÃO,NÃO,NÃO,NÃO,NÃO,,
7/14/2021 12:46:26,1998,10/30/1998,367/98B - 368/98A,TELEJORNAL,PRESIDENTE,,BRASIL,NÃO,,SIM,Sim,SIM,SIM,SIM,SIM,SIM,SIM,NÃO,NÃO,NÃO,SIM,NÃO,NÃO,NÃO,NÃO,NÃO,NÃO,NÃO,NÃO,NÃO,NÃO,NÃO,NÃO,NÃO,NÃO,NÃO,NÃO,NÃO,NÃO,NÃO,NÃO,NÃO,NÃO,NÃO,NÃO,NÃO,NÃO,NÃO,NÃO,NÃO,NÃO,NÃO,NÃO,NÃO,NÃO,NÃO,NÃO,NÃO,NÃO,NÃO,NÃO,NÃO,NÃO,NÃO,NÃO,NÃO,NÃO,NÃO,NÃO,NÃO,NÃO,NÃO,NÃO,NÃO,NÃO,NÃO,NÃO,NÃO,NÃO,NÃO,NÃO,NÃO,NÃO,NÃO,,
7/14/2021 12:49:10,1998,11/1/1998,371/98B - 372/98,TELEJORNAL,PRESIDENTE,,BRASIL,NÃO,,SIM,Sim,SIM,SIM,SIM,SIM,SIM,SIM,NÃO,NÃO,NÃO,SIM,NÃO,NÃO,NÃO,NÃO,NÃO,NÃO,NÃO,NÃO,NÃO,NÃO,NÃO,NÃO,NÃO,NÃO,NÃO,NÃO,NÃO,NÃO,NÃO,NÃO,NÃO,NÃO,NÃO,NÃO,NÃO,NÃO,NÃO,NÃO,NÃO,NÃO,NÃO,NÃO,NÃO,NÃO,NÃO,NÃO,NÃO,NÃO,NÃO,NÃO,NÃO,NÃO,NÃO,NÃO,NÃO,NÃO,NÃO,NÃO,NÃO,NÃO,NÃO,NÃO,NÃO,NÃO,NÃO,NÃO,NÃO,NÃO,NÃO,NÃO,NÃO,NÃO,NÃO,,
7/14/2021 12:51:21,1998,11/2/1998,373/98,TELEJORNAL,PRESIDENTE,,BRASIL,NÃO,,SIM,Sim,SIM,SIM,SIM,SIM,SIM,SIM,NÃO,NÃO,NÃO,SIM,NÃO,NÃO,NÃO,NÃO,NÃO,NÃO,NÃO,NÃO,NÃO,NÃO,NÃO,NÃO,NÃO,NÃO,NÃO,NÃO,NÃO,NÃO,NÃO,NÃO,NÃO,NÃO,NÃO,NÃO,NÃO,NÃO,NÃO,NÃO,NÃO,NÃO,NÃO,NÃO,NÃO,NÃO,NÃO,NÃO,NÃO,NÃO,NÃO,NÃO,NÃO,NÃO,NÃO,NÃO,NÃO,NÃO,NÃO,NÃO,NÃO,NÃO,NÃO,NÃO,NÃO,NÃO,NÃO,NÃO,NÃO,NÃO,NÃO,NÃO,NÃO,NÃO,NÃO,,
7/14/2021 12:54:31,1998,11/3/1998,374/98A,TELEJORNAL,PRESIDENTE,,BRASIL,NÃO,,SIM,Sim,SIM,SIM,SIM,SIM,SIM,SIM,NÃO,NÃO,NÃO,SIM,NÃO,NÃO,NÃO,NÃO,NÃO,NÃO,NÃO,NÃO,NÃO,NÃO,NÃO,NÃO,NÃO,NÃO,NÃO,NÃO,NÃO,NÃO,NÃO,NÃO,NÃO,NÃO,NÃO,NÃO,NÃO,NÃO,NÃO,NÃO,NÃO,NÃO,NÃO,NÃO,NÃO,NÃO,NÃO,NÃO,NÃO,NÃO,NÃO,NÃO,NÃO,NÃO,NÃO,NÃO,NÃO,NÃO,NÃO,NÃO,NÃO,NÃO,NÃO,NÃO,NÃO,NÃO,NÃO,NÃO,NÃO,NÃO,NÃO,NÃO,NÃO,NÃO,NÃO,,
7/14/2021 12:57:39,1998,11/4/1998,375/98 - 376/98,MESA REDONDA,,,,NÃO,,SIM,Sim,SIM,SIM,SIM,NÃO,NÃO,NÃO,NÃO,NÃO,NÃO,NÃO,NÃO,NÃO,NÃO,NÃO,NÃO,NÃO,NÃO,NÃO,NÃO,NÃO,NÃO,NÃO,NÃO,NÃO,NÃO,NÃO,NÃO,NÃO,NÃO,NÃO,NÃO,NÃO,NÃO,NÃO,NÃO,NÃO,NÃO,NÃO,NÃO,NÃO,NÃO,NÃO,NÃO,NÃO,NÃO,NÃO,NÃO,NÃO,NÃO,NÃO,NÃO,NÃO,NÃO,NÃO,NÃO,NÃO,NÃO,NÃO,NÃO,NÃO,NÃO,NÃO,NÃO,NÃO,NÃO,NÃO,NÃO,NÃO,NÃO,NÃO,NÃO,NÃO,NÃO,,
7/14/2021 13:00:01,1998,11/5/1998,378/98B - 379/98A,TELEJORNAL,PRESIDENTE,,BRASIL,NÃO,,SIM,Sim,SIM,SIM,SIM,SIM,SIM,SIM,NÃO,NÃO,NÃO,SIM,NÃO,NÃO,NÃO,NÃO,NÃO,NÃO,NÃO,NÃO,NÃO,NÃO,NÃO,NÃO,NÃO,NÃO,NÃO,NÃO,NÃO,NÃO,NÃO,NÃO,NÃO,NÃO,NÃO,NÃO,NÃO,NÃO,NÃO,NÃO,NÃO,NÃO,NÃO,NÃO,NÃO,NÃO,NÃO,NÃO,NÃO,NÃO,NÃO,NÃO,NÃO,NÃO,NÃO,NÃO,NÃO,NÃO,NÃO,NÃO,NÃO,NÃO,NÃO,NÃO,NÃO,NÃO,NÃO,NÃO,NÃO,NÃO,NÃO,NÃO,NÃO,NÃO,NÃO,,
7/14/2021 13:02:15,1998,11/6/1998,379/98B - 380/98,TELEJORNAL,PRESIDENTE,,BRASIL,NÃO,,SIM,Sim,SIM,SIM,SIM,SIM,SIM,SIM,NÃO,NÃO,NÃO,SIM,NÃO,NÃO,NÃO,NÃO,NÃO,NÃO,NÃO,NÃO,NÃO,NÃO,NÃO,NÃO,NÃO,NÃO,NÃO,NÃO,NÃO,NÃO,NÃO,NÃO,NÃO,NÃO,NÃO,NÃO,NÃO,NÃO,NÃO,NÃO,NÃO,NÃO,NÃO,NÃO,NÃO,NÃO,NÃO,NÃO,NÃO,NÃO,NÃO,NÃO,NÃO,NÃO,NÃO,NÃO,NÃO,NÃO,NÃO,NÃO,NÃO,NÃO,NÃO,NÃO,NÃO,NÃO,NÃO,NÃO,NÃO,NÃO,NÃO,NÃO,NÃO,NÃO,NÃO,,
7/14/2021 13:04:48,1998,11/7/1998,381/98 - 382/98,TELEJORNAL,PRESIDENTE,,BRASIL,NÃO,,SIM,Sim,SIM,SIM,SIM,SIM,SIM,NÃO,NÃO,NÃO,NÃO,SIM,NÃO,NÃO,NÃO,NÃO,NÃO,NÃO,NÃO,NÃO,NÃO,NÃO,NÃO,NÃO,NÃO,NÃO,NÃO,NÃO,NÃO,NÃO,NÃO,NÃO,NÃO,NÃO,NÃO,NÃO,NÃO,NÃO,NÃO,NÃO,NÃO,NÃO,NÃO,NÃO,NÃO,NÃO,NÃO,NÃO,NÃO,NÃO,NÃO,NÃO,NÃO,NÃO,NÃO,NÃO,NÃO,NÃO,NÃO,NÃO,NÃO,NÃO,NÃO,NÃO,NÃO,NÃO,NÃO,NÃO,NÃO,NÃO,NÃO,NÃO,NÃO,NÃO,NÃO,,
8/31/2021 15:00:12,1998,8/11/1998,383/98 - 384/98A,DEBATE,GOVERNADOR,,SP,NÃO,,SIM,Sim,SIM,SIM,SIM,SIM,SIM,NÃO,NÃO,NÃO,SIM,NÃO,NÃO,NÃO,SIM,NÃO,NÃO,NÃO,NÃO,NÃO,NÃO,NÃO,NÃO,NÃO,NÃO,NÃO,NÃO,NÃO,NÃO,NÃO,NÃO,NÃO,NÃO,NÃO,NÃO,NÃO,NÃO,NÃO,NÃO,NÃO,NÃO,NÃO,NÃO,NÃO,NÃO,NÃO,NÃO,NÃO,NÃO,SIM,NÃO,NÃO,NÃO,NÃO,NÃO,SIM,NÃO,NÃO,NÃO,NÃO,NÃO,NÃO,NÃO,NÃO,NÃO,NÃO,NÃO,NÃO,NÃO,NÃO,NÃO,NÃO,NÃO,NÃO,NÃO,,
8/31/2021 15:25:01,1998,9/11/1998,384/98B - 385/98A,TELEJORNAL,PRESIDENTE,,BRASIL,NÃO,,SIM,Sim,SIM,SIM,SIM,SIM,SIM,SIM,NÃO,NÃO,NÃO,SIM,NÃO,NÃO,NÃO,NÃO,NÃO,NÃO,NÃO,NÃO,NÃO,NÃO,NÃO,NÃO,NÃO,NÃO,NÃO,NÃO,NÃO,NÃO,NÃO,NÃO,NÃO,NÃO,NÃO,NÃO,NÃO,NÃO,NÃO,NÃO,NÃO,NÃO,NÃO,NÃO,NÃO,NÃO,NÃO,NÃO,NÃO,NÃO,NÃO,NÃO,NÃO,NÃO,NÃO,NÃO,NÃO,NÃO,NÃO,NÃO,NÃO,NÃO,NÃO,NÃO,NÃO,NÃO,NÃO,NÃO,NÃO,NÃO,NÃO,NÃO,NÃO,NÃO,NÃO,,
8/31/2021 15:28:11,1998,10/11/1998,385B - 386 - 387/98,MESA REDONDA,,,,NÃO,,SIM,Sim,SIM,SIM,SIM,NÃO,NÃO,NÃO,NÃO,NÃO,NÃO,NÃO,NÃO,NÃO,NÃO,NÃO,NÃO,NÃO,NÃO,NÃO,NÃO,NÃO,NÃO,NÃO,NÃO,NÃO,NÃO,NÃO,NÃO,NÃO,NÃO,NÃO,NÃO,NÃO,NÃO,NÃO,NÃO,NÃO,NÃO,NÃO,NÃO,NÃO,NÃO,NÃO,NÃO,NÃO,NÃO,NÃO,NÃO,NÃO,NÃO,NÃO,NÃO,NÃO,NÃO,NÃO,NÃO,NÃO,NÃO,NÃO,NÃO,NÃO,NÃO,NÃO,NÃO,NÃO,NÃO,NÃO,NÃO,NÃO,NÃO,NÃO,NÃO,NÃO,NÃO,,
8/31/2021 15:37:09,1998,11/11/1998,388/98 - 389/98,TELEJORNAL,,Compromisso de campanha de candidatos à presidência,,NÃO,,SIM,Sim,SIM,SIM,SIM,NÃO,NÃO,NÃO,NÃO,NÃO,NÃO,NÃO,NÃO,NÃO,NÃO,NÃO,NÃO,NÃO,NÃO,NÃO,NÃO,NÃO,NÃO,NÃO,NÃO,NÃO,NÃO,NÃO,NÃO,NÃO,NÃO,NÃO,NÃO,NÃO,NÃO,NÃO,NÃO,NÃO,NÃO,NÃO,NÃO,NÃO,NÃO,NÃO,NÃO,NÃO,NÃO,NÃO,NÃO,NÃO,NÃO,NÃO,NÃO,NÃO,NÃO,NÃO,NÃO,NÃO,NÃO,NÃO,NÃO,NÃO,NÃO,NÃO,NÃO,NÃO,NÃO,NÃO,NÃO,NÃO,NÃO,NÃO,NÃO,NÃO,NÃO,,
8/31/2021 15:43:02,1998,12/11/1998,390 - 391 - 392/98,MESA REDONDA,,,,NÃO,,SIM,Sim,SIM,SIM,SIM,NÃO,NÃO,NÃO,NÃO,NÃO,NÃO,NÃO,NÃO,NÃO,NÃO,NÃO,NÃO,NÃO,NÃO,NÃO,NÃO,NÃO,NÃO,NÃO,NÃO,NÃO,NÃO,NÃO,NÃO,NÃO,NÃO,NÃO,NÃO,NÃO,NÃO,NÃO,NÃO,NÃO,NÃO,NÃO,NÃO,NÃO,NÃO,NÃO,NÃO,NÃO,NÃO,NÃO,NÃO,NÃO,NÃO,NÃO,NÃO,NÃO,NÃO,NÃO,NÃO,NÃO,NÃO,NÃO,NÃO,NÃO,NÃO,NÃO,NÃO,NÃO,NÃO,NÃO,NÃO,NÃO,NÃO,NÃO,NÃO,NÃO,NÃO,,
8/31/2021 15:48:24,1998,11/13/1998,393/98 - 394/98,MESA REDONDA,,,,NÃO,,SIM,Sim,SIM,SIM,SIM,NÃO,NÃO,NÃO,NÃO,NÃO,NÃO,NÃO,NÃO,NÃO,NÃO,NÃO,NÃO,NÃO,NÃO,NÃO,NÃO,NÃO,NÃO,NÃO,NÃO,NÃO,NÃO,NÃO,NÃO,NÃO,NÃO,NÃO,NÃO,NÃO,NÃO,NÃO,NÃO,NÃO,NÃO,NÃO,NÃO,NÃO,NÃO,NÃO,NÃO,NÃO,NÃO,NÃO,NÃO,NÃO,NÃO,NÃO,NÃO,NÃO,NÃO,NÃO,NÃO,NÃO,NÃO,NÃO,NÃO,NÃO,NÃO,NÃO,NÃO,NÃO,NÃO,NÃO,NÃO,NÃO,NÃO,NÃO,NÃO,NÃO,NÃO,,
8/31/2021 15:51:05,1998,11/14/1998,395/98,TELEJORNAL,,Compromisso de campanha de candidatos à presidência,,NÃO,,SIM,Sim,SIM,SIM,SIM,NÃO,NÃO,NÃO,NÃO,NÃO,NÃO,NÃO,NÃO,NÃO,NÃO,NÃO,NÃO,NÃO,NÃO,NÃO,NÃO,NÃO,NÃO,NÃO,NÃO,NÃO,NÃO,NÃO,NÃO,NÃO,NÃO,NÃO,NÃO,NÃO,NÃO,NÃO,NÃO,NÃO,NÃO,NÃO,NÃO,NÃO,NÃO,NÃO,NÃO,NÃO,NÃO,NÃO,NÃO,NÃO,NÃO,NÃO,NÃO,NÃO,NÃO,NÃO,NÃO,NÃO,NÃO,NÃO,NÃO,NÃO,NÃO,NÃO,NÃO,NÃO,NÃO,NÃO,NÃO,NÃO,NÃO,NÃO,NÃO,NÃO,NÃO,,
8/31/2021 15:53:59,1998,11/15/1998,396 - 397 - 399/98,ENTREVISTA,PRESIDENTE,,BRASIL,NÃO,,SIM,Sim,SIM,SIM,SIM,NÃO,NÃO,NÃO,NÃO,NÃO,NÃO,SIM,NÃO,NÃO,NÃO,NÃO,NÃO,NÃO,NÃO,NÃO,NÃO,NÃO,NÃO,NÃO,NÃO,NÃO,NÃO,NÃO,NÃO,NÃO,NÃO,NÃO,NÃO,NÃO,NÃO,NÃO,NÃO,NÃO,NÃO,NÃO,NÃO,NÃO,NÃO,NÃO,NÃO,NÃO,NÃO,NÃO,NÃO,NÃO,NÃO,NÃO,NÃO,NÃO,NÃO,NÃO,NÃO,NÃO,NÃO,NÃO,NÃO,NÃO,NÃO,NÃO,NÃO,NÃO,NÃO,NÃO,NÃO,NÃO,NÃO,NÃO,NÃO,NÃO,NÃO,,
8/31/2021 15:56:32,1998,11/16/1998,398 - 400 - 401/98,ENTREVISTA,PRESIDENTE,,,NÃO,,SIM,Sim,SIM,SIM,SIM,SIM,NÃO,NÃO,NÃO,NÃO,NÃO,NÃO,NÃO,NÃO,NÃO,NÃO,NÃO,NÃO,NÃO,NÃO,NÃO,NÃO,NÃO,NÃO,NÃO,NÃO,NÃO,NÃO,NÃO,NÃO,NÃO,NÃO,NÃO,NÃO,NÃO,NÃO,NÃO,NÃO,NÃO,NÃO,NÃO,NÃO,NÃO,NÃO,NÃO,NÃO,NÃO,NÃO,NÃO,NÃO,NÃO,NÃO,NÃO,NÃO,NÃO,NÃO,NÃO,NÃO,NÃO,NÃO,NÃO,NÃO,NÃO,NÃO,NÃO,NÃO,NÃO,NÃO,NÃO,NÃO,NÃO,NÃO,NÃO,NÃO,NÃO,,
8/31/2021 15:59:26,1998,11/17/1998,404/98 - 407/98,MESA REDONDA,,,,NÃO,,SIM,Sim,SIM,SIM,SIM,NÃO,NÃO,NÃO,NÃO,NÃO,NÃO,NÃO,NÃO,NÃO,NÃO,NÃO,NÃO,NÃO,NÃO,NÃO,NÃO,NÃO,NÃO,NÃO,NÃO,NÃO,NÃO,NÃO,NÃO,NÃO,NÃO,NÃO,NÃO,NÃO,NÃO,NÃO,NÃO,NÃO,NÃO,NÃO,NÃO,NÃO,NÃO,NÃO,NÃO,NÃO,NÃO,NÃO,NÃO,NÃO,NÃO,NÃO,NÃO,NÃO,NÃO,NÃO,NÃO,NÃO,NÃO,NÃO,NÃO,NÃO,NÃO,NÃO,NÃO,NÃO,NÃO,NÃO,NÃO,NÃO,NÃO,NÃO,NÃO,NÃO,NÃO,,
8/31/2021 16:02:03,1998,11/18/1998,408/98 - 409/98,TELEJORNAL,,,,NÃO,,SIM,Sim,SIM,SIM,SIM,NÃO,NÃO,NÃO,NÃO,NÃO,NÃO,NÃO,NÃO,NÃO,NÃO,NÃO,NÃO,NÃO,NÃO,NÃO,NÃO,NÃO,NÃO,NÃO,NÃO,NÃO,NÃO,NÃO,NÃO,NÃO,NÃO,NÃO,NÃO,NÃO,NÃO,NÃO,NÃO,NÃO,NÃO,NÃO,NÃO,NÃO,NÃO,NÃO,NÃO,NÃO,NÃO,NÃO,NÃO,NÃO,NÃO,NÃO,NÃO,NÃO,NÃO,NÃO,NÃO,NÃO,NÃO,NÃO,NÃO,NÃO,NÃO,NÃO,NÃO,NÃO,NÃO,NÃO,NÃO,NÃO,NÃO,NÃO,NÃO,NÃO,NÃO,,
8/31/2021 16:06:32,1998,11/19/1998,409/98B - 410/98,MESA REDONDA,,,,NÃO,,SIM,Sim,SIM,SIM,SIM,NÃO,NÃO,NÃO,NÃO,NÃO,NÃO,NÃO,NÃO,NÃO,NÃO,NÃO,NÃO,NÃO,NÃO,NÃO,NÃO,NÃO,NÃO,NÃO,NÃO,NÃO,NÃO,NÃO,NÃO,NÃO,NÃO,NÃO,NÃO,NÃO,NÃO,NÃO,NÃO,NÃO,NÃO,NÃO,NÃO,NÃO,NÃO,NÃO,NÃO,NÃO,NÃO,NÃO,NÃO,NÃO,NÃO,NÃO,NÃO,NÃO,NÃO,NÃO,NÃO,NÃO,NÃO,NÃO,NÃO,NÃO,NÃO,NÃO,NÃO,NÃO,NÃO,NÃO,NÃO,NÃO,NÃO,NÃO,NÃO,NÃO,NÃO,,
8/31/2021 16:10:54,1998,11/20/1998,411/98 - 412/98,MESA REDONDA,,,,NÃO,,SIM,Sim,SIM,SIM,SIM,NÃO,NÃO,NÃO,NÃO,NÃO,NÃO,NÃO,NÃO,NÃO,NÃO,NÃO,NÃO,NÃO,NÃO,NÃO,NÃO,NÃO,NÃO,NÃO,NÃO,NÃO,NÃO,NÃO,NÃO,NÃO,NÃO,NÃO,NÃO,NÃO,NÃO,NÃO,NÃO,NÃO,NÃO,NÃO,NÃO,NÃO,NÃO,NÃO,NÃO,NÃO,NÃO,NÃO,NÃO,NÃO,NÃO,NÃO,NÃO,NÃO,NÃO,NÃO,NÃO,NÃO,NÃO,NÃO,NÃO,NÃO,NÃO,NÃO,NÃO,NÃO,NÃO,NÃO,NÃO,NÃO,NÃO,NÃO,NÃO,NÃO,NÃO,,
8/31/2021 16:26:27,1998,11/21/1998,417a - 420/98,ENTREVISTA,PRESIDENTE,,BRASIL,NÃO,,SIM,Sim,SIM,SIM,SIM,NÃO,NÃO,NÃO,NÃO,NÃO,NÃO,NÃO,NÃO,NÃO,NÃO,NÃO,NÃO,NÃO,NÃO,NÃO,NÃO,NÃO,NÃO,NÃO,NÃO,NÃO,NÃO,NÃO,NÃO,NÃO,NÃO,NÃO,NÃO,NÃO,NÃO,NÃO,NÃO,NÃO,NÃO,NÃO,NÃO,NÃO,NÃO,NÃO,NÃO,NÃO,NÃO,NÃO,NÃO,SIM,NÃO,NÃO,NÃO,NÃO,NÃO,NÃO,NÃO,NÃO,NÃO,NÃO,NÃO,NÃO,NÃO,NÃO,NÃO,NÃO,NÃO,NÃO,NÃO,NÃO,NÃO,NÃO,NÃO,NÃO,NÃO,,
8/31/2021 16:29:18,1998,11/22/1998,421a - 425/98,MESA REDONDA,,,,NÃO,,SIM,Sim,SIM,SIM,SIM,NÃO,NÃO,NÃO,NÃO,NÃO,NÃO,NÃO,NÃO,NÃO,NÃO,NÃO,NÃO,NÃO,NÃO,NÃO,NÃO,NÃO,NÃO,NÃO,NÃO,NÃO,NÃO,NÃO,NÃO,NÃO,NÃO,NÃO,NÃO,NÃO,NÃO,NÃO,NÃO,NÃO,NÃO,NÃO,NÃO,NÃO,NÃO,NÃO,NÃO,NÃO,NÃO,NÃO,NÃO,NÃO,NÃO,NÃO,NÃO,NÃO,NÃO,NÃO,NÃO,NÃO,NÃO,NÃO,NÃO,NÃO,NÃO,NÃO,NÃO,NÃO,NÃO,NÃO,NÃO,NÃO,NÃO,NÃO,NÃO,NÃO,NÃO,,
8/31/2021 18:38:37,1998,11/23/1998,424/98A - 426/98,TELEJORNAL,PRESIDENTE,Telejornal com pesquisa de intenção de voto,BRASIL,NÃO,,SIM,Sim,SIM,SIM,SIM,NÃO,NÃO,NÃO,NÃO,NÃO,NÃO,NÃO,NÃO,NÃO,NÃO,NÃO,NÃO,NÃO,NÃO,NÃO,NÃO,NÃO,NÃO,NÃO,NÃO,NÃO,NÃO,NÃO,NÃO,NÃO,NÃO,NÃO,NÃO,NÃO,NÃO,NÃO,NÃO,NÃO,NÃO,NÃO,NÃO,NÃO,NÃO,NÃO,NÃO,NÃO,NÃO,NÃO,NÃO,NÃO,NÃO,NÃO,NÃO,NÃO,NÃO,NÃO,NÃO,NÃO,NÃO,NÃO,NÃO,NÃO,NÃO,NÃO,NÃO,NÃO,NÃO,NÃO,NÃO,NÃO,NÃO,NÃO,NÃO,NÃO,NÃO,,
8/31/2021 18:45:23,1998,11/24/1998,426/98a - 429/98,OUTRO,,A gravação não reproduz (com defeito),,NÃO,,SIM,Não,SIM,SIM,SIM,NÃO,NÃO,NÃO,NÃO,NÃO,NÃO,NÃO,NÃO,NÃO,NÃO,NÃO,NÃO,NÃO,NÃO,NÃO,NÃO,NÃO,NÃO,NÃO,NÃO,NÃO,NÃO,NÃO,NÃO,NÃO,NÃO,NÃO,NÃO,NÃO,NÃO,NÃO,NÃO,NÃO,NÃO,NÃO,NÃO,NÃO,NÃO,NÃO,NÃO,NÃO,NÃO,NÃO,NÃO,NÃO,NÃO,NÃO,NÃO,NÃO,NÃO,NÃO,NÃO,NÃO,NÃO,NÃO,NÃO,NÃO,NÃO,NÃO,NÃO,NÃO,NÃO,NÃO,NÃO,NÃO,NÃO,NÃO,NÃO,NÃO,NÃO,,
8/31/2021 18:47:44,1998,11/25/1998,429 - 430 - 431/98,MESA REDONDA,,,,NÃO,,SIM,Sim,SIM,SIM,SIM,NÃO,NÃO,NÃO,NÃO,NÃO,NÃO,NÃO,NÃO,NÃO,NÃO,NÃO,NÃO,NÃO,NÃO,NÃO,NÃO,NÃO,NÃO,NÃO,NÃO,NÃO,NÃO,NÃO,NÃO,NÃO,NÃO,NÃO,NÃO,NÃO,NÃO,NÃO,NÃO,NÃO,NÃO,NÃO,NÃO,NÃO,NÃO,NÃO,NÃO,NÃO,NÃO,NÃO,NÃO,NÃO,NÃO,NÃO,NÃO,NÃO,NÃO,NÃO,NÃO,NÃO,NÃO,NÃO,NÃO,NÃO,NÃO,NÃO,NÃO,NÃO,NÃO,NÃO,NÃO,NÃO,NÃO,NÃO,NÃO,NÃO,NÃO,,
8/31/2021 18:50:19,1998,11/26/1998,432 - 433 - 434 - 436/98,ENTREVISTA,PRESIDENTE,,BRASIL,NÃO,,SIM,Sim,SIM,SIM,SIM,NÃO,NÃO,NÃO,NÃO,NÃO,NÃO,NÃO,NÃO,NÃO,NÃO,NÃO,NÃO,NÃO,NÃO,NÃO,NÃO,NÃO,NÃO,NÃO,NÃO,SIM,NÃO,NÃO,NÃO,NÃO,NÃO,NÃO,NÃO,NÃO,NÃO,NÃO,NÃO,NÃO,NÃO,NÃO,NÃO,NÃO,NÃO,NÃO,NÃO,NÃO,NÃO,NÃO,NÃO,NÃO,NÃO,NÃO,NÃO,NÃO,NÃO,NÃO,NÃO,NÃO,NÃO,NÃO,NÃO,NÃO,NÃO,NÃO,NÃO,NÃO,NÃO,NÃO,NÃO,NÃO,NÃO,NÃO,NÃO,NÃO,NÃO,,
8/31/2021 18:53:09,1998,11/27/1998,435 - 437 - 438/98,MESA REDONDA,,,,NÃO,,SIM,Sim,SIM,SIM,SIM,NÃO,NÃO,NÃO,NÃO,NÃO,NÃO,NÃO,NÃO,NÃO,NÃO,NÃO,NÃO,NÃO,NÃO,NÃO,NÃO,NÃO,NÃO,NÃO,NÃO,NÃO,NÃO,NÃO,NÃO,NÃO,NÃO,NÃO,NÃO,NÃO,NÃO,NÃO,NÃO,NÃO,NÃO,NÃO,NÃO,NÃO,NÃO,NÃO,NÃO,NÃO,NÃO,NÃO,NÃO,NÃO,NÃO,NÃO,NÃO,NÃO,NÃO,NÃO,NÃO,NÃO,NÃO,NÃO,NÃO,NÃO,NÃO,NÃO,NÃO,NÃO,NÃO,NÃO,NÃO,NÃO,NÃO,NÃO,NÃO,NÃO,NÃO,,
8/31/2021 19:03:04,1998,11/28/1998,447a - 458/98,HGPE,"PRESIDENTE, DEPUTADO DISTRITAL",,"BRASIL, DF",NÃO,,SIM,Sim,SIM,SIM,SIM,SIM,SIM,SIM,SIM,NÃO,SIM,SIM,NÃO,SIM,SIM,SIM,SIM,SIM,NÃO,NÃO,SIM,SIM,NÃO,SIM,SIM,SIM,SIM,NÃO,NÃO,NÃO,NÃO,NÃO,NÃO,NÃO,NÃO,NÃO,NÃO,NÃO,NÃO,SIM,NÃO,SIM,NÃO,NÃO,NÃO,NÃO,NÃO,NÃO,NÃO,SIM,SIM,NÃO,NÃO,NÃO,NÃO,SIM,SIM,NÃO,NÃO,NÃO,NÃO,NÃO,NÃO,NÃO,NÃO,NÃO,NÃO,NÃO,NÃO,NÃO,NÃO,NÃO,NÃO,SIM,NÃO,,
8/31/2021 19:08:18,1998,11/29/1998,459/98 - 473/98,HGPE,PRESIDENTE,,BRASIL,NÃO,,SIM,Sim,SIM,SIM,SIM,SIM,SIM,SIM,SIM,NÃO,SIM,SIM,NÃO,SIM,SIM,SIM,SIM,SIM,NÃO,NÃO,SIM,SIM,NÃO,SIM,SIM,SIM,SIM,NÃO,NÃO,NÃO,NÃO,NÃO,NÃO,NÃO,NÃO,NÃO,NÃO,NÃO,NÃO,SIM,NÃO,SIM,NÃO,NÃO,NÃO,NÃO,NÃO,NÃO,NÃO,SIM,SIM,NÃO,NÃO,NÃO,NÃO,SIM,SIM,NÃO,NÃO,NÃO,NÃO,NÃO,NÃO,NÃO,NÃO,NÃO,NÃO,NÃO,NÃO,NÃO,NÃO,NÃO,NÃO,SIM,NÃO,,
8/31/2021 19:13:55,1998,11/30/1998,474/98a - 481/98,HGPE,PRESIDENTE,,BRASIL,NÃO,,SIM,Sim,SIM,SIM,SIM,SIM,SIM,SIM,SIM,NÃO,SIM,SIM,NÃO,SIM,SIM,SIM,SIM,SIM,NÃO,NÃO,SIM,SIM,NÃO,SIM,SIM,SIM,SIM,NÃO,NÃO,NÃO,NÃO,NÃO,NÃO,NÃO,NÃO,NÃO,NÃO,NÃO,NÃO,SIM,NÃO,SIM,NÃO,NÃO,NÃO,NÃO,NÃO,NÃO,NÃO,SIM,SIM,NÃO,NÃO,NÃO,NÃO,SIM,SIM,NÃO,NÃO,NÃO,NÃO,NÃO,NÃO,NÃO,NÃO,NÃO,NÃO,NÃO,NÃO,NÃO,NÃO,NÃO,NÃO,SIM,NÃO,,
8/31/2021 19:21:02,1998,9/1/1998,483 - 484 - 485 - 486/98,HGPE,PRESIDENTE,,BRASIL,NÃO,,SIM,Sim,SIM,SIM,SIM,SIM,SIM,SIM,SIM,NÃO,NÃO,SIM,NÃO,SIM,SIM,SIM,SIM,SIM,NÃO,NÃO,SIM,SIM,NÃO,NÃO,SIM,SIM,SIM,NÃO,NÃO,NÃO,NÃO,NÃO,NÃO,NÃO,NÃO,NÃO,NÃO,NÃO,NÃO,SIM,NÃO,SIM,SIM,NÃO,NÃO,NÃO,NÃO,NÃO,NÃO,SIM,SIM,NÃO,NÃO,NÃO,NÃO,SIM,NÃO,NÃO,NÃO,NÃO,NÃO,NÃO,NÃO,NÃO,NÃO,NÃO,NÃO,NÃO,NÃO,NÃO,NÃO,NÃO,NÃO,SIM,NÃO,,
8/31/2021 19:27:20,1998,9/2/1998,495a - 498/98,HGPE,PRESIDENTE,,BRASIL,NÃO,,SIM,Sim,SIM,SIM,SIM,SIM,SIM,SIM,SIM,NÃO,NÃO,SIM,NÃO,SIM,SIM,SIM,SIM,SIM,NÃO,NÃO,SIM,SIM,NÃO,NÃO,SIM,SIM,SIM,NÃO,NÃO,NÃO,NÃO,NÃO,NÃO,NÃO,NÃO,NÃO,NÃO,NÃO,NÃO,SIM,NÃO,SIM,SIM,NÃO,NÃO,NÃO,NÃO,NÃO,NÃO,SIM,SIM,NÃO,NÃO,NÃO,NÃO,SIM,NÃO,NÃO,NÃO,NÃO,NÃO,NÃO,NÃO,NÃO,NÃO,NÃO,NÃO,NÃO,NÃO,NÃO,NÃO,NÃO,NÃO,SIM,NÃO,,
8/31/2021 19:35:13,1998,9/3/1998,505a - 508/98,HGPE,PRESIDENTE,,BRASIL,NÃO,,SIM,Sim,SIM,SIM,SIM,SIM,SIM,SIM,SIM,NÃO,NÃO,SIM,NÃO,SIM,SIM,SIM,SIM,SIM,NÃO,NÃO,SIM,SIM,NÃO,NÃO,SIM,SIM,SIM,NÃO,NÃO,NÃO,NÃO,NÃO,NÃO,NÃO,NÃO,NÃO,NÃO,NÃO,NÃO,SIM,NÃO,SIM,SIM,NÃO,NÃO,NÃO,NÃO,NÃO,NÃO,SIM,SIM,NÃO,NÃO,NÃO,NÃO,SIM,NÃO,NÃO,NÃO,NÃO,NÃO,NÃO,NÃO,NÃO,NÃO,NÃO,NÃO,NÃO,NÃO,NÃO,NÃO,NÃO,NÃO,SIM,NÃO,,
8/31/2021 19:40:47,1998,9/4/1998,509 - 510 - 511/98,HGPE,PRESIDENTE,,BRASIL,NÃO,,SIM,Sim,SIM,SIM,SIM,SIM,SIM,SIM,SIM,NÃO,NÃO,SIM,NÃO,SIM,SIM,SIM,SIM,SIM,NÃO,NÃO,SIM,SIM,NÃO,NÃO,SIM,SIM,SIM,NÃO,NÃO,NÃO,NÃO,NÃO,NÃO,NÃO,NÃO,NÃO,NÃO,NÃO,NÃO,SIM,NÃO,SIM,SIM,NÃO,NÃO,NÃO,NÃO,NÃO,NÃO,SIM,SIM,NÃO,NÃO,NÃO,NÃO,SIM,NÃO,NÃO,NÃO,NÃO,NÃO,NÃO,NÃO,NÃO,NÃO,NÃO,NÃO,NÃO,NÃO,NÃO,NÃO,NÃO,NÃO,SIM,NÃO,,
8/31/2021 19:45:25,1998,9/5/1998,512 - 513 - 514/98,HGPE,PRESIDENTE,,BRASIL,NÃO,,SIM,Sim,SIM,SIM,SIM,SIM,SIM,SIM,SIM,NÃO,NÃO,SIM,NÃO,SIM,SIM,SIM,SIM,SIM,NÃO,NÃO,SIM,SIM,NÃO,NÃO,SIM,SIM,SIM,NÃO,NÃO,NÃO,NÃO,NÃO,NÃO,NÃO,NÃO,NÃO,NÃO,NÃO,NÃO,SIM,NÃO,SIM,SIM,NÃO,NÃO,NÃO,NÃO,NÃO,NÃO,SIM,SIM,NÃO,NÃO,NÃO,NÃO,SIM,NÃO,NÃO,NÃO,NÃO,NÃO,NÃO,NÃO,NÃO,NÃO,NÃO,NÃO,NÃO,NÃO,NÃO,NÃO,NÃO,NÃO,SIM,NÃO,,
8/31/2021 19:47:11,1998,9/6/1998,518/98,TELEJORNAL,,,,NÃO,,SIM,Sim,SIM,SIM,SIM,NÃO,NÃO,NÃO,NÃO,NÃO,NÃO,NÃO,NÃO,NÃO,NÃO,NÃO,NÃO,NÃO,NÃO,NÃO,NÃO,NÃO,NÃO,NÃO,NÃO,NÃO,NÃO,NÃO,NÃO,NÃO,NÃO,NÃO,NÃO,NÃO,NÃO,NÃO,NÃO,NÃO,NÃO,NÃO,NÃO,NÃO,NÃO,NÃO,NÃO,NÃO,NÃO,NÃO,NÃO,NÃO,NÃO,NÃO,NÃO,NÃO,NÃO,NÃO,NÃO,NÃO,NÃO,NÃO,NÃO,NÃO,NÃO,NÃO,NÃO,NÃO,NÃO,NÃO,NÃO,NÃO,NÃO,NÃO,NÃO,NÃO,NÃO,,
8/31/2021 19:49:12,1998,9/7/1998,521/98,TELEJORNAL,,,,NÃO,,SIM,Sim,SIM,SIM,SIM,NÃO,NÃO,NÃO,NÃO,NÃO,NÃO,NÃO,NÃO,NÃO,NÃO,NÃO,NÃO,NÃO,NÃO,NÃO,NÃO,NÃO,NÃO,NÃO,NÃO,NÃO,NÃO,NÃO,NÃO,NÃO,NÃO,NÃO,NÃO,NÃO,NÃO,NÃO,NÃO,NÃO,NÃO,NÃO,NÃO,NÃO,NÃO,NÃO,NÃO,NÃO,NÃO,NÃO,NÃO,NÃO,NÃO,NÃO,NÃO,NÃO,NÃO,NÃO,NÃO,NÃO,NÃO,NÃO,NÃO,NÃO,NÃO,NÃO,NÃO,NÃO,NÃO,NÃO,NÃO,NÃO,NÃO,NÃO,NÃO,NÃO,NÃO,,
8/31/2021 19:53:36,1998,9/8/1998,522 - 523/98,HGPE,,,,NÃO,,SIM,Sim,SIM,SIM,SIM,SIM,SIM,SIM,SIM,NÃO,NÃO,SIM,NÃO,SIM,SIM,SIM,SIM,SIM,NÃO,NÃO,SIM,SIM,NÃO,SIM,NÃO,SIM,SIM,NÃO,NÃO,NÃO,NÃO,NÃO,NÃO,NÃO,NÃO,NÃO,NÃO,NÃO,NÃO,SIM,NÃO,SIM,SIM,NÃO,NÃO,NÃO,NÃO,NÃO,NÃO,SIM,SIM,NÃO,NÃO,NÃO,NÃO,SIM,NÃO,NÃO,NÃO,NÃO,NÃO,NÃO,NÃO,NÃO,NÃO,NÃO,NÃO,NÃO,NÃO,NÃO,NÃO,NÃO,NÃO,SIM,NÃO,,
8/31/2021 19:56:18,1998,9/9/1998,s/cod98I,OUTRO,,A gravação não reproduz (com defeito),,NÃO,,SIM,Não,SIM,SIM,SIM,NÃO,NÃO,NÃO,NÃO,NÃO,NÃO,NÃO,NÃO,NÃO,NÃO,NÃO,NÃO,NÃO,NÃO,NÃO,NÃO,NÃO,NÃO,NÃO,NÃO,NÃO,NÃO,NÃO,NÃO,NÃO,NÃO,NÃO,NÃO,NÃO,NÃO,NÃO,NÃO,NÃO,NÃO,NÃO,NÃO,NÃO,NÃO,NÃO,NÃO,NÃO,NÃO,NÃO,NÃO,NÃO,NÃO,NÃO,NÃO,NÃO,NÃO,NÃO,NÃO,NÃO,NÃO,NÃO,NÃO,NÃO,NÃO,NÃO,NÃO,NÃO,NÃO,NÃO,NÃO,NÃO,NÃO,NÃO,NÃO,NÃO,NÃO,,
8/31/2021 19:58:29,1998,9/10/1998,s/cod98XL,TELEJORNAL,,,,NÃO,,SIM,Sim,SIM,SIM,SIM,NÃO,NÃO,NÃO,NÃO,NÃO,NÃO,NÃO,NÃO,NÃO,NÃO,NÃO,NÃO,NÃO,NÃO,NÃO,NÃO,NÃO,NÃO,NÃO,NÃO,NÃO,NÃO,NÃO,NÃO,NÃO,NÃO,NÃO,NÃO,NÃO,NÃO,NÃO,NÃO,NÃO,NÃO,NÃO,NÃO,NÃO,NÃO,NÃO,NÃO,NÃO,NÃO,NÃO,NÃO,NÃO,NÃO,NÃO,NÃO,NÃO,NÃO,NÃO,NÃO,NÃO,NÃO,NÃO,NÃO,NÃO,NÃO,NÃO,NÃO,NÃO,NÃO,NÃO,NÃO,NÃO,NÃO,NÃO,NÃO,NÃO,NÃO,,
9/3/2021 13:05:07,2003,9/11/2003,003 - 004 - 005 - 006/03,DIREÇÃO NACIONAL DO PARTIDO,,,,NÃO,,SIM,Sim,SIM,SIM,SIM,SIM,NÃO,NÃO,SIM,NÃO,NÃO,NÃO,NÃO,NÃO,NÃO,NÃO,NÃO,NÃO,NÃO,NÃO,NÃO,NÃO,NÃO,NÃO,NÃO,NÃO,NÃO,NÃO,NÃO,NÃO,NÃO,NÃO,NÃO,NÃO,NÃO,NÃO,NÃO,NÃO,NÃO,SIM,NÃO,NÃO,NÃO,NÃO,NÃO,NÃO,NÃO,NÃO,NÃO,NÃO,NÃO,NÃO,NÃO,NÃO,NÃO,NÃO,NÃO,NÃO,NÃO,NÃO,NÃO,NÃO,NÃO,NÃO,NÃO,NÃO,NÃO,NÃO,NÃO,NÃO,NÃO,NÃO,NÃO,NÃO,NÃO,,
9/3/2021 13:10:06,2003,9/12/2003,006 - 007 - 008 - 009 - 010/03,DIREÇÃO NACIONAL DO PARTIDO,,,,NÃO,,SIM,Sim,SIM,SIM,SIM,NÃO,NÃO,SIM,NÃO,NÃO,SIM,NÃO,NÃO,NÃO,NÃO,NÃO,SIM,NÃO,NÃO,NÃO,NÃO,NÃO,NÃO,NÃO,NÃO,NÃO,NÃO,NÃO,NÃO,NÃO,NÃO,NÃO,NÃO,NÃO,NÃO,NÃO,NÃO,NÃO,NÃO,NÃO,NÃO,NÃO,NÃO,NÃO,NÃO,NÃO,NÃO,NÃO,NÃO,NÃO,NÃO,NÃO,NÃO,NÃO,NÃO,NÃO,NÃO,NÃO,NÃO,NÃO,NÃO,NÃO,NÃO,NÃO,NÃO,NÃO,NÃO,NÃO,NÃO,NÃO,NÃO,NÃO,NÃO,NÃO,NÃO,,
9/3/2021 13:17:14,2003,9/13/2003,010 - 011 - 012/03,DIREÇÃO NACIONAL DO PARTIDO,,,,NÃO,,SIM,Sim,SIM,SIM,SIM,NÃO,NÃO,NÃO,NÃO,NÃO,SIM,SIM,SIM,NÃO,NÃO,NÃO,NÃO,NÃO,NÃO,NÃO,NÃO,NÃO,NÃO,NÃO,NÃO,NÃO,NÃO,NÃO,NÃO,NÃO,NÃO,NÃO,NÃO,NÃO,NÃO,NÃO,NÃO,NÃO,NÃO,SIM,NÃO,NÃO,NÃO,NÃO,NÃO,NÃO,NÃO,NÃO,NÃO,NÃO,NÃO,NÃO,NÃO,NÃO,NÃO,NÃO,NÃO,NÃO,NÃO,NÃO,NÃO,NÃO,NÃO,NÃO,NÃO,NÃO,NÃO,NÃO,NÃO,NÃO,NÃO,NÃO,NÃO,NÃO,NÃO,,
9/3/2021 13:23:03,2003,9/14/2003,013 - 014 - 015 - 016/03,DIREÇÃO NACIONAL DO PARTIDO,,,,NÃO,,SIM,Sim,SIM,SIM,SIM,NÃO,NÃO,NÃO,SIM,NÃO,NÃO,NÃO,NÃO,NÃO,NÃO,NÃO,NÃO,NÃO,NÃO,NÃO,NÃO,NÃO,NÃO,NÃO,NÃO,NÃO,NÃO,NÃO,NÃO,NÃO,NÃO,NÃO,NÃO,NÃO,NÃO,NÃO,NÃO,NÃO,NÃO,NÃO,NÃO,NÃO,NÃO,NÃO,NÃO,NÃO,NÃO,NÃO,NÃO,NÃO,NÃO,NÃO,NÃO,NÃO,NÃO,NÃO,NÃO,NÃO,NÃO,NÃO,NÃO,NÃO,NÃO,NÃO,NÃO,NÃO,NÃO,NÃO,NÃO,NÃO,NÃO,NÃO,NÃO,NÃO,NÃO,,
9/3/2021 13:33:22,2003,9/15/2003,017 - 018 - 019/03,DIREÇÃO NACIONAL DO PARTIDO,,,,NÃO,,SIM,Sim,SIM,SIM,SIM,SIM,NÃO,NÃO,NÃO,NÃO,NÃO,SIM,SIM,NÃO,NÃO,NÃO,NÃO,NÃO,NÃO,NÃO,NÃO,NÃO,NÃO,NÃO,NÃO,NÃO,NÃO,NÃO,NÃO,NÃO,NÃO,NÃO,NÃO,NÃO,NÃO,NÃO,NÃO,NÃO,NÃO,NÃO,NÃO,NÃO,NÃO,NÃO,NÃO,NÃO,NÃO,NÃO,NÃO,NÃO,NÃO,NÃO,NÃO,NÃO,NÃO,NÃO,NÃO,NÃO,NÃO,NÃO,NÃO,NÃO,NÃO,NÃO,NÃO,NÃO,NÃO,NÃO,NÃO,NÃO,NÃO,NÃO,NÃO,NÃO,NÃO,,
9/3/2021 13:36:48,2003,9/16/2003,020/03,MESA REDONDA,,,,NÃO,,SIM,Sim,SIM,SIM,SIM,NÃO,NÃO,NÃO,NÃO,NÃO,NÃO,NÃO,NÃO,NÃO,NÃO,NÃO,NÃO,NÃO,NÃO,NÃO,NÃO,NÃO,NÃO,NÃO,NÃO,NÃO,NÃO,NÃO,NÃO,NÃO,NÃO,NÃO,NÃO,NÃO,NÃO,NÃO,NÃO,NÃO,NÃO,NÃO,NÃO,NÃO,NÃO,NÃO,NÃO,NÃO,NÃO,NÃO,NÃO,NÃO,NÃO,NÃO,NÃO,NÃO,NÃO,NÃO,NÃO,NÃO,NÃO,NÃO,NÃO,NÃO,NÃO,NÃO,NÃO,NÃO,NÃO,NÃO,NÃO,NÃO,NÃO,NÃO,NÃO,NÃO,NÃO,,
9/3/2021 13:41:36,2003,9/17/2003,021 - 022 - 023/03,DIREÇÃO NACIONAL DO PARTIDO,,,,NÃO,,SIM,Sim,SIM,SIM,SIM,NÃO,SIM,SIM,NÃO,NÃO,NÃO,NÃO,NÃO,NÃO,NÃO,NÃO,NÃO,NÃO,NÃO,NÃO,NÃO,NÃO,NÃO,NÃO,NÃO,NÃO,NÃO,NÃO,NÃO,NÃO,NÃO,NÃO,NÃO,NÃO,NÃO,NÃO,NÃO,NÃO,NÃO,NÃO,NÃO,NÃO,NÃO,NÃO,NÃO,NÃO,NÃO,NÃO,NÃO,NÃO,NÃO,NÃO,NÃO,NÃO,NÃO,NÃO,NÃO,NÃO,NÃO,NÃO,NÃO,NÃO,NÃO,NÃO,NÃO,NÃO,NÃO,NÃO,NÃO,NÃO,NÃO,NÃO,NÃO,NÃO,NÃO,,
9/3/2021 13:47:25,2003,9/18/2003,023 - 024 - 025 - 026/03,DIREÇÃO NACIONAL DO PARTIDO,,,,NÃO,,SIM,Sim,SIM,SIM,SIM,SIM,NÃO,SIM,NÃO,NÃO,SIM,NÃO,NÃO,NÃO,NÃO,NÃO,NÃO,NÃO,NÃO,NÃO,NÃO,NÃO,NÃO,NÃO,NÃO,NÃO,NÃO,NÃO,NÃO,NÃO,NÃO,NÃO,NÃO,NÃO,NÃO,NÃO,NÃO,NÃO,NÃO,NÃO,NÃO,NÃO,NÃO,NÃO,NÃO,NÃO,NÃO,NÃO,NÃO,NÃO,NÃO,NÃO,NÃO,NÃO,NÃO,NÃO,NÃO,NÃO,NÃO,NÃO,NÃO,NÃO,NÃO,NÃO,NÃO,NÃO,NÃO,NÃO,NÃO,NÃO,NÃO,NÃO,NÃO,NÃO,NÃO,,
9/6/2021 14:27:46,2004,8/18/2004,001/04ACONT,HGPE,PREFEITO,,MG,SIM,Belo Horizonte,SIM,Sim,SIM,SIM,SIM,SIM,SIM,SIM,SIM,NÃO,SIM,SIM,SIM,SIM,SIM,SIM,SIM,SIM,NÃO,SIM,NÃO,SIM,SIM,SIM,SIM,SIM,SIM,SIM,SIM,SIM,NÃO,NÃO,NÃO,NÃO,NÃO,NÃO,NÃO,NÃO,NÃO,SIM,NÃO,SIM,SIM,NÃO,NÃO,NÃO,NÃO,NÃO,NÃO,SIM,NÃO,NÃO,NÃO,NÃO,NÃO,NÃO,NÃO,NÃO,NÃO,NÃO,NÃO,NÃO,NÃO,NÃO,NÃO,NÃO,NÃO,NÃO,NÃO,NÃO,NÃO,NÃO,NÃO,NÃO,NÃO,,
9/6/2021 14:33:39,2004,8/18/2004,001/04BCONT,HGPE,PREFEITO,,MG,SIM,Belo Horizonte,SIM,Sim,SIM,SIM,SIM,SIM,SIM,SIM,SIM,NÃO,SIM,SIM,SIM,SIM,SIM,SIM,SIM,SIM,NÃO,SIM,NÃO,SIM,SIM,SIM,SIM,SIM,SIM,SIM,SIM,SIM,NÃO,NÃO,NÃO,NÃO,NÃO,NÃO,NÃO,NÃO,NÃO,SIM,NÃO,SIM,SIM,NÃO,NÃO,NÃO,NÃO,NÃO,NÃO,SIM,NÃO,NÃO,NÃO,NÃO,NÃO,NÃO,NÃO,NÃO,NÃO,NÃO,NÃO,NÃO,NÃO,NÃO,NÃO,NÃO,NÃO,NÃO,NÃO,NÃO,NÃO,NÃO,NÃO,NÃO,NÃO,,
9/6/2021 14:38:05,2004,8/19/2004,001/04PA,HGPE,VEREADOR,,RS,SIM,Porto Alegre,SIM,Sim,SIM,SIM,SIM,SIM,SIM,SIM,SIM,NÃO,SIM,SIM,SIM,SIM,SIM,SIM,SIM,SIM,NÃO,NÃO,NÃO,NÃO,NÃO,SIM,SIM,NÃO,NÃO,NÃO,NÃO,NÃO,NÃO,NÃO,NÃO,NÃO,NÃO,NÃO,NÃO,NÃO,NÃO,SIM,NÃO,SIM,SIM,NÃO,NÃO,NÃO,NÃO,NÃO,NÃO,NÃO,NÃO,NÃO,NÃO,NÃO,NÃO,NÃO,NÃO,NÃO,NÃO,NÃO,NÃO,NÃO,NÃO,NÃO,NÃO,NÃO,NÃO,NÃO,NÃO,NÃO,NÃO,NÃO,NÃO,NÃO,NÃO,,
9/6/2021 14:43:45,2004,8/20/2004,002/04BCONT,HGPE,PREFEITO,,MG,SIM,Belo Horizonte,SIM,Sim,SIM,SIM,SIM,SIM,SIM,SIM,SIM,NÃO,SIM,SIM,SIM,SIM,SIM,SIM,SIM,SIM,NÃO,SIM,NÃO,SIM,SIM,SIM,SIM,SIM,SIM,SIM,SIM,SIM,NÃO,NÃO,NÃO,NÃO,NÃO,NÃO,NÃO,NÃO,NÃO,SIM,NÃO,SIM,SIM,NÃO,NÃO,NÃO,NÃO,NÃO,NÃO,SIM,NÃO,NÃO,NÃO,NÃO,NÃO,NÃO,NÃO,NÃO,NÃO,NÃO,NÃO,NÃO,NÃO,NÃO,NÃO,NÃO,NÃO,NÃO,NÃO,NÃO,NÃO,NÃO,NÃO,NÃO,NÃO,,
9/6/2021 14:51:36,2004,8/20/2004,002/04CONT ,HGPE,PREFEITO,,MG,SIM,Belo Horizonte ,SIM,Sim,SIM,SIM,SIM,SIM,SIM,SIM,SIM,NÃO,SIM,SIM,SIM,SIM,SIM,SIM,SIM,SIM,NÃO,SIM,NÃO,SIM,SIM,SIM,SIM,SIM,SIM,SIM,SIM,SIM,NÃO,NÃO,NÃO,NÃO,NÃO,NÃO,NÃO,NÃO,NÃO,SIM,NÃO,SIM,SIM,NÃO,NÃO,NÃO,NÃO,NÃO,NÃO,SIM,NÃO,NÃO,NÃO,NÃO,NÃO,NÃO,NÃO,NÃO,NÃO,NÃO,NÃO,NÃO,NÃO,NÃO,NÃO,NÃO,NÃO,NÃO,NÃO,NÃO,NÃO,NÃO,NÃO,NÃO,NÃO,,
9/6/2021 17:15:39,2004,8/21/2004,002/04PA,HGPE,"PREFEITO, VEREADOR",,RS,SIM,Porto Alegre,SIM,Sim,SIM,SIM,SIM,SIM,SIM,SIM,SIM,NÃO,SIM,SIM,SIM,SIM,SIM,SIM,SIM,SIM,NÃO,NÃO,NÃO,NÃO,NÃO,SIM,SIM,SIM,NÃO,NÃO,NÃO,SIM,NÃO,NÃO,NÃO,NÃO,NÃO,NÃO,NÃO,NÃO,NÃO,SIM,NÃO,SIM,SIM,NÃO,NÃO,NÃO,NÃO,NÃO,NÃO,SIM,NÃO,NÃO,NÃO,NÃO,NÃO,NÃO,NÃO,NÃO,NÃO,NÃO,NÃO,NÃO,NÃO,NÃO,NÃO,NÃO,NÃO,NÃO,NÃO,NÃO,NÃO,NÃO,NÃO,NÃO,NÃO,,
9/6/2021 17:19:51,2004,8/20/2004,002/04SP,HGPE,PREFEITO,,SP,SIM,São Paulo,SIM,Sim,SIM,SIM,SIM,SIM,SIM,NÃO,NÃO,NÃO,NÃO,NÃO,SIM,SIM,SIM,SIM,NÃO,SIM,NÃO,NÃO,NÃO,NÃO,SIM,NÃO,SIM,SIM,NÃO,SIM,NÃO,SIM,NÃO,NÃO,NÃO,NÃO,NÃO,NÃO,NÃO,NÃO,NÃO,NÃO,NÃO,NÃO,NÃO,NÃO,NÃO,NÃO,NÃO,NÃO,NÃO,NÃO,SIM,NÃO,NÃO,NÃO,NÃO,NÃO,NÃO,NÃO,NÃO,NÃO,NÃO,NÃO,NÃO,NÃO,NÃO,NÃO,NÃO,NÃO,NÃO,NÃO,NÃO,NÃO,NÃO,NÃO,NÃO,,
9/6/2021 17:23:38,2004,4/23/2004,003/04BCONT,HGPE,PREFEITO,,MG,SIM,Belo Horizonte,SIM,Sim,SIM,SIM,SIM,SIM,SIM,SIM,SIM,NÃO,SIM,SIM,SIM,SIM,SIM,SIM,SIM,SIM,NÃO,SIM,NÃO,SIM,SIM,SIM,SIM,SIM,SIM,SIM,SIM,SIM,NÃO,NÃO,NÃO,NÃO,NÃO,NÃO,NÃO,NÃO,NÃO,NÃO,NÃO,SIM,SIM,NÃO,NÃO,NÃO,NÃO,NÃO,NÃO,SIM,NÃO,NÃO,NÃO,NÃO,NÃO,NÃO,NÃO,NÃO,NÃO,NÃO,NÃO,NÃO,NÃO,NÃO,NÃO,NÃO,NÃO,NÃO,NÃO,NÃO,NÃO,NÃO,NÃO,NÃO,NÃO,,
9/6/2021 17:27:35,2004,8/18/2004,003/04BSA,HGPE,PREFEITO,,BA,SIM,Salvador,SIM,Sim,SIM,SIM,SIM,SIM,NÃO,SIM,NÃO,NÃO,SIM,NÃO,NÃO,SIM,SIM,NÃO,SIM,NÃO,NÃO,SIM,NÃO,NÃO,SIM,NÃO,NÃO,SIM,NÃO,SIM,NÃO,NÃO,NÃO,NÃO,NÃO,NÃO,NÃO,NÃO,NÃO,NÃO,NÃO,NÃO,NÃO,SIM,NÃO,NÃO,NÃO,NÃO,NÃO,NÃO,NÃO,NÃO,SIM,NÃO,NÃO,NÃO,NÃO,NÃO,NÃO,NÃO,NÃO,NÃO,NÃO,NÃO,NÃO,NÃO,NÃO,NÃO,NÃO,NÃO,NÃO,NÃO,NÃO,NÃO,NÃO,NÃO,NÃO,,
9/6/2021 17:32:14,2004,8/18/2004,003/04PA ,HGPE,VEREADOR,,MG,SIM,Belo Horizonte,SIM,Sim,SIM,SIM,SIM,SIM,SIM,SIM,SIM,NÃO,SIM,SIM,SIM,SIM,SIM,SIM,SIM,SIM,NÃO,NÃO,NÃO,NÃO,NÃO,SIM,SIM,SIM,NÃO,NÃO,NÃO,SIM,NÃO,NÃO,NÃO,NÃO,NÃO,NÃO,NÃO,NÃO,NÃO,SIM,NÃO,SIM,SIM,NÃO,NÃO,NÃO,NÃO,NÃO,NÃO,SIM,NÃO,NÃO,NÃO,NÃO,NÃO,NÃO,NÃO,NÃO,NÃO,NÃO,NÃO,NÃO,NÃO,NÃO,NÃO,NÃO,NÃO,NÃO,NÃO,NÃO,NÃO,NÃO,NÃO,NÃO,NÃO,,
9/8/2021 16:57:29,2004,8/18/2004,003/04SA,HGPE,PREFEITO,,BA,SIM,Salvador,SIM,Sim,SIM,SIM,SIM,SIM,NÃO,SIM,NÃO,NÃO,SIM,NÃO,NÃO,SIM,SIM,NÃO,SIM,NÃO,NÃO,SIM,NÃO,NÃO,SIM,NÃO,NÃO,SIM,NÃO,SIM,NÃO,NÃO,NÃO,NÃO,NÃO,NÃO,NÃO,NÃO,NÃO,NÃO,NÃO,NÃO,NÃO,SIM,NÃO,NÃO,NÃO,NÃO,NÃO,NÃO,NÃO,NÃO,SIM,NÃO,NÃO,NÃO,NÃO,NÃO,NÃO,NÃO,NÃO,NÃO,NÃO,NÃO,NÃO,NÃO,NÃO,NÃO,NÃO,NÃO,NÃO,NÃO,NÃO,NÃO,NÃO,NÃO,NÃO,,
9/8/2021 17:08:00,2004,8/23/2004,003/04SP,HGPE,PREFEITO,A gravação apresenta defeito (baixa qualidade) ,SP,SIM,São Paulo,SIM,Sim,SIM,SIM,SIM,SIM,SIM,SIM,NÃO,NÃO,NÃO,NÃO,SIM,SIM,SIM,SIM,NÃO,SIM,NÃO,NÃO,NÃO,NÃO,SIM,NÃO,SIM,SIM,NÃO,SIM,NÃO,SIM,NÃO,NÃO,NÃO,NÃO,NÃO,NÃO,NÃO,NÃO,NÃO,NÃO,NÃO,NÃO,SIM,NÃO,NÃO,NÃO,NÃO,NÃO,NÃO,SIM,SIM,NÃO,NÃO,NÃO,NÃO,NÃO,NÃO,NÃO,NÃO,NÃO,NÃO,NÃO,NÃO,NÃO,NÃO,NÃO,NÃO,NÃO,NÃO,NÃO,NÃO,NÃO,NÃO,NÃO,NÃO,,
9/8/2021 17:12:14,2004,8/25/2004,004/04CONT,HGPE,PREFEITO,,MG,SIM,Belo Horizonte,SIM,Sim,SIM,SIM,SIM,SIM,SIM,SIM,SIM,NÃO,SIM,SIM,SIM,SIM,SIM,SIM,SIM,SIM,NÃO,SIM,NÃO,SIM,SIM,SIM,SIM,SIM,SIM,SIM,SIM,SIM,NÃO,NÃO,NÃO,NÃO,NÃO,NÃO,NÃO,NÃO,NÃO,SIM,NÃO,SIM,SIM,NÃO,NÃO,NÃO,NÃO,NÃO,NÃO,SIM,NÃO,NÃO,NÃO,NÃO,NÃO,NÃO,NÃO,NÃO,NÃO,NÃO,NÃO,NÃO,NÃO,NÃO,NÃO,NÃO,NÃO,NÃO,NÃO,NÃO,NÃO,NÃO,NÃO,NÃO,NÃO,,
9/8/2021 17:16:05,2004,8/20/2004,004/04BSA,HGPE,PREFEITO,,BA,SIM,Salvador,SIM,Sim,SIM,SIM,SIM,SIM,NÃO,SIM,NÃO,NÃO,SIM,NÃO,NÃO,SIM,SIM,NÃO,SIM,NÃO,NÃO,SIM,NÃO,NÃO,SIM,NÃO,NÃO,SIM,NÃO,SIM,NÃO,NÃO,NÃO,NÃO,NÃO,NÃO,NÃO,NÃO,NÃO,NÃO,NÃO,NÃO,NÃO,SIM,NÃO,NÃO,NÃO,NÃO,NÃO,NÃO,NÃO,NÃO,SIM,NÃO,NÃO,NÃO,NÃO,NÃO,NÃO,NÃO,NÃO,NÃO,NÃO,NÃO,NÃO,NÃO,NÃO,NÃO,NÃO,NÃO,NÃO,NÃO,NÃO,NÃO,NÃO,NÃO,NÃO,,
9/8/2021 17:21:01,2004,8/21/2004,004/04PA,HGPE,PREFEITO,,RS,SIM,Porto Alegre,SIM,Sim,SIM,SIM,SIM,SIM,SIM,SIM,SIM,NÃO,SIM,SIM,SIM,SIM,SIM,SIM,SIM,SIM,NÃO,NÃO,NÃO,NÃO,NÃO,SIM,SIM,SIM,NÃO,NÃO,NÃO,SIM,NÃO,NÃO,NÃO,NÃO,NÃO,NÃO,NÃO,NÃO,NÃO,SIM,NÃO,SIM,SIM,NÃO,NÃO,NÃO,NÃO,NÃO,NÃO,SIM,NÃO,NÃO,NÃO,NÃO,NÃO,NÃO,NÃO,NÃO,NÃO,NÃO,NÃO,NÃO,NÃO,NÃO,NÃO,NÃO,NÃO,NÃO,NÃO,NÃO,NÃO,NÃO,NÃO,NÃO,NÃO,,
9/8/2021 17:25:11,2004,8/25/2004,004/04SP,HGPE,PREFEITO,,SP,SIM,São Paulo,SIM,Sim,SIM,SIM,SIM,SIM,SIM,SIM,NÃO,NÃO,NÃO,NÃO,SIM,SIM,SIM,SIM,NÃO,SIM,NÃO,NÃO,NÃO,NÃO,SIM,NÃO,SIM,SIM,NÃO,SIM,NÃO,SIM,NÃO,NÃO,NÃO,NÃO,NÃO,NÃO,NÃO,NÃO,NÃO,NÃO,NÃO,NÃO,SIM,NÃO,NÃO,NÃO,NÃO,NÃO,NÃO,SIM,SIM,NÃO,NÃO,NÃO,NÃO,NÃO,NÃO,NÃO,NÃO,NÃO,NÃO,NÃO,NÃO,NÃO,NÃO,NÃO,NÃO,NÃO,NÃO,NÃO,NÃO,NÃO,NÃO,NÃO,NÃO,,
9/8/2021 17:27:41,2004,8/26/2004,04/codXXXIX,HGPE,PREFEITO,,RJ,SIM,Rio de Janeiro,SIM,Sim,SIM,SIM,SIM,SIM,NÃO,NÃO,NÃO,NÃO,NÃO,NÃO,NÃO,NÃO,NÃO,NÃO,NÃO,NÃO,NÃO,NÃO,NÃO,NÃO,NÃO,NÃO,NÃO,NÃO,NÃO,NÃO,NÃO,NÃO,NÃO,NÃO,NÃO,NÃO,NÃO,NÃO,NÃO,NÃO,NÃO,NÃO,NÃO,NÃO,NÃO,NÃO,NÃO,NÃO,NÃO,NÃO,NÃO,NÃO,NÃO,NÃO,NÃO,NÃO,NÃO,NÃO,NÃO,NÃO,NÃO,NÃO,NÃO,NÃO,NÃO,NÃO,NÃO,NÃO,NÃO,NÃO,NÃO,NÃO,NÃO,NÃO,NÃO,NÃO,NÃO,,
9/8/2021 17:31:35,2004,8/27/2004,005/04BCONT ,HGPE,PREFEITO,,MG,SIM,Belo Horizonte,SIM,Sim,SIM,SIM,SIM,SIM,SIM,SIM,SIM,NÃO,SIM,SIM,SIM,SIM,SIM,SIM,SIM,SIM,NÃO,SIM,NÃO,SIM,SIM,SIM,SIM,SIM,SIM,SIM,SIM,SIM,NÃO,NÃO,NÃO,NÃO,NÃO,NÃO,NÃO,NÃO,NÃO,SIM,NÃO,SIM,SIM,NÃO,NÃO,NÃO,NÃO,NÃO,NÃO,SIM,NÃO,NÃO,NÃO,NÃO,NÃO,NÃO,NÃO,NÃO,NÃO,NÃO,NÃO,NÃO,NÃO,NÃO,NÃO,NÃO,NÃO,NÃO,NÃO,NÃO,NÃO,NÃO,NÃO,NÃO,NÃO,,
9/8/2021 17:35:47,2004,8/23/2004,005/04BSA,HGPE,PREFEITO,,BA,SIM,Salvador,SIM,Sim,SIM,SIM,SIM,SIM,NÃO,SIM,NÃO,NÃO,SIM,NÃO,NÃO,SIM,SIM,NÃO,SIM,NÃO,NÃO,SIM,NÃO,NÃO,SIM,NÃO,NÃO,SIM,NÃO,SIM,NÃO,NÃO,NÃO,NÃO,NÃO,NÃO,NÃO,NÃO,NÃO,NÃO,NÃO,NÃO,NÃO,SIM,NÃO,NÃO,NÃO,NÃO,NÃO,NÃO,NÃO,NÃO,SIM,NÃO,NÃO,NÃO,NÃO,NÃO,NÃO,NÃO,NÃO,NÃO,NÃO,NÃO,NÃO,NÃO,NÃO,NÃO,NÃO,NÃO,NÃO,NÃO,NÃO,NÃO,NÃO,NÃO,NÃO,,
9/8/2021 17:40:45,2004,8/24/2004,005/04BPA,HGPE,PREFEITO,,RS,SIM,Porto Alegre,SIM,Sim,SIM,SIM,SIM,SIM,SIM,SIM,SIM,NÃO,SIM,SIM,SIM,SIM,SIM,SIM,SIM,SIM,NÃO,NÃO,NÃO,NÃO,NÃO,SIM,SIM,SIM,NÃO,NÃO,NÃO,SIM,NÃO,NÃO,NÃO,NÃO,NÃO,NÃO,NÃO,NÃO,NÃO,SIM,NÃO,SIM,SIM,NÃO,NÃO,NÃO,NÃO,NÃO,NÃO,SIM,NÃO,NÃO,NÃO,NÃO,NÃO,NÃO,NÃO,NÃO,NÃO,NÃO,NÃO,NÃO,NÃO,NÃO,NÃO,NÃO,NÃO,NÃO,NÃO,NÃO,NÃO,NÃO,NÃO,NÃO,NÃO,,
9/8/2021 17:44:51,2004,8/27/2004,005/04SP,HGPE,PREFEITO,A gravação apresenta defeito (baixa qualidade),SP,SIM,São Paulo,SIM,Sim,SIM,SIM,SIM,SIM,SIM,SIM,NÃO,NÃO,NÃO,NÃO,SIM,SIM,SIM,SIM,NÃO,SIM,NÃO,NÃO,NÃO,NÃO,SIM,NÃO,SIM,SIM,NÃO,SIM,NÃO,SIM,NÃO,NÃO,NÃO,NÃO,NÃO,NÃO,NÃO,NÃO,NÃO,NÃO,NÃO,NÃO,SIM,NÃO,NÃO,NÃO,NÃO,NÃO,NÃO,SIM,SIM,NÃO,NÃO,NÃO,NÃO,NÃO,NÃO,NÃO,NÃO,NÃO,NÃO,NÃO,NÃO,NÃO,NÃO,NÃO,NÃO,NÃO,NÃO,NÃO,NÃO,NÃO,NÃO,NÃO,NÃO,,
9/8/2021 17:49:33,2004,8/24/2004,006/04ASA,HGPE,VEREADOR,,BA,SIM,Salvador,SIM,Sim,SIM,SIM,SIM,SIM,SIM,SIM,SIM,NÃO,SIM,SIM,SIM,SIM,SIM,SIM,SIM,SIM,NÃO,SIM,NÃO,NÃO,SIM,NÃO,SIM,SIM,SIM,SIM,NÃO,SIM,NÃO,NÃO,NÃO,NÃO,NÃO,NÃO,NÃO,NÃO,NÃO,SIM,NÃO,SIM,SIM,NÃO,NÃO,NÃO,NÃO,NÃO,NÃO,SIM,SIM,NÃO,NÃO,NÃO,NÃO,NÃO,NÃO,NÃO,NÃO,NÃO,NÃO,NÃO,NÃO,NÃO,NÃO,NÃO,NÃO,NÃO,NÃO,NÃO,NÃO,NÃO,NÃO,NÃO,NÃO,,
9/8/2021 17:53:12,2004,8/30/2004,006/04BCONT,HGPE,PREFEITO,,MG,SIM,Belo Horizonte,SIM,Sim,SIM,SIM,SIM,SIM,SIM,SIM,SIM,NÃO,SIM,SIM,SIM,SIM,SIM,SIM,SIM,SIM,NÃO,SIM,NÃO,SIM,SIM,SIM,SIM,SIM,SIM,SIM,SIM,SIM,NÃO,NÃO,NÃO,NÃO,NÃO,NÃO,NÃO,NÃO,NÃO,SIM,NÃO,SIM,SIM,NÃO,NÃO,NÃO,NÃO,NÃO,NÃO,SIM,NÃO,NÃO,NÃO,NÃO,NÃO,NÃO,NÃO,NÃO,NÃO,NÃO,NÃO,NÃO,NÃO,NÃO,NÃO,NÃO,NÃO,NÃO,NÃO,NÃO,NÃO,NÃO,NÃO,NÃO,NÃO,,
9/8/2021 17:56:36,2004,8/25/2004,006/04BSA,HGPE,PREFEITO,,BA,SIM,Salvador,SIM,Sim,SIM,SIM,SIM,SIM,NÃO,SIM,NÃO,NÃO,SIM,NÃO,NÃO,SIM,SIM,NÃO,SIM,NÃO,NÃO,SIM,NÃO,NÃO,SIM,NÃO,NÃO,SIM,NÃO,SIM,NÃO,NÃO,NÃO,NÃO,NÃO,NÃO,NÃO,NÃO,NÃO,NÃO,NÃO,NÃO,NÃO,SIM,NÃO,NÃO,NÃO,NÃO,NÃO,NÃO,NÃO,NÃO,SIM,NÃO,NÃO,NÃO,NÃO,NÃO,NÃO,NÃO,NÃO,NÃO,NÃO,NÃO,NÃO,NÃO,NÃO,NÃO,NÃO,NÃO,NÃO,NÃO,NÃO,NÃO,NÃO,NÃO,NÃO,,
9/8/2021 18:03:11,2004,8/26/2004,006/04PA,HGPE,VEREADOR,,RS,SIM,Porto Alegre,SIM,Sim,SIM,SIM,SIM,SIM,SIM,SIM,SIM,NÃO,SIM,SIM,SIM,SIM,SIM,SIM,SIM,SIM,NÃO,NÃO,NÃO,SIM,NÃO,SIM,SIM,SIM,SIM,SIM,NÃO,SIM,NÃO,NÃO,NÃO,NÃO,NÃO,NÃO,NÃO,NÃO,NÃO,SIM,NÃO,SIM,SIM,NÃO,NÃO,NÃO,NÃO,NÃO,NÃO,SIM,NÃO,NÃO,NÃO,NÃO,NÃO,NÃO,NÃO,NÃO,NÃO,NÃO,NÃO,NÃO,NÃO,NÃO,NÃO,NÃO,NÃO,NÃO,NÃO,NÃO,NÃO,NÃO,NÃO,NÃO,NÃO,,
9/13/2021 15:07:07,2004,8/30/2004,006/04SP,HGPE,PREFEITO,,SP,SIM,São Paulo,SIM,Sim,SIM,SIM,SIM,SIM,SIM,SIM,NÃO,NÃO,NÃO,NÃO,SIM,SIM,SIM,SIM,NÃO,SIM,NÃO,NÃO,NÃO,NÃO,SIM,NÃO,SIM,SIM,NÃO,SIM,NÃO,SIM,NÃO,NÃO,NÃO,NÃO,NÃO,NÃO,NÃO,NÃO,NÃO,NÃO,NÃO,NÃO,SIM,NÃO,NÃO,NÃO,NÃO,NÃO,NÃO,SIM,SIM,NÃO,NÃO,NÃO,NÃO,NÃO,NÃO,NÃO,NÃO,NÃO,NÃO,NÃO,NÃO,NÃO,NÃO,NÃO,NÃO,NÃO,NÃO,NÃO,NÃO,NÃO,NÃO,NÃO,NÃO,,
9/13/2021 15:12:12,2004,9/1/2004,007/04BCONT,HGPE,PREFEITO,,MG,SIM,Belo Horizonte,SIM,Sim,SIM,SIM,SIM,SIM,SIM,SIM,SIM,NÃO,SIM,SIM,SIM,SIM,SIM,SIM,SIM,SIM,NÃO,SIM,NÃO,SIM,SIM,SIM,SIM,SIM,SIM,SIM,SIM,SIM,NÃO,NÃO,NÃO,NÃO,NÃO,NÃO,NÃO,NÃO,NÃO,SIM,NÃO,SIM,SIM,NÃO,NÃO,NÃO,NÃO,NÃO,NÃO,SIM,NÃO,NÃO,NÃO,NÃO,NÃO,NÃO,NÃO,NÃO,NÃO,NÃO,NÃO,NÃO,NÃO,NÃO,NÃO,NÃO,NÃO,NÃO,NÃO,NÃO,NÃO,NÃO,NÃO,NÃO,NÃO,,
9/13/2021 15:16:53,2004,9/29/2004,007/04BSA,HGPE,PREFEITO,,BA,SIM,Salvador,SIM,Sim,SIM,SIM,SIM,SIM,NÃO,SIM,NÃO,NÃO,SIM,NÃO,NÃO,SIM,SIM,NÃO,SIM,NÃO,NÃO,SIM,NÃO,NÃO,SIM,NÃO,NÃO,SIM,NÃO,SIM,NÃO,NÃO,NÃO,NÃO,NÃO,NÃO,NÃO,NÃO,NÃO,NÃO,NÃO,NÃO,NÃO,SIM,NÃO,NÃO,NÃO,NÃO,NÃO,NÃO,NÃO,NÃO,SIM,NÃO,NÃO,NÃO,NÃO,NÃO,NÃO,NÃO,NÃO,NÃO,NÃO,NÃO,NÃO,NÃO,NÃO,NÃO,NÃO,NÃO,NÃO,NÃO,NÃO,NÃO,NÃO,NÃO,NÃO,,
9/13/2021 15:21:42,2004,9/29/2004,007/04NIT,HGPE,PREFEITO,,RJ,SIM,Niterói,SIM,Sim,SIM,SIM,SIM,SIM,SIM,SIM,NÃO,NÃO,SIM,NÃO,NÃO,NÃO,SIM,NÃO,NÃO,NÃO,NÃO,SIM,NÃO,NÃO,SIM,NÃO,NÃO,SIM,NÃO,NÃO,NÃO,NÃO,NÃO,NÃO,NÃO,NÃO,NÃO,NÃO,NÃO,NÃO,NÃO,NÃO,NÃO,NÃO,SIM,NÃO,NÃO,NÃO,NÃO,NÃO,NÃO,NÃO,NÃO,NÃO,NÃO,NÃO,NÃO,NÃO,NÃO,NÃO,NÃO,NÃO,NÃO,NÃO,NÃO,NÃO,NÃO,NÃO,NÃO,NÃO,NÃO,NÃO,NÃO,NÃO,NÃO,NÃO,SIM,,
9/13/2021 15:27:21,2004,9/30/2004,007/04PA,HGPE,VEREADOR,,RS,SIM,Porto Alegre,SIM,Sim,SIM,SIM,SIM,SIM,SIM,SIM,SIM,NÃO,SIM,SIM,SIM,SIM,SIM,SIM,SIM,SIM,NÃO,NÃO,NÃO,NÃO,NÃO,SIM,SIM,SIM,SIM,SIM,NÃO,SIM,NÃO,NÃO,NÃO,NÃO,NÃO,NÃO,NÃO,NÃO,NÃO,SIM,NÃO,SIM,SIM,NÃO,NÃO,NÃO,NÃO,NÃO,NÃO,SIM,NÃO,NÃO,NÃO,NÃO,NÃO,NÃO,NÃO,NÃO,NÃO,NÃO,NÃO,NÃO,NÃO,NÃO,NÃO,NÃO,NÃO,NÃO,NÃO,NÃO,NÃO,NÃO,NÃO,NÃO,NÃO,,
9/13/2021 15:34:28,2004,9/1/2004,007/04SP,HGPE,PREFEITO,,SP,SIM,São Paulo,SIM,Sim,SIM,SIM,SIM,SIM,SIM,SIM,NÃO,NÃO,NÃO,NÃO,SIM,SIM,SIM,SIM,NÃO,SIM,NÃO,NÃO,NÃO,NÃO,SIM,NÃO,SIM,SIM,NÃO,SIM,NÃO,SIM,NÃO,NÃO,NÃO,NÃO,NÃO,NÃO,NÃO,NÃO,NÃO,NÃO,NÃO,NÃO,SIM,NÃO,NÃO,NÃO,NÃO,NÃO,NÃO,SIM,SIM,NÃO,NÃO,NÃO,NÃO,NÃO,NÃO,NÃO,NÃO,NÃO,NÃO,NÃO,NÃO,NÃO,NÃO,NÃO,NÃO,NÃO,NÃO,NÃO,NÃO,NÃO,NÃO,NÃO,NÃO,,
9/13/2021 15:38:41,2004,9/3/2004,008/04BCONT,HGPE,PREFEITO,,MG,SIM,Belo Horizonte,SIM,Sim,SIM,SIM,SIM,SIM,SIM,SIM,SIM,NÃO,SIM,SIM,SIM,SIM,SIM,SIM,SIM,SIM,NÃO,SIM,NÃO,SIM,SIM,SIM,SIM,SIM,SIM,SIM,SIM,SIM,NÃO,NÃO,NÃO,NÃO,NÃO,NÃO,NÃO,NÃO,NÃO,SIM,NÃO,SIM,SIM,NÃO,NÃO,NÃO,NÃO,NÃO,NÃO,SIM,NÃO,NÃO,NÃO,NÃO,NÃO,NÃO,NÃO,NÃO,NÃO,NÃO,NÃO,NÃO,NÃO,NÃO,NÃO,NÃO,NÃO,NÃO,NÃO,NÃO,NÃO,NÃO,NÃO,NÃO,NÃO,,
9/13/2021 15:42:05,2004,9/1/2004,008/04BSA,HGPE,PREFEITO,,BA,SIM,Salvador,SIM,Sim,SIM,SIM,SIM,SIM,NÃO,SIM,NÃO,NÃO,SIM,NÃO,NÃO,SIM,SIM,NÃO,SIM,NÃO,NÃO,SIM,NÃO,NÃO,SIM,NÃO,NÃO,SIM,NÃO,SIM,NÃO,NÃO,NÃO,NÃO,NÃO,NÃO,NÃO,NÃO,NÃO,NÃO,NÃO,NÃO,NÃO,SIM,NÃO,NÃO,NÃO,NÃO,NÃO,NÃO,NÃO,NÃO,SIM,NÃO,NÃO,NÃO,NÃO,NÃO,NÃO,NÃO,NÃO,NÃO,NÃO,NÃO,NÃO,NÃO,NÃO,NÃO,NÃO,NÃO,NÃO,NÃO,NÃO,NÃO,NÃO,NÃO,NÃO,,
9/13/2021 15:45:17,2004,9/29/2004,008/04NIT,HGPE,PREFEITO,A gravação apresenta defeito de 4:34 até o fim,RJ,SIM,Niterói,SIM,Não,SIM,SIM,SIM,NÃO,NÃO,NÃO,NÃO,NÃO,SIM,NÃO,NÃO,NÃO,NÃO,NÃO,NÃO,NÃO,NÃO,NÃO,NÃO,NÃO,NÃO,NÃO,NÃO,NÃO,NÃO,NÃO,NÃO,NÃO,NÃO,NÃO,NÃO,NÃO,NÃO,NÃO,NÃO,NÃO,NÃO,NÃO,NÃO,NÃO,NÃO,NÃO,NÃO,NÃO,NÃO,NÃO,NÃO,NÃO,NÃO,NÃO,NÃO,NÃO,NÃO,NÃO,NÃO,NÃO,NÃO,NÃO,NÃO,NÃO,NÃO,NÃO,NÃO,NÃO,NÃO,NÃO,NÃO,NÃO,NÃO,NÃO,NÃO,NÃO,NÃO,,
9/13/2021 15:49:58,2004,9/30/2004,008/04PA,HGPE,VEREADOR,,RS,SIM,Porto Alegre,SIM,Sim,SIM,SIM,SIM,SIM,SIM,SIM,SIM,NÃO,SIM,SIM,SIM,SIM,SIM,SIM,SIM,SIM,NÃO,NÃO,NÃO,SIM,NÃO,SIM,SIM,SIM,SIM,SIM,NÃO,SIM,NÃO,NÃO,NÃO,NÃO,NÃO,NÃO,NÃO,NÃO,NÃO,SIM,NÃO,SIM,SIM,NÃO,NÃO,NÃO,NÃO,NÃO,NÃO,SIM,NÃO,NÃO,NÃO,NÃO,NÃO,NÃO,NÃO,NÃO,NÃO,NÃO,NÃO,NÃO,NÃO,NÃO,NÃO,NÃO,NÃO,NÃO,NÃO,NÃO,NÃO,NÃO,NÃO,NÃO,NÃO,,
9/13/2021 15:54:03,2004,8/3/2004,008/04SP,HGPE,PREFEITO,,SP,SIM,São Paulo,SIM,Sim,SIM,SIM,SIM,SIM,SIM,SIM,NÃO,NÃO,NÃO,NÃO,SIM,SIM,SIM,SIM,NÃO,SIM,NÃO,NÃO,NÃO,NÃO,SIM,NÃO,SIM,SIM,NÃO,SIM,NÃO,SIM,NÃO,NÃO,NÃO,NÃO,NÃO,NÃO,NÃO,NÃO,NÃO,NÃO,NÃO,NÃO,SIM,NÃO,NÃO,NÃO,NÃO,NÃO,NÃO,SIM,SIM,NÃO,NÃO,NÃO,NÃO,NÃO,NÃO,NÃO,NÃO,NÃO,NÃO,NÃO,NÃO,NÃO,NÃO,NÃO,NÃO,NÃO,NÃO,NÃO,NÃO,NÃO,NÃO,NÃO,NÃO,,
9/13/2021 15:58:13,2004,9/3/2004,009/04A,HGPE,PREFEITO,,BA,SIM,Salvador,SIM,Sim,SIM,SIM,SIM,SIM,NÃO,SIM,NÃO,NÃO,SIM,NÃO,NÃO,SIM,SIM,NÃO,SIM,NÃO,NÃO,SIM,NÃO,NÃO,SIM,NÃO,NÃO,SIM,NÃO,SIM,NÃO,NÃO,NÃO,NÃO,NÃO,NÃO,NÃO,NÃO,NÃO,NÃO,NÃO,NÃO,NÃO,SIM,NÃO,NÃO,NÃO,NÃO,NÃO,NÃO,NÃO,NÃO,SIM,NÃO,NÃO,NÃO,NÃO,NÃO,NÃO,NÃO,NÃO,NÃO,NÃO,NÃO,NÃO,NÃO,NÃO,NÃO,NÃO,NÃO,NÃO,NÃO,NÃO,NÃO,NÃO,NÃO,NÃO,,
9/13/2021 16:01:55,2004,9/6/2004,009/04BCONT,HGPE,PREFEITO,,MG,SIM,Belo Horizonte,SIM,Sim,SIM,SIM,SIM,SIM,SIM,SIM,SIM,NÃO,SIM,SIM,SIM,SIM,SIM,SIM,SIM,SIM,NÃO,SIM,NÃO,SIM,SIM,SIM,SIM,SIM,SIM,SIM,SIM,SIM,NÃO,NÃO,NÃO,NÃO,NÃO,NÃO,NÃO,NÃO,NÃO,SIM,NÃO,SIM,SIM,NÃO,NÃO,NÃO,NÃO,NÃO,NÃO,SIM,NÃO,NÃO,NÃO,NÃO,NÃO,NÃO,NÃO,NÃO,NÃO,NÃO,NÃO,NÃO,NÃO,NÃO,NÃO,NÃO,NÃO,NÃO,NÃO,NÃO,NÃO,NÃO,NÃO,NÃO,NÃO,,
9/13/2021 16:04:39,2004,9/7/2004,009/04NIT,HGPE,,A gravação está com defeito,,SIM,Niterói,SIM,Não,SIM,SIM,SIM,NÃO,NÃO,NÃO,NÃO,NÃO,NÃO,NÃO,NÃO,NÃO,NÃO,NÃO,NÃO,NÃO,NÃO,NÃO,NÃO,NÃO,NÃO,NÃO,NÃO,NÃO,NÃO,NÃO,NÃO,NÃO,NÃO,NÃO,NÃO,NÃO,NÃO,NÃO,NÃO,NÃO,NÃO,NÃO,NÃO,NÃO,NÃO,NÃO,NÃO,NÃO,NÃO,NÃO,NÃO,NÃO,NÃO,NÃO,NÃO,NÃO,NÃO,NÃO,NÃO,NÃO,NÃO,NÃO,NÃO,NÃO,NÃO,NÃO,NÃO,NÃO,NÃO,NÃO,NÃO,NÃO,NÃO,NÃO,NÃO,NÃO,NÃO,,
9/13/2021 16:08:20,2004,9/30/2004,009/04PA,HGPE,VEREADOR,,RS,SIM,Porto Alegre,SIM,Sim,SIM,SIM,SIM,SIM,SIM,SIM,SIM,NÃO,SIM,SIM,SIM,SIM,SIM,SIM,SIM,SIM,NÃO,NÃO,NÃO,SIM,NÃO,SIM,SIM,SIM,SIM,SIM,NÃO,SIM,NÃO,NÃO,NÃO,NÃO,NÃO,NÃO,NÃO,NÃO,NÃO,SIM,NÃO,SIM,SIM,NÃO,NÃO,NÃO,NÃO,NÃO,NÃO,SIM,NÃO,NÃO,NÃO,NÃO,NÃO,NÃO,NÃO,NÃO,NÃO,NÃO,NÃO,NÃO,NÃO,NÃO,NÃO,NÃO,NÃO,NÃO,NÃO,NÃO,NÃO,NÃO,NÃO,NÃO,NÃO,,
9/15/2021 15:03:10,2004,9/6/2004,009/04SP,HGPE,PREFEITO,,SP,SIM,São Paulo,SIM,Sim,SIM,SIM,SIM,SIM,SIM,SIM,NÃO,NÃO,NÃO,NÃO,SIM,SIM,SIM,SIM,NÃO,SIM,NÃO,NÃO,NÃO,NÃO,SIM,NÃO,SIM,SIM,NÃO,SIM,NÃO,SIM,NÃO,NÃO,NÃO,NÃO,NÃO,NÃO,NÃO,NÃO,NÃO,NÃO,NÃO,NÃO,SIM,NÃO,NÃO,NÃO,NÃO,NÃO,NÃO,SIM,SIM,NÃO,NÃO,NÃO,NÃO,NÃO,NÃO,NÃO,NÃO,NÃO,NÃO,NÃO,NÃO,NÃO,NÃO,NÃO,NÃO,NÃO,NÃO,NÃO,NÃO,NÃO,NÃO,NÃO,NÃO,,
9/15/2021 15:06:23,2004,9/6/2004,010/04ASA,HGPE,PREFEITO,,BA,SIM,Salvador,SIM,Sim,SIM,SIM,SIM,SIM,NÃO,SIM,NÃO,NÃO,SIM,NÃO,NÃO,SIM,SIM,NÃO,SIM,NÃO,NÃO,SIM,NÃO,NÃO,SIM,NÃO,NÃO,SIM,NÃO,SIM,NÃO,NÃO,NÃO,NÃO,NÃO,NÃO,NÃO,NÃO,NÃO,NÃO,NÃO,NÃO,NÃO,SIM,NÃO,NÃO,NÃO,NÃO,NÃO,NÃO,NÃO,NÃO,SIM,NÃO,NÃO,NÃO,NÃO,NÃO,NÃO,NÃO,NÃO,NÃO,NÃO,NÃO,NÃO,NÃO,NÃO,NÃO,NÃO,NÃO,NÃO,NÃO,NÃO,NÃO,NÃO,NÃO,NÃO,,
9/15/2021 15:09:54,2004,9/8/2004,010/04BCONT,HGPE,PREFEITO,,MG,SIM,Belo Horizonte,SIM,Sim,SIM,SIM,SIM,SIM,SIM,SIM,SIM,NÃO,SIM,SIM,SIM,SIM,SIM,SIM,SIM,SIM,NÃO,SIM,NÃO,SIM,SIM,SIM,SIM,SIM,SIM,SIM,NÃO,SIM,NÃO,NÃO,NÃO,NÃO,NÃO,NÃO,NÃO,NÃO,NÃO,SIM,NÃO,SIM,SIM,NÃO,NÃO,NÃO,NÃO,NÃO,NÃO,SIM,NÃO,NÃO,NÃO,NÃO,NÃO,NÃO,NÃO,NÃO,NÃO,NÃO,NÃO,NÃO,NÃO,NÃO,NÃO,NÃO,NÃO,NÃO,NÃO,NÃO,NÃO,NÃO,NÃO,NÃO,NÃO,,
9/15/2021 15:15:02,2004,9/6/2004,010/04BSA,HGPE,PREFEITO,,BA,SIM,Salvador,SIM,Sim,SIM,SIM,SIM,SIM,NÃO,NÃO,NÃO,NÃO,SIM,NÃO,NÃO,SIM,SIM,NÃO,SIM,NÃO,NÃO,SIM,NÃO,NÃO,SIM,NÃO,NÃO,SIM,NÃO,SIM,NÃO,NÃO,NÃO,NÃO,NÃO,NÃO,NÃO,NÃO,NÃO,NÃO,NÃO,NÃO,NÃO,SIM,NÃO,NÃO,NÃO,NÃO,NÃO,NÃO,NÃO,NÃO,SIM,NÃO,NÃO,NÃO,NÃO,NÃO,NÃO,NÃO,NÃO,NÃO,NÃO,NÃO,NÃO,NÃO,NÃO,NÃO,NÃO,NÃO,NÃO,NÃO,NÃO,NÃO,NÃO,NÃO,NÃO,,
9/15/2021 15:19:05,2004,9/7/2004,010/04NIT,HGPE,VEREADOR,A gravação não carrega completamente,RJ,SIM,Niterói,SIM,Sim,SIM,SIM,SIM,SIM,SIM,SIM,NÃO,NÃO,SIM,SIM,SIM,NÃO,SIM,SIM,NÃO,NÃO,NÃO,NÃO,NÃO,SIM,SIM,NÃO,SIM,NÃO,SIM,NÃO,NÃO,NÃO,NÃO,NÃO,NÃO,NÃO,NÃO,NÃO,NÃO,NÃO,NÃO,NÃO,NÃO,NÃO,SIM,NÃO,NÃO,NÃO,NÃO,NÃO,NÃO,SIM,SIM,NÃO,NÃO,NÃO,NÃO,NÃO,NÃO,NÃO,NÃO,NÃO,NÃO,NÃO,NÃO,NÃO,NÃO,NÃO,NÃO,NÃO,NÃO,NÃO,NÃO,NÃO,NÃO,NÃO,NÃO,,
9/15/2021 15:24:18,2004,9/8/2004,010/04PA,HGPE,VEREADOR,,RS,SIM,Porto Alegre,SIM,Sim,SIM,SIM,SIM,SIM,SIM,SIM,SIM,NÃO,SIM,SIM,SIM,SIM,SIM,SIM,SIM,SIM,NÃO,NÃO,NÃO,SIM,NÃO,SIM,SIM,SIM,SIM,SIM,NÃO,SIM,NÃO,NÃO,NÃO,NÃO,NÃO,NÃO,NÃO,NÃO,NÃO,SIM,NÃO,SIM,SIM,NÃO,NÃO,NÃO,NÃO,NÃO,NÃO,SIM,NÃO,NÃO,NÃO,NÃO,NÃO,NÃO,NÃO,NÃO,NÃO,NÃO,NÃO,NÃO,NÃO,NÃO,NÃO,NÃO,NÃO,NÃO,NÃO,NÃO,NÃO,NÃO,NÃO,NÃO,NÃO,,
9/15/2021 15:28:51,2004,9/9/2004,010/04SP,HGPE,PREFEITO,,SP,SIM,São Paulo,SIM,Sim,SIM,SIM,SIM,SIM,SIM,SIM,NÃO,NÃO,NÃO,NÃO,SIM,SIM,SIM,SIM,NÃO,SIM,NÃO,NÃO,NÃO,NÃO,SIM,NÃO,SIM,SIM,NÃO,SIM,NÃO,SIM,NÃO,NÃO,NÃO,NÃO,NÃO,NÃO,NÃO,NÃO,NÃO,NÃO,NÃO,NÃO,SIM,NÃO,NÃO,NÃO,NÃO,NÃO,NÃO,SIM,SIM,NÃO,NÃO,NÃO,NÃO,NÃO,NÃO,NÃO,NÃO,NÃO,NÃO,NÃO,NÃO,NÃO,NÃO,NÃO,NÃO,NÃO,NÃO,NÃO,NÃO,NÃO,NÃO,NÃO,NÃO,,
9/15/2021 15:32:26,2004,9/8/2004,011/04ASA,HGPE,PREFEITO,,BA,SIM,Salvador,SIM,Sim,SIM,SIM,SIM,SIM,NÃO,SIM,NÃO,NÃO,SIM,NÃO,NÃO,SIM,SIM,NÃO,SIM,NÃO,NÃO,SIM,NÃO,NÃO,SIM,NÃO,NÃO,SIM,NÃO,SIM,NÃO,NÃO,NÃO,NÃO,NÃO,NÃO,NÃO,NÃO,NÃO,NÃO,NÃO,NÃO,NÃO,SIM,NÃO,NÃO,NÃO,NÃO,NÃO,NÃO,NÃO,NÃO,SIM,NÃO,NÃO,NÃO,NÃO,NÃO,NÃO,NÃO,NÃO,NÃO,NÃO,NÃO,NÃO,NÃO,NÃO,NÃO,NÃO,NÃO,NÃO,NÃO,NÃO,NÃO,NÃO,NÃO,NÃO,,
9/15/2021 15:36:11,2004,9/10/2004,011/04BCONT,HGPE,PREFEITO,,MG,SIM,Belo Horizonte,SIM,Sim,SIM,SIM,SIM,SIM,SIM,SIM,SIM,NÃO,SIM,SIM,SIM,SIM,SIM,SIM,SIM,SIM,NÃO,SIM,NÃO,SIM,SIM,SIM,SIM,SIM,SIM,SIM,SIM,SIM,NÃO,NÃO,NÃO,NÃO,NÃO,NÃO,NÃO,NÃO,NÃO,SIM,NÃO,SIM,SIM,NÃO,NÃO,NÃO,NÃO,NÃO,NÃO,SIM,NÃO,NÃO,NÃO,NÃO,NÃO,NÃO,NÃO,NÃO,NÃO,NÃO,NÃO,NÃO,NÃO,NÃO,NÃO,NÃO,NÃO,NÃO,NÃO,NÃO,NÃO,NÃO,NÃO,NÃO,NÃO,,
9/15/2021 15:40:26,2004,9/11/2004,011/04NIT,HGPE,VEREADOR,A gravação não carrega completamente,RJ,SIM,Niterói,SIM,Sim,SIM,SIM,SIM,SIM,SIM,SIM,NÃO,NÃO,SIM,SIM,SIM,NÃO,SIM,SIM,NÃO,NÃO,NÃO,NÃO,NÃO,SIM,SIM,NÃO,SIM,NÃO,SIM,NÃO,NÃO,NÃO,NÃO,NÃO,NÃO,NÃO,NÃO,NÃO,NÃO,NÃO,NÃO,NÃO,NÃO,NÃO,SIM,NÃO,NÃO,NÃO,NÃO,NÃO,NÃO,SIM,SIM,NÃO,NÃO,NÃO,NÃO,NÃO,NÃO,NÃO,NÃO,NÃO,NÃO,NÃO,NÃO,NÃO,NÃO,NÃO,NÃO,NÃO,NÃO,NÃO,NÃO,NÃO,NÃO,NÃO,NÃO,,
9/15/2021 15:49:11,2004,9/12/2004,011/04PA,HGPE,VEREADOR,,RS,SIM,Porto Alegre,SIM,Sim,SIM,SIM,SIM,SIM,SIM,SIM,SIM,NÃO,SIM,SIM,SIM,SIM,SIM,SIM,SIM,SIM,NÃO,NÃO,NÃO,SIM,NÃO,SIM,SIM,SIM,SIM,SIM,NÃO,SIM,NÃO,NÃO,NÃO,NÃO,NÃO,NÃO,NÃO,NÃO,NÃO,SIM,NÃO,SIM,SIM,NÃO,NÃO,NÃO,NÃO,NÃO,NÃO,SIM,NÃO,NÃO,NÃO,NÃO,NÃO,NÃO,NÃO,NÃO,NÃO,NÃO,NÃO,NÃO,NÃO,NÃO,NÃO,NÃO,NÃO,NÃO,NÃO,NÃO,NÃO,NÃO,NÃO,NÃO,NÃO,,
9/15/2021 15:53:01,2004,9/10/2004,011/04SP,HGPE,PREFEITO,,SP,SIM,São Paulo,SIM,Sim,SIM,SIM,SIM,SIM,SIM,SIM,NÃO,NÃO,NÃO,NÃO,SIM,SIM,SIM,SIM,NÃO,SIM,NÃO,NÃO,NÃO,NÃO,SIM,NÃO,SIM,SIM,NÃO,SIM,NÃO,SIM,NÃO,NÃO,NÃO,NÃO,NÃO,NÃO,NÃO,NÃO,NÃO,NÃO,NÃO,NÃO,SIM,NÃO,NÃO,NÃO,NÃO,NÃO,NÃO,SIM,SIM,NÃO,NÃO,NÃO,NÃO,NÃO,NÃO,NÃO,NÃO,NÃO,NÃO,NÃO,NÃO,NÃO,NÃO,NÃO,NÃO,NÃO,NÃO,NÃO,NÃO,NÃO,NÃO,NÃO,NÃO,,
9/15/2021 15:56:55,2004,9/10/2004,012/04ASA,HGPE,PREFEITO,,BA,SIM,Salvador,SIM,Sim,SIM,SIM,SIM,SIM,NÃO,SIM,NÃO,NÃO,SIM,NÃO,NÃO,SIM,SIM,NÃO,SIM,NÃO,NÃO,SIM,NÃO,NÃO,SIM,NÃO,NÃO,SIM,NÃO,SIM,NÃO,NÃO,NÃO,NÃO,NÃO,NÃO,NÃO,NÃO,NÃO,NÃO,NÃO,NÃO,NÃO,SIM,NÃO,NÃO,NÃO,NÃO,NÃO,NÃO,NÃO,NÃO,SIM,NÃO,NÃO,NÃO,NÃO,NÃO,NÃO,NÃO,NÃO,NÃO,NÃO,NÃO,NÃO,NÃO,NÃO,NÃO,NÃO,NÃO,NÃO,NÃO,NÃO,NÃO,NÃO,NÃO,NÃO,,
9/15/2021 16:00:48,2004,9/13/2004,012/04CONT,HGPE,PREFEITO,,MG,SIM,Belo Horizonte,SIM,Sim,SIM,SIM,SIM,SIM,SIM,SIM,SIM,NÃO,SIM,SIM,SIM,SIM,SIM,SIM,SIM,SIM,NÃO,SIM,NÃO,SIM,SIM,SIM,SIM,SIM,SIM,SIM,SIM,NÃO,NÃO,NÃO,NÃO,NÃO,NÃO,NÃO,NÃO,NÃO,NÃO,SIM,NÃO,SIM,SIM,NÃO,NÃO,NÃO,NÃO,NÃO,NÃO,SIM,NÃO,NÃO,NÃO,NÃO,NÃO,NÃO,NÃO,NÃO,NÃO,NÃO,NÃO,NÃO,NÃO,NÃO,NÃO,NÃO,NÃO,NÃO,NÃO,NÃO,NÃO,NÃO,NÃO,NÃO,NÃO,,
9/15/2021 16:07:00,2004,9/11/2004,012/04CSA,HGPE,VEREADOR,,BA,SIM,Salvador,SIM,Sim,SIM,SIM,SIM,SIM,SIM,SIM,NÃO,NÃO,NÃO,SIM,SIM,SIM,SIM,NÃO,SIM,SIM,NÃO,SIM,NÃO,NÃO,SIM,SIM,SIM,SIM,SIM,SIM,SIM,NÃO,NÃO,NÃO,NÃO,NÃO,NÃO,NÃO,NÃO,NÃO,NÃO,SIM,NÃO,SIM,NÃO,NÃO,NÃO,NÃO,NÃO,NÃO,NÃO,SIM,SIM,NÃO,NÃO,NÃO,NÃO,NÃO,NÃO,NÃO,NÃO,NÃO,NÃO,NÃO,NÃO,NÃO,NÃO,NÃO,NÃO,NÃO,NÃO,NÃO,NÃO,NÃO,NÃO,NÃO,NÃO,,
9/16/2021 15:51:47,2004,9/15/2004,012/04PA,HGPE,VEREADOR,,RS,SIM,Porto Alegre,SIM,Sim,SIM,SIM,SIM,SIM,SIM,SIM,SIM,NÃO,SIM,SIM,SIM,SIM,SIM,SIM,SIM,SIM,NÃO,NÃO,NÃO,SIM,NÃO,SIM,SIM,SIM,SIM,SIM,NÃO,SIM,NÃO,NÃO,NÃO,NÃO,NÃO,NÃO,NÃO,NÃO,NÃO,SIM,NÃO,SIM,SIM,NÃO,NÃO,NÃO,NÃO,NÃO,NÃO,SIM,NÃO,NÃO,NÃO,NÃO,NÃO,NÃO,NÃO,NÃO,NÃO,NÃO,NÃO,NÃO,NÃO,NÃO,NÃO,NÃO,NÃO,NÃO,NÃO,NÃO,NÃO,NÃO,NÃO,NÃO,NÃO,,
9/16/2021 15:54:55,2004,9/13/2004,012/04SP,HGPE,PREFEITO,,SP,SIM,São Paulo,SIM,Sim,SIM,SIM,SIM,SIM,SIM,SIM,NÃO,NÃO,NÃO,NÃO,SIM,SIM,SIM,SIM,NÃO,SIM,NÃO,NÃO,NÃO,NÃO,SIM,NÃO,SIM,SIM,NÃO,SIM,NÃO,SIM,NÃO,NÃO,NÃO,NÃO,NÃO,NÃO,NÃO,NÃO,NÃO,NÃO,NÃO,NÃO,SIM,NÃO,NÃO,NÃO,NÃO,NÃO,NÃO,SIM,SIM,NÃO,NÃO,NÃO,NÃO,NÃO,NÃO,NÃO,NÃO,NÃO,NÃO,NÃO,NÃO,NÃO,NÃO,NÃO,NÃO,NÃO,NÃO,NÃO,NÃO,NÃO,NÃO,NÃO,NÃO,,
9/16/2021 16:00:54,2004,9/13/2004,013/04BCONT,HGPE,PREFEITO,,MG,SIM,Belo Horizonte,SIM,Sim,SIM,SIM,SIM,SIM,SIM,SIM,SIM,NÃO,SIM,SIM,SIM,SIM,SIM,SIM,SIM,SIM,NÃO,SIM,NÃO,SIM,SIM,SIM,SIM,SIM,SIM,SIM,SIM,SIM,NÃO,NÃO,NÃO,NÃO,NÃO,NÃO,NÃO,NÃO,NÃO,NÃO,NÃO,SIM,SIM,NÃO,NÃO,NÃO,NÃO,NÃO,NÃO,SIM,NÃO,NÃO,NÃO,NÃO,NÃO,NÃO,NÃO,NÃO,NÃO,NÃO,NÃO,NÃO,NÃO,NÃO,NÃO,NÃO,NÃO,NÃO,NÃO,NÃO,NÃO,NÃO,NÃO,NÃO,NÃO,,
9/16/2021 16:04:46,2004,9/13/2004,013/04BSA,HGPE,"PREFEITO, VEREADOR",,BA,SIM,Salvador,SIM,Sim,SIM,SIM,SIM,SIM,NÃO,SIM,NÃO,NÃO,SIM,NÃO,NÃO,SIM,SIM,NÃO,SIM,NÃO,NÃO,SIM,NÃO,NÃO,SIM,NÃO,NÃO,SIM,NÃO,SIM,NÃO,NÃO,NÃO,NÃO,NÃO,NÃO,NÃO,NÃO,NÃO,NÃO,NÃO,NÃO,NÃO,SIM,NÃO,NÃO,NÃO,NÃO,NÃO,NÃO,NÃO,NÃO,SIM,NÃO,NÃO,NÃO,NÃO,NÃO,NÃO,NÃO,NÃO,NÃO,NÃO,NÃO,NÃO,NÃO,NÃO,NÃO,NÃO,NÃO,NÃO,NÃO,NÃO,NÃO,NÃO,NÃO,NÃO,,
9/16/2021 16:08:27,2004,9/16/2004,013/04PA,HGPE,PREFEITO,,RS,SIM,Porto Alegre,SIM,Sim,SIM,SIM,SIM,SIM,SIM,SIM,SIM,NÃO,SIM,SIM,SIM,SIM,SIM,SIM,SIM,SIM,NÃO,NÃO,NÃO,NÃO,NÃO,SIM,SIM,SIM,NÃO,NÃO,NÃO,SIM,NÃO,NÃO,NÃO,NÃO,NÃO,NÃO,NÃO,NÃO,NÃO,SIM,NÃO,SIM,SIM,NÃO,NÃO,NÃO,NÃO,NÃO,NÃO,SIM,NÃO,NÃO,NÃO,NÃO,NÃO,NÃO,NÃO,NÃO,NÃO,NÃO,NÃO,NÃO,NÃO,NÃO,NÃO,NÃO,NÃO,NÃO,NÃO,NÃO,NÃO,NÃO,NÃO,NÃO,NÃO,,
9/16/2021 16:12:34,2004,9/15/2004,013/04SP,HGPE,PREFEITO,,SP,SIM,São Paulo,SIM,Sim,SIM,SIM,SIM,SIM,SIM,SIM,NÃO,NÃO,NÃO,NÃO,SIM,SIM,SIM,SIM,NÃO,SIM,NÃO,NÃO,NÃO,NÃO,SIM,NÃO,SIM,SIM,NÃO,SIM,NÃO,SIM,NÃO,NÃO,NÃO,NÃO,NÃO,NÃO,NÃO,NÃO,NÃO,NÃO,NÃO,NÃO,SIM,NÃO,NÃO,NÃO,NÃO,NÃO,NÃO,SIM,SIM,NÃO,NÃO,NÃO,NÃO,NÃO,NÃO,NÃO,NÃO,NÃO,NÃO,NÃO,NÃO,NÃO,NÃO,NÃO,NÃO,NÃO,NÃO,NÃO,NÃO,NÃO,NÃO,NÃO,NÃO,,
9/16/2021 16:16:32,2004,9/17/2004,014/04BCONT,HGPE,PREFEITO,,MG,SIM,Belo Horizonte,SIM,Sim,SIM,SIM,SIM,SIM,SIM,SIM,SIM,NÃO,SIM,SIM,SIM,SIM,SIM,SIM,SIM,SIM,NÃO,SIM,NÃO,SIM,SIM,SIM,SIM,SIM,SIM,SIM,SIM,SIM,NÃO,NÃO,NÃO,NÃO,NÃO,NÃO,NÃO,NÃO,NÃO,NÃO,NÃO,SIM,SIM,NÃO,NÃO,NÃO,NÃO,NÃO,NÃO,SIM,NÃO,NÃO,NÃO,NÃO,NÃO,NÃO,NÃO,NÃO,NÃO,NÃO,NÃO,NÃO,NÃO,NÃO,NÃO,NÃO,NÃO,NÃO,NÃO,NÃO,NÃO,NÃO,NÃO,NÃO,NÃO,,
9/16/2021 16:20:25,2004,9/15/2004,014/04BSA,HGPE,PREFEITO,,BA,SIM,Salvador,SIM,Sim,SIM,SIM,SIM,SIM,NÃO,SIM,NÃO,NÃO,SIM,NÃO,NÃO,SIM,SIM,NÃO,SIM,NÃO,NÃO,SIM,NÃO,NÃO,SIM,NÃO,NÃO,SIM,NÃO,SIM,NÃO,NÃO,NÃO,NÃO,NÃO,NÃO,NÃO,NÃO,NÃO,NÃO,NÃO,NÃO,NÃO,SIM,NÃO,NÃO,NÃO,NÃO,NÃO,NÃO,NÃO,NÃO,SIM,NÃO,NÃO,NÃO,NÃO,NÃO,NÃO,NÃO,NÃO,NÃO,NÃO,NÃO,NÃO,NÃO,NÃO,NÃO,NÃO,NÃO,NÃO,NÃO,NÃO,NÃO,NÃO,NÃO,NÃO,,
9/16/2021 16:24:54,2004,9/16/2004,014/04PA,HGPE,VEREADOR,,RS,SIM,Porto Alegre,SIM,Sim,SIM,SIM,SIM,SIM,SIM,SIM,SIM,NÃO,SIM,SIM,SIM,SIM,SIM,SIM,SIM,SIM,NÃO,NÃO,NÃO,SIM,NÃO,SIM,SIM,SIM,SIM,SIM,NÃO,SIM,NÃO,NÃO,NÃO,NÃO,NÃO,NÃO,NÃO,NÃO,NÃO,SIM,NÃO,SIM,SIM,NÃO,NÃO,NÃO,NÃO,NÃO,NÃO,SIM,NÃO,NÃO,NÃO,NÃO,NÃO,NÃO,NÃO,NÃO,NÃO,NÃO,NÃO,NÃO,NÃO,NÃO,NÃO,NÃO,NÃO,NÃO,NÃO,NÃO,NÃO,NÃO,NÃO,NÃO,NÃO,,
9/16/2021 16:29:22,2004,9/17/2004,014/04SP,HGPE,PREFEITO,,SP,SIM,São Paulo,SIM,Sim,SIM,SIM,SIM,SIM,SIM,SIM,NÃO,NÃO,NÃO,NÃO,SIM,SIM,SIM,SIM,NÃO,SIM,NÃO,NÃO,NÃO,NÃO,SIM,NÃO,SIM,SIM,NÃO,SIM,NÃO,SIM,NÃO,NÃO,NÃO,NÃO,NÃO,NÃO,NÃO,NÃO,NÃO,NÃO,NÃO,NÃO,SIM,NÃO,NÃO,NÃO,NÃO,NÃO,NÃO,SIM,SIM,NÃO,NÃO,NÃO,NÃO,NÃO,NÃO,NÃO,NÃO,NÃO,NÃO,NÃO,NÃO,NÃO,NÃO,NÃO,NÃO,NÃO,NÃO,NÃO,NÃO,NÃO,NÃO,NÃO,NÃO,,
9/16/2021 16:33:23,2004,9/20/2004,015/04BCONT,HGPE,PREFEITO,,MG,SIM,Belo Horizonte,SIM,Sim,SIM,SIM,SIM,SIM,SIM,SIM,SIM,NÃO,SIM,SIM,SIM,SIM,SIM,SIM,SIM,SIM,NÃO,SIM,NÃO,SIM,SIM,SIM,SIM,SIM,SIM,SIM,SIM,SIM,NÃO,NÃO,NÃO,NÃO,NÃO,NÃO,NÃO,NÃO,NÃO,NÃO,NÃO,SIM,SIM,NÃO,NÃO,NÃO,NÃO,NÃO,NÃO,SIM,NÃO,NÃO,NÃO,NÃO,NÃO,NÃO,NÃO,NÃO,NÃO,NÃO,NÃO,NÃO,NÃO,NÃO,NÃO,NÃO,NÃO,NÃO,NÃO,NÃO,NÃO,NÃO,NÃO,NÃO,NÃO,,
9/16/2021 16:36:56,2004,9/21/2004,015/04PA,HGPE,VEREADOR,,RS,SIM,Porto Alegre,SIM,Sim,SIM,SIM,SIM,SIM,SIM,SIM,SIM,NÃO,SIM,SIM,SIM,SIM,SIM,SIM,SIM,SIM,NÃO,NÃO,NÃO,SIM,NÃO,SIM,SIM,SIM,SIM,SIM,NÃO,SIM,NÃO,NÃO,NÃO,NÃO,NÃO,NÃO,NÃO,NÃO,NÃO,SIM,NÃO,SIM,SIM,NÃO,NÃO,NÃO,NÃO,NÃO,NÃO,SIM,NÃO,NÃO,NÃO,NÃO,NÃO,NÃO,NÃO,NÃO,NÃO,NÃO,NÃO,NÃO,NÃO,NÃO,NÃO,NÃO,NÃO,NÃO,NÃO,NÃO,NÃO,NÃO,NÃO,NÃO,NÃO,,
9/16/2021 16:41:11,2004,9/20/2004,15/04SP,HGPE,PREFEITO,,SP,SIM,São Paulo,SIM,Sim,SIM,SIM,SIM,SIM,SIM,SIM,NÃO,NÃO,NÃO,NÃO,SIM,SIM,SIM,SIM,NÃO,SIM,NÃO,NÃO,NÃO,NÃO,SIM,NÃO,SIM,SIM,NÃO,SIM,NÃO,SIM,NÃO,NÃO,NÃO,NÃO,NÃO,NÃO,NÃO,NÃO,NÃO,NÃO,NÃO,NÃO,SIM,NÃO,NÃO,NÃO,NÃO,NÃO,NÃO,SIM,SIM,NÃO,NÃO,NÃO,NÃO,NÃO,NÃO,NÃO,NÃO,NÃO,NÃO,NÃO,NÃO,NÃO,NÃO,NÃO,NÃO,NÃO,NÃO,NÃO,NÃO,NÃO,NÃO,NÃO,NÃO,,
9/16/2021 16:45:23,2004,9/22/2004,016/04BCONT,HGPE,PREFEITO,,MG,SIM,Belo Horizonte,SIM,Sim,SIM,SIM,SIM,SIM,SIM,SIM,SIM,NÃO,SIM,SIM,SIM,SIM,SIM,SIM,SIM,SIM,NÃO,SIM,NÃO,SIM,SIM,SIM,SIM,SIM,SIM,SIM,SIM,SIM,NÃO,NÃO,NÃO,NÃO,NÃO,NÃO,NÃO,NÃO,NÃO,NÃO,NÃO,SIM,SIM,NÃO,NÃO,NÃO,NÃO,NÃO,NÃO,SIM,NÃO,NÃO,NÃO,NÃO,NÃO,NÃO,NÃO,NÃO,NÃO,NÃO,NÃO,NÃO,NÃO,NÃO,NÃO,NÃO,NÃO,NÃO,NÃO,NÃO,NÃO,NÃO,NÃO,NÃO,NÃO,,
9/16/2021 16:49:47,2004,9/20/2004,016/04BSA,HGPE,PREFEITO,,BA,SIM,Salvador,SIM,Sim,SIM,SIM,SIM,SIM,NÃO,SIM,NÃO,NÃO,SIM,NÃO,NÃO,SIM,SIM,NÃO,SIM,NÃO,NÃO,SIM,NÃO,NÃO,SIM,NÃO,NÃO,SIM,NÃO,SIM,NÃO,NÃO,NÃO,NÃO,NÃO,NÃO,NÃO,NÃO,NÃO,NÃO,NÃO,NÃO,NÃO,SIM,NÃO,NÃO,NÃO,NÃO,NÃO,NÃO,NÃO,NÃO,SIM,NÃO,NÃO,NÃO,NÃO,NÃO,NÃO,NÃO,NÃO,NÃO,NÃO,NÃO,NÃO,NÃO,NÃO,NÃO,NÃO,NÃO,NÃO,NÃO,NÃO,NÃO,NÃO,NÃO,NÃO,,
9/18/2021 9:43:17,2004,9/21/2004,016/04PA,HGPE,VEREADOR,,RS,SIM,Porto Alegre,SIM,Sim,SIM,SIM,SIM,SIM,SIM,SIM,SIM,NÃO,SIM,NÃO,SIM,SIM,SIM,SIM,SIM,SIM,NÃO,NÃO,NÃO,SIM,NÃO,SIM,SIM,SIM,SIM,SIM,NÃO,SIM,NÃO,NÃO,NÃO,NÃO,NÃO,NÃO,NÃO,NÃO,NÃO,SIM,NÃO,SIM,SIM,NÃO,NÃO,NÃO,NÃO,NÃO,NÃO,SIM,NÃO,NÃO,NÃO,NÃO,NÃO,NÃO,NÃO,NÃO,NÃO,NÃO,NÃO,NÃO,NÃO,NÃO,NÃO,NÃO,NÃO,NÃO,NÃO,NÃO,NÃO,NÃO,NÃO,NÃO,NÃO,,
9/18/2021 9:45:40,2004,9/22/2004,017/04A,DIREÇÃO NACIONAL DO PARTIDO,,,,NÃO,,SIM,Sim,SIM,SIM,SIM,NÃO,NÃO,NÃO,NÃO,NÃO,NÃO,NÃO,NÃO,NÃO,NÃO,SIM,NÃO,NÃO,NÃO,NÃO,NÃO,NÃO,NÃO,NÃO,NÃO,NÃO,NÃO,NÃO,NÃO,NÃO,NÃO,NÃO,NÃO,NÃO,NÃO,NÃO,NÃO,NÃO,NÃO,NÃO,NÃO,NÃO,NÃO,NÃO,NÃO,NÃO,NÃO,NÃO,NÃO,NÃO,NÃO,NÃO,NÃO,NÃO,NÃO,NÃO,NÃO,NÃO,NÃO,NÃO,NÃO,NÃO,NÃO,NÃO,NÃO,NÃO,NÃO,NÃO,NÃO,NÃO,NÃO,NÃO,NÃO,NÃO,NÃO,,
9/18/2021 9:47:45,2004,9/22/2004,017/04A ,DIREÇÃO NACIONAL DO PARTIDO,,,,NÃO,,SIM,Sim,SIM,SIM,SIM,NÃO,NÃO,NÃO,NÃO,NÃO,NÃO,NÃO,NÃO,SIM,NÃO,NÃO,NÃO,NÃO,NÃO,NÃO,NÃO,NÃO,NÃO,NÃO,NÃO,NÃO,NÃO,NÃO,NÃO,NÃO,NÃO,NÃO,NÃO,NÃO,NÃO,NÃO,NÃO,NÃO,NÃO,NÃO,NÃO,NÃO,NÃO,NÃO,NÃO,NÃO,NÃO,NÃO,NÃO,NÃO,NÃO,NÃO,NÃO,NÃO,NÃO,NÃO,NÃO,NÃO,NÃO,NÃO,NÃO,NÃO,NÃO,NÃO,NÃO,NÃO,NÃO,NÃO,NÃO,NÃO,NÃO,NÃO,NÃO,NÃO,NÃO,,
9/18/2021 9:52:23,2004,9/22/2004,017/04BSA,HGPE,PREFEITO,,BA,SIM,Salvador,SIM,Sim,SIM,SIM,SIM,SIM,NÃO,SIM,NÃO,NÃO,SIM,NÃO,NÃO,SIM,SIM,NÃO,SIM,NÃO,NÃO,SIM,NÃO,NÃO,SIM,NÃO,NÃO,SIM,NÃO,SIM,NÃO,NÃO,NÃO,NÃO,NÃO,NÃO,NÃO,NÃO,NÃO,NÃO,NÃO,NÃO,NÃO,SIM,NÃO,NÃO,NÃO,NÃO,NÃO,NÃO,NÃO,NÃO,SIM,NÃO,NÃO,NÃO,NÃO,NÃO,NÃO,NÃO,NÃO,NÃO,NÃO,NÃO,NÃO,NÃO,NÃO,NÃO,NÃO,NÃO,NÃO,NÃO,NÃO,NÃO,NÃO,NÃO,NÃO,,
9/18/2021 9:55:57,2004,9/23/2004,017/04PA,HGPE,VEREADOR,,RS,SIM,Porto Alegre,SIM,Sim,SIM,SIM,SIM,SIM,SIM,SIM,SIM,NÃO,SIM,NÃO,SIM,SIM,SIM,SIM,SIM,SIM,NÃO,NÃO,NÃO,SIM,NÃO,SIM,SIM,SIM,SIM,SIM,NÃO,SIM,NÃO,NÃO,NÃO,NÃO,NÃO,NÃO,NÃO,NÃO,NÃO,SIM,NÃO,SIM,SIM,NÃO,NÃO,NÃO,NÃO,NÃO,NÃO,SIM,NÃO,NÃO,NÃO,NÃO,NÃO,NÃO,NÃO,NÃO,NÃO,NÃO,NÃO,NÃO,NÃO,NÃO,NÃO,NÃO,NÃO,NÃO,NÃO,NÃO,NÃO,NÃO,NÃO,NÃO,NÃO,,
9/18/2021 9:59:17,2004,10/15/2004,017/04SP,HGPE,PREFEITO,,SP,SIM,São Paulo,SIM,Sim,SIM,SIM,SIM,SIM,SIM,NÃO,NÃO,NÃO,NÃO,NÃO,NÃO,NÃO,NÃO,NÃO,NÃO,NÃO,NÃO,NÃO,NÃO,NÃO,NÃO,NÃO,NÃO,NÃO,NÃO,NÃO,NÃO,NÃO,NÃO,NÃO,NÃO,NÃO,NÃO,NÃO,NÃO,NÃO,NÃO,NÃO,NÃO,NÃO,NÃO,NÃO,NÃO,NÃO,NÃO,NÃO,NÃO,NÃO,NÃO,NÃO,NÃO,NÃO,NÃO,NÃO,NÃO,NÃO,NÃO,NÃO,NÃO,NÃO,NÃO,NÃO,NÃO,NÃO,NÃO,NÃO,NÃO,NÃO,NÃO,NÃO,NÃO,NÃO,NÃO,,
9/18/2021 10:02:09,2004,10/15/2004,017 - 018/04PA,HGPE,PREFEITO,,RS,SIM,Porto Alegre,SIM,Sim,SIM,SIM,SIM,NÃO,NÃO,NÃO,NÃO,NÃO,NÃO,NÃO,NÃO,NÃO,NÃO,NÃO,SIM,NÃO,NÃO,NÃO,NÃO,NÃO,NÃO,NÃO,NÃO,NÃO,NÃO,NÃO,NÃO,NÃO,NÃO,NÃO,NÃO,NÃO,NÃO,NÃO,NÃO,NÃO,NÃO,NÃO,NÃO,NÃO,NÃO,NÃO,NÃO,NÃO,NÃO,NÃO,NÃO,NÃO,NÃO,NÃO,NÃO,NÃO,NÃO,NÃO,NÃO,NÃO,NÃO,NÃO,NÃO,NÃO,NÃO,NÃO,NÃO,NÃO,NÃO,NÃO,NÃO,NÃO,NÃO,NÃO,NÃO,NÃO,NÃO,,
9/18/2021 10:05:12,2004,9/27/2004,018/04BCONT,HGPE,PREFEITO,,MG,SIM,Belo Horizonte,SIM,Sim,SIM,SIM,SIM,SIM,SIM,SIM,SIM,NÃO,SIM,SIM,SIM,SIM,SIM,SIM,SIM,SIM,NÃO,SIM,NÃO,SIM,SIM,SIM,SIM,SIM,SIM,SIM,SIM,SIM,NÃO,NÃO,NÃO,NÃO,NÃO,NÃO,NÃO,NÃO,NÃO,NÃO,NÃO,SIM,SIM,NÃO,NÃO,NÃO,NÃO,NÃO,NÃO,SIM,NÃO,NÃO,NÃO,NÃO,NÃO,NÃO,NÃO,NÃO,NÃO,NÃO,NÃO,NÃO,NÃO,NÃO,NÃO,NÃO,NÃO,NÃO,NÃO,NÃO,NÃO,NÃO,NÃO,NÃO,NÃO,,
9/18/2021 10:08:30,2004,9/24/2004,018/04BSA,HGPE,PREFEITO,,BA,SIM,Salvador,SIM,Sim,SIM,SIM,SIM,SIM,NÃO,SIM,NÃO,NÃO,NÃO,NÃO,NÃO,SIM,SIM,NÃO,SIM,NÃO,NÃO,SIM,NÃO,NÃO,SIM,NÃO,NÃO,SIM,NÃO,SIM,NÃO,NÃO,NÃO,NÃO,NÃO,NÃO,NÃO,NÃO,NÃO,NÃO,NÃO,NÃO,NÃO,SIM,NÃO,NÃO,NÃO,NÃO,NÃO,NÃO,NÃO,NÃO,SIM,NÃO,NÃO,NÃO,NÃO,NÃO,NÃO,NÃO,NÃO,NÃO,NÃO,NÃO,NÃO,NÃO,NÃO,NÃO,NÃO,NÃO,NÃO,NÃO,NÃO,NÃO,NÃO,NÃO,NÃO,,
9/18/2021 10:12:14,2004,9/25/2004,018/04PA,HGPE,VEREADOR,,RS,SIM,Porto Alegre,SIM,Sim,SIM,SIM,SIM,SIM,SIM,SIM,SIM,NÃO,SIM,SIM,SIM,SIM,SIM,SIM,SIM,SIM,NÃO,NÃO,NÃO,SIM,NÃO,SIM,SIM,SIM,SIM,SIM,NÃO,SIM,NÃO,NÃO,NÃO,NÃO,NÃO,NÃO,NÃO,NÃO,NÃO,SIM,NÃO,SIM,SIM,NÃO,NÃO,NÃO,NÃO,NÃO,NÃO,SIM,NÃO,NÃO,NÃO,NÃO,NÃO,NÃO,NÃO,NÃO,NÃO,NÃO,NÃO,NÃO,NÃO,NÃO,NÃO,NÃO,NÃO,NÃO,NÃO,NÃO,NÃO,NÃO,NÃO,NÃO,NÃO,,
9/18/2021 10:14:57,2004,10/16/2004,018/04SP,HGPE,PREFEITO,,SP,SIM,São Paulo,SIM,Sim,SIM,SIM,SIM,SIM,SIM,NÃO,NÃO,NÃO,NÃO,NÃO,NÃO,NÃO,NÃO,NÃO,NÃO,NÃO,NÃO,NÃO,NÃO,NÃO,NÃO,NÃO,NÃO,NÃO,NÃO,NÃO,NÃO,NÃO,NÃO,NÃO,NÃO,NÃO,NÃO,NÃO,NÃO,NÃO,NÃO,NÃO,NÃO,NÃO,NÃO,NÃO,NÃO,NÃO,NÃO,NÃO,NÃO,NÃO,NÃO,NÃO,NÃO,NÃO,NÃO,NÃO,NÃO,NÃO,NÃO,NÃO,NÃO,NÃO,NÃO,NÃO,NÃO,NÃO,NÃO,NÃO,NÃO,NÃO,NÃO,NÃO,NÃO,NÃO,NÃO,,
9/18/2021 10:18:29,2004,9/29/2004,019/04BCONT,HGPE,PREFEITO,,MG,SIM,Belo Horizonte,SIM,Sim,SIM,SIM,SIM,SIM,SIM,SIM,SIM,NÃO,SIM,SIM,SIM,SIM,SIM,SIM,SIM,SIM,NÃO,SIM,NÃO,SIM,SIM,SIM,SIM,SIM,SIM,SIM,SIM,SIM,NÃO,NÃO,NÃO,NÃO,NÃO,NÃO,NÃO,NÃO,NÃO,NÃO,NÃO,SIM,SIM,NÃO,NÃO,NÃO,NÃO,NÃO,NÃO,SIM,NÃO,NÃO,NÃO,NÃO,NÃO,NÃO,NÃO,NÃO,NÃO,NÃO,NÃO,NÃO,NÃO,NÃO,NÃO,NÃO,NÃO,NÃO,NÃO,NÃO,NÃO,NÃO,NÃO,NÃO,NÃO,,
9/18/2021 10:22:45,2004,9/27/2004,019/04BSA,HGPE,PREFEITO,,BA,SIM,Salvador,SIM,Sim,SIM,SIM,SIM,SIM,NÃO,SIM,NÃO,NÃO,SIM,NÃO,NÃO,NÃO,SIM,NÃO,SIM,NÃO,NÃO,SIM,NÃO,NÃO,SIM,NÃO,NÃO,SIM,NÃO,SIM,NÃO,NÃO,NÃO,NÃO,NÃO,NÃO,NÃO,NÃO,NÃO,NÃO,NÃO,NÃO,NÃO,SIM,NÃO,NÃO,NÃO,NÃO,NÃO,NÃO,NÃO,NÃO,SIM,NÃO,NÃO,NÃO,NÃO,NÃO,NÃO,NÃO,NÃO,NÃO,NÃO,NÃO,NÃO,NÃO,NÃO,NÃO,NÃO,NÃO,NÃO,NÃO,NÃO,NÃO,NÃO,NÃO,NÃO,,
9/18/2021 10:26:27,2004,9/28/2004,019/04PA,HGPE,PREFEITO,,RS,SIM,Porto Alegre,SIM,Sim,SIM,SIM,SIM,SIM,SIM,SIM,SIM,NÃO,SIM,SIM,SIM,SIM,SIM,SIM,SIM,SIM,NÃO,NÃO,NÃO,NÃO,NÃO,SIM,SIM,SIM,NÃO,NÃO,NÃO,SIM,NÃO,NÃO,NÃO,NÃO,NÃO,NÃO,NÃO,NÃO,NÃO,SIM,NÃO,SIM,NÃO,NÃO,NÃO,NÃO,NÃO,NÃO,NÃO,NÃO,NÃO,NÃO,NÃO,NÃO,NÃO,NÃO,NÃO,NÃO,NÃO,NÃO,NÃO,NÃO,NÃO,NÃO,NÃO,NÃO,NÃO,NÃO,NÃO,NÃO,NÃO,NÃO,NÃO,NÃO,NÃO,,
9/18/2021 10:30:29,2004,9/29/2004,020/04BSA,HGPE,PREFEITO,,BA,SIM,Salvador,SIM,Sim,SIM,SIM,SIM,SIM,NÃO,SIM,NÃO,NÃO,SIM,NÃO,NÃO,SIM,SIM,NÃO,SIM,NÃO,NÃO,SIM,NÃO,NÃO,SIM,NÃO,NÃO,SIM,NÃO,SIM,NÃO,NÃO,NÃO,NÃO,NÃO,NÃO,NÃO,NÃO,NÃO,NÃO,NÃO,NÃO,NÃO,SIM,NÃO,NÃO,NÃO,NÃO,NÃO,NÃO,NÃO,NÃO,SIM,NÃO,NÃO,NÃO,NÃO,NÃO,NÃO,NÃO,NÃO,NÃO,NÃO,NÃO,NÃO,NÃO,NÃO,NÃO,NÃO,NÃO,NÃO,NÃO,NÃO,NÃO,NÃO,NÃO,NÃO,,
9/20/2021 13:20:20,2004,9/30/2004,020/04PA,HGPE,"PREFEITO, VEREADOR",,RS,SIM,Porto Alegre,SIM,Sim,SIM,SIM,SIM,SIM,SIM,SIM,SIM,NÃO,SIM,SIM,SIM,SIM,SIM,SIM,SIM,SIM,NÃO,NÃO,NÃO,SIM,NÃO,SIM,SIM,SIM,SIM,SIM,NÃO,SIM,NÃO,NÃO,NÃO,NÃO,NÃO,NÃO,NÃO,NÃO,NÃO,SIM,NÃO,SIM,SIM,NÃO,NÃO,NÃO,NÃO,NÃO,NÃO,SIM,NÃO,NÃO,NÃO,NÃO,NÃO,NÃO,NÃO,NÃO,NÃO,NÃO,NÃO,NÃO,NÃO,NÃO,NÃO,NÃO,NÃO,NÃO,NÃO,NÃO,NÃO,NÃO,NÃO,NÃO,NÃO,,
9/20/2021 13:23:38,2004,10/1/2004,020/04RJ,DEBATE,PREFEITO,,RJ,SIM,Rio de Janeiro,SIM,Sim,SIM,SIM,SIM,SIM,NÃO,NÃO,SIM,NÃO,SIM,NÃO,NÃO,NÃO,NÃO,NÃO,NÃO,NÃO,NÃO,NÃO,NÃO,NÃO,NÃO,NÃO,NÃO,NÃO,NÃO,NÃO,NÃO,NÃO,NÃO,NÃO,NÃO,NÃO,NÃO,NÃO,NÃO,NÃO,NÃO,SIM,NÃO,SIM,NÃO,NÃO,NÃO,NÃO,NÃO,NÃO,NÃO,NÃO,NÃO,NÃO,NÃO,NÃO,NÃO,NÃO,NÃO,NÃO,NÃO,NÃO,NÃO,NÃO,NÃO,NÃO,NÃO,NÃO,NÃO,NÃO,NÃO,NÃO,NÃO,NÃO,NÃO,NÃO,NÃO,,
9/20/2021 13:27:35,2004,9/1/2004,021/04ASA,HGPE,PREFEITO,,BA,SIM,Salvador,SIM,Sim,SIM,SIM,SIM,SIM,NÃO,SIM,NÃO,NÃO,SIM,NÃO,NÃO,SIM,SIM,NÃO,SIM,NÃO,NÃO,SIM,NÃO,NÃO,SIM,NÃO,NÃO,SIM,NÃO,SIM,NÃO,NÃO,NÃO,NÃO,NÃO,NÃO,NÃO,NÃO,NÃO,NÃO,NÃO,NÃO,NÃO,SIM,NÃO,NÃO,NÃO,NÃO,NÃO,NÃO,NÃO,NÃO,SIM,NÃO,NÃO,NÃO,NÃO,NÃO,NÃO,NÃO,NÃO,NÃO,NÃO,NÃO,NÃO,NÃO,NÃO,NÃO,NÃO,NÃO,NÃO,NÃO,NÃO,NÃO,NÃO,NÃO,NÃO,,
9/20/2021 13:29:51,2004,9/2/2004,021/04PA,HGPE,PREFEITO,,RS,SIM,Porto Alegre,SIM,Sim,SIM,SIM,SIM,SIM,NÃO,NÃO,NÃO,NÃO,NÃO,SIM,NÃO,NÃO,NÃO,NÃO,NÃO,NÃO,NÃO,NÃO,NÃO,NÃO,NÃO,NÃO,NÃO,NÃO,NÃO,NÃO,NÃO,NÃO,NÃO,NÃO,NÃO,NÃO,NÃO,NÃO,NÃO,NÃO,NÃO,NÃO,NÃO,NÃO,NÃO,NÃO,NÃO,NÃO,NÃO,NÃO,NÃO,NÃO,NÃO,NÃO,NÃO,NÃO,NÃO,NÃO,NÃO,NÃO,NÃO,NÃO,NÃO,NÃO,NÃO,NÃO,NÃO,NÃO,NÃO,NÃO,NÃO,NÃO,NÃO,NÃO,NÃO,NÃO,NÃO,,
9/20/2021 13:34:23,2004,9/3/2004,021/04RJ,HGPE,VEREADOR,,RJ,SIM,Rio de Janeiro,SIM,Sim,SIM,SIM,SIM,SIM,SIM,SIM,SIM,NÃO,SIM,SIM,SIM,SIM,SIM,SIM,SIM,SIM,NÃO,SIM,NÃO,SIM,NÃO,SIM,SIM,SIM,NÃO,SIM,SIM,SIM,NÃO,NÃO,NÃO,NÃO,NÃO,NÃO,NÃO,NÃO,NÃO,SIM,NÃO,SIM,SIM,NÃO,NÃO,NÃO,NÃO,NÃO,NÃO,SIM,SIM,NÃO,NÃO,NÃO,NÃO,NÃO,NÃO,NÃO,NÃO,NÃO,NÃO,NÃO,NÃO,NÃO,NÃO,NÃO,NÃO,NÃO,NÃO,NÃO,NÃO,NÃO,NÃO,NÃO,NÃO,,
9/20/2021 13:36:30,2004,10/19/2004,021/04SP,HGPE,PREFEITO,,SP,SIM,São Paulo,SIM,Sim,SIM,SIM,SIM,SIM,SIM,NÃO,NÃO,NÃO,NÃO,NÃO,NÃO,NÃO,NÃO,NÃO,NÃO,NÃO,NÃO,NÃO,NÃO,NÃO,NÃO,NÃO,NÃO,NÃO,NÃO,NÃO,NÃO,NÃO,NÃO,NÃO,NÃO,NÃO,NÃO,NÃO,NÃO,NÃO,NÃO,NÃO,NÃO,NÃO,NÃO,NÃO,NÃO,NÃO,NÃO,NÃO,NÃO,NÃO,NÃO,NÃO,NÃO,NÃO,NÃO,NÃO,NÃO,NÃO,NÃO,NÃO,NÃO,NÃO,NÃO,NÃO,NÃO,NÃO,NÃO,NÃO,NÃO,NÃO,NÃO,NÃO,NÃO,NÃO,NÃO,,
9/20/2021 13:38:47,2004,10/20/2004,022/04BSA,HGPE,PREFEITO,,BA,SIM,Salvador,SIM,Sim,SIM,SIM,SIM,NÃO,NÃO,SIM,NÃO,NÃO,NÃO,NÃO,NÃO,NÃO,NÃO,NÃO,NÃO,NÃO,NÃO,NÃO,NÃO,NÃO,NÃO,NÃO,NÃO,NÃO,NÃO,NÃO,NÃO,NÃO,NÃO,NÃO,NÃO,NÃO,NÃO,NÃO,NÃO,NÃO,NÃO,NÃO,NÃO,SIM,NÃO,NÃO,NÃO,NÃO,NÃO,NÃO,NÃO,NÃO,NÃO,NÃO,NÃO,NÃO,NÃO,NÃO,NÃO,NÃO,NÃO,NÃO,NÃO,NÃO,NÃO,NÃO,NÃO,NÃO,NÃO,NÃO,NÃO,NÃO,NÃO,NÃO,NÃO,NÃO,NÃO,,
9/20/2021 13:40:54,2004,10/21/2004,022/04PA,HGPE,PREFEITO,,RS,SIM,Porto Alegre,SIM,Sim,SIM,SIM,SIM,SIM,NÃO,NÃO,NÃO,NÃO,NÃO,SIM,NÃO,NÃO,NÃO,NÃO,NÃO,NÃO,NÃO,NÃO,NÃO,NÃO,NÃO,NÃO,NÃO,NÃO,NÃO,NÃO,NÃO,NÃO,NÃO,NÃO,NÃO,NÃO,NÃO,NÃO,NÃO,NÃO,NÃO,NÃO,NÃO,NÃO,NÃO,NÃO,NÃO,NÃO,NÃO,NÃO,NÃO,NÃO,NÃO,NÃO,NÃO,NÃO,NÃO,NÃO,NÃO,NÃO,NÃO,NÃO,NÃO,NÃO,NÃO,NÃO,NÃO,NÃO,NÃO,NÃO,NÃO,NÃO,NÃO,NÃO,NÃO,NÃO,NÃO,,
9/20/2021 13:48:05,2004,10/20/2004,022/04SP,HGPE,PREFEITO,,SP,SIM,São Paulo,SIM,Sim,SIM,SIM,SIM,SIM,SIM,NÃO,NÃO,NÃO,NÃO,NÃO,NÃO,NÃO,NÃO,NÃO,NÃO,NÃO,NÃO,NÃO,NÃO,NÃO,NÃO,NÃO,NÃO,NÃO,NÃO,NÃO,NÃO,NÃO,NÃO,NÃO,NÃO,NÃO,NÃO,NÃO,NÃO,NÃO,NÃO,NÃO,NÃO,NÃO,NÃO,NÃO,NÃO,NÃO,NÃO,NÃO,NÃO,NÃO,NÃO,NÃO,NÃO,NÃO,NÃO,NÃO,NÃO,NÃO,NÃO,NÃO,NÃO,NÃO,NÃO,NÃO,NÃO,NÃO,NÃO,NÃO,NÃO,NÃO,NÃO,NÃO,NÃO,NÃO,NÃO,,
9/20/2021 13:50:26,2004,9/21/2004,023/04PA,HGPE,PREFEITO,,RS,SIM,Porto Alegre,SIM,Sim,SIM,SIM,SIM,SIM,NÃO,NÃO,NÃO,NÃO,NÃO,SIM,NÃO,NÃO,NÃO,NÃO,NÃO,NÃO,NÃO,NÃO,NÃO,NÃO,NÃO,NÃO,NÃO,NÃO,NÃO,NÃO,NÃO,NÃO,NÃO,NÃO,NÃO,NÃO,NÃO,NÃO,NÃO,NÃO,NÃO,NÃO,NÃO,NÃO,NÃO,NÃO,NÃO,NÃO,NÃO,NÃO,NÃO,NÃO,NÃO,NÃO,NÃO,NÃO,NÃO,NÃO,NÃO,NÃO,NÃO,NÃO,NÃO,NÃO,NÃO,NÃO,NÃO,NÃO,NÃO,NÃO,NÃO,NÃO,NÃO,NÃO,NÃO,NÃO,NÃO,,
9/20/2021 13:55:57,2004,9/2/2004,023/04RJ,HGPE,VEREADOR,,RJ,SIM,Rio de Janeiro,SIM,Sim,SIM,SIM,SIM,SIM,SIM,SIM,SIM,NÃO,SIM,SIM,SIM,SIM,SIM,SIM,SIM,SIM,NÃO,SIM,NÃO,SIM,NÃO,SIM,SIM,SIM,NÃO,SIM,SIM,SIM,NÃO,NÃO,NÃO,NÃO,NÃO,NÃO,NÃO,NÃO,NÃO,SIM,NÃO,SIM,SIM,NÃO,NÃO,NÃO,NÃO,NÃO,NÃO,SIM,SIM,NÃO,NÃO,NÃO,NÃO,NÃO,NÃO,NÃO,NÃO,NÃO,NÃO,NÃO,NÃO,NÃO,NÃO,NÃO,NÃO,NÃO,NÃO,NÃO,NÃO,NÃO,NÃO,NÃO,NÃO,,
9/20/2021 13:59:30,2004,10/11/2004,024/04BSA,HGPE,PREFEITO,,BA,SIM,Salvador,SIM,Sim,SIM,SIM,SIM,NÃO,NÃO,SIM,NÃO,NÃO,NÃO,NÃO,NÃO,NÃO,NÃO,NÃO,NÃO,NÃO,NÃO,NÃO,NÃO,NÃO,NÃO,NÃO,NÃO,NÃO,NÃO,NÃO,NÃO,NÃO,NÃO,NÃO,NÃO,NÃO,NÃO,NÃO,NÃO,NÃO,NÃO,NÃO,NÃO,SIM,NÃO,NÃO,NÃO,NÃO,NÃO,NÃO,NÃO,NÃO,NÃO,NÃO,NÃO,NÃO,NÃO,NÃO,NÃO,NÃO,NÃO,NÃO,NÃO,NÃO,NÃO,NÃO,NÃO,NÃO,NÃO,NÃO,NÃO,NÃO,NÃO,NÃO,NÃO,NÃO,NÃO,,
9/20/2021 14:02:09,2004,10/18/2004,024/04PA,HGPE,PREFEITO,,RS,SIM,Porto Alegre,SIM,Sim,SIM,SIM,SIM,SIM,NÃO,NÃO,NÃO,NÃO,NÃO,SIM,NÃO,NÃO,NÃO,NÃO,NÃO,NÃO,NÃO,NÃO,NÃO,NÃO,NÃO,NÃO,NÃO,NÃO,NÃO,NÃO,NÃO,NÃO,NÃO,NÃO,NÃO,NÃO,NÃO,NÃO,NÃO,NÃO,NÃO,NÃO,NÃO,NÃO,NÃO,NÃO,NÃO,NÃO,NÃO,NÃO,NÃO,NÃO,NÃO,NÃO,NÃO,NÃO,NÃO,NÃO,NÃO,NÃO,NÃO,NÃO,NÃO,NÃO,NÃO,NÃO,NÃO,NÃO,NÃO,NÃO,NÃO,NÃO,NÃO,NÃO,NÃO,NÃO,NÃO,,
9/20/2021 14:07:33,2004,9/4/2004,024/04RJ,HGPE,VEREADOR,,RJ,SIM,Rio de Janeiro,SIM,Sim,SIM,SIM,SIM,SIM,SIM,SIM,SIM,NÃO,SIM,SIM,SIM,SIM,SIM,SIM,SIM,SIM,NÃO,SIM,NÃO,SIM,NÃO,SIM,SIM,SIM,NÃO,SIM,SIM,SIM,NÃO,NÃO,NÃO,NÃO,NÃO,NÃO,NÃO,NÃO,NÃO,SIM,NÃO,SIM,SIM,NÃO,NÃO,NÃO,NÃO,NÃO,NÃO,SIM,SIM,NÃO,NÃO,NÃO,NÃO,NÃO,NÃO,NÃO,NÃO,NÃO,NÃO,NÃO,NÃO,NÃO,NÃO,NÃO,NÃO,NÃO,NÃO,NÃO,NÃO,NÃO,NÃO,NÃO,NÃO,,
9/20/2021 14:10:34,2004,10/22/2004,024/04SP,HGPE,PREFEITO,A gravação apresenta ruptura em 20:32 até o fim,SP,SIM,São Paulo,SIM,Sim,SIM,SIM,SIM,SIM,SIM,NÃO,NÃO,NÃO,NÃO,NÃO,NÃO,NÃO,NÃO,NÃO,NÃO,NÃO,NÃO,NÃO,NÃO,NÃO,NÃO,NÃO,NÃO,NÃO,NÃO,NÃO,NÃO,NÃO,NÃO,NÃO,NÃO,NÃO,NÃO,NÃO,NÃO,NÃO,NÃO,NÃO,NÃO,NÃO,NÃO,NÃO,NÃO,NÃO,NÃO,NÃO,NÃO,NÃO,NÃO,NÃO,NÃO,NÃO,NÃO,NÃO,NÃO,NÃO,NÃO,NÃO,NÃO,NÃO,NÃO,NÃO,NÃO,NÃO,NÃO,NÃO,NÃO,NÃO,NÃO,NÃO,NÃO,NÃO,NÃO,,
9/22/2021 12:47:43,2004,10/12/2004,025/04BSA,HGPE,PREFEITO,,BA,SIM,Salvador,SIM,Sim,SIM,SIM,SIM,NÃO,NÃO,SIM,NÃO,NÃO,NÃO,NÃO,NÃO,NÃO,NÃO,NÃO,NÃO,NÃO,NÃO,NÃO,NÃO,NÃO,NÃO,NÃO,NÃO,NÃO,NÃO,NÃO,NÃO,NÃO,NÃO,NÃO,NÃO,NÃO,NÃO,NÃO,NÃO,NÃO,NÃO,NÃO,NÃO,SIM,NÃO,NÃO,NÃO,NÃO,NÃO,NÃO,NÃO,NÃO,NÃO,NÃO,NÃO,NÃO,NÃO,NÃO,NÃO,NÃO,NÃO,NÃO,NÃO,NÃO,NÃO,NÃO,NÃO,NÃO,NÃO,NÃO,NÃO,NÃO,NÃO,NÃO,NÃO,NÃO,NÃO,,
9/22/2021 12:51:29,2004,10/19/2004,025/04PA,HGPE,PREFEITO,,RS,SIM,Porto Alegre,SIM,Sim,SIM,SIM,SIM,SIM,NÃO,NÃO,NÃO,NÃO,NÃO,SIM,NÃO,NÃO,NÃO,NÃO,NÃO,NÃO,NÃO,NÃO,NÃO,NÃO,NÃO,NÃO,NÃO,NÃO,NÃO,NÃO,NÃO,NÃO,NÃO,NÃO,NÃO,NÃO,NÃO,NÃO,NÃO,NÃO,NÃO,NÃO,NÃO,NÃO,NÃO,NÃO,NÃO,NÃO,NÃO,NÃO,NÃO,NÃO,NÃO,NÃO,NÃO,NÃO,NÃO,NÃO,NÃO,NÃO,NÃO,NÃO,NÃO,NÃO,NÃO,NÃO,NÃO,NÃO,NÃO,NÃO,NÃO,NÃO,NÃO,NÃO,NÃO,NÃO,NÃO,,
9/22/2021 12:55:56,2004,9/5/2004,025/04RJ,HGPE,VEREADOR,,RJ,SIM,Rio de Janeiro,SIM,Sim,SIM,SIM,SIM,SIM,SIM,SIM,SIM,NÃO,SIM,SIM,SIM,SIM,SIM,SIM,SIM,SIM,NÃO,SIM,NÃO,SIM,NÃO,SIM,SIM,SIM,NÃO,SIM,SIM,SIM,NÃO,NÃO,NÃO,NÃO,NÃO,NÃO,NÃO,NÃO,NÃO,SIM,NÃO,SIM,SIM,NÃO,NÃO,NÃO,NÃO,NÃO,NÃO,SIM,SIM,NÃO,NÃO,NÃO,NÃO,NÃO,NÃO,NÃO,NÃO,NÃO,NÃO,NÃO,NÃO,NÃO,NÃO,NÃO,NÃO,NÃO,NÃO,NÃO,NÃO,NÃO,NÃO,NÃO,NÃO,,
9/22/2021 12:58:33,2004,10/23/2004,025/04SP,HGPE,PREFEITO,,SP,SIM,São Paulo,SIM,Sim,SIM,SIM,SIM,SIM,SIM,NÃO,NÃO,NÃO,NÃO,NÃO,NÃO,NÃO,NÃO,NÃO,NÃO,NÃO,NÃO,NÃO,NÃO,NÃO,NÃO,NÃO,NÃO,NÃO,NÃO,NÃO,NÃO,NÃO,NÃO,NÃO,NÃO,NÃO,NÃO,NÃO,NÃO,NÃO,NÃO,NÃO,NÃO,NÃO,NÃO,NÃO,NÃO,NÃO,NÃO,NÃO,NÃO,NÃO,NÃO,NÃO,NÃO,NÃO,NÃO,NÃO,NÃO,NÃO,NÃO,NÃO,NÃO,NÃO,NÃO,NÃO,NÃO,NÃO,NÃO,NÃO,NÃO,NÃO,NÃO,NÃO,NÃO,NÃO,NÃO,,
9/22/2021 13:01:40,2004,10/13/2004,026/04BSA,HGPE,PREFEITO,,BA,SIM,Salvador,SIM,Sim,SIM,SIM,SIM,NÃO,NÃO,SIM,NÃO,NÃO,NÃO,NÃO,NÃO,NÃO,NÃO,NÃO,NÃO,NÃO,NÃO,NÃO,NÃO,NÃO,NÃO,NÃO,NÃO,NÃO,NÃO,NÃO,NÃO,NÃO,NÃO,NÃO,NÃO,NÃO,NÃO,NÃO,NÃO,NÃO,NÃO,NÃO,NÃO,SIM,NÃO,NÃO,NÃO,NÃO,NÃO,NÃO,NÃO,NÃO,NÃO,NÃO,NÃO,NÃO,NÃO,NÃO,NÃO,NÃO,NÃO,NÃO,NÃO,NÃO,NÃO,NÃO,NÃO,NÃO,NÃO,NÃO,NÃO,NÃO,NÃO,NÃO,NÃO,NÃO,NÃO,,
9/22/2021 13:04:34,2004,10/20/2004,026/04PA,HGPE,PREFEITO,,RS,SIM,Porto Alegre,SIM,Sim,SIM,SIM,SIM,SIM,NÃO,NÃO,NÃO,NÃO,NÃO,SIM,NÃO,NÃO,NÃO,NÃO,NÃO,NÃO,NÃO,NÃO,NÃO,NÃO,NÃO,NÃO,NÃO,NÃO,NÃO,NÃO,NÃO,NÃO,NÃO,NÃO,NÃO,NÃO,NÃO,NÃO,NÃO,NÃO,NÃO,NÃO,NÃO,NÃO,NÃO,NÃO,NÃO,NÃO,NÃO,NÃO,NÃO,NÃO,NÃO,NÃO,NÃO,NÃO,NÃO,NÃO,NÃO,NÃO,NÃO,NÃO,NÃO,NÃO,NÃO,NÃO,NÃO,NÃO,NÃO,NÃO,NÃO,NÃO,NÃO,NÃO,NÃO,NÃO,NÃO,,
9/22/2021 13:07:02,2004,10/26/2004,026/04SP,HGPE,PREFEITO,,SP,SIM,São Paulo,SIM,Sim,SIM,SIM,SIM,SIM,SIM,NÃO,NÃO,NÃO,NÃO,NÃO,NÃO,NÃO,NÃO,NÃO,NÃO,NÃO,NÃO,NÃO,NÃO,NÃO,NÃO,NÃO,NÃO,NÃO,NÃO,NÃO,NÃO,NÃO,NÃO,NÃO,NÃO,NÃO,NÃO,NÃO,NÃO,NÃO,NÃO,NÃO,NÃO,NÃO,NÃO,NÃO,NÃO,NÃO,NÃO,NÃO,NÃO,NÃO,NÃO,NÃO,NÃO,NÃO,NÃO,NÃO,NÃO,NÃO,NÃO,NÃO,NÃO,NÃO,NÃO,NÃO,NÃO,NÃO,NÃO,NÃO,NÃO,NÃO,NÃO,NÃO,NÃO,NÃO,NÃO,,
9/22/2021 13:09:43,2004,10/14/2004,027/04BSA,HGPE,PREFEITO,,BA,SIM,Salvador,SIM,Sim,SIM,SIM,SIM,NÃO,NÃO,SIM,NÃO,NÃO,NÃO,NÃO,NÃO,NÃO,NÃO,NÃO,NÃO,NÃO,NÃO,NÃO,NÃO,NÃO,NÃO,NÃO,NÃO,NÃO,NÃO,NÃO,NÃO,NÃO,NÃO,NÃO,NÃO,NÃO,NÃO,NÃO,NÃO,NÃO,NÃO,NÃO,NÃO,SIM,NÃO,NÃO,NÃO,NÃO,NÃO,NÃO,NÃO,NÃO,NÃO,NÃO,NÃO,NÃO,NÃO,NÃO,NÃO,NÃO,NÃO,NÃO,NÃO,NÃO,NÃO,NÃO,NÃO,NÃO,NÃO,NÃO,NÃO,NÃO,NÃO,NÃO,NÃO,NÃO,NÃO,,
9/22/2021 13:12:03,2004,10/21/2004,027/04PA,HGPE,PREFEITO,,RS,SIM,Porto Alegre,SIM,Sim,SIM,SIM,SIM,SIM,NÃO,NÃO,NÃO,NÃO,NÃO,SIM,NÃO,NÃO,NÃO,NÃO,NÃO,NÃO,NÃO,NÃO,NÃO,NÃO,NÃO,NÃO,NÃO,NÃO,NÃO,NÃO,NÃO,NÃO,NÃO,NÃO,NÃO,NÃO,NÃO,NÃO,NÃO,NÃO,NÃO,NÃO,NÃO,NÃO,NÃO,NÃO,NÃO,NÃO,NÃO,NÃO,NÃO,NÃO,NÃO,NÃO,NÃO,NÃO,NÃO,NÃO,NÃO,NÃO,NÃO,NÃO,NÃO,NÃO,NÃO,NÃO,NÃO,NÃO,NÃO,NÃO,NÃO,NÃO,NÃO,NÃO,NÃO,NÃO,NÃO,,
9/22/2021 13:17:30,2004,9/6/2004,027/04RJ,HGPE,VEREADOR,,RJ,SIM,Rio de Janeiro,SIM,Sim,SIM,SIM,SIM,SIM,SIM,SIM,SIM,NÃO,SIM,SIM,SIM,SIM,SIM,SIM,SIM,SIM,NÃO,SIM,NÃO,SIM,NÃO,SIM,SIM,SIM,NÃO,SIM,SIM,SIM,NÃO,NÃO,NÃO,NÃO,NÃO,NÃO,NÃO,NÃO,NÃO,SIM,NÃO,SIM,SIM,NÃO,NÃO,NÃO,NÃO,NÃO,NÃO,SIM,SIM,NÃO,NÃO,NÃO,NÃO,NÃO,NÃO,NÃO,NÃO,NÃO,NÃO,NÃO,NÃO,NÃO,NÃO,NÃO,NÃO,NÃO,NÃO,NÃO,NÃO,NÃO,NÃO,NÃO,NÃO,,
9/22/2021 13:19:45,2004,10/27/2004,027/04SP,HGPE,PREFEITO,,SP,SIM,São Paulo,SIM,Sim,SIM,SIM,SIM,SIM,SIM,NÃO,NÃO,NÃO,NÃO,NÃO,NÃO,NÃO,NÃO,NÃO,NÃO,NÃO,NÃO,NÃO,NÃO,NÃO,NÃO,NÃO,NÃO,NÃO,NÃO,NÃO,NÃO,NÃO,NÃO,NÃO,NÃO,NÃO,NÃO,NÃO,NÃO,NÃO,NÃO,NÃO,NÃO,NÃO,NÃO,NÃO,NÃO,NÃO,NÃO,NÃO,NÃO,NÃO,NÃO,NÃO,NÃO,NÃO,NÃO,NÃO,NÃO,NÃO,NÃO,NÃO,NÃO,NÃO,NÃO,NÃO,NÃO,NÃO,NÃO,NÃO,NÃO,NÃO,NÃO,NÃO,NÃO,NÃO,NÃO,,
9/22/2021 13:22:26,2004,10/15/2004,028/04BSA,HGPE,PREFEITO,,BA,SIM,Salvador,SIM,Sim,SIM,SIM,SIM,NÃO,NÃO,SIM,NÃO,NÃO,NÃO,NÃO,NÃO,NÃO,NÃO,NÃO,NÃO,NÃO,NÃO,NÃO,NÃO,NÃO,NÃO,NÃO,NÃO,NÃO,NÃO,NÃO,NÃO,NÃO,NÃO,NÃO,NÃO,NÃO,NÃO,NÃO,NÃO,NÃO,NÃO,NÃO,NÃO,SIM,NÃO,NÃO,NÃO,NÃO,NÃO,NÃO,NÃO,NÃO,NÃO,NÃO,NÃO,NÃO,NÃO,NÃO,NÃO,NÃO,NÃO,NÃO,NÃO,NÃO,NÃO,NÃO,NÃO,NÃO,NÃO,NÃO,NÃO,NÃO,NÃO,NÃO,NÃO,NÃO,NÃO,,
9/22/2021 13:24:36,2004,22/10/2004,028/04PA,HGPE,PREFEITO,,RS,SIM,Porto Alegre,SIM,Sim,SIM,SIM,SIM,SIM,NÃO,NÃO,NÃO,NÃO,NÃO,SIM,NÃO,NÃO,NÃO,NÃO,NÃO,NÃO,NÃO,NÃO,NÃO,NÃO,NÃO,NÃO,NÃO,NÃO,NÃO,NÃO,NÃO,NÃO,NÃO,NÃO,NÃO,NÃO,NÃO,NÃO,NÃO,NÃO,NÃO,NÃO,NÃO,NÃO,NÃO,NÃO,NÃO,NÃO,NÃO,NÃO,NÃO,NÃO,NÃO,NÃO,NÃO,NÃO,NÃO,NÃO,NÃO,NÃO,NÃO,NÃO,NÃO,NÃO,NÃO,NÃO,NÃO,NÃO,NÃO,NÃO,NÃO,NÃO,NÃO,NÃO,NÃO,NÃO,NÃO,,
9/22/2021 13:30:31,2004,9/7/2004,028/04RJ,HGPE,VEREADOR,,RJ,SIM,Rio de Janeiro,SIM,Sim,SIM,SIM,SIM,SIM,SIM,SIM,SIM,NÃO,SIM,SIM,SIM,SIM,SIM,SIM,SIM,SIM,NÃO,SIM,NÃO,SIM,NÃO,SIM,SIM,SIM,NÃO,SIM,SIM,SIM,NÃO,NÃO,NÃO,NÃO,NÃO,NÃO,NÃO,NÃO,NÃO,SIM,NÃO,SIM,SIM,NÃO,NÃO,NÃO,NÃO,NÃO,NÃO,SIM,SIM,NÃO,NÃO,NÃO,NÃO,NÃO,NÃO,NÃO,NÃO,NÃO,NÃO,NÃO,NÃO,NÃO,NÃO,NÃO,NÃO,NÃO,NÃO,NÃO,NÃO,NÃO,NÃO,NÃO,NÃO,,
9/22/2021 13:36:27,2004,10/28/2004,028/04SP,HGPE,PREFEITO,,SP,SIM,São Paulo,SIM,Sim,SIM,SIM,SIM,SIM,SIM,NÃO,NÃO,NÃO,NÃO,NÃO,NÃO,NÃO,NÃO,NÃO,NÃO,NÃO,NÃO,NÃO,NÃO,NÃO,NÃO,NÃO,NÃO,NÃO,NÃO,NÃO,NÃO,NÃO,NÃO,NÃO,NÃO,NÃO,NÃO,NÃO,NÃO,NÃO,NÃO,NÃO,NÃO,NÃO,NÃO,NÃO,NÃO,NÃO,NÃO,NÃO,NÃO,NÃO,NÃO,NÃO,NÃO,NÃO,NÃO,NÃO,NÃO,NÃO,NÃO,NÃO,NÃO,NÃO,NÃO,NÃO,NÃO,NÃO,NÃO,NÃO,NÃO,NÃO,NÃO,NÃO,NÃO,NÃO,NÃO,,
9/22/2021 13:39:40,2004,10/23/2004,029/04PA,HGPE,PREFEITO,,RS,SIM,Porto Alegre,SIM,Sim,SIM,SIM,SIM,SIM,NÃO,NÃO,NÃO,NÃO,NÃO,SIM,NÃO,NÃO,NÃO,NÃO,NÃO,NÃO,NÃO,NÃO,NÃO,NÃO,NÃO,NÃO,NÃO,NÃO,NÃO,NÃO,NÃO,NÃO,NÃO,NÃO,NÃO,NÃO,NÃO,NÃO,NÃO,NÃO,NÃO,NÃO,NÃO,NÃO,NÃO,NÃO,NÃO,NÃO,NÃO,NÃO,NÃO,NÃO,NÃO,NÃO,NÃO,NÃO,NÃO,NÃO,NÃO,NÃO,NÃO,NÃO,NÃO,NÃO,NÃO,NÃO,NÃO,NÃO,NÃO,NÃO,NÃO,NÃO,NÃO,NÃO,NÃO,NÃO,NÃO,,
9/22/2021 13:44:06,2004,9/8/2004,029/04RJ,HGPE,VEREADOR,,RJ,SIM,Rio de Janeiro,SIM,Sim,SIM,SIM,SIM,SIM,SIM,SIM,SIM,NÃO,SIM,SIM,SIM,SIM,SIM,SIM,SIM,SIM,NÃO,SIM,NÃO,SIM,NÃO,SIM,SIM,SIM,NÃO,SIM,SIM,SIM,NÃO,NÃO,NÃO,NÃO,NÃO,NÃO,NÃO,NÃO,NÃO,SIM,NÃO,SIM,SIM,NÃO,NÃO,NÃO,NÃO,NÃO,NÃO,SIM,SIM,NÃO,NÃO,NÃO,NÃO,NÃO,NÃO,NÃO,NÃO,NÃO,NÃO,NÃO,NÃO,NÃO,NÃO,NÃO,NÃO,NÃO,NÃO,NÃO,NÃO,NÃO,NÃO,NÃO,NÃO,,
9/22/2021 13:46:13,2004,10/29/2004,029/04SP,HGPE,PREFEITO,,SP,SIM,São Paulo,SIM,Sim,SIM,SIM,SIM,SIM,SIM,NÃO,NÃO,NÃO,NÃO,NÃO,NÃO,NÃO,NÃO,NÃO,NÃO,NÃO,NÃO,NÃO,NÃO,NÃO,NÃO,NÃO,NÃO,NÃO,NÃO,NÃO,NÃO,NÃO,NÃO,NÃO,NÃO,NÃO,NÃO,NÃO,NÃO,NÃO,NÃO,NÃO,NÃO,NÃO,NÃO,NÃO,NÃO,NÃO,NÃO,NÃO,NÃO,NÃO,NÃO,NÃO,NÃO,NÃO,NÃO,NÃO,NÃO,NÃO,NÃO,NÃO,NÃO,NÃO,NÃO,NÃO,NÃO,NÃO,NÃO,NÃO,NÃO,NÃO,NÃO,NÃO,NÃO,NÃO,NÃO,,
9/22/2021 13:48:24,2004,10/17/2004,030/04BSA,HGPE,PREFEITO,,BA,SIM,Salvador,SIM,Sim,SIM,SIM,SIM,NÃO,NÃO,SIM,NÃO,NÃO,NÃO,NÃO,NÃO,NÃO,NÃO,NÃO,NÃO,NÃO,NÃO,NÃO,NÃO,NÃO,NÃO,NÃO,NÃO,NÃO,NÃO,NÃO,NÃO,NÃO,NÃO,NÃO,NÃO,NÃO,NÃO,NÃO,NÃO,NÃO,NÃO,NÃO,NÃO,SIM,NÃO,NÃO,NÃO,NÃO,NÃO,NÃO,NÃO,NÃO,NÃO,NÃO,NÃO,NÃO,NÃO,NÃO,NÃO,NÃO,NÃO,NÃO,NÃO,NÃO,NÃO,NÃO,NÃO,NÃO,NÃO,NÃO,NÃO,NÃO,NÃO,NÃO,NÃO,NÃO,NÃO,,
9/22/2021 13:56:01,2004,10/24/2004,030/04PA,HGPE,PREFEITO,,RS,SIM,Porto Alegre,SIM,Sim,SIM,SIM,SIM,SIM,NÃO,NÃO,NÃO,NÃO,NÃO,SIM,NÃO,NÃO,NÃO,NÃO,NÃO,NÃO,NÃO,NÃO,NÃO,NÃO,NÃO,NÃO,NÃO,NÃO,NÃO,NÃO,NÃO,NÃO,NÃO,NÃO,NÃO,NÃO,NÃO,NÃO,NÃO,NÃO,NÃO,NÃO,NÃO,NÃO,NÃO,NÃO,NÃO,NÃO,NÃO,NÃO,NÃO,NÃO,NÃO,NÃO,NÃO,NÃO,NÃO,NÃO,NÃO,NÃO,NÃO,NÃO,NÃO,NÃO,NÃO,NÃO,NÃO,NÃO,NÃO,NÃO,NÃO,NÃO,NÃO,NÃO,NÃO,NÃO,NÃO,,
9/22/2021 13:58:17,2004,10/25/2004,031/04PA,HGPE,PREFEITO,,RS,SIM,Porto Alegre,SIM,Sim,SIM,SIM,SIM,SIM,NÃO,NÃO,NÃO,NÃO,NÃO,SIM,NÃO,NÃO,NÃO,NÃO,NÃO,NÃO,NÃO,NÃO,NÃO,NÃO,NÃO,NÃO,NÃO,NÃO,NÃO,NÃO,NÃO,NÃO,NÃO,NÃO,NÃO,NÃO,NÃO,NÃO,NÃO,NÃO,NÃO,NÃO,NÃO,NÃO,NÃO,NÃO,NÃO,NÃO,NÃO,NÃO,NÃO,NÃO,NÃO,NÃO,NÃO,NÃO,NÃO,NÃO,NÃO,NÃO,NÃO,NÃO,NÃO,NÃO,NÃO,NÃO,NÃO,NÃO,NÃO,NÃO,NÃO,NÃO,NÃO,NÃO,NÃO,NÃO,NÃO,,
9/22/2021 14:01:29,2004,9/9/2004,032/04,HGPE,PREFEITO,,RJ,SIM,Rio de Janeiro,SIM,Sim,SIM,SIM,SIM,SIM,NÃO,SIM,SIM,NÃO,SIM,SIM,NÃO,NÃO,SIM,NÃO,NÃO,NÃO,NÃO,NÃO,NÃO,NÃO,NÃO,NÃO,NÃO,NÃO,NÃO,SIM,NÃO,NÃO,NÃO,NÃO,NÃO,NÃO,NÃO,NÃO,NÃO,NÃO,NÃO,SIM,NÃO,SIM,NÃO,NÃO,NÃO,NÃO,NÃO,NÃO,NÃO,SIM,NÃO,NÃO,NÃO,NÃO,NÃO,NÃO,NÃO,NÃO,NÃO,NÃO,NÃO,NÃO,NÃO,NÃO,NÃO,NÃO,NÃO,NÃO,NÃO,NÃO,NÃO,NÃO,NÃO,NÃO,NÃO,,
9/22/2021 14:03:46,2004,10/19/2004,032/04BSA,HGPE,PREFEITO,,BA,SIM,Salvador,SIM,Sim,SIM,SIM,SIM,NÃO,NÃO,SIM,NÃO,NÃO,NÃO,NÃO,NÃO,NÃO,NÃO,NÃO,NÃO,NÃO,NÃO,NÃO,NÃO,NÃO,NÃO,NÃO,NÃO,NÃO,NÃO,NÃO,NÃO,NÃO,NÃO,NÃO,NÃO,NÃO,NÃO,NÃO,NÃO,NÃO,NÃO,NÃO,NÃO,SIM,NÃO,NÃO,NÃO,NÃO,NÃO,NÃO,NÃO,NÃO,NÃO,NÃO,NÃO,NÃO,NÃO,NÃO,NÃO,NÃO,NÃO,NÃO,NÃO,NÃO,NÃO,NÃO,NÃO,NÃO,NÃO,NÃO,NÃO,NÃO,NÃO,NÃO,NÃO,NÃO,NÃO,,
9/22/2021 14:06:02,2004,10/20/2004,033/04BSA,HGPE,PREFEITO,,BA,SIM,Salvador,SIM,Sim,SIM,SIM,SIM,NÃO,NÃO,NÃO,NÃO,NÃO,NÃO,NÃO,NÃO,NÃO,NÃO,NÃO,NÃO,NÃO,NÃO,NÃO,NÃO,NÃO,NÃO,NÃO,NÃO,NÃO,NÃO,NÃO,NÃO,NÃO,NÃO,NÃO,NÃO,NÃO,NÃO,NÃO,NÃO,NÃO,NÃO,NÃO,NÃO,SIM,NÃO,NÃO,NÃO,NÃO,NÃO,NÃO,NÃO,NÃO,NÃO,NÃO,NÃO,NÃO,NÃO,NÃO,NÃO,NÃO,NÃO,NÃO,NÃO,NÃO,NÃO,NÃO,NÃO,NÃO,NÃO,NÃO,NÃO,NÃO,NÃO,NÃO,NÃO,NÃO,NÃO,,
9/22/2021 14:08:10,2004,10/27/2004,033/04PA,HGPE,PREFEITO,,RS,SIM,Porto Alegre,SIM,Sim,SIM,SIM,SIM,SIM,NÃO,NÃO,NÃO,NÃO,NÃO,SIM,NÃO,NÃO,NÃO,NÃO,NÃO,NÃO,NÃO,NÃO,NÃO,NÃO,NÃO,NÃO,NÃO,NÃO,NÃO,NÃO,NÃO,NÃO,NÃO,NÃO,NÃO,NÃO,NÃO,NÃO,NÃO,NÃO,NÃO,NÃO,NÃO,NÃO,NÃO,NÃO,NÃO,NÃO,NÃO,NÃO,NÃO,NÃO,NÃO,NÃO,NÃO,NÃO,NÃO,NÃO,NÃO,NÃO,NÃO,NÃO,NÃO,NÃO,NÃO,NÃO,NÃO,NÃO,NÃO,NÃO,NÃO,NÃO,NÃO,NÃO,NÃO,NÃO,NÃO,,
9/22/2021 14:11:07,2004,9/11/2004,033/04RJ,HGPE,PREFEITO,,RJ,SIM,Rio de Janeiro,SIM,Sim,SIM,SIM,SIM,SIM,NÃO,SIM,SIM,NÃO,SIM,SIM,NÃO,NÃO,SIM,NÃO,NÃO,NÃO,NÃO,NÃO,NÃO,NÃO,NÃO,NÃO,NÃO,NÃO,NÃO,SIM,NÃO,NÃO,NÃO,NÃO,NÃO,NÃO,NÃO,NÃO,NÃO,NÃO,NÃO,SIM,NÃO,SIM,NÃO,NÃO,NÃO,NÃO,NÃO,NÃO,NÃO,SIM,NÃO,NÃO,NÃO,NÃO,NÃO,NÃO,NÃO,NÃO,NÃO,NÃO,NÃO,NÃO,NÃO,NÃO,NÃO,NÃO,NÃO,NÃO,NÃO,NÃO,NÃO,NÃO,NÃO,NÃO,NÃO,,
9/22/2021 14:13:26,2004,10/21/2004,034/04BSA,HGPE,PREFEITO,,BA,SIM,Salvador,SIM,Sim,SIM,SIM,SIM,NÃO,NÃO,SIM,NÃO,NÃO,NÃO,NÃO,NÃO,NÃO,NÃO,NÃO,NÃO,NÃO,NÃO,NÃO,NÃO,NÃO,NÃO,NÃO,NÃO,NÃO,NÃO,NÃO,NÃO,NÃO,NÃO,NÃO,NÃO,NÃO,NÃO,NÃO,NÃO,NÃO,NÃO,NÃO,NÃO,SIM,NÃO,NÃO,NÃO,NÃO,NÃO,NÃO,NÃO,NÃO,NÃO,NÃO,NÃO,NÃO,NÃO,NÃO,NÃO,NÃO,NÃO,NÃO,NÃO,NÃO,NÃO,NÃO,NÃO,NÃO,NÃO,NÃO,NÃO,NÃO,NÃO,NÃO,NÃO,NÃO,NÃO,,
9/22/2021 14:16:31,2004,10/28/2004,034/04PA,HGPE,PREFEITO,,RS,SIM,Porto Alegre,SIM,Sim,SIM,SIM,SIM,SIM,NÃO,NÃO,NÃO,NÃO,NÃO,SIM,NÃO,NÃO,NÃO,NÃO,NÃO,NÃO,NÃO,NÃO,NÃO,NÃO,NÃO,NÃO,NÃO,NÃO,NÃO,NÃO,NÃO,NÃO,NÃO,NÃO,NÃO,NÃO,NÃO,NÃO,NÃO,NÃO,NÃO,NÃO,NÃO,NÃO,NÃO,NÃO,NÃO,NÃO,NÃO,NÃO,NÃO,NÃO,NÃO,NÃO,NÃO,NÃO,NÃO,NÃO,NÃO,NÃO,NÃO,NÃO,NÃO,NÃO,NÃO,NÃO,NÃO,NÃO,NÃO,NÃO,NÃO,NÃO,NÃO,NÃO,NÃO,NÃO,NÃO,,
9/22/2021 14:19:40,2004,9/14/2004,034/04RJ,HGPE,PREFEITO,,RJ,SIM,Rio de Janeiro,SIM,Sim,SIM,SIM,SIM,SIM,NÃO,SIM,SIM,NÃO,SIM,SIM,NÃO,NÃO,SIM,NÃO,NÃO,NÃO,NÃO,NÃO,NÃO,NÃO,NÃO,NÃO,NÃO,NÃO,NÃO,SIM,NÃO,NÃO,NÃO,NÃO,NÃO,NÃO,NÃO,NÃO,NÃO,NÃO,NÃO,SIM,NÃO,SIM,NÃO,NÃO,NÃO,NÃO,NÃO,NÃO,NÃO,SIM,NÃO,NÃO,NÃO,NÃO,NÃO,NÃO,NÃO,NÃO,NÃO,NÃO,NÃO,NÃO,NÃO,NÃO,NÃO,NÃO,NÃO,NÃO,NÃO,NÃO,NÃO,NÃO,NÃO,NÃO,NÃO,,
9/22/2021 14:22:04,2004,10/22/2004,035/04BSA,HGPE,PREFEITO,,BA,SIM,Salvador,SIM,Sim,SIM,SIM,SIM,NÃO,NÃO,SIM,NÃO,NÃO,NÃO,NÃO,NÃO,NÃO,NÃO,NÃO,NÃO,NÃO,NÃO,NÃO,NÃO,NÃO,NÃO,NÃO,NÃO,NÃO,NÃO,NÃO,NÃO,NÃO,NÃO,NÃO,NÃO,NÃO,NÃO,NÃO,NÃO,NÃO,NÃO,NÃO,NÃO,SIM,NÃO,NÃO,NÃO,NÃO,NÃO,NÃO,NÃO,NÃO,NÃO,NÃO,NÃO,NÃO,NÃO,NÃO,NÃO,NÃO,NÃO,NÃO,NÃO,NÃO,NÃO,NÃO,NÃO,NÃO,NÃO,NÃO,NÃO,NÃO,NÃO,NÃO,NÃO,NÃO,NÃO,,
9/22/2021 14:24:23,2004,10/29/2004,035/04PA,HGPE,PREFEITO,,RS,SIM,Porto Alegre,SIM,Sim,SIM,SIM,SIM,SIM,NÃO,NÃO,NÃO,NÃO,NÃO,SIM,NÃO,NÃO,NÃO,NÃO,NÃO,NÃO,NÃO,NÃO,NÃO,NÃO,NÃO,NÃO,NÃO,NÃO,NÃO,NÃO,NÃO,NÃO,NÃO,NÃO,NÃO,NÃO,NÃO,NÃO,NÃO,NÃO,NÃO,NÃO,NÃO,NÃO,NÃO,NÃO,NÃO,NÃO,NÃO,NÃO,NÃO,NÃO,NÃO,NÃO,NÃO,NÃO,NÃO,NÃO,NÃO,NÃO,NÃO,NÃO,NÃO,NÃO,NÃO,NÃO,NÃO,NÃO,NÃO,NÃO,NÃO,NÃO,NÃO,NÃO,NÃO,NÃO,NÃO,,
9/22/2021 14:26:29,2004,10/23/2004,036/04BSA,HGPE,PREFEITO,,BA,SIM,Salvador,SIM,Sim,SIM,SIM,SIM,NÃO,NÃO,SIM,NÃO,NÃO,NÃO,NÃO,NÃO,NÃO,NÃO,NÃO,NÃO,NÃO,NÃO,NÃO,NÃO,NÃO,NÃO,NÃO,NÃO,NÃO,NÃO,NÃO,NÃO,NÃO,NÃO,NÃO,NÃO,NÃO,NÃO,NÃO,NÃO,NÃO,NÃO,NÃO,NÃO,SIM,NÃO,NÃO,NÃO,NÃO,NÃO,NÃO,NÃO,NÃO,NÃO,NÃO,NÃO,NÃO,NÃO,NÃO,NÃO,NÃO,NÃO,NÃO,NÃO,NÃO,NÃO,NÃO,NÃO,NÃO,NÃO,NÃO,NÃO,NÃO,NÃO,NÃO,NÃO,NÃO,NÃO,,
9/22/2021 14:28:34,2004,10/24/2004,037/04BSA,HGPE,PREFEITO,,BA,SIM,Salvador,SIM,Sim,SIM,SIM,SIM,NÃO,NÃO,SIM,NÃO,NÃO,NÃO,NÃO,NÃO,NÃO,NÃO,NÃO,NÃO,NÃO,NÃO,NÃO,NÃO,NÃO,NÃO,NÃO,NÃO,NÃO,NÃO,NÃO,NÃO,NÃO,NÃO,NÃO,NÃO,NÃO,NÃO,NÃO,NÃO,NÃO,NÃO,NÃO,NÃO,SIM,NÃO,NÃO,NÃO,NÃO,NÃO,NÃO,NÃO,NÃO,NÃO,NÃO,NÃO,NÃO,NÃO,NÃO,NÃO,NÃO,NÃO,NÃO,NÃO,NÃO,NÃO,NÃO,NÃO,NÃO,NÃO,NÃO,NÃO,NÃO,NÃO,NÃO,NÃO,NÃO,NÃO,,
9/22/2021 14:31:01,2004,9/16/2004,037/04RJ,ENTREVISTA,PREFEITO,,RJ,SIM,Rio de Janeiro,SIM,Sim,SIM,SIM,SIM,NÃO,NÃO,NÃO,NÃO,NÃO,NÃO,NÃO,NÃO,NÃO,NÃO,NÃO,NÃO,NÃO,NÃO,NÃO,NÃO,NÃO,NÃO,NÃO,NÃO,NÃO,NÃO,NÃO,NÃO,NÃO,NÃO,NÃO,NÃO,NÃO,NÃO,NÃO,NÃO,NÃO,NÃO,NÃO,NÃO,SIM,NÃO,NÃO,NÃO,NÃO,NÃO,NÃO,NÃO,NÃO,NÃO,NÃO,NÃO,NÃO,NÃO,NÃO,NÃO,NÃO,NÃO,NÃO,NÃO,NÃO,NÃO,NÃO,NÃO,NÃO,NÃO,NÃO,NÃO,NÃO,NÃO,NÃO,NÃO,NÃO,NÃO,,
9/22/2021 14:32:59,2004,9/20/2004,038/04,MESA REDONDA,,,,NÃO,,SIM,Sim,SIM,SIM,SIM,NÃO,NÃO,NÃO,NÃO,NÃO,NÃO,NÃO,NÃO,NÃO,NÃO,NÃO,NÃO,NÃO,NÃO,NÃO,NÃO,NÃO,NÃO,NÃO,NÃO,NÃO,NÃO,NÃO,NÃO,NÃO,NÃO,NÃO,NÃO,NÃO,NÃO,NÃO,NÃO,NÃO,NÃO,NÃO,NÃO,NÃO,NÃO,NÃO,NÃO,NÃO,NÃO,NÃO,NÃO,NÃO,NÃO,NÃO,NÃO,NÃO,NÃO,NÃO,NÃO,NÃO,NÃO,NÃO,NÃO,NÃO,NÃO,NÃO,NÃO,NÃO,NÃO,NÃO,NÃO,NÃO,NÃO,NÃO,NÃO,NÃO,NÃO,,
9/22/2021 14:35:00,2004,9/20/2004,040/04,MESA REDONDA,,,,NÃO,,SIM,Sim,SIM,SIM,SIM,NÃO,NÃO,NÃO,NÃO,NÃO,NÃO,NÃO,NÃO,NÃO,NÃO,NÃO,NÃO,NÃO,NÃO,NÃO,NÃO,NÃO,NÃO,NÃO,NÃO,NÃO,NÃO,NÃO,NÃO,NÃO,NÃO,NÃO,NÃO,NÃO,NÃO,NÃO,NÃO,NÃO,NÃO,NÃO,NÃO,NÃO,NÃO,NÃO,NÃO,NÃO,NÃO,NÃO,NÃO,NÃO,NÃO,NÃO,NÃO,NÃO,NÃO,NÃO,NÃO,NÃO,NÃO,NÃO,NÃO,NÃO,NÃO,NÃO,NÃO,NÃO,NÃO,NÃO,NÃO,NÃO,NÃO,NÃO,NÃO,NÃO,NÃO,,
9/22/2021 14:37:52,2004,10/27/2004,040/04BSA,HGPE,PREFEITO,,BA,SIM,Salvador,SIM,Sim,SIM,SIM,SIM,NÃO,NÃO,SIM,NÃO,NÃO,NÃO,NÃO,NÃO,NÃO,NÃO,NÃO,NÃO,NÃO,NÃO,NÃO,NÃO,NÃO,NÃO,NÃO,NÃO,NÃO,NÃO,NÃO,NÃO,NÃO,NÃO,NÃO,NÃO,NÃO,NÃO,NÃO,NÃO,NÃO,NÃO,NÃO,NÃO,SIM,NÃO,NÃO,NÃO,NÃO,NÃO,NÃO,NÃO,NÃO,NÃO,NÃO,NÃO,NÃO,NÃO,NÃO,NÃO,NÃO,NÃO,NÃO,NÃO,NÃO,NÃO,NÃO,NÃO,NÃO,NÃO,NÃO,NÃO,NÃO,NÃO,NÃO,NÃO,NÃO,NÃO,,
9/22/2021 14:40:01,2004,11/28/2004,041/04BSA,HGPE,PREFEITO,,BA,SIM,Salvador,SIM,Sim,SIM,SIM,SIM,NÃO,NÃO,SIM,NÃO,NÃO,NÃO,NÃO,NÃO,NÃO,NÃO,NÃO,NÃO,NÃO,NÃO,NÃO,NÃO,NÃO,NÃO,NÃO,NÃO,NÃO,NÃO,NÃO,NÃO,NÃO,NÃO,NÃO,NÃO,NÃO,NÃO,NÃO,NÃO,NÃO,NÃO,NÃO,NÃO,SIM,NÃO,NÃO,NÃO,NÃO,NÃO,NÃO,NÃO,NÃO,NÃO,NÃO,NÃO,NÃO,NÃO,NÃO,NÃO,NÃO,NÃO,NÃO,NÃO,NÃO,NÃO,NÃO,NÃO,NÃO,NÃO,NÃO,NÃO,NÃO,NÃO,NÃO,NÃO,NÃO,NÃO,,
9/22/2021 14:42:31,2004,10/29/2004,042/04BSA,HGPE,PREFEITO,,BA,SIM,Salvador,SIM,Sim,SIM,SIM,SIM,NÃO,NÃO,SIM,NÃO,NÃO,NÃO,NÃO,NÃO,NÃO,NÃO,NÃO,NÃO,NÃO,NÃO,NÃO,NÃO,NÃO,NÃO,NÃO,NÃO,NÃO,NÃO,NÃO,NÃO,NÃO,NÃO,NÃO,NÃO,NÃO,NÃO,NÃO,NÃO,NÃO,NÃO,NÃO,NÃO,SIM,NÃO,NÃO,NÃO,NÃO,NÃO,NÃO,NÃO,NÃO,NÃO,NÃO,NÃO,NÃO,NÃO,NÃO,NÃO,NÃO,NÃO,NÃO,NÃO,NÃO,NÃO,NÃO,NÃO,NÃO,NÃO,NÃO,NÃO,NÃO,NÃO,NÃO,NÃO,NÃO,NÃO,,
9/22/2021 14:45:23,2004,9/20/2004,043/04SP,DEBATE,PREFEITO,,SP,SIM,São Paulo,SIM,Sim,SIM,SIM,SIM,SIM,SIM,SIM,NÃO,NÃO,NÃO,NÃO,SIM,SIM,NÃO,NÃO,NÃO,NÃO,NÃO,NÃO,NÃO,NÃO,SIM,NÃO,NÃO,NÃO,NÃO,NÃO,NÃO,NÃO,NÃO,NÃO,NÃO,NÃO,NÃO,NÃO,NÃO,NÃO,NÃO,NÃO,NÃO,NÃO,NÃO,NÃO,NÃO,NÃO,NÃO,NÃO,NÃO,NÃO,NÃO,NÃO,NÃO,NÃO,NÃO,NÃO,NÃO,NÃO,NÃO,NÃO,NÃO,NÃO,NÃO,NÃO,NÃO,NÃO,NÃO,NÃO,NÃO,NÃO,NÃO,NÃO,NÃO,NÃO,NÃO,,
9/22/2021 14:49:37,2004,9/18/2004,044/04SP,HGPE,"PREFEITO, VEREADOR",,SP,SIM,São Paulo,SIM,Sim,SIM,SIM,SIM,SIM,SIM,SIM,SIM,NÃO,SIM,SIM,SIM,SIM,SIM,SIM,SIM,SIM,NÃO,SIM,NÃO,NÃO,SIM,NÃO,NÃO,SIM,SIM,SIM,NÃO,SIM,NÃO,NÃO,NÃO,NÃO,NÃO,NÃO,NÃO,NÃO,NÃO,SIM,NÃO,SIM,NÃO,NÃO,NÃO,NÃO,NÃO,NÃO,NÃO,SIM,SIM,NÃO,NÃO,NÃO,NÃO,NÃO,NÃO,NÃO,NÃO,NÃO,NÃO,NÃO,NÃO,NÃO,NÃO,NÃO,NÃO,NÃO,NÃO,NÃO,NÃO,NÃO,NÃO,NÃO,NÃO,,
9/22/2021 14:54:22,2004,9/19/2004,045/04SP,HGPE,"PREFEITO, VEREADOR",,SP,SIM,São Paulo,SIM,Sim,SIM,SIM,SIM,SIM,SIM,SIM,SIM,NÃO,SIM,SIM,SIM,SIM,SIM,SIM,SIM,SIM,NÃO,SIM,NÃO,NÃO,SIM,NÃO,NÃO,SIM,SIM,SIM,NÃO,SIM,NÃO,NÃO,NÃO,NÃO,NÃO,NÃO,NÃO,NÃO,NÃO,SIM,NÃO,SIM,NÃO,NÃO,NÃO,NÃO,NÃO,NÃO,NÃO,SIM,SIM,NÃO,NÃO,NÃO,NÃO,NÃO,NÃO,NÃO,NÃO,NÃO,NÃO,NÃO,NÃO,NÃO,NÃO,NÃO,NÃO,NÃO,NÃO,NÃO,NÃO,NÃO,NÃO,NÃO,NÃO,,
9/22/2021 14:56:27,2004,10/20/2004,046/04SP,HGPE,PREFEITO,,SP,SIM,São Paulo,SIM,Sim,SIM,SIM,SIM,SIM,SIM,NÃO,NÃO,NÃO,NÃO,NÃO,NÃO,NÃO,NÃO,NÃO,NÃO,NÃO,NÃO,NÃO,NÃO,NÃO,NÃO,NÃO,NÃO,NÃO,NÃO,NÃO,NÃO,NÃO,NÃO,NÃO,NÃO,NÃO,NÃO,NÃO,NÃO,NÃO,NÃO,NÃO,NÃO,NÃO,NÃO,NÃO,NÃO,NÃO,NÃO,NÃO,NÃO,NÃO,NÃO,NÃO,NÃO,NÃO,NÃO,NÃO,NÃO,NÃO,NÃO,NÃO,NÃO,NÃO,NÃO,NÃO,NÃO,NÃO,NÃO,NÃO,NÃO,NÃO,NÃO,NÃO,NÃO,NÃO,NÃO,,
9/22/2021 14:58:52,2004,10/21/2004,047/04,HGPE,PREFEITO,,SP,SIM,São Paulo,SIM,Sim,SIM,SIM,SIM,SIM,SIM,NÃO,NÃO,NÃO,NÃO,NÃO,NÃO,NÃO,NÃO,NÃO,NÃO,NÃO,NÃO,NÃO,NÃO,NÃO,NÃO,NÃO,NÃO,NÃO,NÃO,NÃO,NÃO,NÃO,NÃO,NÃO,NÃO,NÃO,NÃO,NÃO,NÃO,NÃO,NÃO,NÃO,NÃO,NÃO,NÃO,NÃO,NÃO,NÃO,NÃO,NÃO,NÃO,NÃO,NÃO,NÃO,NÃO,NÃO,NÃO,NÃO,NÃO,NÃO,NÃO,NÃO,NÃO,NÃO,NÃO,NÃO,NÃO,NÃO,NÃO,NÃO,NÃO,NÃO,NÃO,NÃO,NÃO,NÃO,NÃO,,
9/22/2021 15:01:09,2004,10/10/2004,20041.1.1 DVDI,HGPE,PREFEITO,,,SIM,Rio de Janeiro,SIM,Sim,SIM,SIM,SIM,NÃO,NÃO,NÃO,NÃO,NÃO,NÃO,NÃO,NÃO,NÃO,NÃO,NÃO,NÃO,NÃO,NÃO,NÃO,NÃO,NÃO,NÃO,NÃO,NÃO,NÃO,NÃO,NÃO,NÃO,NÃO,NÃO,NÃO,NÃO,NÃO,NÃO,NÃO,NÃO,NÃO,NÃO,NÃO,NÃO,SIM,NÃO,NÃO,NÃO,NÃO,NÃO,NÃO,NÃO,NÃO,NÃO,NÃO,NÃO,NÃO,NÃO,NÃO,NÃO,NÃO,NÃO,NÃO,NÃO,NÃO,NÃO,NÃO,NÃO,NÃO,NÃO,NÃO,NÃO,NÃO,NÃO,NÃO,NÃO,NÃO,NÃO,,
9/22/2021 15:03:50,2004,10/11/2004,20041.1.1 DVDII,HGPE,PREFEITO,,RJ,SIM,Rio de Janeiro,SIM,Sim,SIM,SIM,SIM,NÃO,NÃO,NÃO,NÃO,NÃO,NÃO,NÃO,NÃO,NÃO,NÃO,NÃO,NÃO,NÃO,NÃO,NÃO,NÃO,NÃO,NÃO,NÃO,NÃO,NÃO,NÃO,NÃO,NÃO,NÃO,NÃO,NÃO,NÃO,NÃO,NÃO,NÃO,NÃO,NÃO,NÃO,NÃO,NÃO,SIM,NÃO,NÃO,NÃO,NÃO,NÃO,NÃO,NÃO,NÃO,NÃO,NÃO,NÃO,NÃO,NÃO,NÃO,NÃO,NÃO,NÃO,NÃO,NÃO,NÃO,NÃO,NÃO,NÃO,NÃO,NÃO,NÃO,NÃO,NÃO,NÃO,NÃO,NÃO,NÃO,NÃO,,
9/22/2021 15:06:08,2004,10/12/2004,20041.1.2,HGPE,"PREFEITO, VEREADOR",,RJ,SIM,Rio de Janeiro,SIM,Sim,SIM,SIM,SIM,NÃO,NÃO,NÃO,NÃO,NÃO,SIM,NÃO,NÃO,NÃO,SIM,NÃO,NÃO,NÃO,NÃO,NÃO,NÃO,NÃO,NÃO,NÃO,NÃO,NÃO,NÃO,NÃO,NÃO,NÃO,NÃO,NÃO,NÃO,NÃO,NÃO,NÃO,NÃO,NÃO,NÃO,NÃO,NÃO,NÃO,NÃO,NÃO,NÃO,NÃO,NÃO,NÃO,NÃO,NÃO,NÃO,NÃO,NÃO,NÃO,NÃO,NÃO,NÃO,NÃO,NÃO,NÃO,NÃO,NÃO,NÃO,NÃO,NÃO,NÃO,NÃO,NÃO,NÃO,NÃO,NÃO,NÃO,NÃO,NÃO,NÃO,,
9/22/2021 15:08:32,2004,10/13/2004,20041.1.3/04,HGPE,PREFEITO,,RJ,SIM,Rio de Janeiro,SIM,Sim,SIM,SIM,SIM,NÃO,NÃO,SIM,NÃO,NÃO,NÃO,NÃO,NÃO,NÃO,NÃO,NÃO,NÃO,NÃO,NÃO,NÃO,NÃO,NÃO,NÃO,NÃO,NÃO,NÃO,NÃO,NÃO,NÃO,NÃO,NÃO,NÃO,NÃO,NÃO,NÃO,NÃO,NÃO,NÃO,NÃO,SIM,NÃO,NÃO,NÃO,NÃO,NÃO,NÃO,NÃO,NÃO,NÃO,NÃO,NÃO,NÃO,NÃO,NÃO,NÃO,NÃO,NÃO,NÃO,NÃO,NÃO,NÃO,NÃO,NÃO,NÃO,NÃO,NÃO,NÃO,NÃO,NÃO,NÃO,NÃO,NÃO,NÃO,NÃO,NÃO,,
10/4/2021 16:35:46,2005,10/1/2005,001/05,DIREÇÃO NACIONAL DO PARTIDO,,,,NÃO,,SIM,Sim,SIM,SIM,SIM,NÃO,NÃO,NÃO,NÃO,NÃO,NÃO,SIM,NÃO,NÃO,NÃO,NÃO,NÃO,NÃO,NÃO,NÃO,NÃO,NÃO,NÃO,NÃO,NÃO,NÃO,NÃO,NÃO,NÃO,NÃO,NÃO,NÃO,NÃO,NÃO,NÃO,NÃO,NÃO,NÃO,NÃO,NÃO,NÃO,NÃO,NÃO,NÃO,NÃO,NÃO,NÃO,NÃO,NÃO,NÃO,NÃO,NÃO,NÃO,NÃO,NÃO,NÃO,NÃO,NÃO,NÃO,NÃO,NÃO,NÃO,NÃO,NÃO,NÃO,NÃO,NÃO,NÃO,NÃO,NÃO,NÃO,NÃO,NÃO,NÃO,NÃO,,
10/4/2021 16:37:57,2005,10/2/2005,002/05,MESA REDONDA,,,,NÃO,,SIM,Sim,SIM,SIM,SIM,NÃO,NÃO,NÃO,NÃO,NÃO,NÃO,NÃO,NÃO,NÃO,NÃO,NÃO,NÃO,NÃO,NÃO,NÃO,NÃO,NÃO,NÃO,NÃO,NÃO,NÃO,NÃO,NÃO,NÃO,NÃO,NÃO,NÃO,NÃO,NÃO,NÃO,NÃO,NÃO,NÃO,NÃO,NÃO,NÃO,NÃO,NÃO,NÃO,NÃO,NÃO,NÃO,NÃO,NÃO,NÃO,NÃO,NÃO,NÃO,NÃO,NÃO,NÃO,NÃO,NÃO,NÃO,NÃO,NÃO,NÃO,NÃO,NÃO,NÃO,NÃO,NÃO,NÃO,NÃO,NÃO,NÃO,NÃO,NÃO,NÃO,NÃO,,
10/4/2021 16:40:46,2005,10/3/2005,003/05-004/05,DIREÇÃO NACIONAL DO PARTIDO,,,,NÃO,,SIM,Sim,SIM,SIM,SIM,NÃO,NÃO,SIM,NÃO,NÃO,NÃO,NÃO,NÃO,SIM,NÃO,SIM,NÃO,NÃO,NÃO,NÃO,NÃO,NÃO,NÃO,NÃO,NÃO,NÃO,NÃO,NÃO,NÃO,NÃO,NÃO,NÃO,NÃO,NÃO,NÃO,NÃO,NÃO,NÃO,NÃO,NÃO,NÃO,NÃO,NÃO,NÃO,NÃO,NÃO,NÃO,NÃO,NÃO,SIM,NÃO,NÃO,NÃO,NÃO,NÃO,NÃO,NÃO,NÃO,NÃO,NÃO,NÃO,NÃO,NÃO,NÃO,NÃO,NÃO,NÃO,NÃO,NÃO,NÃO,NÃO,NÃO,NÃO,NÃO,NÃO,,
10/4/2021 16:44:01,2005,10/4/2005,005/05,DIREÇÃO NACIONAL DO PARTIDO,,,,NÃO,,SIM,Sim,SIM,SIM,SIM,NÃO,NÃO,NÃO,NÃO,NÃO,NÃO,NÃO,NÃO,SIM,NÃO,NÃO,NÃO,NÃO,NÃO,NÃO,NÃO,NÃO,NÃO,NÃO,NÃO,NÃO,NÃO,NÃO,NÃO,NÃO,NÃO,NÃO,NÃO,NÃO,NÃO,NÃO,NÃO,NÃO,NÃO,NÃO,NÃO,NÃO,NÃO,NÃO,NÃO,NÃO,NÃO,NÃO,NÃO,NÃO,NÃO,NÃO,NÃO,NÃO,NÃO,NÃO,NÃO,NÃO,NÃO,NÃO,NÃO,NÃO,NÃO,NÃO,NÃO,NÃO,NÃO,NÃO,NÃO,NÃO,NÃO,NÃO,NÃO,NÃO,NÃO,,
10/4/2021 16:47:34,2005,10/5/2005,05s/codXLI,MESA REDONDA,,,,NÃO,,SIM,Sim,SIM,SIM,SIM,NÃO,NÃO,NÃO,NÃO,NÃO,NÃO,NÃO,NÃO,NÃO,NÃO,NÃO,NÃO,NÃO,NÃO,NÃO,NÃO,NÃO,NÃO,NÃO,NÃO,NÃO,NÃO,NÃO,NÃO,NÃO,NÃO,NÃO,NÃO,NÃO,NÃO,NÃO,NÃO,NÃO,NÃO,NÃO,NÃO,NÃO,NÃO,NÃO,NÃO,NÃO,NÃO,NÃO,NÃO,NÃO,NÃO,NÃO,NÃO,NÃO,NÃO,NÃO,NÃO,NÃO,NÃO,NÃO,NÃO,NÃO,NÃO,NÃO,NÃO,NÃO,NÃO,NÃO,NÃO,NÃO,NÃO,NÃO,NÃO,NÃO,NÃO,,
10/4/2021 16:50:33,2005,10/6/2005,007/05,DIREÇÃO NACIONAL DO PARTIDO,,,,NÃO,,SIM,Sim,SIM,SIM,SIM,SIM,NÃO,SIM,NÃO,NÃO,NÃO,NÃO,NÃO,NÃO,NÃO,NÃO,NÃO,SIM,NÃO,SIM,NÃO,NÃO,NÃO,NÃO,NÃO,NÃO,SIM,NÃO,SIM,NÃO,NÃO,NÃO,NÃO,NÃO,NÃO,NÃO,NÃO,NÃO,NÃO,NÃO,NÃO,NÃO,NÃO,NÃO,NÃO,NÃO,NÃO,NÃO,NÃO,NÃO,NÃO,NÃO,NÃO,NÃO,NÃO,NÃO,NÃO,NÃO,NÃO,NÃO,NÃO,NÃO,NÃO,NÃO,NÃO,NÃO,NÃO,NÃO,NÃO,NÃO,NÃO,NÃO,NÃO,NÃO,NÃO,,
10/4/2021 16:52:52,2005,10/7/2005,009/05,DIREÇÃO NACIONAL DO PARTIDO,,,,NÃO,,SIM,Sim,SIM,SIM,SIM,NÃO,SIM,NÃO,NÃO,NÃO,SIM,NÃO,NÃO,NÃO,NÃO,NÃO,NÃO,NÃO,NÃO,NÃO,NÃO,NÃO,NÃO,NÃO,NÃO,NÃO,NÃO,NÃO,NÃO,NÃO,NÃO,NÃO,NÃO,NÃO,NÃO,NÃO,NÃO,NÃO,NÃO,NÃO,NÃO,NÃO,NÃO,NÃO,NÃO,NÃO,NÃO,NÃO,NÃO,NÃO,NÃO,NÃO,NÃO,NÃO,NÃO,NÃO,NÃO,NÃO,NÃO,NÃO,NÃO,NÃO,NÃO,NÃO,NÃO,NÃO,NÃO,NÃO,NÃO,NÃO,NÃO,NÃO,NÃO,NÃO,NÃO,,
10/4/2021 16:55:38,2005,10/8/2005,10/05,OUTRO,,A gravação não reproduz,,NÃO,,SIM,Não,SIM,SIM,SIM,NÃO,NÃO,NÃO,NÃO,NÃO,NÃO,NÃO,NÃO,NÃO,NÃO,NÃO,NÃO,NÃO,NÃO,NÃO,NÃO,NÃO,NÃO,NÃO,NÃO,NÃO,NÃO,NÃO,NÃO,NÃO,NÃO,NÃO,NÃO,NÃO,NÃO,NÃO,NÃO,NÃO,NÃO,NÃO,NÃO,NÃO,NÃO,NÃO,NÃO,NÃO,NÃO,NÃO,NÃO,NÃO,NÃO,NÃO,NÃO,NÃO,NÃO,NÃO,NÃO,NÃO,NÃO,NÃO,NÃO,NÃO,NÃO,NÃO,NÃO,NÃO,NÃO,NÃO,NÃO,NÃO,NÃO,NÃO,NÃO,NÃO,NÃO,,
10/4/2021 16:58:38,2005,10/9/2005,11/05,DIREÇÃO NACIONAL DO PARTIDO,,,,NÃO,,SIM,Sim,SIM,SIM,SIM,SIM,SIM,NÃO,NÃO,NÃO,NÃO,NÃO,SIM,NÃO,NÃO,NÃO,SIM,NÃO,NÃO,NÃO,NÃO,NÃO,NÃO,NÃO,NÃO,NÃO,NÃO,NÃO,NÃO,NÃO,NÃO,NÃO,NÃO,NÃO,NÃO,NÃO,NÃO,NÃO,NÃO,SIM,NÃO,NÃO,NÃO,NÃO,NÃO,NÃO,NÃO,NÃO,NÃO,NÃO,NÃO,NÃO,NÃO,NÃO,NÃO,NÃO,NÃO,NÃO,NÃO,NÃO,NÃO,NÃO,NÃO,NÃO,NÃO,NÃO,NÃO,NÃO,NÃO,NÃO,NÃO,NÃO,NÃO,NÃO,NÃO,,
10/4/2021 17:00:56,2005,10/10/2005,12/05,DIREÇÃO NACIONAL DO PARTIDO,,,,NÃO,,SIM,Sim,SIM,SIM,SIM,NÃO,SIM,SIM,NÃO,NÃO,NÃO,NÃO,SIM,SIM,NÃO,SIM,NÃO,NÃO,NÃO,NÃO,NÃO,NÃO,NÃO,NÃO,NÃO,NÃO,NÃO,NÃO,NÃO,NÃO,NÃO,NÃO,NÃO,NÃO,NÃO,NÃO,NÃO,NÃO,NÃO,NÃO,NÃO,NÃO,NÃO,NÃO,NÃO,NÃO,NÃO,NÃO,NÃO,NÃO,NÃO,NÃO,NÃO,NÃO,NÃO,NÃO,NÃO,NÃO,NÃO,NÃO,NÃO,NÃO,NÃO,NÃO,NÃO,NÃO,NÃO,NÃO,NÃO,NÃO,NÃO,NÃO,NÃO,NÃO,NÃO,,
10/4/2021 17:03:44,2005,10/11/2005,13/05,DIREÇÃO NACIONAL DO PARTIDO,,,,NÃO,,SIM,Sim,SIM,SIM,SIM,SIM,NÃO,SIM,NÃO,NÃO,NÃO,SIM,NÃO,SIM,NÃO,NÃO,NÃO,NÃO,NÃO,NÃO,NÃO,NÃO,NÃO,NÃO,NÃO,NÃO,NÃO,NÃO,NÃO,NÃO,NÃO,NÃO,NÃO,NÃO,NÃO,NÃO,NÃO,NÃO,NÃO,NÃO,NÃO,SIM,NÃO,NÃO,NÃO,NÃO,NÃO,NÃO,NÃO,NÃO,NÃO,NÃO,NÃO,NÃO,NÃO,NÃO,NÃO,NÃO,NÃO,NÃO,NÃO,NÃO,NÃO,NÃO,NÃO,NÃO,NÃO,NÃO,NÃO,NÃO,NÃO,NÃO,NÃO,NÃO,NÃO,,
10/4/2021 17:06:11,2005,10/12/2005,14/05,TELEJORNAL,,,,NÃO,,SIM,Sim,SIM,SIM,SIM,NÃO,NÃO,NÃO,NÃO,NÃO,NÃO,NÃO,NÃO,NÃO,NÃO,NÃO,NÃO,NÃO,NÃO,NÃO,NÃO,NÃO,NÃO,NÃO,NÃO,NÃO,NÃO,NÃO,NÃO,NÃO,NÃO,NÃO,NÃO,NÃO,NÃO,NÃO,NÃO,NÃO,NÃO,NÃO,NÃO,NÃO,NÃO,NÃO,NÃO,NÃO,NÃO,NÃO,NÃO,NÃO,NÃO,NÃO,NÃO,NÃO,NÃO,NÃO,NÃO,NÃO,NÃO,NÃO,NÃO,NÃO,NÃO,NÃO,NÃO,NÃO,NÃO,NÃO,NÃO,NÃO,NÃO,NÃO,NÃO,NÃO,NÃO,,
10/4/2021 17:08:50,2005,10/13/2005,15/05,DIREÇÃO NACIONAL DO PARTIDO,,,,NÃO,,SIM,Sim,SIM,SIM,SIM,NÃO,NÃO,NÃO,SIM,NÃO,NÃO,SIM,NÃO,NÃO,NÃO,NÃO,SIM,NÃO,NÃO,NÃO,NÃO,NÃO,NÃO,NÃO,NÃO,NÃO,NÃO,NÃO,NÃO,NÃO,NÃO,NÃO,NÃO,NÃO,NÃO,NÃO,NÃO,NÃO,NÃO,NÃO,NÃO,SIM,NÃO,NÃO,NÃO,NÃO,NÃO,NÃO,NÃO,NÃO,NÃO,NÃO,NÃO,NÃO,NÃO,NÃO,NÃO,NÃO,NÃO,NÃO,NÃO,NÃO,NÃO,NÃO,NÃO,NÃO,NÃO,NÃO,NÃO,NÃO,NÃO,NÃO,NÃO,NÃO,NÃO,,
10/4/2021 17:12:27,2005,10/14/2005,016/05,DIREÇÃO NACIONAL DO PARTIDO,,,,NÃO,,SIM,Sim,SIM,SIM,SIM,NÃO,NÃO,NÃO,SIM,NÃO,SIM,NÃO,NÃO,SIM,NÃO,NÃO,NÃO,NÃO,NÃO,NÃO,NÃO,NÃO,NÃO,NÃO,NÃO,NÃO,NÃO,NÃO,NÃO,NÃO,NÃO,NÃO,NÃO,NÃO,NÃO,NÃO,NÃO,NÃO,NÃO,SIM,NÃO,NÃO,NÃO,NÃO,NÃO,NÃO,NÃO,NÃO,NÃO,NÃO,NÃO,NÃO,NÃO,NÃO,NÃO,NÃO,NÃO,NÃO,NÃO,NÃO,NÃO,NÃO,NÃO,NÃO,NÃO,NÃO,NÃO,NÃO,NÃO,NÃO,NÃO,NÃO,NÃO,NÃO,NÃO,,
10/4/2021 17:15:20,2005,10/15/2005,017/05,DIREÇÃO NACIONAL DO PARTIDO,,,,NÃO,,SIM,Sim,SIM,SIM,SIM,NÃO,NÃO,NÃO,NÃO,NÃO,SIM,NÃO,NÃO,SIM,NÃO,NÃO,NÃO,NÃO,NÃO,SIM,NÃO,NÃO,NÃO,NÃO,NÃO,NÃO,NÃO,NÃO,NÃO,NÃO,NÃO,NÃO,NÃO,NÃO,NÃO,NÃO,NÃO,NÃO,NÃO,NÃO,NÃO,SIM,NÃO,NÃO,NÃO,NÃO,NÃO,NÃO,NÃO,NÃO,NÃO,NÃO,NÃO,NÃO,NÃO,NÃO,NÃO,NÃO,NÃO,NÃO,NÃO,NÃO,NÃO,NÃO,NÃO,NÃO,NÃO,NÃO,NÃO,NÃO,NÃO,NÃO,NÃO,NÃO,NÃO,,
10/4/2021 17:18:44,2005,4/16/2005,018/05,DIREÇÃO NACIONAL DO PARTIDO,,,,NÃO,,SIM,Sim,SIM,SIM,SIM,NÃO,NÃO,NÃO,NÃO,NÃO,SIM,NÃO,NÃO,SIM,NÃO,SIM,SIM,NÃO,NÃO,NÃO,NÃO,NÃO,NÃO,NÃO,NÃO,NÃO,NÃO,NÃO,NÃO,SIM,NÃO,NÃO,NÃO,NÃO,NÃO,NÃO,NÃO,NÃO,NÃO,SIM,NÃO,SIM,NÃO,NÃO,NÃO,NÃO,NÃO,NÃO,NÃO,NÃO,NÃO,NÃO,NÃO,NÃO,NÃO,NÃO,NÃO,NÃO,NÃO,NÃO,NÃO,NÃO,NÃO,NÃO,NÃO,NÃO,NÃO,NÃO,NÃO,NÃO,NÃO,NÃO,NÃO,NÃO,NÃO,,
10/4/2021 17:20:54,2005,10/17/2005,019/05,DIREÇÃO NACIONAL DO PARTIDO,,,,NÃO,,SIM,Sim,SIM,SIM,SIM,SIM,NÃO,NÃO,NÃO,NÃO,NÃO,NÃO,SIM,NÃO,NÃO,NÃO,NÃO,NÃO,NÃO,NÃO,NÃO,NÃO,NÃO,NÃO,NÃO,NÃO,NÃO,NÃO,NÃO,NÃO,NÃO,NÃO,NÃO,NÃO,NÃO,NÃO,NÃO,NÃO,NÃO,NÃO,NÃO,NÃO,SIM,NÃO,NÃO,NÃO,NÃO,NÃO,NÃO,NÃO,NÃO,NÃO,NÃO,NÃO,NÃO,NÃO,NÃO,NÃO,NÃO,NÃO,NÃO,NÃO,NÃO,NÃO,NÃO,NÃO,NÃO,NÃO,NÃO,NÃO,NÃO,NÃO,NÃO,NÃO,NÃO,,
10/4/2021 17:23:30,2005,10/18/2005,020/05,DIREÇÃO NACIONAL DO PARTIDO,,,,NÃO,,SIM,Sim,SIM,SIM,SIM,SIM,NÃO,NÃO,SIM,NÃO,SIM,NÃO,NÃO,NÃO,NÃO,SIM,SIM,NÃO,NÃO,NÃO,NÃO,NÃO,NÃO,NÃO,NÃO,NÃO,NÃO,NÃO,NÃO,NÃO,NÃO,NÃO,NÃO,NÃO,NÃO,NÃO,NÃO,NÃO,NÃO,SIM,NÃO,NÃO,NÃO,NÃO,NÃO,NÃO,NÃO,NÃO,NÃO,NÃO,NÃO,NÃO,NÃO,NÃO,NÃO,NÃO,NÃO,NÃO,NÃO,NÃO,NÃO,NÃO,NÃO,NÃO,NÃO,NÃO,NÃO,NÃO,NÃO,NÃO,NÃO,NÃO,NÃO,NÃO,NÃO,,
10/4/2021 17:25:34,2005,10/19/2005,021/05,TELEJORNAL,,,,NÃO,,SIM,Sim,SIM,SIM,SIM,NÃO,NÃO,NÃO,NÃO,NÃO,NÃO,NÃO,NÃO,NÃO,NÃO,NÃO,NÃO,NÃO,NÃO,NÃO,NÃO,NÃO,NÃO,NÃO,NÃO,NÃO,NÃO,NÃO,NÃO,NÃO,NÃO,NÃO,NÃO,NÃO,NÃO,NÃO,NÃO,NÃO,NÃO,NÃO,NÃO,NÃO,NÃO,NÃO,NÃO,NÃO,NÃO,NÃO,NÃO,NÃO,NÃO,NÃO,NÃO,NÃO,NÃO,NÃO,NÃO,NÃO,NÃO,NÃO,NÃO,NÃO,NÃO,NÃO,NÃO,NÃO,NÃO,NÃO,NÃO,NÃO,NÃO,NÃO,NÃO,NÃO,NÃO,,
10/4/2021 17:29:01,2005,10/20/2005,023/05,DIREÇÃO NACIONAL DO PARTIDO,,,,NÃO,,SIM,Sim,SIM,SIM,SIM,SIM,NÃO,SIM,SIM,NÃO,SIM,SIM,NÃO,NÃO,SIM,SIM,SIM,NÃO,NÃO,NÃO,NÃO,NÃO,SIM,SIM,NÃO,SIM,SIM,NÃO,NÃO,NÃO,NÃO,NÃO,NÃO,NÃO,NÃO,NÃO,NÃO,NÃO,NÃO,NÃO,NÃO,SIM,SIM,NÃO,NÃO,NÃO,NÃO,NÃO,NÃO,SIM,NÃO,NÃO,NÃO,NÃO,NÃO,NÃO,NÃO,NÃO,NÃO,NÃO,NÃO,NÃO,NÃO,NÃO,NÃO,NÃO,NÃO,NÃO,NÃO,NÃO,NÃO,NÃO,NÃO,NÃO,NÃO,,
10/4/2021 17:31:21,2005,10/21/2005,024/05,DIREÇÃO NACIONAL DO PARTIDO,,,,NÃO,,SIM,Sim,SIM,SIM,SIM,SIM,NÃO,NÃO,SIM,NÃO,SIM,NÃO,SIM,NÃO,NÃO,SIM,NÃO,NÃO,NÃO,NÃO,NÃO,NÃO,NÃO,NÃO,NÃO,NÃO,NÃO,NÃO,NÃO,NÃO,NÃO,NÃO,NÃO,NÃO,NÃO,NÃO,NÃO,NÃO,NÃO,NÃO,NÃO,NÃO,NÃO,NÃO,NÃO,NÃO,NÃO,NÃO,NÃO,NÃO,NÃO,NÃO,NÃO,NÃO,NÃO,NÃO,NÃO,NÃO,NÃO,NÃO,NÃO,NÃO,NÃO,NÃO,NÃO,NÃO,NÃO,NÃO,NÃO,NÃO,NÃO,NÃO,NÃO,NÃO,NÃO,,
10/4/2021 17:33:46,2005,10/22/2005,025/05,DIREÇÃO NACIONAL DO PARTIDO,,,,NÃO,,SIM,Sim,SIM,SIM,SIM,NÃO,NÃO,SIM,NÃO,NÃO,NÃO,NÃO,NÃO,NÃO,NÃO,NÃO,NÃO,NÃO,NÃO,NÃO,NÃO,NÃO,NÃO,NÃO,NÃO,NÃO,NÃO,NÃO,NÃO,NÃO,NÃO,NÃO,NÃO,NÃO,NÃO,NÃO,NÃO,NÃO,NÃO,NÃO,NÃO,NÃO,SIM,NÃO,NÃO,NÃO,NÃO,NÃO,NÃO,NÃO,NÃO,NÃO,NÃO,NÃO,NÃO,NÃO,NÃO,NÃO,NÃO,NÃO,NÃO,NÃO,NÃO,NÃO,NÃO,NÃO,NÃO,NÃO,NÃO,NÃO,NÃO,NÃO,NÃO,NÃO,NÃO,,
10/4/2021 17:35:59,2005,10/23/2005,026/05 ,DIREÇÃO NACIONAL DO PARTIDO,,,,NÃO,,SIM,Sim,SIM,SIM,SIM,NÃO,NÃO,NÃO,NÃO,NÃO,NÃO,NÃO,NÃO,SIM,NÃO,NÃO,NÃO,NÃO,NÃO,NÃO,NÃO,NÃO,NÃO,NÃO,NÃO,NÃO,NÃO,NÃO,NÃO,NÃO,NÃO,NÃO,NÃO,NÃO,NÃO,NÃO,NÃO,NÃO,NÃO,NÃO,NÃO,NÃO,NÃO,NÃO,NÃO,NÃO,NÃO,NÃO,NÃO,NÃO,NÃO,NÃO,NÃO,NÃO,NÃO,NÃO,NÃO,NÃO,NÃO,NÃO,NÃO,NÃO,NÃO,NÃO,NÃO,NÃO,NÃO,NÃO,NÃO,NÃO,NÃO,NÃO,NÃO,NÃO,NÃO,,
10/5/2021 15:01:38,2006,10/1/2006,001/06BA,HGPE,"GOVERNADOR, SENADOR, DEPUTADO ESTADUAL",,BA,SIM,,SIM,Sim,SIM,SIM,SIM,SIM,SIM,SIM,NÃO,NÃO,SIM,SIM,SIM,SIM,SIM,SIM,NÃO,SIM,SIM,SIM,NÃO,NÃO,SIM,SIM,SIM,SIM,NÃO,SIM,SIM,NÃO,NÃO,NÃO,NÃO,NÃO,NÃO,NÃO,NÃO,NÃO,NÃO,SIM,NÃO,SIM,NÃO,NÃO,NÃO,NÃO,NÃO,NÃO,NÃO,SIM,SIM,NÃO,NÃO,NÃO,NÃO,NÃO,NÃO,NÃO,NÃO,NÃO,NÃO,NÃO,NÃO,NÃO,NÃO,NÃO,NÃO,NÃO,NÃO,NÃO,NÃO,NÃO,NÃO,NÃO,NÃO,,
10/5/2021 15:04:34,2006,10/2/2006,001/06,DIREÇÃO NACIONAL DO PARTIDO,,,,NÃO,,SIM,Sim,SIM,SIM,SIM,NÃO,NÃO,SIM,NÃO,NÃO,NÃO,NÃO,NÃO,NÃO,NÃO,NÃO,NÃO,NÃO,NÃO,NÃO,NÃO,NÃO,NÃO,NÃO,NÃO,NÃO,NÃO,NÃO,NÃO,NÃO,NÃO,NÃO,NÃO,NÃO,NÃO,NÃO,NÃO,NÃO,NÃO,NÃO,NÃO,SIM,NÃO,NÃO,NÃO,NÃO,NÃO,NÃO,NÃO,NÃO,NÃO,NÃO,NÃO,NÃO,NÃO,NÃO,NÃO,NÃO,NÃO,NÃO,NÃO,NÃO,NÃO,NÃO,NÃO,NÃO,NÃO,NÃO,NÃO,NÃO,NÃO,NÃO,NÃO,NÃO,NÃO,,
10/5/2021 15:09:55,2006,8/25/2006,002/06BA,HGPE,"GOVERNADOR, SENADOR, DEPUTADO ESTADUAL",A gravação apresenta defeito de 1:35:22 até o fim,BA,NÃO,,SIM,Sim,SIM,SIM,SIM,SIM,SIM,SIM,NÃO,NÃO,SIM,SIM,SIM,SIM,SIM,SIM,NÃO,SIM,SIM,SIM,NÃO,NÃO,SIM,SIM,SIM,SIM,NÃO,SIM,SIM,NÃO,NÃO,NÃO,NÃO,NÃO,NÃO,NÃO,NÃO,NÃO,NÃO,SIM,NÃO,SIM,NÃO,NÃO,NÃO,NÃO,NÃO,NÃO,NÃO,SIM,SIM,NÃO,NÃO,NÃO,NÃO,NÃO,NÃO,NÃO,NÃO,NÃO,NÃO,NÃO,NÃO,NÃO,NÃO,NÃO,NÃO,NÃO,NÃO,NÃO,NÃO,NÃO,NÃO,NÃO,NÃO,,
10/5/2021 15:12:33,2006,8/26/2006,002/06,DIREÇÃO NACIONAL DO PARTIDO,,,,SIM,,SIM,Sim,SIM,SIM,SIM,NÃO,NÃO,NÃO,NÃO,NÃO,NÃO,NÃO,SIM,NÃO,NÃO,SIM,NÃO,NÃO,NÃO,NÃO,NÃO,NÃO,NÃO,NÃO,NÃO,NÃO,NÃO,NÃO,NÃO,NÃO,NÃO,NÃO,NÃO,NÃO,NÃO,NÃO,NÃO,NÃO,NÃO,NÃO,NÃO,NÃO,NÃO,NÃO,NÃO,NÃO,NÃO,NÃO,NÃO,NÃO,NÃO,NÃO,NÃO,NÃO,NÃO,NÃO,NÃO,NÃO,NÃO,NÃO,NÃO,NÃO,NÃO,NÃO,NÃO,NÃO,NÃO,NÃO,NÃO,NÃO,NÃO,NÃO,NÃO,NÃO,NÃO,,
10/5/2021 15:17:05,2006,9/2/2006,003/06,DIREÇÃO NACIONAL DO PARTIDO,,,,NÃO,,SIM,Sim,SIM,SIM,SIM,NÃO,NÃO,NÃO,SIM,NÃO,SIM,NÃO,NÃO,SIM,NÃO,NÃO,NÃO,NÃO,NÃO,NÃO,NÃO,NÃO,NÃO,NÃO,NÃO,NÃO,NÃO,NÃO,NÃO,NÃO,NÃO,NÃO,NÃO,NÃO,NÃO,NÃO,NÃO,NÃO,NÃO,SIM,NÃO,NÃO,NÃO,NÃO,NÃO,NÃO,NÃO,NÃO,NÃO,NÃO,NÃO,NÃO,NÃO,NÃO,NÃO,NÃO,NÃO,NÃO,NÃO,NÃO,NÃO,NÃO,NÃO,NÃO,NÃO,NÃO,NÃO,NÃO,NÃO,NÃO,NÃO,NÃO,NÃO,NÃO,NÃO,,
10/5/2021 15:22:08,2006,8/27/2006,003/06BA,HGPE,"GOVERNADOR, SENADOR, DEPUTADO ESTADUAL",A gravação está com a qualidade ruim do início até 1:35:54 ,BA,SIM,,SIM,Sim,SIM,SIM,SIM,SIM,SIM,SIM,NÃO,NÃO,SIM,SIM,SIM,SIM,SIM,SIM,NÃO,SIM,SIM,SIM,NÃO,NÃO,SIM,SIM,SIM,SIM,NÃO,SIM,SIM,NÃO,NÃO,NÃO,NÃO,NÃO,NÃO,NÃO,NÃO,NÃO,NÃO,SIM,NÃO,SIM,NÃO,NÃO,NÃO,NÃO,NÃO,NÃO,NÃO,SIM,SIM,NÃO,NÃO,NÃO,NÃO,NÃO,NÃO,NÃO,NÃO,NÃO,NÃO,NÃO,NÃO,NÃO,NÃO,NÃO,NÃO,NÃO,NÃO,NÃO,NÃO,NÃO,NÃO,NÃO,NÃO,,
10/5/2021 15:25:30,2006,8/28/2006,004/06,HGPE,DEPUTADO FEDERAL,A gravação tem apenas 28 segundos (INCOMPLETO),RJ,NÃO,,SIM,Sim,SIM,SIM,SIM,NÃO,NÃO,NÃO,NÃO,NÃO,NÃO,NÃO,NÃO,NÃO,NÃO,NÃO,NÃO,NÃO,NÃO,NÃO,NÃO,NÃO,NÃO,NÃO,NÃO,NÃO,NÃO,NÃO,NÃO,NÃO,NÃO,NÃO,NÃO,NÃO,NÃO,NÃO,NÃO,NÃO,NÃO,SIM,NÃO,NÃO,NÃO,NÃO,NÃO,NÃO,NÃO,NÃO,NÃO,NÃO,NÃO,NÃO,NÃO,NÃO,NÃO,NÃO,NÃO,NÃO,NÃO,NÃO,NÃO,NÃO,NÃO,NÃO,NÃO,NÃO,NÃO,NÃO,NÃO,NÃO,NÃO,NÃO,NÃO,NÃO,NÃO,,
10/5/2021 15:31:28,2006,8/29/2006,004/06BA,HGPE,"GOVERNADOR, SENADOR, DEPUTADO ESTADUAL",,BA,SIM,,SIM,Sim,SIM,SIM,SIM,SIM,SIM,SIM,NÃO,NÃO,SIM,SIM,SIM,SIM,SIM,SIM,NÃO,SIM,SIM,SIM,NÃO,NÃO,SIM,SIM,SIM,SIM,NÃO,SIM,SIM,NÃO,NÃO,NÃO,NÃO,NÃO,NÃO,NÃO,NÃO,NÃO,NÃO,SIM,NÃO,SIM,NÃO,NÃO,NÃO,NÃO,NÃO,NÃO,NÃO,SIM,SIM,NÃO,NÃO,NÃO,NÃO,NÃO,NÃO,NÃO,NÃO,NÃO,NÃO,NÃO,NÃO,NÃO,NÃO,NÃO,NÃO,NÃO,NÃO,NÃO,NÃO,NÃO,NÃO,NÃO,NÃO,,
10/5/2021 15:34:35,2006,8/30/2006,005/06,DIREÇÃO NACIONAL DO PARTIDO,,A gravação tem apenas 30 segundos,,NÃO,,SIM,Sim,SIM,SIM,SIM,NÃO,NÃO,NÃO,NÃO,NÃO,NÃO,NÃO,SIM,NÃO,NÃO,NÃO,NÃO,NÃO,NÃO,NÃO,NÃO,NÃO,NÃO,NÃO,NÃO,NÃO,NÃO,NÃO,NÃO,NÃO,NÃO,NÃO,NÃO,NÃO,NÃO,NÃO,NÃO,NÃO,NÃO,NÃO,NÃO,NÃO,NÃO,NÃO,NÃO,NÃO,NÃO,NÃO,NÃO,NÃO,NÃO,NÃO,NÃO,NÃO,NÃO,NÃO,NÃO,NÃO,NÃO,NÃO,NÃO,NÃO,NÃO,NÃO,NÃO,NÃO,NÃO,NÃO,NÃO,NÃO,NÃO,NÃO,NÃO,NÃO,NÃO,,
10/5/2021 15:40:40,2006,9/1/2006,005/06BA,HGPE,"GOVERNADOR, SENADOR, DEPUTADO ESTADUAL",,BA,SIM,,SIM,Sim,SIM,SIM,SIM,SIM,SIM,SIM,NÃO,NÃO,SIM,SIM,SIM,SIM,SIM,SIM,NÃO,SIM,SIM,SIM,NÃO,NÃO,SIM,SIM,SIM,SIM,NÃO,SIM,SIM,NÃO,NÃO,NÃO,NÃO,NÃO,NÃO,NÃO,NÃO,NÃO,NÃO,SIM,NÃO,SIM,NÃO,NÃO,NÃO,NÃO,NÃO,NÃO,NÃO,SIM,SIM,NÃO,NÃO,NÃO,NÃO,NÃO,NÃO,NÃO,NÃO,NÃO,NÃO,NÃO,NÃO,NÃO,NÃO,NÃO,NÃO,NÃO,NÃO,NÃO,NÃO,NÃO,NÃO,NÃO,NÃO,,
10/5/2021 15:49:20,2006,9/2/2006,006/06BA,HGPE,"GOVERNADOR, SENADOR, DEPUTADO ESTADUAL",A gravação apresenta baixa qualidade do início até 1:31:50,,SIM,,SIM,Sim,SIM,SIM,SIM,SIM,SIM,SIM,NÃO,NÃO,SIM,SIM,SIM,SIM,SIM,SIM,NÃO,SIM,SIM,SIM,NÃO,NÃO,SIM,SIM,SIM,SIM,NÃO,SIM,SIM,NÃO,NÃO,NÃO,NÃO,NÃO,NÃO,NÃO,NÃO,NÃO,NÃO,SIM,NÃO,SIM,NÃO,NÃO,NÃO,NÃO,NÃO,NÃO,NÃO,SIM,SIM,NÃO,NÃO,NÃO,NÃO,NÃO,NÃO,NÃO,NÃO,NÃO,NÃO,NÃO,NÃO,NÃO,NÃO,NÃO,NÃO,NÃO,NÃO,NÃO,NÃO,NÃO,NÃO,NÃO,NÃO,,
10/5/2021 15:51:42,2006,9/3/2006,006/06,DIREÇÃO NACIONAL DO PARTIDO,,A gravação tem apenas 31 segundos (INCOMPLETO),,NÃO,,SIM,Sim,SIM,SIM,SIM,NÃO,NÃO,NÃO,NÃO,NÃO,NÃO,NÃO,NÃO,NÃO,NÃO,NÃO,SIM,NÃO,NÃO,NÃO,NÃO,NÃO,NÃO,NÃO,NÃO,NÃO,NÃO,NÃO,NÃO,NÃO,NÃO,NÃO,NÃO,NÃO,NÃO,NÃO,NÃO,NÃO,NÃO,NÃO,NÃO,NÃO,NÃO,NÃO,NÃO,NÃO,NÃO,NÃO,NÃO,NÃO,NÃO,NÃO,NÃO,NÃO,NÃO,NÃO,NÃO,NÃO,NÃO,NÃO,NÃO,NÃO,NÃO,NÃO,NÃO,NÃO,NÃO,NÃO,NÃO,NÃO,NÃO,NÃO,NÃO,NÃO,NÃO,,
10/5/2021 15:56:52,2006,9/4/2006,006/06MG,HGPE,"PRESIDENTE, DEPUTADO FEDERAL, DEPUTADO ESTADUAL",,"BRASIL, MG",NÃO,,SIM,Sim,SIM,SIM,SIM,SIM,SIM,SIM,SIM,NÃO,SIM,SIM,SIM,SIM,SIM,SIM,SIM,SIM,SIM,SIM,NÃO,SIM,SIM,SIM,SIM,SIM,SIM,SIM,SIM,NÃO,SIM,NÃO,NÃO,NÃO,NÃO,NÃO,NÃO,NÃO,NÃO,SIM,NÃO,SIM,SIM,NÃO,NÃO,NÃO,NÃO,NÃO,NÃO,SIM,SIM,NÃO,NÃO,NÃO,NÃO,NÃO,NÃO,NÃO,NÃO,NÃO,NÃO,NÃO,NÃO,NÃO,NÃO,NÃO,NÃO,NÃO,NÃO,NÃO,NÃO,NÃO,NÃO,NÃO,NÃO,,
10/5/2021 16:05:36,2006,9/5/2006,006/06RJ,HGPE,"GOVERNADOR, SENADOR, DEPUTADO ESTADUAL","Na descrição está como RJ, mas na verdade é de MG",MG,SIM,,SIM,Sim,SIM,SIM,SIM,SIM,SIM,SIM,SIM,NÃO,SIM,SIM,SIM,SIM,SIM,SIM,SIM,SIM,SIM,SIM,NÃO,SIM,SIM,NÃO,SIM,SIM,SIM,SIM,SIM,SIM,SIM,NÃO,NÃO,NÃO,NÃO,NÃO,NÃO,NÃO,NÃO,SIM,NÃO,SIM,SIM,NÃO,NÃO,NÃO,NÃO,NÃO,NÃO,SIM,SIM,NÃO,NÃO,NÃO,NÃO,NÃO,NÃO,NÃO,NÃO,NÃO,NÃO,NÃO,NÃO,NÃO,NÃO,NÃO,NÃO,NÃO,NÃO,NÃO,NÃO,NÃO,NÃO,NÃO,NÃO,,
10/5/2021 16:09:11,2006,10/10/2006,06scodI,HGPE,PRESIDENTE,,BRASIL,NÃO,,SIM,Sim,SIM,SIM,SIM,SIM,SIM,NÃO,NÃO,NÃO,NÃO,NÃO,NÃO,NÃO,NÃO,NÃO,NÃO,NÃO,NÃO,NÃO,NÃO,NÃO,NÃO,NÃO,NÃO,NÃO,NÃO,NÃO,NÃO,NÃO,NÃO,NÃO,NÃO,NÃO,NÃO,NÃO,NÃO,NÃO,NÃO,NÃO,NÃO,NÃO,NÃO,NÃO,NÃO,NÃO,NÃO,NÃO,NÃO,NÃO,NÃO,NÃO,NÃO,NÃO,NÃO,NÃO,NÃO,NÃO,NÃO,NÃO,NÃO,NÃO,NÃO,NÃO,NÃO,NÃO,NÃO,NÃO,NÃO,NÃO,NÃO,NÃO,NÃO,NÃO,NÃO,,
10/6/2021 14:46:53,2006,10/6/2006,06scodIiii,TELEJORNAL,PRESIDENTE,,BRASIL,NÃO,,SIM,Sim,SIM,SIM,SIM,SIM,SIM,NÃO,NÃO,NÃO,NÃO,NÃO,NÃO,NÃO,NÃO,NÃO,NÃO,NÃO,NÃO,NÃO,NÃO,NÃO,NÃO,NÃO,NÃO,NÃO,NÃO,NÃO,NÃO,NÃO,NÃO,NÃO,NÃO,NÃO,NÃO,NÃO,NÃO,NÃO,NÃO,NÃO,NÃO,NÃO,NÃO,NÃO,NÃO,NÃO,NÃO,NÃO,NÃO,NÃO,NÃO,NÃO,NÃO,NÃO,NÃO,NÃO,NÃO,NÃO,NÃO,NÃO,NÃO,NÃO,NÃO,NÃO,NÃO,NÃO,NÃO,NÃO,NÃO,NÃO,NÃO,NÃO,NÃO,NÃO,NÃO,,
10/6/2021 14:48:52,2006,10/7/2006,06scodIiv,TELEJORNAL,PRESIDENTE,,BRASIL,NÃO,,SIM,Sim,SIM,SIM,SIM,SIM,SIM,NÃO,NÃO,NÃO,NÃO,NÃO,NÃO,NÃO,NÃO,NÃO,NÃO,NÃO,NÃO,NÃO,NÃO,NÃO,NÃO,NÃO,NÃO,NÃO,NÃO,NÃO,NÃO,NÃO,NÃO,NÃO,NÃO,NÃO,NÃO,NÃO,NÃO,NÃO,NÃO,NÃO,NÃO,NÃO,NÃO,NÃO,NÃO,NÃO,NÃO,NÃO,NÃO,NÃO,NÃO,NÃO,NÃO,NÃO,NÃO,NÃO,NÃO,NÃO,NÃO,NÃO,NÃO,NÃO,NÃO,NÃO,NÃO,NÃO,NÃO,NÃO,NÃO,NÃO,NÃO,NÃO,NÃO,NÃO,NÃO,,
10/6/2021 14:53:37,2006,10/8/2006,007/06BA,HGPE,"GOVERNADOR, SENADOR, DEPUTADO ESTADUAL",,BA,SIM,,SIM,Sim,SIM,SIM,SIM,SIM,SIM,SIM,NÃO,NÃO,SIM,SIM,SIM,SIM,SIM,SIM,NÃO,SIM,SIM,SIM,NÃO,NÃO,SIM,SIM,SIM,SIM,NÃO,SIM,SIM,NÃO,NÃO,NÃO,NÃO,NÃO,NÃO,NÃO,NÃO,NÃO,NÃO,SIM,NÃO,SIM,NÃO,NÃO,NÃO,NÃO,NÃO,NÃO,NÃO,SIM,SIM,NÃO,NÃO,NÃO,NÃO,NÃO,NÃO,NÃO,NÃO,NÃO,NÃO,NÃO,NÃO,NÃO,NÃO,NÃO,NÃO,NÃO,NÃO,NÃO,NÃO,NÃO,NÃO,NÃO,NÃO,,
10/6/2021 14:56:27,2006,8/25/2006,008/06BA,HGPE,DEPUTADO ESTADUAL,"A gravação além de ser 1:30, também apresenta defeito a partir de 0:40",BA,NÃO,,SIM,Não,SIM,SIM,SIM,NÃO,SIM,NÃO,NÃO,NÃO,SIM,NÃO,NÃO,NÃO,NÃO,NÃO,NÃO,NÃO,NÃO,NÃO,NÃO,NÃO,NÃO,NÃO,NÃO,NÃO,NÃO,NÃO,NÃO,NÃO,NÃO,NÃO,NÃO,NÃO,NÃO,NÃO,NÃO,NÃO,NÃO,NÃO,NÃO,NÃO,NÃO,NÃO,NÃO,NÃO,NÃO,NÃO,NÃO,NÃO,NÃO,NÃO,NÃO,NÃO,NÃO,NÃO,NÃO,NÃO,NÃO,NÃO,NÃO,NÃO,NÃO,NÃO,NÃO,NÃO,NÃO,NÃO,NÃO,NÃO,NÃO,NÃO,NÃO,NÃO,NÃO,,
10/6/2021 15:01:12,2006,8/26/2006,008/06MG,HGPE,"GOVERNADOR, SENADOR, DEPUTADO ESTADUAL",,MG,NÃO,,SIM,Sim,SIM,SIM,SIM,SIM,SIM,SIM,SIM,NÃO,SIM,SIM,SIM,SIM,SIM,SIM,SIM,SIM,SIM,SIM,NÃO,SIM,SIM,NÃO,SIM,SIM,SIM,SIM,SIM,SIM,SIM,NÃO,NÃO,NÃO,NÃO,NÃO,NÃO,NÃO,NÃO,SIM,NÃO,SIM,SIM,NÃO,NÃO,NÃO,NÃO,NÃO,NÃO,SIM,SIM,NÃO,NÃO,NÃO,NÃO,NÃO,NÃO,NÃO,NÃO,NÃO,NÃO,NÃO,NÃO,NÃO,NÃO,NÃO,NÃO,NÃO,NÃO,NÃO,NÃO,NÃO,NÃO,NÃO,NÃO,,
10/6/2021 15:14:28,2006,8/27/2006,008/06RJ,HGPE,"PRESIDENTE, GOVERNADOR, SENADOR, DEPUTADO FEDERAL, DEPUTADO ESTADUAL",,"BRASIL, RJ",SIM,,SIM,Sim,SIM,SIM,SIM,SIM,SIM,SIM,SIM,NÃO,SIM,SIM,SIM,SIM,SIM,SIM,SIM,NÃO,SIM,NÃO,NÃO,SIM,SIM,SIM,SIM,SIM,SIM,SIM,SIM,NÃO,SIM,NÃO,NÃO,NÃO,NÃO,NÃO,NÃO,NÃO,NÃO,SIM,NÃO,SIM,SIM,NÃO,NÃO,NÃO,NÃO,NÃO,NÃO,SIM,SIM,NÃO,NÃO,NÃO,NÃO,NÃO,NÃO,NÃO,NÃO,NÃO,NÃO,NÃO,NÃO,NÃO,NÃO,NÃO,NÃO,NÃO,NÃO,NÃO,NÃO,NÃO,NÃO,NÃO,NÃO,,
10/6/2021 15:21:18,2006,8/28/2006,009/06MG,HGPE,"GOVERNADOR, SENADOR, DEPUTADO ESTADUAL",,,SIM,,SIM,Sim,SIM,SIM,SIM,SIM,SIM,SIM,SIM,NÃO,SIM,SIM,SIM,SIM,SIM,SIM,SIM,SIM,SIM,SIM,NÃO,SIM,SIM,NÃO,SIM,SIM,SIM,SIM,SIM,SIM,SIM,NÃO,NÃO,NÃO,NÃO,NÃO,NÃO,NÃO,NÃO,SIM,NÃO,SIM,SIM,NÃO,NÃO,NÃO,NÃO,NÃO,NÃO,SIM,SIM,NÃO,NÃO,NÃO,NÃO,NÃO,NÃO,NÃO,NÃO,NÃO,NÃO,NÃO,NÃO,NÃO,NÃO,NÃO,NÃO,NÃO,NÃO,NÃO,NÃO,NÃO,NÃO,NÃO,NÃO,,
10/6/2021 15:26:45,2006,8/29/2006,009/06RJ,HGPE,"PRESIDENTE, DEPUTADO FEDERAL",,"BRASIL, RJ",NÃO,,SIM,Sim,SIM,SIM,SIM,SIM,SIM,SIM,SIM,NÃO,SIM,SIM,SIM,SIM,SIM,SIM,SIM,NÃO,SIM,NÃO,NÃO,SIM,SIM,SIM,SIM,SIM,SIM,SIM,SIM,NÃO,SIM,NÃO,NÃO,NÃO,NÃO,NÃO,NÃO,NÃO,NÃO,SIM,NÃO,SIM,SIM,NÃO,NÃO,NÃO,NÃO,NÃO,NÃO,SIM,SIM,NÃO,NÃO,NÃO,NÃO,NÃO,NÃO,NÃO,NÃO,NÃO,NÃO,NÃO,NÃO,NÃO,NÃO,NÃO,NÃO,NÃO,NÃO,NÃO,NÃO,NÃO,NÃO,NÃO,NÃO,,
10/6/2021 15:31:40,2006,8/30/2006,010/06RJ,HGPE,"PRESIDENTE, DEPUTADO FEDERAL",,"BRASIL, RJ",NÃO,,SIM,Sim,SIM,SIM,SIM,SIM,SIM,SIM,SIM,NÃO,SIM,SIM,SIM,SIM,SIM,SIM,SIM,NÃO,SIM,NÃO,NÃO,SIM,SIM,SIM,SIM,SIM,SIM,SIM,SIM,NÃO,SIM,NÃO,NÃO,NÃO,NÃO,NÃO,NÃO,NÃO,NÃO,SIM,NÃO,SIM,SIM,NÃO,NÃO,NÃO,NÃO,NÃO,NÃO,SIM,SIM,NÃO,NÃO,NÃO,NÃO,NÃO,NÃO,NÃO,NÃO,NÃO,NÃO,NÃO,NÃO,NÃO,NÃO,NÃO,NÃO,NÃO,NÃO,NÃO,NÃO,NÃO,NÃO,NÃO,NÃO,,
10/6/2021 15:36:25,2006,9/1/2006,011/06MG,HGPE,"PRESIDENTE, DEPUTADO FEDERAL","A gravação na verdade é do RJ, não de MG como está no nome do DVD","BRASIL, RJ",NÃO,,SIM,Sim,SIM,SIM,SIM,SIM,SIM,SIM,SIM,NÃO,SIM,SIM,SIM,SIM,SIM,SIM,SIM,NÃO,SIM,NÃO,NÃO,SIM,SIM,SIM,SIM,SIM,SIM,SIM,SIM,NÃO,SIM,NÃO,NÃO,NÃO,NÃO,NÃO,NÃO,NÃO,NÃO,SIM,NÃO,SIM,SIM,NÃO,NÃO,NÃO,NÃO,NÃO,NÃO,SIM,SIM,NÃO,NÃO,NÃO,NÃO,NÃO,NÃO,NÃO,NÃO,NÃO,NÃO,NÃO,NÃO,NÃO,NÃO,NÃO,NÃO,NÃO,NÃO,NÃO,NÃO,NÃO,NÃO,NÃO,NÃO,,
10/6/2021 15:41:44,2006,9/2/2006,012/06MG,HGPE,"PRESIDENTE, SENADOR, DEPUTADO FEDERAL, DEPUTADO ESTADUAL",,"BRASIL, MG",SIM,,SIM,Sim,SIM,SIM,SIM,SIM,SIM,SIM,SIM,NÃO,SIM,SIM,SIM,SIM,SIM,SIM,SIM,SIM,SIM,SIM,NÃO,SIM,SIM,NÃO,SIM,SIM,SIM,SIM,SIM,SIM,SIM,NÃO,NÃO,NÃO,NÃO,NÃO,NÃO,NÃO,NÃO,SIM,NÃO,SIM,SIM,NÃO,NÃO,NÃO,NÃO,NÃO,NÃO,SIM,SIM,NÃO,NÃO,NÃO,NÃO,NÃO,NÃO,NÃO,NÃO,NÃO,NÃO,NÃO,NÃO,NÃO,NÃO,NÃO,NÃO,NÃO,NÃO,NÃO,NÃO,NÃO,NÃO,NÃO,NÃO,,
10/6/2021 15:46:17,2006,9/3/2006,012/06,HGPE,"PRESIDENTE, DEPUTADO FEDERAL",,"BRASIL, RJ",NÃO,,SIM,Sim,SIM,SIM,SIM,SIM,SIM,SIM,SIM,NÃO,SIM,SIM,SIM,SIM,SIM,SIM,SIM,NÃO,SIM,NÃO,NÃO,SIM,SIM,SIM,SIM,SIM,SIM,SIM,SIM,NÃO,SIM,NÃO,NÃO,NÃO,NÃO,NÃO,NÃO,NÃO,NÃO,SIM,NÃO,SIM,SIM,NÃO,NÃO,NÃO,NÃO,NÃO,NÃO,SIM,SIM,NÃO,NÃO,NÃO,NÃO,NÃO,NÃO,NÃO,NÃO,NÃO,NÃO,NÃO,NÃO,NÃO,NÃO,NÃO,NÃO,NÃO,NÃO,NÃO,NÃO,NÃO,NÃO,NÃO,NÃO,,
10/6/2021 15:53:00,2006,9/4/2006,013/06MG,HGPE,"PRESIDENTE, SENADOR, DEPUTADO FEDERAL, DEPUTADO ESTADUAL",,,NÃO,,SIM,Sim,SIM,SIM,SIM,SIM,SIM,SIM,SIM,NÃO,SIM,SIM,SIM,SIM,SIM,SIM,SIM,SIM,SIM,SIM,NÃO,SIM,SIM,NÃO,SIM,SIM,SIM,SIM,SIM,SIM,SIM,NÃO,NÃO,NÃO,NÃO,NÃO,NÃO,NÃO,NÃO,SIM,NÃO,SIM,SIM,NÃO,NÃO,NÃO,NÃO,NÃO,NÃO,SIM,SIM,NÃO,NÃO,NÃO,NÃO,NÃO,NÃO,NÃO,NÃO,NÃO,NÃO,NÃO,NÃO,NÃO,NÃO,NÃO,NÃO,NÃO,NÃO,NÃO,NÃO,NÃO,NÃO,NÃO,NÃO,,
10/6/2021 15:58:26,2006,9/5/2006,013/06,HGPE,"PRESIDENTE, DEPUTADO FEDERAL",,"BRASIL, RJ",NÃO,,SIM,Sim,SIM,SIM,SIM,SIM,SIM,SIM,SIM,NÃO,SIM,SIM,SIM,SIM,SIM,SIM,SIM,NÃO,SIM,NÃO,NÃO,SIM,SIM,SIM,SIM,SIM,SIM,SIM,SIM,NÃO,SIM,NÃO,NÃO,NÃO,NÃO,NÃO,NÃO,NÃO,NÃO,SIM,NÃO,SIM,SIM,NÃO,NÃO,NÃO,NÃO,NÃO,NÃO,SIM,SIM,NÃO,NÃO,NÃO,NÃO,NÃO,NÃO,NÃO,NÃO,NÃO,NÃO,NÃO,NÃO,NÃO,NÃO,NÃO,NÃO,NÃO,NÃO,NÃO,NÃO,NÃO,NÃO,NÃO,NÃO,,
10/6/2021 16:01:59,2006,9/6/2006,014/06,HGPE,PRESIDENTE,A gravação tem apenas 5:47 (INCOMPLETA),BRASIL,NÃO,,SIM,Sim,SIM,SIM,SIM,NÃO,SIM,NÃO,NÃO,NÃO,NÃO,NÃO,NÃO,NÃO,NÃO,NÃO,NÃO,NÃO,SIM,NÃO,NÃO,NÃO,NÃO,NÃO,NÃO,SIM,NÃO,NÃO,NÃO,NÃO,NÃO,NÃO,NÃO,NÃO,NÃO,NÃO,NÃO,NÃO,NÃO,NÃO,NÃO,NÃO,NÃO,NÃO,NÃO,NÃO,NÃO,NÃO,NÃO,NÃO,NÃO,NÃO,NÃO,NÃO,NÃO,NÃO,NÃO,NÃO,NÃO,NÃO,NÃO,NÃO,NÃO,NÃO,NÃO,NÃO,NÃO,NÃO,NÃO,NÃO,NÃO,NÃO,NÃO,NÃO,NÃO,,
10/7/2021 12:09:13,2006,10/7/2006,015/06MG,HGPE,"GOVERNADOR, DEPUTADO FEDERAL, DEPUTADO ESTADUAL",,MG,NÃO,,SIM,Sim,SIM,SIM,SIM,SIM,SIM,SIM,SIM,NÃO,SIM,SIM,SIM,SIM,SIM,SIM,SIM,SIM,SIM,SIM,NÃO,SIM,SIM,NÃO,SIM,SIM,SIM,SIM,SIM,SIM,SIM,NÃO,NÃO,NÃO,NÃO,NÃO,NÃO,NÃO,NÃO,SIM,NÃO,SIM,SIM,NÃO,NÃO,NÃO,NÃO,NÃO,NÃO,SIM,SIM,NÃO,NÃO,NÃO,NÃO,NÃO,NÃO,NÃO,NÃO,NÃO,NÃO,NÃO,NÃO,NÃO,NÃO,NÃO,NÃO,NÃO,NÃO,NÃO,NÃO,NÃO,NÃO,NÃO,NÃO,,
10/7/2021 12:23:47,2006,10/8/2006,015/06rj,HGPE,"PRESIDENTE, DEPUTADO FEDERAL",,"BRASIL, RJ",NÃO,,SIM,Sim,SIM,SIM,SIM,SIM,SIM,SIM,SIM,NÃO,SIM,SIM,SIM,SIM,SIM,SIM,SIM,NÃO,SIM,NÃO,NÃO,SIM,SIM,SIM,SIM,SIM,SIM,SIM,SIM,NÃO,SIM,NÃO,NÃO,NÃO,NÃO,NÃO,NÃO,NÃO,NÃO,SIM,NÃO,SIM,SIM,NÃO,NÃO,NÃO,NÃO,NÃO,NÃO,SIM,SIM,NÃO,NÃO,NÃO,NÃO,NÃO,NÃO,NÃO,NÃO,NÃO,NÃO,NÃO,NÃO,NÃO,NÃO,NÃO,NÃO,NÃO,NÃO,NÃO,NÃO,NÃO,NÃO,NÃO,NÃO,,
10/7/2021 12:28:33,2006,10/9/2006,029/06,DIREÇÃO NACIONAL DO PARTIDO,,,,NÃO,,SIM,Sim,SIM,SIM,SIM,NÃO,NÃO,NÃO,NÃO,NÃO,NÃO,NÃO,NÃO,NÃO,NÃO,NÃO,NÃO,NÃO,NÃO,NÃO,NÃO,NÃO,NÃO,NÃO,NÃO,NÃO,NÃO,NÃO,NÃO,NÃO,SIM,NÃO,NÃO,NÃO,NÃO,NÃO,NÃO,NÃO,NÃO,NÃO,NÃO,NÃO,NÃO,NÃO,NÃO,NÃO,NÃO,NÃO,NÃO,NÃO,NÃO,NÃO,NÃO,NÃO,NÃO,NÃO,NÃO,NÃO,NÃO,NÃO,NÃO,NÃO,NÃO,NÃO,NÃO,NÃO,NÃO,NÃO,NÃO,NÃO,NÃO,NÃO,NÃO,NÃO,NÃO,,
10/7/2021 12:31:29,2006,10/10/2006,030/06,DIREÇÃO NACIONAL DO PARTIDO,,,,NÃO,,SIM,Sim,SIM,SIM,SIM,NÃO,NÃO,NÃO,SIM,NÃO,NÃO,NÃO,NÃO,NÃO,NÃO,NÃO,NÃO,NÃO,NÃO,NÃO,NÃO,NÃO,NÃO,NÃO,NÃO,NÃO,NÃO,NÃO,NÃO,NÃO,NÃO,NÃO,NÃO,NÃO,NÃO,NÃO,NÃO,NÃO,NÃO,NÃO,NÃO,NÃO,NÃO,NÃO,NÃO,NÃO,NÃO,NÃO,NÃO,NÃO,NÃO,NÃO,NÃO,NÃO,NÃO,NÃO,NÃO,NÃO,NÃO,NÃO,NÃO,NÃO,NÃO,NÃO,NÃO,NÃO,NÃO,NÃO,NÃO,NÃO,NÃO,NÃO,NÃO,NÃO,NÃO,,
10/7/2021 12:33:29,2006,10/11/2006,032/06,TELEJORNAL,PRESIDENTE,,BRASIL,NÃO,,SIM,Sim,SIM,SIM,SIM,NÃO,NÃO,NÃO,NÃO,NÃO,NÃO,NÃO,NÃO,NÃO,NÃO,NÃO,NÃO,NÃO,SIM,NÃO,NÃO,NÃO,NÃO,NÃO,NÃO,NÃO,NÃO,NÃO,NÃO,NÃO,NÃO,NÃO,NÃO,NÃO,NÃO,NÃO,NÃO,NÃO,NÃO,NÃO,NÃO,NÃO,NÃO,NÃO,NÃO,NÃO,NÃO,NÃO,NÃO,NÃO,NÃO,NÃO,NÃO,NÃO,NÃO,NÃO,NÃO,NÃO,NÃO,NÃO,NÃO,NÃO,NÃO,NÃO,NÃO,NÃO,NÃO,NÃO,NÃO,NÃO,NÃO,NÃO,NÃO,NÃO,NÃO,,
10/7/2021 12:41:59,2006,10/12/2006,033/06,DEBATE,PRESIDENTE,,BRASIL,NÃO,,SIM,Sim,SIM,SIM,SIM,SIM,SIM,SIM,SIM,NÃO,NÃO,NÃO,NÃO,NÃO,SIM,NÃO,NÃO,SIM,SIM,NÃO,NÃO,NÃO,NÃO,SIM,NÃO,SIM,NÃO,NÃO,NÃO,NÃO,SIM,NÃO,NÃO,NÃO,NÃO,NÃO,NÃO,NÃO,NÃO,NÃO,NÃO,SIM,NÃO,NÃO,NÃO,NÃO,NÃO,NÃO,NÃO,NÃO,NÃO,NÃO,NÃO,NÃO,NÃO,NÃO,NÃO,NÃO,NÃO,NÃO,NÃO,NÃO,NÃO,NÃO,NÃO,NÃO,NÃO,NÃO,NÃO,NÃO,NÃO,NÃO,NÃO,NÃO,NÃO,,
10/7/2021 12:50:58,2006,10/12/2006,034/06,DEBATE,PRESIDENTE,,BRASIL,NÃO,,SIM,Sim,SIM,SIM,SIM,SIM,SIM,NÃO,NÃO,NÃO,NÃO,NÃO,NÃO,NÃO,NÃO,NÃO,NÃO,NÃO,NÃO,NÃO,NÃO,NÃO,NÃO,NÃO,NÃO,NÃO,NÃO,NÃO,NÃO,NÃO,NÃO,NÃO,NÃO,NÃO,NÃO,NÃO,NÃO,NÃO,NÃO,NÃO,NÃO,NÃO,NÃO,NÃO,NÃO,NÃO,NÃO,NÃO,NÃO,NÃO,NÃO,NÃO,NÃO,NÃO,NÃO,NÃO,NÃO,NÃO,NÃO,NÃO,NÃO,NÃO,NÃO,NÃO,NÃO,NÃO,NÃO,NÃO,NÃO,NÃO,NÃO,NÃO,NÃO,NÃO,NÃO,,
10/7/2021 12:59:20,2006,10/13/2006,036/06,OUTRO,,A gravação tem apenas 11 segundos,,NÃO,,SIM,Sim,SIM,SIM,SIM,NÃO,NÃO,NÃO,NÃO,NÃO,NÃO,NÃO,NÃO,NÃO,NÃO,NÃO,NÃO,NÃO,NÃO,NÃO,NÃO,NÃO,NÃO,NÃO,NÃO,NÃO,NÃO,NÃO,NÃO,NÃO,NÃO,NÃO,NÃO,NÃO,NÃO,NÃO,NÃO,NÃO,NÃO,NÃO,NÃO,NÃO,NÃO,NÃO,NÃO,NÃO,NÃO,NÃO,NÃO,NÃO,NÃO,NÃO,NÃO,NÃO,NÃO,NÃO,NÃO,NÃO,NÃO,NÃO,NÃO,NÃO,NÃO,NÃO,NÃO,NÃO,NÃO,NÃO,NÃO,NÃO,NÃO,NÃO,NÃO,NÃO,NÃO,,
10/7/2021 13:01:05,2006,10/14/2006,037/06,HGPE,PRESIDENTE,,BRASIL,NÃO,,SIM,Sim,SIM,SIM,SIM,SIM,NÃO,NÃO,NÃO,NÃO,NÃO,NÃO,NÃO,NÃO,NÃO,NÃO,NÃO,NÃO,NÃO,NÃO,NÃO,NÃO,NÃO,NÃO,NÃO,NÃO,NÃO,NÃO,NÃO,NÃO,NÃO,NÃO,NÃO,NÃO,NÃO,NÃO,NÃO,NÃO,NÃO,NÃO,NÃO,NÃO,NÃO,NÃO,NÃO,NÃO,NÃO,NÃO,NÃO,NÃO,NÃO,NÃO,NÃO,NÃO,NÃO,NÃO,NÃO,NÃO,NÃO,NÃO,NÃO,NÃO,NÃO,NÃO,NÃO,NÃO,NÃO,NÃO,NÃO,NÃO,NÃO,NÃO,NÃO,NÃO,NÃO,,
10/7/2021 13:03:52,2006,10/15/2006,038/06,HGPE,PRESIDENTE,,BRASIL,NÃO,,SIM,Sim,SIM,SIM,SIM,NÃO,SIM,NÃO,NÃO,NÃO,NÃO,NÃO,NÃO,NÃO,NÃO,NÃO,NÃO,NÃO,NÃO,NÃO,NÃO,NÃO,NÃO,NÃO,NÃO,NÃO,NÃO,NÃO,NÃO,NÃO,NÃO,NÃO,NÃO,NÃO,NÃO,NÃO,NÃO,NÃO,NÃO,NÃO,NÃO,NÃO,NÃO,NÃO,NÃO,NÃO,NÃO,NÃO,NÃO,NÃO,NÃO,NÃO,NÃO,NÃO,NÃO,NÃO,NÃO,NÃO,NÃO,NÃO,NÃO,NÃO,NÃO,NÃO,NÃO,NÃO,NÃO,NÃO,NÃO,NÃO,NÃO,NÃO,NÃO,NÃO,NÃO,,
10/7/2021 13:05:59,2006,10/16/2006,039/06,HGPE,PRESIDENTE,,BRASIL,NÃO,,SIM,Sim,SIM,SIM,SIM,SIM,SIM,SIM,NÃO,NÃO,NÃO,NÃO,NÃO,NÃO,NÃO,NÃO,NÃO,NÃO,NÃO,NÃO,NÃO,NÃO,NÃO,NÃO,NÃO,NÃO,NÃO,NÃO,NÃO,NÃO,NÃO,NÃO,NÃO,NÃO,NÃO,NÃO,NÃO,NÃO,NÃO,NÃO,NÃO,NÃO,NÃO,NÃO,NÃO,NÃO,NÃO,NÃO,NÃO,NÃO,NÃO,NÃO,NÃO,NÃO,NÃO,NÃO,NÃO,NÃO,NÃO,NÃO,NÃO,NÃO,NÃO,NÃO,NÃO,NÃO,NÃO,NÃO,NÃO,NÃO,NÃO,NÃO,NÃO,NÃO,NÃO,,
10/7/2021 13:08:13,2006,10/17/2006,040/06,HGPE,PRESIDENTE,,BRASIL,NÃO,,SIM,Sim,SIM,SIM,SIM,SIM,SIM,SIM,NÃO,NÃO,NÃO,NÃO,NÃO,NÃO,NÃO,NÃO,NÃO,NÃO,SIM,NÃO,NÃO,NÃO,NÃO,NÃO,NÃO,NÃO,NÃO,NÃO,NÃO,NÃO,NÃO,NÃO,NÃO,NÃO,NÃO,NÃO,NÃO,NÃO,NÃO,NÃO,NÃO,NÃO,NÃO,NÃO,NÃO,NÃO,NÃO,NÃO,NÃO,NÃO,NÃO,NÃO,NÃO,NÃO,NÃO,NÃO,NÃO,NÃO,NÃO,NÃO,NÃO,NÃO,NÃO,NÃO,NÃO,NÃO,NÃO,NÃO,NÃO,NÃO,NÃO,NÃO,NÃO,NÃO,NÃO,,
10/7/2021 13:10:22,2006,10/18/2006,041/06,HGPE,PRESIDENTE,,BRASIL,NÃO,,SIM,Sim,SIM,SIM,SIM,NÃO,NÃO,SIM,NÃO,NÃO,NÃO,NÃO,NÃO,NÃO,NÃO,NÃO,NÃO,NÃO,NÃO,NÃO,NÃO,NÃO,NÃO,NÃO,NÃO,NÃO,NÃO,NÃO,NÃO,NÃO,NÃO,NÃO,NÃO,NÃO,NÃO,NÃO,NÃO,NÃO,NÃO,NÃO,NÃO,NÃO,NÃO,NÃO,NÃO,NÃO,NÃO,NÃO,NÃO,NÃO,NÃO,NÃO,NÃO,NÃO,NÃO,NÃO,NÃO,NÃO,NÃO,NÃO,NÃO,NÃO,NÃO,NÃO,NÃO,NÃO,NÃO,NÃO,NÃO,NÃO,NÃO,NÃO,NÃO,NÃO,NÃO,,
10/7/2021 13:12:59,2006,10/19/2006,041/06B,HGPE,PRESIDENTE,"O DVD foi duplicado no acervo MP4 do drive, é preciso retirar um deles",BRASIL,NÃO,,SIM,Sim,SIM,SIM,SIM,SIM,NÃO,NÃO,NÃO,NÃO,NÃO,NÃO,NÃO,NÃO,NÃO,NÃO,NÃO,NÃO,NÃO,NÃO,NÃO,NÃO,NÃO,NÃO,NÃO,NÃO,NÃO,NÃO,NÃO,NÃO,NÃO,NÃO,NÃO,NÃO,NÃO,NÃO,NÃO,NÃO,NÃO,NÃO,NÃO,NÃO,NÃO,NÃO,NÃO,NÃO,NÃO,NÃO,NÃO,NÃO,NÃO,NÃO,NÃO,NÃO,NÃO,NÃO,NÃO,NÃO,NÃO,NÃO,NÃO,NÃO,NÃO,NÃO,NÃO,NÃO,NÃO,NÃO,NÃO,NÃO,NÃO,NÃO,NÃO,NÃO,NÃO,,
10/7/2021 13:16:37,2006,10/20/2006,042/06,HGPE,GOVERNADOR,,RJ,NÃO,,SIM,Sim,SIM,SIM,SIM,SIM,SIM,SIM,NÃO,NÃO,SIM,SIM,NÃO,NÃO,NÃO,NÃO,NÃO,NÃO,SIM,NÃO,NÃO,NÃO,NÃO,SIM,NÃO,SIM,NÃO,NÃO,NÃO,NÃO,NÃO,NÃO,NÃO,NÃO,NÃO,NÃO,NÃO,NÃO,NÃO,NÃO,NÃO,NÃO,NÃO,NÃO,NÃO,NÃO,NÃO,NÃO,NÃO,NÃO,NÃO,NÃO,NÃO,NÃO,NÃO,NÃO,NÃO,NÃO,NÃO,NÃO,NÃO,NÃO,NÃO,NÃO,NÃO,NÃO,NÃO,NÃO,NÃO,NÃO,NÃO,NÃO,NÃO,NÃO,NÃO,,
10/11/2021 19:12:41,2006,10/13/2006,043/06,HGPE,GOVERNADOR,,RJ,NÃO,,SIM,Sim,SIM,SIM,SIM,SIM,SIM,NÃO,NÃO,NÃO,SIM,NÃO,NÃO,NÃO,SIM,NÃO,NÃO,SIM,SIM,NÃO,NÃO,NÃO,NÃO,NÃO,NÃO,NÃO,NÃO,NÃO,SIM,NÃO,SIM,NÃO,NÃO,NÃO,NÃO,NÃO,NÃO,NÃO,NÃO,NÃO,NÃO,NÃO,NÃO,NÃO,NÃO,NÃO,NÃO,NÃO,NÃO,NÃO,NÃO,NÃO,NÃO,NÃO,NÃO,NÃO,NÃO,NÃO,NÃO,NÃO,NÃO,NÃO,NÃO,NÃO,NÃO,NÃO,NÃO,NÃO,NÃO,NÃO,NÃO,NÃO,NÃO,NÃO,NÃO,,
10/11/2021 19:15:14,2006,10/14/2006,044/06,HGPE,GOVERNADOR,,RJ,NÃO,,SIM,Sim,SIM,SIM,SIM,NÃO,NÃO,NÃO,NÃO,NÃO,SIM,NÃO,NÃO,NÃO,NÃO,NÃO,NÃO,NÃO,NÃO,NÃO,NÃO,NÃO,NÃO,NÃO,NÃO,NÃO,NÃO,NÃO,NÃO,NÃO,NÃO,NÃO,NÃO,NÃO,NÃO,NÃO,NÃO,NÃO,NÃO,NÃO,NÃO,NÃO,NÃO,NÃO,NÃO,NÃO,NÃO,NÃO,NÃO,NÃO,NÃO,NÃO,NÃO,NÃO,NÃO,NÃO,NÃO,NÃO,NÃO,NÃO,NÃO,NÃO,NÃO,NÃO,NÃO,NÃO,NÃO,NÃO,NÃO,NÃO,NÃO,NÃO,NÃO,NÃO,NÃO,,
10/11/2021 19:17:44,2006,10/15/2006,045/06,HGPE,GOVERNADOR,,RJ,NÃO,,SIM,Sim,SIM,SIM,SIM,NÃO,NÃO,NÃO,NÃO,NÃO,NÃO,NÃO,NÃO,NÃO,NÃO,NÃO,NÃO,NÃO,NÃO,NÃO,NÃO,NÃO,NÃO,NÃO,NÃO,NÃO,NÃO,NÃO,SIM,NÃO,NÃO,NÃO,NÃO,NÃO,NÃO,NÃO,NÃO,NÃO,NÃO,NÃO,NÃO,NÃO,NÃO,NÃO,NÃO,NÃO,NÃO,NÃO,NÃO,NÃO,NÃO,NÃO,NÃO,NÃO,NÃO,NÃO,NÃO,NÃO,NÃO,NÃO,NÃO,NÃO,NÃO,NÃO,NÃO,NÃO,NÃO,NÃO,NÃO,NÃO,NÃO,NÃO,NÃO,NÃO,NÃO,,
10/11/2021 19:20:58,2006,10/16/2006,046/06,HGPE,GOVERNADOR,,RJ,NÃO,,SIM,Sim,SIM,SIM,SIM,SIM,SIM,NÃO,NÃO,NÃO,SIM,SIM,NÃO,NÃO,NÃO,NÃO,NÃO,NÃO,NÃO,NÃO,NÃO,NÃO,NÃO,NÃO,NÃO,SIM,NÃO,NÃO,SIM,NÃO,SIM,NÃO,NÃO,NÃO,NÃO,NÃO,NÃO,NÃO,NÃO,NÃO,NÃO,SIM,NÃO,NÃO,NÃO,NÃO,NÃO,NÃO,NÃO,NÃO,NÃO,NÃO,NÃO,NÃO,NÃO,NÃO,NÃO,NÃO,NÃO,NÃO,NÃO,NÃO,NÃO,NÃO,NÃO,NÃO,NÃO,NÃO,NÃO,NÃO,NÃO,NÃO,NÃO,NÃO,NÃO,,
10/11/2021 19:23:41,2006,10/17/2006,047/06,HGPE,GOVERNADOR,,RJ,NÃO,,SIM,Sim,SIM,SIM,SIM,SIM,SIM,NÃO,NÃO,NÃO,SIM,SIM,NÃO,NÃO,NÃO,NÃO,NÃO,NÃO,SIM,NÃO,NÃO,NÃO,NÃO,NÃO,NÃO,NÃO,NÃO,NÃO,NÃO,NÃO,SIM,NÃO,NÃO,NÃO,NÃO,NÃO,NÃO,NÃO,NÃO,NÃO,NÃO,NÃO,NÃO,NÃO,NÃO,NÃO,NÃO,NÃO,NÃO,NÃO,NÃO,NÃO,NÃO,NÃO,NÃO,NÃO,NÃO,NÃO,NÃO,NÃO,NÃO,NÃO,NÃO,NÃO,NÃO,NÃO,NÃO,NÃO,NÃO,NÃO,NÃO,NÃO,NÃO,NÃO,NÃO,,
10/11/2021 19:27:17,2006,10/18/2006,048/06,HGPE,DEPUTADO ESTADUAL,,RJ,NÃO,,SIM,Sim,SIM,SIM,SIM,SIM,SIM,SIM,SIM,NÃO,SIM,SIM,SIM,NÃO,NÃO,NÃO,SIM,NÃO,NÃO,SIM,NÃO,SIM,NÃO,NÃO,SIM,NÃO,NÃO,NÃO,NÃO,NÃO,SIM,NÃO,NÃO,NÃO,NÃO,NÃO,NÃO,NÃO,NÃO,SIM,NÃO,SIM,SIM,NÃO,NÃO,NÃO,NÃO,NÃO,NÃO,SIM,NÃO,NÃO,NÃO,NÃO,NÃO,NÃO,NÃO,NÃO,NÃO,NÃO,NÃO,NÃO,NÃO,NÃO,NÃO,NÃO,NÃO,NÃO,NÃO,NÃO,NÃO,NÃO,NÃO,NÃO,NÃO,,
10/11/2021 19:29:30,2006,10/19/2006,050/06,HGPE,DEPUTADO ESTADUAL,,RJ,NÃO,,SIM,Sim,SIM,SIM,SIM,NÃO,NÃO,NÃO,NÃO,NÃO,SIM,NÃO,NÃO,NÃO,NÃO,NÃO,NÃO,NÃO,NÃO,NÃO,NÃO,NÃO,NÃO,NÃO,NÃO,NÃO,NÃO,NÃO,NÃO,NÃO,NÃO,NÃO,NÃO,NÃO,NÃO,NÃO,NÃO,NÃO,NÃO,NÃO,NÃO,NÃO,NÃO,NÃO,NÃO,NÃO,NÃO,NÃO,NÃO,NÃO,NÃO,NÃO,NÃO,NÃO,NÃO,NÃO,NÃO,NÃO,NÃO,NÃO,NÃO,NÃO,NÃO,NÃO,NÃO,NÃO,NÃO,NÃO,NÃO,NÃO,NÃO,NÃO,NÃO,NÃO,NÃO,,
10/11/2021 19:32:05,2006,10/20/2006,051/06,HGPE,DEPUTADO ESTADUAL,,RJ,NÃO,,SIM,Sim,SIM,SIM,SIM,NÃO,NÃO,NÃO,NÃO,NÃO,NÃO,NÃO,NÃO,NÃO,NÃO,NÃO,NÃO,NÃO,NÃO,NÃO,NÃO,NÃO,NÃO,NÃO,SIM,NÃO,NÃO,NÃO,NÃO,NÃO,NÃO,NÃO,NÃO,NÃO,NÃO,NÃO,NÃO,NÃO,NÃO,NÃO,NÃO,NÃO,NÃO,NÃO,NÃO,NÃO,NÃO,NÃO,NÃO,NÃO,NÃO,NÃO,NÃO,NÃO,NÃO,NÃO,NÃO,NÃO,NÃO,NÃO,NÃO,NÃO,NÃO,NÃO,NÃO,NÃO,NÃO,NÃO,NÃO,NÃO,NÃO,NÃO,NÃO,NÃO,NÃO,,
10/11/2021 19:35:55,2006,10/21/2006,052/06,HGPE,DEPUTADO ESTADUAL,,RJ,NÃO,,SIM,Sim,SIM,SIM,SIM,SIM,SIM,SIM,SIM,NÃO,SIM,SIM,SIM,NÃO,NÃO,NÃO,SIM,NÃO,NÃO,SIM,NÃO,SIM,NÃO,NÃO,SIM,NÃO,NÃO,NÃO,NÃO,NÃO,SIM,NÃO,NÃO,NÃO,NÃO,NÃO,NÃO,NÃO,NÃO,SIM,NÃO,SIM,SIM,NÃO,NÃO,NÃO,NÃO,NÃO,NÃO,SIM,NÃO,NÃO,NÃO,NÃO,NÃO,NÃO,NÃO,NÃO,NÃO,NÃO,NÃO,NÃO,NÃO,NÃO,NÃO,NÃO,NÃO,NÃO,NÃO,NÃO,NÃO,NÃO,NÃO,NÃO,NÃO,,
10/11/2021 19:39:26,2006,10/22/2006,053/06,HGPE,DEPUTADO ESTADUAL,,RJ,NÃO,,SIM,Sim,SIM,SIM,SIM,SIM,SIM,SIM,SIM,NÃO,SIM,SIM,SIM,NÃO,NÃO,NÃO,SIM,NÃO,NÃO,SIM,NÃO,SIM,NÃO,NÃO,SIM,NÃO,NÃO,NÃO,NÃO,NÃO,SIM,NÃO,NÃO,NÃO,NÃO,NÃO,NÃO,NÃO,NÃO,SIM,NÃO,SIM,SIM,NÃO,NÃO,NÃO,NÃO,NÃO,NÃO,SIM,NÃO,NÃO,NÃO,NÃO,NÃO,NÃO,NÃO,NÃO,NÃO,NÃO,NÃO,NÃO,NÃO,NÃO,NÃO,NÃO,NÃO,NÃO,NÃO,NÃO,NÃO,NÃO,NÃO,NÃO,NÃO,,
10/11/2021 19:41:44,2006,10/23/2006,054/06,HGPE,DEPUTADO ESTADUAL,,RJ,NÃO,,SIM,Sim,SIM,SIM,SIM,NÃO,NÃO,NÃO,NÃO,NÃO,NÃO,NÃO,NÃO,NÃO,NÃO,NÃO,NÃO,NÃO,NÃO,NÃO,NÃO,NÃO,NÃO,NÃO,NÃO,NÃO,NÃO,NÃO,NÃO,NÃO,NÃO,NÃO,NÃO,NÃO,NÃO,NÃO,NÃO,NÃO,NÃO,NÃO,NÃO,SIM,NÃO,NÃO,NÃO,NÃO,NÃO,NÃO,NÃO,NÃO,NÃO,NÃO,NÃO,NÃO,NÃO,NÃO,NÃO,NÃO,NÃO,NÃO,NÃO,NÃO,NÃO,NÃO,NÃO,NÃO,NÃO,NÃO,NÃO,NÃO,NÃO,NÃO,NÃO,NÃO,NÃO,,
10/11/2021 19:44:30,2006,10/24/2006,055/06,HGPE,DEPUTADO FEDERAL,,RJ,NÃO,,SIM,Sim,SIM,SIM,SIM,SIM,NÃO,NÃO,NÃO,NÃO,NÃO,NÃO,NÃO,NÃO,NÃO,NÃO,NÃO,NÃO,NÃO,NÃO,NÃO,NÃO,NÃO,NÃO,NÃO,NÃO,NÃO,NÃO,NÃO,NÃO,NÃO,NÃO,NÃO,NÃO,NÃO,NÃO,NÃO,NÃO,NÃO,NÃO,NÃO,NÃO,NÃO,NÃO,NÃO,NÃO,NÃO,NÃO,NÃO,NÃO,NÃO,NÃO,NÃO,NÃO,NÃO,NÃO,NÃO,NÃO,NÃO,NÃO,NÃO,NÃO,NÃO,NÃO,NÃO,NÃO,NÃO,NÃO,NÃO,NÃO,NÃO,NÃO,NÃO,NÃO,NÃO,,
10/11/2021 19:46:49,2006,10/25/2006,056/06,HGPE,DEPUTADO FEDERAL,,RJ,NÃO,,SIM,Sim,SIM,SIM,SIM,NÃO,NÃO,NÃO,NÃO,NÃO,NÃO,NÃO,NÃO,NÃO,NÃO,NÃO,NÃO,NÃO,NÃO,NÃO,NÃO,NÃO,NÃO,NÃO,NÃO,NÃO,NÃO,NÃO,NÃO,NÃO,NÃO,NÃO,NÃO,NÃO,NÃO,NÃO,NÃO,NÃO,NÃO,NÃO,NÃO,SIM,NÃO,NÃO,NÃO,NÃO,NÃO,NÃO,NÃO,NÃO,NÃO,NÃO,NÃO,NÃO,NÃO,NÃO,NÃO,NÃO,NÃO,NÃO,NÃO,NÃO,NÃO,NÃO,NÃO,NÃO,NÃO,NÃO,NÃO,NÃO,NÃO,NÃO,NÃO,NÃO,NÃO,,
10/11/2021 19:50:41,2006,10/26/2006,057/06,HGPE,SENADOR,,RJ,NÃO,,SIM,Sim,SIM,SIM,SIM,NÃO,SIM,NÃO,NÃO,NÃO,NÃO,NÃO,NÃO,NÃO,NÃO,NÃO,NÃO,NÃO,NÃO,NÃO,NÃO,NÃO,NÃO,NÃO,NÃO,NÃO,NÃO,NÃO,NÃO,NÃO,NÃO,NÃO,NÃO,NÃO,NÃO,NÃO,NÃO,NÃO,NÃO,NÃO,NÃO,NÃO,NÃO,NÃO,NÃO,NÃO,NÃO,NÃO,NÃO,NÃO,NÃO,NÃO,NÃO,NÃO,NÃO,NÃO,NÃO,NÃO,NÃO,NÃO,NÃO,NÃO,NÃO,NÃO,NÃO,NÃO,NÃO,NÃO,NÃO,NÃO,NÃO,NÃO,NÃO,NÃO,NÃO,,
10/13/2021 14:39:36,2006,10/27/2006,058/06,HGPE,SENADOR,,RJ,NÃO,,SIM,Sim,SIM,SIM,SIM,NÃO,SIM,NÃO,NÃO,NÃO,NÃO,NÃO,NÃO,NÃO,NÃO,NÃO,NÃO,NÃO,NÃO,NÃO,NÃO,NÃO,NÃO,NÃO,NÃO,NÃO,NÃO,NÃO,NÃO,NÃO,NÃO,NÃO,NÃO,NÃO,NÃO,NÃO,NÃO,NÃO,NÃO,NÃO,NÃO,NÃO,NÃO,NÃO,NÃO,NÃO,NÃO,NÃO,NÃO,NÃO,NÃO,NÃO,NÃO,NÃO,NÃO,NÃO,NÃO,NÃO,NÃO,NÃO,NÃO,NÃO,NÃO,NÃO,NÃO,NÃO,NÃO,NÃO,NÃO,NÃO,NÃO,NÃO,NÃO,NÃO,NÃO,,
10/13/2021 14:42:16,2006,10/28/2006,059/06,HGPE,SENADOR,,RJ,NÃO,,SIM,Sim,SIM,SIM,SIM,NÃO,NÃO,NÃO,SIM,NÃO,NÃO,NÃO,SIM,NÃO,SIM,SIM,NÃO,SIM,NÃO,NÃO,NÃO,NÃO,NÃO,NÃO,NÃO,NÃO,NÃO,NÃO,SIM,NÃO,NÃO,NÃO,NÃO,NÃO,NÃO,NÃO,NÃO,NÃO,NÃO,NÃO,NÃO,NÃO,NÃO,NÃO,NÃO,NÃO,NÃO,NÃO,NÃO,NÃO,NÃO,NÃO,NÃO,NÃO,NÃO,NÃO,NÃO,NÃO,NÃO,NÃO,NÃO,NÃO,NÃO,NÃO,NÃO,NÃO,NÃO,NÃO,NÃO,NÃO,NÃO,NÃO,NÃO,NÃO,NÃO,,
10/13/2021 14:44:54,2006,10/29/2006,060/06,HGPE,SENADOR,,RJ,NÃO,,SIM,Sim,SIM,SIM,SIM,NÃO,NÃO,NÃO,SIM,NÃO,NÃO,NÃO,SIM,NÃO,SIM,SIM,NÃO,NÃO,NÃO,NÃO,NÃO,NÃO,NÃO,NÃO,NÃO,NÃO,NÃO,NÃO,NÃO,NÃO,NÃO,NÃO,NÃO,NÃO,NÃO,NÃO,NÃO,NÃO,NÃO,NÃO,NÃO,NÃO,NÃO,NÃO,NÃO,NÃO,NÃO,NÃO,NÃO,NÃO,NÃO,NÃO,NÃO,NÃO,NÃO,NÃO,NÃO,NÃO,NÃO,NÃO,NÃO,NÃO,NÃO,NÃO,NÃO,NÃO,NÃO,NÃO,NÃO,NÃO,NÃO,NÃO,NÃO,NÃO,NÃO,,
10/13/2021 15:05:11,2006,10/30/2006,061/06,HGPE,"SENADOR, DEPUTADO FEDERAL",,RJ,NÃO,,SIM,Sim,SIM,SIM,SIM,NÃO,SIM,SIM,SIM,NÃO,NÃO,NÃO,SIM,NÃO,SIM,SIM,SIM,SIM,SIM,SIM,NÃO,SIM,NÃO,SIM,NÃO,NÃO,NÃO,NÃO,NÃO,NÃO,SIM,NÃO,NÃO,NÃO,NÃO,NÃO,NÃO,NÃO,NÃO,NÃO,NÃO,NÃO,SIM,NÃO,NÃO,NÃO,NÃO,NÃO,NÃO,NÃO,NÃO,NÃO,NÃO,NÃO,NÃO,NÃO,NÃO,NÃO,NÃO,NÃO,NÃO,NÃO,NÃO,NÃO,NÃO,NÃO,NÃO,NÃO,NÃO,NÃO,NÃO,NÃO,NÃO,NÃO,NÃO,,
10/13/2021 15:08:34,2006,11/1/2006,062/06,HGPE,DEPUTADO FEDERAL,,RJ,NÃO,,SIM,Sim,SIM,SIM,SIM,SIM,SIM,SIM,SIM,NÃO,SIM,NÃO,SIM,SIM,NÃO,NÃO,NÃO,NÃO,NÃO,NÃO,NÃO,NÃO,NÃO,NÃO,SIM,NÃO,NÃO,NÃO,NÃO,NÃO,NÃO,NÃO,NÃO,NÃO,NÃO,NÃO,NÃO,NÃO,NÃO,SIM,NÃO,SIM,NÃO,NÃO,NÃO,NÃO,NÃO,NÃO,NÃO,SIM,NÃO,NÃO,NÃO,NÃO,NÃO,NÃO,NÃO,NÃO,NÃO,NÃO,NÃO,NÃO,NÃO,NÃO,NÃO,NÃO,NÃO,NÃO,NÃO,NÃO,NÃO,NÃO,NÃO,NÃO,NÃO,,
10/13/2021 15:13:15,2006,11/2/2006,063/06,HGPE,DEPUTADO FEDERAL,,RJ,NÃO,,SIM,Sim,SIM,SIM,SIM,SIM,SIM,SIM,SIM,NÃO,SIM,SIM,SIM,SIM,SIM,SIM,SIM,SIM,SIM,NÃO,NÃO,SIM,NÃO,NÃO,NÃO,NÃO,NÃO,NÃO,NÃO,NÃO,SIM,NÃO,NÃO,NÃO,NÃO,NÃO,NÃO,NÃO,NÃO,SIM,NÃO,SIM,SIM,NÃO,NÃO,NÃO,NÃO,NÃO,NÃO,NÃO,NÃO,NÃO,NÃO,NÃO,NÃO,NÃO,NÃO,NÃO,NÃO,NÃO,NÃO,NÃO,NÃO,NÃO,NÃO,NÃO,NÃO,NÃO,NÃO,NÃO,NÃO,NÃO,NÃO,NÃO,NÃO,,
10/13/2021 15:18:35,2006,11/3/2006,064/06,HGPE,DEPUTADO FEDERAL,,RJ,NÃO,,SIM,Sim,SIM,SIM,SIM,SIM,SIM,SIM,SIM,NÃO,SIM,SIM,SIM,SIM,SIM,SIM,SIM,SIM,SIM,SIM,NÃO,SIM,SIM,NÃO,SIM,NÃO,NÃO,NÃO,NÃO,SIM,SIM,NÃO,NÃO,NÃO,NÃO,NÃO,NÃO,NÃO,NÃO,SIM,NÃO,SIM,SIM,NÃO,NÃO,NÃO,NÃO,NÃO,NÃO,SIM,SIM,NÃO,NÃO,NÃO,NÃO,NÃO,NÃO,NÃO,NÃO,NÃO,NÃO,NÃO,NÃO,NÃO,NÃO,NÃO,NÃO,NÃO,NÃO,NÃO,NÃO,NÃO,NÃO,NÃO,NÃO,,
10/13/2021 15:23:33,2006,11/4/2006,065/06,HGPE,DEPUTADO FEDERAL,,RJ,NÃO,,SIM,Sim,SIM,SIM,SIM,SIM,SIM,SIM,SIM,NÃO,SIM,SIM,SIM,SIM,SIM,SIM,SIM,SIM,SIM,SIM,NÃO,SIM,SIM,NÃO,SIM,SIM,NÃO,NÃO,NÃO,SIM,SIM,NÃO,NÃO,NÃO,NÃO,NÃO,NÃO,NÃO,NÃO,SIM,NÃO,SIM,SIM,NÃO,NÃO,NÃO,NÃO,NÃO,NÃO,SIM,SIM,NÃO,NÃO,NÃO,NÃO,NÃO,NÃO,NÃO,NÃO,NÃO,NÃO,NÃO,NÃO,NÃO,NÃO,NÃO,NÃO,NÃO,NÃO,NÃO,NÃO,NÃO,NÃO,NÃO,NÃO,,
10/13/2021 15:26:24,2006,11/5/2006,066/06,HGPE,DEPUTADO FEDERAL,,RJ,NÃO,,SIM,Sim,SIM,SIM,SIM,NÃO,NÃO,NÃO,NÃO,NÃO,NÃO,NÃO,NÃO,NÃO,NÃO,NÃO,NÃO,NÃO,NÃO,NÃO,NÃO,NÃO,NÃO,NÃO,NÃO,NÃO,NÃO,NÃO,NÃO,NÃO,NÃO,NÃO,NÃO,NÃO,NÃO,NÃO,NÃO,NÃO,NÃO,SIM,NÃO,NÃO,NÃO,NÃO,NÃO,NÃO,NÃO,NÃO,NÃO,NÃO,NÃO,NÃO,NÃO,NÃO,NÃO,NÃO,NÃO,NÃO,NÃO,NÃO,NÃO,NÃO,NÃO,NÃO,NÃO,NÃO,NÃO,NÃO,NÃO,NÃO,NÃO,NÃO,NÃO,NÃO,NÃO,,
10/13/2021 15:31:54,2006,11/6/2006,067/06,HGPE,"GOVERNADOR, SENADOR, DEPUTADO ESTADUAL",,RJ,NÃO,,SIM,Sim,SIM,SIM,SIM,SIM,SIM,SIM,SIM,NÃO,SIM,SIM,SIM,SIM,SIM,SIM,SIM,SIM,SIM,SIM,NÃO,SIM,NÃO,SIM,SIM,SIM,NÃO,NÃO,SIM,NÃO,SIM,NÃO,NÃO,NÃO,NÃO,NÃO,NÃO,NÃO,NÃO,SIM,NÃO,SIM,SIM,NÃO,NÃO,NÃO,NÃO,NÃO,NÃO,SIM,SIM,NÃO,NÃO,NÃO,NÃO,NÃO,NÃO,NÃO,NÃO,NÃO,NÃO,NÃO,NÃO,NÃO,NÃO,NÃO,NÃO,NÃO,NÃO,NÃO,NÃO,NÃO,NÃO,NÃO,NÃO,,
10/13/2021 15:36:47,2006,11/7/2006,068/06,HGPE,"PRESIDENTE, DEPUTADO FEDERAL","A gravação está duplicada no acervo MP4 do DOXA, tem que retirar um","BRASIL, RJ",NÃO,,SIM,Sim,SIM,SIM,SIM,SIM,SIM,SIM,SIM,NÃO,SIM,SIM,SIM,SIM,NÃO,SIM,SIM,NÃO,SIM,NÃO,NÃO,SIM,SIM,SIM,SIM,SIM,SIM,SIM,NÃO,NÃO,SIM,NÃO,NÃO,NÃO,NÃO,NÃO,NÃO,NÃO,NÃO,SIM,NÃO,SIM,SIM,NÃO,NÃO,NÃO,NÃO,NÃO,NÃO,SIM,NÃO,NÃO,NÃO,NÃO,NÃO,NÃO,NÃO,NÃO,NÃO,NÃO,NÃO,NÃO,NÃO,NÃO,NÃO,NÃO,NÃO,NÃO,NÃO,NÃO,NÃO,NÃO,NÃO,NÃO,NÃO,,
10/13/2021 15:42:38,2006,11/8/2006,069/06,HGPE,"GOVERNADOR, SENADOR, DEPUTADO ESTADUAL",,RJ,NÃO,,SIM,Sim,SIM,SIM,SIM,SIM,SIM,SIM,SIM,NÃO,SIM,SIM,SIM,SIM,SIM,SIM,SIM,SIM,SIM,SIM,NÃO,SIM,NÃO,SIM,SIM,SIM,NÃO,NÃO,SIM,NÃO,SIM,NÃO,NÃO,NÃO,NÃO,NÃO,NÃO,NÃO,NÃO,SIM,NÃO,SIM,SIM,NÃO,NÃO,NÃO,NÃO,NÃO,NÃO,SIM,SIM,NÃO,NÃO,NÃO,NÃO,NÃO,NÃO,NÃO,NÃO,NÃO,NÃO,NÃO,NÃO,NÃO,NÃO,NÃO,NÃO,NÃO,NÃO,NÃO,NÃO,NÃO,NÃO,NÃO,NÃO,,
10/13/2021 15:46:41,2006,11/9/2006,071/06,HGPE,"PRESIDENTE, DEPUTADO FEDERAL",,"BRASIL, RJ",NÃO,,SIM,Sim,SIM,SIM,SIM,SIM,SIM,SIM,SIM,NÃO,SIM,SIM,SIM,SIM,NÃO,SIM,SIM,NÃO,SIM,NÃO,NÃO,SIM,SIM,SIM,SIM,SIM,SIM,SIM,NÃO,NÃO,SIM,NÃO,NÃO,NÃO,NÃO,NÃO,NÃO,NÃO,NÃO,SIM,NÃO,SIM,SIM,NÃO,NÃO,NÃO,NÃO,NÃO,NÃO,SIM,NÃO,NÃO,NÃO,NÃO,NÃO,NÃO,NÃO,NÃO,NÃO,NÃO,NÃO,NÃO,NÃO,NÃO,NÃO,NÃO,NÃO,NÃO,NÃO,NÃO,NÃO,NÃO,NÃO,NÃO,NÃO,,
10/13/2021 15:51:37,2006,11/10/2006,072/06,HGPE,"GOVERNADOR, SENADOR, DEPUTADO ESTADUAL",,RJ,NÃO,,SIM,Sim,SIM,SIM,SIM,SIM,SIM,SIM,SIM,NÃO,SIM,SIM,SIM,SIM,SIM,SIM,SIM,SIM,SIM,SIM,NÃO,SIM,NÃO,SIM,SIM,SIM,NÃO,NÃO,SIM,NÃO,SIM,NÃO,NÃO,NÃO,NÃO,NÃO,NÃO,NÃO,NÃO,SIM,NÃO,SIM,SIM,NÃO,NÃO,NÃO,NÃO,NÃO,NÃO,SIM,SIM,NÃO,NÃO,NÃO,NÃO,NÃO,NÃO,NÃO,NÃO,NÃO,NÃO,NÃO,NÃO,NÃO,NÃO,NÃO,NÃO,NÃO,NÃO,NÃO,NÃO,NÃO,NÃO,NÃO,NÃO,,
10/18/2021 15:44:44,2006,11/11/2006,074/06,HGPE,"GOVERNADOR, SENADOR, DEPUTADO ESTADUAL",,RJ,NÃO,,SIM,Sim,SIM,SIM,SIM,SIM,SIM,SIM,SIM,NÃO,SIM,SIM,SIM,SIM,SIM,SIM,SIM,SIM,SIM,SIM,NÃO,SIM,NÃO,SIM,SIM,SIM,NÃO,NÃO,SIM,SIM,SIM,NÃO,NÃO,NÃO,NÃO,NÃO,NÃO,NÃO,NÃO,SIM,NÃO,SIM,SIM,NÃO,NÃO,NÃO,NÃO,NÃO,NÃO,SIM,SIM,NÃO,NÃO,NÃO,NÃO,NÃO,NÃO,NÃO,NÃO,NÃO,NÃO,NÃO,NÃO,NÃO,NÃO,NÃO,NÃO,NÃO,NÃO,NÃO,NÃO,NÃO,NÃO,NÃO,NÃO,,
10/18/2021 16:04:23,2006,11/12/2006,075/06,HGPE,"PRESIDENTE, DEPUTADO FEDERAL",,"BRASIL, RJ",NÃO,,SIM,Sim,SIM,SIM,SIM,SIM,SIM,SIM,SIM,NÃO,SIM,SIM,SIM,SIM,NÃO,SIM,SIM,NÃO,SIM,NÃO,NÃO,SIM,SIM,SIM,SIM,SIM,SIM,SIM,NÃO,NÃO,SIM,NÃO,NÃO,NÃO,NÃO,NÃO,NÃO,NÃO,NÃO,SIM,NÃO,SIM,SIM,NÃO,NÃO,NÃO,NÃO,NÃO,NÃO,SIM,NÃO,NÃO,NÃO,NÃO,NÃO,NÃO,NÃO,NÃO,NÃO,NÃO,NÃO,NÃO,NÃO,NÃO,NÃO,NÃO,NÃO,NÃO,NÃO,NÃO,NÃO,NÃO,NÃO,NÃO,NÃO,,
10/18/2021 16:17:19,2006,11/13/2006,076/06,HGPE,PRESIDENTE,,BRASIL,NÃO,,SIM,Sim,SIM,SIM,SIM,SIM,SIM,NÃO,NÃO,NÃO,NÃO,NÃO,NÃO,NÃO,NÃO,NÃO,NÃO,NÃO,NÃO,NÃO,NÃO,NÃO,NÃO,NÃO,NÃO,NÃO,NÃO,NÃO,NÃO,NÃO,NÃO,NÃO,NÃO,NÃO,NÃO,NÃO,NÃO,NÃO,NÃO,NÃO,NÃO,NÃO,NÃO,NÃO,NÃO,NÃO,NÃO,NÃO,NÃO,NÃO,NÃO,NÃO,NÃO,NÃO,NÃO,NÃO,NÃO,NÃO,NÃO,NÃO,NÃO,NÃO,NÃO,NÃO,NÃO,NÃO,NÃO,NÃO,NÃO,NÃO,NÃO,NÃO,NÃO,NÃO,NÃO,,
10/18/2021 16:56:59,2006,11/14/2006,077/06,HGPE,"PRESIDENTE, GOVERNADOR",,"BRASIL, RJ",NÃO,,SIM,Sim,SIM,SIM,SIM,SIM,SIM,NÃO,NÃO,NÃO,SIM,SIM,NÃO,NÃO,NÃO,NÃO,NÃO,NÃO,NÃO,NÃO,NÃO,NÃO,NÃO,NÃO,NÃO,NÃO,NÃO,NÃO,NÃO,NÃO,NÃO,NÃO,NÃO,NÃO,NÃO,NÃO,NÃO,NÃO,NÃO,NÃO,NÃO,NÃO,NÃO,NÃO,NÃO,NÃO,NÃO,NÃO,NÃO,NÃO,NÃO,NÃO,NÃO,NÃO,NÃO,NÃO,NÃO,NÃO,NÃO,NÃO,NÃO,NÃO,NÃO,NÃO,NÃO,NÃO,NÃO,NÃO,NÃO,NÃO,NÃO,NÃO,NÃO,NÃO,NÃO,,
10/18/2021 17:00:57,2006,10/1/2006,078/06,HGPE,GOVERNADOR,,RJ,NÃO,,SIM,Sim,SIM,SIM,SIM,NÃO,NÃO,NÃO,NÃO,NÃO,NÃO,SIM,NÃO,NÃO,NÃO,NÃO,NÃO,NÃO,NÃO,NÃO,NÃO,NÃO,NÃO,NÃO,NÃO,NÃO,NÃO,NÃO,NÃO,NÃO,NÃO,NÃO,NÃO,NÃO,NÃO,NÃO,NÃO,NÃO,NÃO,NÃO,NÃO,NÃO,NÃO,NÃO,NÃO,NÃO,NÃO,NÃO,NÃO,NÃO,NÃO,NÃO,NÃO,NÃO,NÃO,NÃO,NÃO,NÃO,NÃO,NÃO,NÃO,NÃO,NÃO,NÃO,NÃO,NÃO,NÃO,NÃO,NÃO,NÃO,NÃO,NÃO,NÃO,NÃO,NÃO,,
10/18/2021 17:05:29,2006,10/2/2006,081/06,HGPE,GOVERNADOR,,PE,NÃO,,SIM,Sim,SIM,SIM,SIM,NÃO,NÃO,NÃO,NÃO,NÃO,NÃO,NÃO,NÃO,SIM,NÃO,NÃO,NÃO,NÃO,NÃO,NÃO,NÃO,NÃO,NÃO,NÃO,NÃO,NÃO,NÃO,NÃO,NÃO,NÃO,NÃO,NÃO,NÃO,NÃO,NÃO,NÃO,NÃO,NÃO,NÃO,NÃO,NÃO,NÃO,NÃO,NÃO,NÃO,NÃO,NÃO,NÃO,NÃO,NÃO,NÃO,NÃO,NÃO,NÃO,NÃO,NÃO,NÃO,NÃO,NÃO,NÃO,NÃO,NÃO,NÃO,NÃO,NÃO,NÃO,NÃO,NÃO,NÃO,NÃO,NÃO,NÃO,NÃO,NÃO,NÃO,,
10/18/2021 17:07:36,2006,10/3/2006,082/06,HGPE,GOVERNADOR,,PE,NÃO,,SIM,Sim,SIM,SIM,SIM,NÃO,SIM,NÃO,NÃO,NÃO,NÃO,NÃO,NÃO,NÃO,NÃO,NÃO,NÃO,NÃO,NÃO,NÃO,NÃO,NÃO,NÃO,NÃO,NÃO,NÃO,NÃO,NÃO,NÃO,NÃO,NÃO,NÃO,NÃO,NÃO,NÃO,NÃO,NÃO,NÃO,NÃO,NÃO,NÃO,NÃO,NÃO,NÃO,NÃO,NÃO,NÃO,NÃO,NÃO,NÃO,NÃO,NÃO,NÃO,NÃO,NÃO,NÃO,NÃO,NÃO,NÃO,NÃO,NÃO,NÃO,NÃO,NÃO,NÃO,NÃO,NÃO,NÃO,NÃO,NÃO,NÃO,NÃO,NÃO,NÃO,NÃO,,
10/18/2021 17:11:44,2006,10/4/2006,083/06,HGPE,DEPUTADO FEDERAL,,PE,NÃO,,SIM,Sim,SIM,SIM,SIM,SIM,NÃO,SIM,NÃO,NÃO,NÃO,NÃO,NÃO,NÃO,NÃO,NÃO,NÃO,NÃO,NÃO,NÃO,NÃO,NÃO,NÃO,SIM,NÃO,NÃO,SIM,NÃO,NÃO,NÃO,NÃO,NÃO,NÃO,NÃO,NÃO,NÃO,NÃO,NÃO,NÃO,NÃO,NÃO,SIM,NÃO,NÃO,NÃO,NÃO,NÃO,NÃO,NÃO,SIM,NÃO,NÃO,NÃO,NÃO,NÃO,NÃO,NÃO,NÃO,NÃO,NÃO,NÃO,NÃO,NÃO,NÃO,NÃO,NÃO,NÃO,NÃO,NÃO,NÃO,NÃO,NÃO,NÃO,NÃO,NÃO,,
10/18/2021 17:14:25,2006,10/5/2006,084/06,HGPE,GOVERNADOR,,RJ,NÃO,,SIM,Sim,SIM,SIM,SIM,NÃO,NÃO,SIM,NÃO,NÃO,NÃO,NÃO,NÃO,NÃO,NÃO,NÃO,NÃO,NÃO,NÃO,NÃO,NÃO,NÃO,NÃO,NÃO,NÃO,NÃO,NÃO,NÃO,NÃO,NÃO,NÃO,NÃO,NÃO,NÃO,NÃO,NÃO,NÃO,NÃO,NÃO,NÃO,NÃO,NÃO,NÃO,NÃO,NÃO,NÃO,NÃO,NÃO,NÃO,NÃO,NÃO,NÃO,NÃO,NÃO,NÃO,NÃO,NÃO,NÃO,NÃO,NÃO,NÃO,NÃO,NÃO,NÃO,NÃO,NÃO,NÃO,NÃO,NÃO,NÃO,NÃO,NÃO,NÃO,NÃO,NÃO,,
10/18/2021 17:16:58,2006,10/6/2006,085/06,HGPE,PRESIDENTE,,BRASIL,NÃO,,SIM,Sim,SIM,SIM,SIM,SIM,NÃO,NÃO,NÃO,NÃO,NÃO,NÃO,NÃO,NÃO,NÃO,NÃO,NÃO,NÃO,NÃO,NÃO,NÃO,NÃO,NÃO,NÃO,NÃO,NÃO,NÃO,NÃO,NÃO,NÃO,NÃO,NÃO,NÃO,NÃO,NÃO,NÃO,NÃO,NÃO,NÃO,NÃO,NÃO,NÃO,NÃO,NÃO,NÃO,NÃO,NÃO,NÃO,NÃO,NÃO,NÃO,NÃO,NÃO,NÃO,NÃO,NÃO,NÃO,NÃO,NÃO,NÃO,NÃO,NÃO,NÃO,NÃO,NÃO,NÃO,NÃO,NÃO,NÃO,NÃO,NÃO,NÃO,NÃO,NÃO,NÃO,,
10/18/2021 17:51:44,2006,10/7/2006,086/06,HGPE,DEPUTADO ESTADUAL,,RJ,NÃO,,SIM,Sim,SIM,SIM,SIM,SIM,SIM,SIM,SIM,NÃO,SIM,SIM,SIM,SIM,SIM,SIM,SIM,SIM,NÃO,SIM,NÃO,NÃO,NÃO,SIM,SIM,SIM,SIM,NÃO,SIM,NÃO,SIM,NÃO,NÃO,NÃO,NÃO,NÃO,NÃO,NÃO,NÃO,SIM,NÃO,SIM,SIM,NÃO,NÃO,NÃO,NÃO,NÃO,NÃO,SIM,SIM,NÃO,NÃO,NÃO,NÃO,NÃO,NÃO,NÃO,NÃO,NÃO,NÃO,NÃO,NÃO,NÃO,NÃO,NÃO,NÃO,NÃO,NÃO,NÃO,NÃO,NÃO,NÃO,NÃO,NÃO,,
10/18/2021 18:03:12,2006,10/8/2006,087/06,HGPE,DEPUTADO ESTADUAL,,RJ,NÃO,,SIM,Sim,SIM,SIM,SIM,SIM,SIM,SIM,SIM,NÃO,SIM,SIM,SIM,SIM,SIM,SIM,SIM,SIM,NÃO,SIM,NÃO,NÃO,NÃO,SIM,SIM,SIM,SIM,NÃO,SIM,SIM,SIM,NÃO,NÃO,NÃO,NÃO,NÃO,NÃO,NÃO,NÃO,SIM,NÃO,SIM,SIM,NÃO,NÃO,NÃO,NÃO,NÃO,NÃO,SIM,SIM,NÃO,NÃO,NÃO,NÃO,NÃO,NÃO,NÃO,NÃO,NÃO,NÃO,NÃO,NÃO,NÃO,NÃO,NÃO,NÃO,NÃO,NÃO,NÃO,NÃO,NÃO,NÃO,NÃO,NÃO,,
10/18/2021 18:08:27,2006,10/9/2006,088/06,HGPE,DEPUTADO ESTADUAL,,RJ,NÃO,,SIM,Sim,SIM,SIM,SIM,SIM,SIM,SIM,SIM,NÃO,SIM,SIM,SIM,SIM,SIM,SIM,SIM,SIM,SIM,SIM,NÃO,NÃO,NÃO,SIM,SIM,SIM,SIM,NÃO,SIM,SIM,SIM,NÃO,NÃO,NÃO,NÃO,NÃO,NÃO,NÃO,NÃO,SIM,NÃO,SIM,SIM,NÃO,NÃO,NÃO,NÃO,NÃO,NÃO,SIM,SIM,NÃO,NÃO,NÃO,NÃO,NÃO,NÃO,NÃO,NÃO,NÃO,NÃO,NÃO,NÃO,NÃO,NÃO,NÃO,NÃO,NÃO,NÃO,NÃO,NÃO,NÃO,NÃO,NÃO,NÃO,,
10/18/2021 18:15:52,2006,10/10/2006,089/06,HGPE,DEPUTADO ESTADUAL,,RJ,NÃO,,SIM,Sim,SIM,SIM,SIM,SIM,SIM,SIM,SIM,NÃO,SIM,SIM,SIM,SIM,SIM,SIM,SIM,SIM,SIM,SIM,NÃO,SIM,NÃO,SIM,SIM,SIM,SIM,SIM,SIM,SIM,SIM,NÃO,NÃO,NÃO,NÃO,NÃO,NÃO,NÃO,NÃO,SIM,NÃO,SIM,SIM,NÃO,NÃO,NÃO,NÃO,NÃO,NÃO,SIM,SIM,NÃO,NÃO,NÃO,NÃO,NÃO,NÃO,NÃO,NÃO,NÃO,NÃO,NÃO,NÃO,NÃO,NÃO,NÃO,NÃO,NÃO,NÃO,NÃO,NÃO,NÃO,NÃO,NÃO,NÃO,,
10/18/2021 18:20:28,2006,10/11/2006,090/06,HGPE,"PRESIDENTE, DEPUTADO FEDERAL",,"BRASIL, RJ",NÃO,,SIM,Sim,SIM,SIM,SIM,SIM,SIM,SIM,SIM,NÃO,SIM,SIM,SIM,SIM,NÃO,SIM,SIM,NÃO,SIM,NÃO,NÃO,SIM,SIM,SIM,SIM,SIM,SIM,SIM,NÃO,NÃO,SIM,NÃO,NÃO,NÃO,NÃO,NÃO,NÃO,NÃO,NÃO,SIM,NÃO,SIM,SIM,NÃO,NÃO,NÃO,NÃO,NÃO,NÃO,SIM,NÃO,NÃO,NÃO,NÃO,NÃO,NÃO,NÃO,NÃO,NÃO,NÃO,NÃO,NÃO,NÃO,NÃO,NÃO,NÃO,NÃO,NÃO,NÃO,NÃO,NÃO,NÃO,NÃO,NÃO,NÃO,,
10/20/2021 14:04:00,2006,10/12/2006,091/06B,HGPE,PRESIDENTE,,BRASIL,NÃO,,SIM,Sim,SIM,SIM,SIM,SIM,SIM,NÃO,NÃO,NÃO,NÃO,NÃO,NÃO,NÃO,NÃO,NÃO,NÃO,NÃO,NÃO,NÃO,NÃO,NÃO,NÃO,NÃO,NÃO,NÃO,NÃO,NÃO,NÃO,NÃO,NÃO,NÃO,NÃO,NÃO,NÃO,NÃO,NÃO,NÃO,NÃO,NÃO,NÃO,NÃO,NÃO,NÃO,NÃO,NÃO,NÃO,NÃO,NÃO,NÃO,NÃO,NÃO,NÃO,NÃO,NÃO,NÃO,NÃO,NÃO,NÃO,NÃO,NÃO,NÃO,NÃO,NÃO,NÃO,NÃO,NÃO,NÃO,NÃO,NÃO,NÃO,NÃO,NÃO,NÃO,NÃO,,
10/20/2021 14:09:57,2006,10/13/2006,092/06,HGPE,DEPUTADO ESTADUAL,,RJ,NÃO,,SIM,Sim,SIM,SIM,SIM,SIM,SIM,SIM,SIM,NÃO,SIM,SIM,SIM,SIM,SIM,SIM,SIM,SIM,SIM,SIM,NÃO,SIM,SIM,SIM,SIM,SIM,SIM,SIM,SIM,SIM,SIM,NÃO,NÃO,NÃO,NÃO,NÃO,NÃO,NÃO,NÃO,SIM,NÃO,SIM,SIM,NÃO,NÃO,NÃO,NÃO,NÃO,NÃO,SIM,SIM,NÃO,NÃO,NÃO,NÃO,NÃO,NÃO,NÃO,NÃO,NÃO,NÃO,NÃO,NÃO,NÃO,NÃO,NÃO,NÃO,NÃO,NÃO,NÃO,NÃO,NÃO,NÃO,NÃO,NÃO,,
10/20/2021 14:16:27,2006,10/14/2006,093/06,HGPE,DEPUTADO ESTADUAL,,RJ,NÃO,,SIM,Sim,SIM,SIM,SIM,SIM,SIM,SIM,SIM,NÃO,SIM,SIM,SIM,SIM,SIM,SIM,SIM,SIM,SIM,SIM,NÃO,SIM,SIM,SIM,SIM,SIM,SIM,SIM,SIM,SIM,SIM,NÃO,NÃO,NÃO,NÃO,NÃO,NÃO,NÃO,NÃO,SIM,NÃO,SIM,SIM,NÃO,NÃO,NÃO,NÃO,NÃO,NÃO,SIM,SIM,NÃO,NÃO,NÃO,NÃO,NÃO,NÃO,NÃO,NÃO,NÃO,NÃO,NÃO,NÃO,NÃO,NÃO,NÃO,NÃO,NÃO,NÃO,NÃO,NÃO,NÃO,NÃO,NÃO,NÃO,,
10/20/2021 14:23:19,2006,9/11/2006,094/06,HGPE,DEPUTADO ESTADUAL,,RJ,NÃO,,SIM,Sim,SIM,SIM,SIM,SIM,SIM,SIM,SIM,NÃO,SIM,SIM,SIM,SIM,SIM,SIM,SIM,SIM,SIM,SIM,NÃO,SIM,SIM,SIM,SIM,SIM,SIM,SIM,SIM,SIM,SIM,NÃO,NÃO,NÃO,NÃO,NÃO,NÃO,NÃO,NÃO,SIM,NÃO,SIM,SIM,NÃO,NÃO,NÃO,NÃO,NÃO,NÃO,SIM,SIM,NÃO,NÃO,NÃO,NÃO,NÃO,NÃO,NÃO,NÃO,NÃO,NÃO,NÃO,NÃO,NÃO,NÃO,NÃO,NÃO,NÃO,NÃO,NÃO,NÃO,NÃO,NÃO,NÃO,NÃO,,
10/20/2021 14:39:54,2006,9/12/2006,095/06,HGPE,PRESIDENTE,,BRASIL,NÃO,,SIM,Sim,SIM,SIM,SIM,NÃO,NÃO,SIM,NÃO,NÃO,NÃO,NÃO,NÃO,NÃO,NÃO,NÃO,NÃO,NÃO,NÃO,NÃO,NÃO,NÃO,NÃO,NÃO,NÃO,NÃO,NÃO,NÃO,NÃO,NÃO,NÃO,NÃO,NÃO,NÃO,NÃO,NÃO,NÃO,NÃO,NÃO,NÃO,NÃO,NÃO,NÃO,NÃO,NÃO,NÃO,NÃO,NÃO,NÃO,NÃO,NÃO,NÃO,NÃO,NÃO,NÃO,NÃO,NÃO,NÃO,NÃO,NÃO,NÃO,NÃO,NÃO,NÃO,NÃO,NÃO,NÃO,NÃO,NÃO,NÃO,NÃO,NÃO,NÃO,NÃO,NÃO,,
10/20/2021 14:50:52,2006,9/13/2006,096/06,HGPE,"SENADOR, DEPUTADO FEDERAL, DEPUTADO ESTADUAL",,SP,NÃO,,SIM,Sim,SIM,SIM,SIM,SIM,NÃO,SIM,SIM,NÃO,SIM,SIM,SIM,NÃO,SIM,SIM,SIM,SIM,SIM,SIM,NÃO,SIM,SIM,NÃO,NÃO,SIM,SIM,NÃO,SIM,SIM,NÃO,NÃO,NÃO,NÃO,NÃO,NÃO,NÃO,NÃO,NÃO,SIM,NÃO,SIM,SIM,NÃO,NÃO,NÃO,NÃO,NÃO,NÃO,SIM,SIM,NÃO,NÃO,NÃO,NÃO,NÃO,NÃO,NÃO,NÃO,NÃO,NÃO,NÃO,NÃO,NÃO,NÃO,NÃO,NÃO,NÃO,NÃO,NÃO,NÃO,NÃO,NÃO,NÃO,NÃO,,
10/20/2021 14:55:53,2006,9/14/2006,097/06,HGPE,"PRESIDENTE, GOVERNADOR, SENADOR, DEPUTADO FEDERAL, DEPUTADO ESTADUAL",,"BRASIL, SP",NÃO,,SIM,Sim,SIM,SIM,SIM,SIM,SIM,SIM,SIM,NÃO,SIM,SIM,SIM,SIM,SIM,SIM,SIM,SIM,SIM,NÃO,NÃO,SIM,SIM,SIM,SIM,SIM,SIM,SIM,SIM,SIM,NÃO,NÃO,NÃO,NÃO,NÃO,NÃO,NÃO,NÃO,NÃO,SIM,NÃO,SIM,SIM,NÃO,NÃO,NÃO,NÃO,NÃO,NÃO,SIM,SIM,NÃO,NÃO,NÃO,NÃO,NÃO,NÃO,NÃO,NÃO,NÃO,NÃO,NÃO,NÃO,NÃO,NÃO,NÃO,NÃO,NÃO,NÃO,NÃO,NÃO,NÃO,NÃO,NÃO,NÃO,,
10/20/2021 15:06:18,2006,9/15/2006,098/06,HGPE,"PRESIDENTE, GOVERNADOR, SENADOR, DEPUTADO FEDERAL, DEPUTADO ESTADUAL",,"BRASIL, SP",NÃO,,SIM,Sim,SIM,SIM,SIM,SIM,SIM,SIM,SIM,NÃO,SIM,SIM,SIM,SIM,SIM,SIM,SIM,SIM,SIM,NÃO,NÃO,SIM,SIM,SIM,SIM,SIM,SIM,SIM,SIM,SIM,NÃO,NÃO,NÃO,NÃO,NÃO,NÃO,NÃO,NÃO,NÃO,SIM,NÃO,SIM,SIM,NÃO,NÃO,NÃO,NÃO,NÃO,NÃO,SIM,SIM,NÃO,NÃO,NÃO,NÃO,NÃO,NÃO,NÃO,NÃO,NÃO,NÃO,NÃO,NÃO,NÃO,NÃO,NÃO,NÃO,NÃO,NÃO,NÃO,NÃO,NÃO,NÃO,NÃO,NÃO,,
10/20/2021 15:12:40,2006,9/16/2006,099/06,HGPE,"PRESIDENTE, GOVERNADOR, SENADOR, DEPUTADO FEDERAL, DEPUTADO ESTADUAL",,"BRASIL, SP",NÃO,,SIM,Sim,SIM,SIM,SIM,SIM,SIM,SIM,SIM,NÃO,SIM,SIM,SIM,SIM,SIM,SIM,SIM,SIM,SIM,NÃO,NÃO,SIM,SIM,SIM,SIM,SIM,SIM,SIM,SIM,SIM,NÃO,NÃO,NÃO,NÃO,NÃO,NÃO,NÃO,NÃO,NÃO,SIM,NÃO,SIM,SIM,NÃO,NÃO,NÃO,NÃO,NÃO,NÃO,SIM,SIM,NÃO,NÃO,NÃO,NÃO,NÃO,NÃO,NÃO,NÃO,NÃO,NÃO,NÃO,NÃO,NÃO,NÃO,NÃO,NÃO,NÃO,NÃO,NÃO,NÃO,NÃO,NÃO,NÃO,NÃO,,
10/20/2021 15:18:02,2006,9/17/2006,100/06,HGPE,"PRESIDENTE, GOVERNADOR, SENADOR, DEPUTADO FEDERAL, DEPUTADO ESTADUAL",,,NÃO,,SIM,Sim,SIM,SIM,SIM,SIM,SIM,SIM,SIM,NÃO,SIM,SIM,SIM,SIM,SIM,SIM,SIM,SIM,SIM,NÃO,NÃO,SIM,SIM,SIM,SIM,SIM,SIM,SIM,SIM,SIM,NÃO,NÃO,NÃO,NÃO,NÃO,NÃO,NÃO,NÃO,NÃO,SIM,NÃO,SIM,SIM,NÃO,NÃO,NÃO,NÃO,NÃO,NÃO,SIM,SIM,NÃO,NÃO,NÃO,NÃO,NÃO,NÃO,NÃO,NÃO,NÃO,NÃO,NÃO,NÃO,NÃO,NÃO,NÃO,NÃO,NÃO,NÃO,NÃO,NÃO,NÃO,NÃO,NÃO,NÃO,,
10/20/2021 15:20:43,2006,9/18/2006,101/06,HGPE,"SENADOR, DEPUTADO FEDERAL, DEPUTADO ESTADUAL",,SP,NÃO,,SIM,Sim,SIM,SIM,SIM,NÃO,NÃO,NÃO,NÃO,NÃO,SIM,SIM,NÃO,NÃO,NÃO,NÃO,SIM,SIM,NÃO,NÃO,NÃO,NÃO,SIM,SIM,NÃO,NÃO,NÃO,NÃO,NÃO,NÃO,NÃO,NÃO,NÃO,NÃO,NÃO,NÃO,NÃO,NÃO,NÃO,NÃO,NÃO,NÃO,NÃO,NÃO,NÃO,NÃO,NÃO,NÃO,NÃO,SIM,NÃO,NÃO,NÃO,NÃO,NÃO,NÃO,NÃO,NÃO,NÃO,NÃO,NÃO,NÃO,NÃO,NÃO,NÃO,NÃO,NÃO,NÃO,NÃO,NÃO,NÃO,NÃO,NÃO,NÃO,NÃO,,
10/20/2021 15:25:12,2006,9/21/2006,102/06,HGPE,"PRESIDENTE, DEPUTADO FEDERAL",,"BRASIL, PR",NÃO,,SIM,Sim,SIM,SIM,SIM,SIM,SIM,SIM,SIM,NÃO,SIM,SIM,SIM,NÃO,SIM,SIM,SIM,SIM,SIM,SIM,NÃO,NÃO,SIM,SIM,SIM,SIM,SIM,SIM,SIM,NÃO,SIM,NÃO,NÃO,NÃO,NÃO,NÃO,NÃO,NÃO,NÃO,SIM,NÃO,NÃO,NÃO,NÃO,NÃO,NÃO,NÃO,NÃO,NÃO,SIM,SIM,NÃO,NÃO,NÃO,NÃO,NÃO,NÃO,NÃO,NÃO,NÃO,NÃO,NÃO,NÃO,NÃO,NÃO,NÃO,NÃO,NÃO,NÃO,NÃO,NÃO,NÃO,NÃO,NÃO,NÃO,,
10/20/2021 15:44:11,2006,9/22/2006,103/06,HGPE,PRESIDENTE,,BRASIL,NÃO,,SIM,Sim,SIM,SIM,SIM,SIM,SIM,NÃO,NÃO,NÃO,NÃO,NÃO,NÃO,NÃO,NÃO,NÃO,NÃO,NÃO,NÃO,NÃO,NÃO,NÃO,NÃO,NÃO,NÃO,NÃO,NÃO,NÃO,NÃO,NÃO,NÃO,NÃO,NÃO,NÃO,NÃO,NÃO,NÃO,NÃO,NÃO,NÃO,NÃO,NÃO,NÃO,NÃO,NÃO,NÃO,NÃO,NÃO,NÃO,NÃO,NÃO,NÃO,NÃO,NÃO,NÃO,NÃO,NÃO,NÃO,NÃO,NÃO,NÃO,NÃO,NÃO,NÃO,NÃO,NÃO,NÃO,NÃO,NÃO,NÃO,NÃO,NÃO,NÃO,NÃO,NÃO,,
10/20/2021 15:46:23,2006,9/23/2006,104/06,TELEJORNAL,,,,NÃO,,SIM,Sim,SIM,SIM,SIM,NÃO,NÃO,NÃO,NÃO,NÃO,NÃO,NÃO,NÃO,NÃO,NÃO,NÃO,NÃO,NÃO,NÃO,NÃO,NÃO,NÃO,NÃO,NÃO,NÃO,NÃO,NÃO,NÃO,NÃO,NÃO,NÃO,NÃO,NÃO,NÃO,NÃO,NÃO,NÃO,NÃO,NÃO,NÃO,NÃO,NÃO,NÃO,NÃO,NÃO,NÃO,NÃO,NÃO,NÃO,NÃO,NÃO,NÃO,NÃO,NÃO,NÃO,NÃO,NÃO,NÃO,NÃO,NÃO,NÃO,NÃO,NÃO,NÃO,NÃO,NÃO,NÃO,NÃO,NÃO,NÃO,NÃO,NÃO,NÃO,NÃO,NÃO,,
10/20/2021 15:48:32,2006,9/24/2006,105/06,TELEJORNAL,,,,NÃO,,SIM,Sim,SIM,SIM,SIM,NÃO,NÃO,NÃO,NÃO,NÃO,NÃO,NÃO,NÃO,NÃO,NÃO,NÃO,NÃO,NÃO,NÃO,NÃO,NÃO,NÃO,NÃO,NÃO,NÃO,NÃO,NÃO,NÃO,NÃO,NÃO,NÃO,NÃO,NÃO,NÃO,NÃO,NÃO,NÃO,NÃO,NÃO,NÃO,NÃO,NÃO,NÃO,NÃO,NÃO,NÃO,NÃO,NÃO,NÃO,NÃO,NÃO,NÃO,NÃO,NÃO,NÃO,NÃO,NÃO,NÃO,NÃO,NÃO,NÃO,NÃO,NÃO,NÃO,NÃO,NÃO,NÃO,NÃO,NÃO,NÃO,NÃO,NÃO,NÃO,NÃO,NÃO,,
10/20/2021 15:53:17,2006,9/25/2006,106/06,TELEJORNAL,,,,NÃO,,SIM,Sim,SIM,SIM,SIM,NÃO,NÃO,NÃO,NÃO,NÃO,NÃO,NÃO,NÃO,NÃO,NÃO,NÃO,NÃO,NÃO,NÃO,NÃO,NÃO,NÃO,NÃO,NÃO,NÃO,NÃO,NÃO,NÃO,NÃO,NÃO,NÃO,NÃO,NÃO,NÃO,NÃO,NÃO,NÃO,NÃO,NÃO,NÃO,NÃO,NÃO,NÃO,NÃO,NÃO,NÃO,NÃO,NÃO,NÃO,NÃO,NÃO,NÃO,NÃO,NÃO,NÃO,NÃO,NÃO,NÃO,NÃO,NÃO,NÃO,NÃO,NÃO,NÃO,NÃO,NÃO,NÃO,NÃO,NÃO,NÃO,NÃO,NÃO,NÃO,NÃO,NÃO,,
10/20/2021 15:57:38,2006,9/26/2006,107/06,TELEJORNAL,,,,NÃO,,SIM,Sim,SIM,SIM,SIM,NÃO,NÃO,NÃO,NÃO,NÃO,NÃO,NÃO,NÃO,NÃO,NÃO,NÃO,NÃO,NÃO,NÃO,NÃO,NÃO,NÃO,NÃO,NÃO,NÃO,NÃO,NÃO,NÃO,NÃO,NÃO,NÃO,NÃO,NÃO,NÃO,NÃO,NÃO,NÃO,NÃO,NÃO,NÃO,NÃO,NÃO,NÃO,NÃO,NÃO,NÃO,NÃO,NÃO,NÃO,NÃO,NÃO,NÃO,NÃO,NÃO,NÃO,NÃO,NÃO,NÃO,NÃO,NÃO,NÃO,NÃO,NÃO,NÃO,NÃO,NÃO,NÃO,NÃO,NÃO,NÃO,NÃO,NÃO,NÃO,NÃO,NÃO,,
10/20/2021 16:00:12,2006,9/27/2006,108/06,TELEJORNAL,,,,NÃO,,SIM,Sim,SIM,SIM,SIM,NÃO,NÃO,NÃO,NÃO,NÃO,NÃO,NÃO,NÃO,NÃO,NÃO,NÃO,NÃO,NÃO,NÃO,NÃO,NÃO,NÃO,NÃO,NÃO,NÃO,NÃO,NÃO,NÃO,NÃO,NÃO,NÃO,NÃO,NÃO,NÃO,NÃO,NÃO,NÃO,NÃO,NÃO,NÃO,NÃO,NÃO,NÃO,NÃO,NÃO,NÃO,NÃO,NÃO,NÃO,NÃO,NÃO,NÃO,NÃO,NÃO,NÃO,NÃO,NÃO,NÃO,NÃO,NÃO,NÃO,NÃO,NÃO,NÃO,NÃO,NÃO,NÃO,NÃO,NÃO,NÃO,NÃO,NÃO,NÃO,NÃO,NÃO,,
10/20/2021 16:02:08,2006,9/28/2006,109/06,TELEJORNAL,,,,NÃO,,SIM,Sim,SIM,SIM,SIM,NÃO,NÃO,NÃO,NÃO,NÃO,NÃO,NÃO,NÃO,NÃO,NÃO,NÃO,NÃO,NÃO,NÃO,NÃO,NÃO,NÃO,NÃO,NÃO,NÃO,NÃO,NÃO,NÃO,NÃO,NÃO,NÃO,NÃO,NÃO,NÃO,NÃO,NÃO,NÃO,NÃO,NÃO,NÃO,NÃO,NÃO,NÃO,NÃO,NÃO,NÃO,NÃO,NÃO,NÃO,NÃO,NÃO,NÃO,NÃO,NÃO,NÃO,NÃO,NÃO,NÃO,NÃO,NÃO,NÃO,NÃO,NÃO,NÃO,NÃO,NÃO,NÃO,NÃO,NÃO,NÃO,NÃO,NÃO,NÃO,NÃO,NÃO,,
10/20/2021 16:04:10,2006,9/29/2006,110/06,TELEJORNAL,PRESIDENTE,,BRASIL,NÃO,,SIM,Sim,SIM,SIM,SIM,SIM,NÃO,NÃO,NÃO,NÃO,NÃO,NÃO,NÃO,NÃO,NÃO,NÃO,NÃO,NÃO,NÃO,NÃO,NÃO,NÃO,NÃO,NÃO,NÃO,NÃO,NÃO,NÃO,NÃO,NÃO,NÃO,NÃO,NÃO,NÃO,NÃO,NÃO,NÃO,NÃO,NÃO,NÃO,NÃO,NÃO,NÃO,NÃO,NÃO,NÃO,NÃO,NÃO,NÃO,NÃO,NÃO,NÃO,NÃO,NÃO,NÃO,NÃO,NÃO,NÃO,NÃO,NÃO,NÃO,NÃO,NÃO,NÃO,NÃO,NÃO,NÃO,NÃO,NÃO,NÃO,NÃO,NÃO,NÃO,NÃO,NÃO,,
10/20/2021 16:06:44,2006,9/30/2006,111/06,TELEJORNAL,,,,NÃO,,SIM,Sim,SIM,SIM,SIM,NÃO,NÃO,NÃO,NÃO,NÃO,NÃO,NÃO,NÃO,NÃO,NÃO,NÃO,NÃO,NÃO,NÃO,NÃO,NÃO,NÃO,NÃO,NÃO,NÃO,NÃO,NÃO,NÃO,NÃO,NÃO,NÃO,NÃO,NÃO,NÃO,NÃO,NÃO,NÃO,NÃO,NÃO,NÃO,NÃO,NÃO,NÃO,NÃO,NÃO,NÃO,NÃO,NÃO,NÃO,NÃO,NÃO,NÃO,NÃO,NÃO,NÃO,NÃO,NÃO,NÃO,NÃO,NÃO,NÃO,NÃO,NÃO,NÃO,NÃO,NÃO,NÃO,NÃO,NÃO,NÃO,NÃO,NÃO,NÃO,NÃO,NÃO,,
10/20/2021 16:09:29,2006,10/1/2006,112/06,TELEJORNAL,,,,NÃO,,SIM,Sim,SIM,SIM,SIM,NÃO,NÃO,NÃO,NÃO,NÃO,NÃO,NÃO,NÃO,NÃO,NÃO,NÃO,NÃO,NÃO,NÃO,NÃO,NÃO,NÃO,NÃO,NÃO,NÃO,NÃO,NÃO,NÃO,NÃO,NÃO,NÃO,NÃO,NÃO,NÃO,NÃO,NÃO,NÃO,NÃO,NÃO,NÃO,NÃO,NÃO,NÃO,NÃO,NÃO,NÃO,NÃO,NÃO,NÃO,NÃO,NÃO,NÃO,NÃO,NÃO,NÃO,NÃO,NÃO,NÃO,NÃO,NÃO,NÃO,NÃO,NÃO,NÃO,NÃO,NÃO,NÃO,NÃO,NÃO,NÃO,NÃO,NÃO,NÃO,NÃO,NÃO,,
10/20/2021 16:11:28,2006,10/2/2006,113/06,TELEJORNAL,,,,NÃO,,SIM,Sim,SIM,SIM,SIM,NÃO,NÃO,NÃO,NÃO,NÃO,NÃO,NÃO,NÃO,NÃO,NÃO,NÃO,NÃO,NÃO,NÃO,NÃO,NÃO,NÃO,NÃO,NÃO,NÃO,NÃO,NÃO,NÃO,NÃO,NÃO,NÃO,NÃO,NÃO,NÃO,NÃO,NÃO,NÃO,NÃO,NÃO,NÃO,NÃO,NÃO,NÃO,NÃO,NÃO,NÃO,NÃO,NÃO,NÃO,NÃO,NÃO,NÃO,NÃO,NÃO,NÃO,NÃO,NÃO,NÃO,NÃO,NÃO,NÃO,NÃO,NÃO,NÃO,NÃO,NÃO,NÃO,NÃO,NÃO,NÃO,NÃO,NÃO,NÃO,NÃO,NÃO,,
10/20/2021 16:13:46,2006,10/3/2006,114/06,DIREÇÃO NACIONAL DO PARTIDO,,,,NÃO,,SIM,Sim,SIM,SIM,SIM,NÃO,NÃO,NÃO,NÃO,NÃO,NÃO,NÃO,NÃO,NÃO,NÃO,NÃO,NÃO,NÃO,NÃO,NÃO,NÃO,NÃO,NÃO,NÃO,NÃO,NÃO,NÃO,NÃO,NÃO,NÃO,NÃO,NÃO,NÃO,NÃO,NÃO,NÃO,NÃO,NÃO,NÃO,NÃO,NÃO,NÃO,NÃO,NÃO,NÃO,NÃO,NÃO,NÃO,NÃO,NÃO,NÃO,NÃO,NÃO,NÃO,NÃO,NÃO,NÃO,NÃO,NÃO,NÃO,NÃO,NÃO,NÃO,NÃO,NÃO,NÃO,NÃO,NÃO,NÃO,NÃO,NÃO,NÃO,NÃO,NÃO,NÃO,,
10/20/2021 16:15:52,2006,10/4/2006,116/06,OUTRO,,A gravação tem apenas 1 minuto de novela,,NÃO,,SIM,Sim,SIM,SIM,SIM,NÃO,NÃO,NÃO,NÃO,NÃO,NÃO,NÃO,NÃO,NÃO,NÃO,NÃO,NÃO,NÃO,NÃO,NÃO,NÃO,NÃO,NÃO,NÃO,NÃO,NÃO,NÃO,NÃO,NÃO,NÃO,NÃO,NÃO,NÃO,NÃO,NÃO,NÃO,NÃO,NÃO,NÃO,NÃO,NÃO,NÃO,NÃO,NÃO,NÃO,NÃO,NÃO,NÃO,NÃO,NÃO,NÃO,NÃO,NÃO,NÃO,NÃO,NÃO,NÃO,NÃO,NÃO,NÃO,NÃO,NÃO,NÃO,NÃO,NÃO,NÃO,NÃO,NÃO,NÃO,NÃO,NÃO,NÃO,NÃO,NÃO,NÃO,,
10/20/2021 16:18:09,2006,10/5/2006,117/06,TELEJORNAL,,,,NÃO,,SIM,Sim,SIM,SIM,SIM,NÃO,NÃO,NÃO,NÃO,NÃO,NÃO,NÃO,NÃO,NÃO,NÃO,NÃO,NÃO,NÃO,NÃO,NÃO,NÃO,NÃO,NÃO,NÃO,NÃO,NÃO,NÃO,NÃO,NÃO,NÃO,NÃO,NÃO,NÃO,NÃO,NÃO,NÃO,NÃO,NÃO,NÃO,NÃO,NÃO,NÃO,NÃO,NÃO,NÃO,NÃO,NÃO,NÃO,NÃO,NÃO,NÃO,NÃO,NÃO,NÃO,NÃO,NÃO,NÃO,NÃO,NÃO,NÃO,NÃO,NÃO,NÃO,NÃO,NÃO,NÃO,NÃO,NÃO,NÃO,NÃO,NÃO,NÃO,NÃO,NÃO,NÃO,,
10/20/2021 16:20:14,2006,10/6/2006,118/06,TELEJORNAL,,,,NÃO,,SIM,Sim,SIM,SIM,SIM,NÃO,NÃO,NÃO,NÃO,NÃO,NÃO,NÃO,NÃO,NÃO,NÃO,NÃO,NÃO,NÃO,NÃO,NÃO,NÃO,NÃO,NÃO,NÃO,NÃO,NÃO,NÃO,NÃO,NÃO,NÃO,NÃO,NÃO,NÃO,NÃO,NÃO,NÃO,NÃO,NÃO,NÃO,NÃO,NÃO,NÃO,NÃO,NÃO,NÃO,NÃO,NÃO,NÃO,NÃO,NÃO,NÃO,NÃO,NÃO,NÃO,NÃO,NÃO,NÃO,NÃO,NÃO,NÃO,NÃO,NÃO,NÃO,NÃO,NÃO,NÃO,NÃO,NÃO,NÃO,NÃO,NÃO,NÃO,NÃO,NÃO,NÃO,,
10/20/2021 16:23:05,2006,10/7/2006,119/06,HGPE,PRESIDENTE,,BRASIL,NÃO,,SIM,Sim,SIM,SIM,SIM,NÃO,SIM,NÃO,NÃO,NÃO,NÃO,NÃO,NÃO,NÃO,NÃO,NÃO,NÃO,NÃO,NÃO,NÃO,NÃO,NÃO,NÃO,NÃO,NÃO,NÃO,NÃO,NÃO,NÃO,NÃO,NÃO,NÃO,NÃO,NÃO,NÃO,NÃO,NÃO,NÃO,NÃO,NÃO,NÃO,NÃO,NÃO,NÃO,NÃO,NÃO,NÃO,NÃO,NÃO,NÃO,NÃO,NÃO,NÃO,NÃO,NÃO,NÃO,NÃO,NÃO,NÃO,NÃO,NÃO,NÃO,NÃO,NÃO,NÃO,NÃO,NÃO,NÃO,NÃO,NÃO,NÃO,NÃO,NÃO,NÃO,NÃO,,
10/20/2021 16:25:06,2006,10/8/2006,120/06,HGPE,PRESIDENTE,,BRASIL,NÃO,,SIM,Sim,SIM,SIM,SIM,SIM,SIM,NÃO,NÃO,NÃO,NÃO,NÃO,NÃO,NÃO,NÃO,NÃO,NÃO,NÃO,NÃO,NÃO,NÃO,NÃO,NÃO,NÃO,NÃO,NÃO,NÃO,NÃO,NÃO,NÃO,NÃO,NÃO,NÃO,NÃO,NÃO,NÃO,NÃO,NÃO,NÃO,NÃO,NÃO,NÃO,NÃO,NÃO,NÃO,NÃO,NÃO,NÃO,NÃO,NÃO,NÃO,NÃO,NÃO,NÃO,NÃO,NÃO,NÃO,NÃO,NÃO,NÃO,NÃO,NÃO,NÃO,NÃO,NÃO,NÃO,NÃO,NÃO,NÃO,NÃO,NÃO,NÃO,NÃO,NÃO,NÃO,,
10/20/2021 16:27:07,2006,10/9/2006,121/06,HGPE,PRESIDENTE,,BRASIL,NÃO,,SIM,Sim,SIM,SIM,SIM,SIM,SIM,NÃO,NÃO,NÃO,NÃO,NÃO,NÃO,NÃO,NÃO,NÃO,NÃO,NÃO,NÃO,NÃO,NÃO,NÃO,NÃO,NÃO,NÃO,NÃO,NÃO,NÃO,NÃO,NÃO,NÃO,NÃO,NÃO,NÃO,NÃO,NÃO,NÃO,NÃO,NÃO,NÃO,NÃO,NÃO,NÃO,NÃO,NÃO,NÃO,NÃO,NÃO,NÃO,NÃO,NÃO,NÃO,NÃO,NÃO,NÃO,NÃO,NÃO,NÃO,NÃO,NÃO,NÃO,NÃO,NÃO,NÃO,NÃO,NÃO,NÃO,NÃO,NÃO,NÃO,NÃO,NÃO,NÃO,NÃO,NÃO,,
10/20/2021 16:29:16,2006,10/10/2006,122/06,TELEJORNAL,,,,NÃO,,SIM,Sim,SIM,SIM,SIM,NÃO,NÃO,NÃO,NÃO,NÃO,NÃO,NÃO,NÃO,NÃO,NÃO,NÃO,NÃO,NÃO,NÃO,NÃO,NÃO,NÃO,NÃO,NÃO,NÃO,NÃO,NÃO,NÃO,NÃO,NÃO,NÃO,NÃO,NÃO,NÃO,NÃO,NÃO,NÃO,NÃO,NÃO,NÃO,NÃO,NÃO,NÃO,NÃO,NÃO,NÃO,NÃO,NÃO,NÃO,NÃO,NÃO,NÃO,NÃO,NÃO,NÃO,NÃO,NÃO,NÃO,NÃO,NÃO,NÃO,NÃO,NÃO,NÃO,NÃO,NÃO,NÃO,NÃO,NÃO,NÃO,NÃO,NÃO,NÃO,NÃO,NÃO,,
10/20/2021 16:31:36,2006,10/11/2006,123/06,HGPE,PRESIDENTE,,BRASIL,NÃO,,SIM,Sim,SIM,SIM,SIM,SIM,SIM,NÃO,NÃO,NÃO,NÃO,NÃO,NÃO,NÃO,NÃO,NÃO,NÃO,NÃO,NÃO,NÃO,NÃO,NÃO,NÃO,NÃO,NÃO,NÃO,NÃO,NÃO,NÃO,NÃO,NÃO,NÃO,NÃO,NÃO,NÃO,NÃO,NÃO,NÃO,NÃO,NÃO,NÃO,NÃO,NÃO,NÃO,NÃO,NÃO,NÃO,NÃO,NÃO,NÃO,NÃO,NÃO,NÃO,NÃO,NÃO,NÃO,NÃO,NÃO,NÃO,NÃO,NÃO,NÃO,NÃO,NÃO,NÃO,NÃO,NÃO,NÃO,NÃO,NÃO,NÃO,NÃO,NÃO,NÃO,NÃO,,
10/20/2021 16:34:36,2006,10/12/2006,124/06,TELEJORNAL,,,,NÃO,,SIM,Sim,SIM,SIM,SIM,NÃO,NÃO,NÃO,NÃO,NÃO,NÃO,NÃO,NÃO,NÃO,NÃO,NÃO,NÃO,NÃO,NÃO,NÃO,NÃO,NÃO,NÃO,NÃO,NÃO,NÃO,NÃO,NÃO,NÃO,NÃO,NÃO,NÃO,NÃO,NÃO,NÃO,NÃO,NÃO,NÃO,NÃO,NÃO,NÃO,NÃO,NÃO,NÃO,NÃO,NÃO,NÃO,NÃO,NÃO,NÃO,NÃO,NÃO,NÃO,NÃO,NÃO,NÃO,NÃO,NÃO,NÃO,NÃO,NÃO,NÃO,NÃO,NÃO,NÃO,NÃO,NÃO,NÃO,NÃO,NÃO,NÃO,NÃO,NÃO,NÃO,NÃO,,
10/20/2021 16:37:21,2006,10/13/2006,125/06,HGPE,PRESIDENTE,,BRASIL,NÃO,,SIM,Sim,SIM,SIM,SIM,SIM,SIM,NÃO,NÃO,NÃO,NÃO,NÃO,NÃO,NÃO,NÃO,NÃO,NÃO,NÃO,NÃO,NÃO,NÃO,NÃO,NÃO,NÃO,NÃO,NÃO,NÃO,NÃO,NÃO,NÃO,NÃO,NÃO,NÃO,NÃO,NÃO,NÃO,NÃO,NÃO,NÃO,NÃO,NÃO,NÃO,NÃO,NÃO,NÃO,NÃO,NÃO,NÃO,NÃO,NÃO,NÃO,NÃO,NÃO,NÃO,NÃO,NÃO,NÃO,NÃO,NÃO,NÃO,NÃO,NÃO,NÃO,NÃO,NÃO,NÃO,NÃO,NÃO,NÃO,NÃO,NÃO,NÃO,NÃO,NÃO,NÃO,,
10/20/2021 16:39:26,2006,10/14/2006,126/06,TELEJORNAL,,,,NÃO,,SIM,Sim,SIM,SIM,SIM,NÃO,NÃO,NÃO,NÃO,NÃO,NÃO,NÃO,NÃO,NÃO,NÃO,NÃO,NÃO,NÃO,NÃO,NÃO,NÃO,NÃO,NÃO,NÃO,NÃO,NÃO,NÃO,NÃO,NÃO,NÃO,NÃO,NÃO,NÃO,NÃO,NÃO,NÃO,NÃO,NÃO,NÃO,NÃO,NÃO,NÃO,NÃO,NÃO,NÃO,NÃO,NÃO,NÃO,NÃO,NÃO,NÃO,NÃO,NÃO,NÃO,NÃO,NÃO,NÃO,NÃO,NÃO,NÃO,NÃO,NÃO,NÃO,NÃO,NÃO,NÃO,NÃO,NÃO,NÃO,NÃO,NÃO,NÃO,NÃO,NÃO,NÃO,,
10/22/2021 14:15:31,2006,9/1/2006,127/05,TELEJORNAL,,A gravação é de 2005,,NÃO,,SIM,Sim,SIM,SIM,SIM,NÃO,NÃO,NÃO,NÃO,NÃO,NÃO,NÃO,NÃO,NÃO,NÃO,NÃO,NÃO,NÃO,NÃO,NÃO,NÃO,NÃO,NÃO,NÃO,NÃO,NÃO,NÃO,NÃO,NÃO,NÃO,NÃO,NÃO,NÃO,NÃO,NÃO,NÃO,NÃO,NÃO,NÃO,NÃO,NÃO,NÃO,NÃO,NÃO,NÃO,NÃO,NÃO,NÃO,NÃO,NÃO,NÃO,NÃO,NÃO,NÃO,NÃO,NÃO,NÃO,NÃO,NÃO,NÃO,NÃO,NÃO,NÃO,NÃO,NÃO,NÃO,NÃO,NÃO,NÃO,NÃO,NÃO,NÃO,NÃO,NÃO,NÃO,,
10/22/2021 14:17:34,2006,9/2/2006,128/06,TELEJORNAL,,,,NÃO,,SIM,Sim,SIM,SIM,SIM,NÃO,NÃO,NÃO,NÃO,NÃO,NÃO,NÃO,NÃO,NÃO,NÃO,NÃO,NÃO,NÃO,NÃO,NÃO,NÃO,NÃO,NÃO,NÃO,NÃO,NÃO,NÃO,NÃO,NÃO,NÃO,NÃO,NÃO,NÃO,NÃO,NÃO,NÃO,NÃO,NÃO,NÃO,NÃO,NÃO,NÃO,NÃO,NÃO,NÃO,NÃO,NÃO,NÃO,NÃO,NÃO,NÃO,NÃO,NÃO,NÃO,NÃO,NÃO,NÃO,NÃO,NÃO,NÃO,NÃO,NÃO,NÃO,NÃO,NÃO,NÃO,NÃO,NÃO,NÃO,NÃO,NÃO,NÃO,NÃO,NÃO,NÃO,,
10/22/2021 14:19:28,2006,9/3/2006,129/06,TELEJORNAL,PRESIDENTE,,BRASIL,NÃO,,SIM,Sim,SIM,SIM,SIM,SIM,SIM,NÃO,NÃO,NÃO,NÃO,NÃO,NÃO,NÃO,NÃO,NÃO,NÃO,NÃO,NÃO,NÃO,NÃO,NÃO,NÃO,NÃO,NÃO,NÃO,NÃO,NÃO,NÃO,NÃO,NÃO,NÃO,NÃO,NÃO,NÃO,NÃO,NÃO,NÃO,NÃO,NÃO,NÃO,NÃO,NÃO,NÃO,NÃO,NÃO,NÃO,NÃO,NÃO,NÃO,NÃO,NÃO,NÃO,NÃO,NÃO,NÃO,NÃO,NÃO,NÃO,NÃO,NÃO,NÃO,NÃO,NÃO,NÃO,NÃO,NÃO,NÃO,NÃO,NÃO,NÃO,NÃO,NÃO,NÃO,NÃO,,
10/22/2021 14:21:26,2006,9/4/2006,130/06,TELEJORNAL,,,,NÃO,,SIM,Sim,SIM,SIM,SIM,NÃO,NÃO,NÃO,NÃO,NÃO,NÃO,NÃO,NÃO,NÃO,NÃO,NÃO,NÃO,NÃO,NÃO,NÃO,NÃO,NÃO,NÃO,NÃO,NÃO,NÃO,NÃO,NÃO,NÃO,NÃO,NÃO,NÃO,NÃO,NÃO,NÃO,NÃO,NÃO,NÃO,NÃO,NÃO,NÃO,NÃO,NÃO,NÃO,NÃO,NÃO,NÃO,NÃO,NÃO,NÃO,NÃO,NÃO,NÃO,NÃO,NÃO,NÃO,NÃO,NÃO,NÃO,NÃO,NÃO,NÃO,NÃO,NÃO,NÃO,NÃO,NÃO,NÃO,NÃO,NÃO,NÃO,NÃO,NÃO,NÃO,NÃO,,
10/22/2021 14:23:14,2006,9/5/2006,131/06,TELEJORNAL,PRESIDENTE,,BRASIL,NÃO,,SIM,Sim,SIM,SIM,SIM,SIM,SIM,NÃO,NÃO,NÃO,NÃO,NÃO,NÃO,NÃO,NÃO,NÃO,NÃO,NÃO,NÃO,NÃO,NÃO,NÃO,NÃO,NÃO,NÃO,NÃO,NÃO,NÃO,NÃO,NÃO,NÃO,NÃO,NÃO,NÃO,NÃO,NÃO,NÃO,NÃO,NÃO,NÃO,NÃO,NÃO,NÃO,NÃO,NÃO,NÃO,NÃO,NÃO,NÃO,NÃO,NÃO,NÃO,NÃO,NÃO,NÃO,NÃO,NÃO,NÃO,NÃO,NÃO,NÃO,NÃO,NÃO,NÃO,NÃO,NÃO,NÃO,NÃO,NÃO,NÃO,NÃO,NÃO,NÃO,NÃO,NÃO,,
10/22/2021 14:24:56,2006,9/6/2006,134/06,TELEJORNAL,,,,NÃO,,SIM,Sim,SIM,SIM,SIM,NÃO,NÃO,NÃO,NÃO,NÃO,NÃO,NÃO,NÃO,NÃO,NÃO,NÃO,NÃO,NÃO,NÃO,NÃO,NÃO,NÃO,NÃO,NÃO,NÃO,NÃO,NÃO,NÃO,NÃO,NÃO,NÃO,NÃO,NÃO,NÃO,NÃO,NÃO,NÃO,NÃO,NÃO,NÃO,NÃO,NÃO,NÃO,NÃO,NÃO,NÃO,NÃO,NÃO,NÃO,NÃO,NÃO,NÃO,NÃO,NÃO,NÃO,NÃO,NÃO,NÃO,NÃO,NÃO,NÃO,NÃO,NÃO,NÃO,NÃO,NÃO,NÃO,NÃO,NÃO,NÃO,NÃO,NÃO,NÃO,NÃO,NÃO,,
10/22/2021 14:26:42,2006,9/7/2006,135/06,TELEJORNAL,,,,NÃO,,SIM,Sim,SIM,SIM,SIM,NÃO,NÃO,NÃO,NÃO,NÃO,NÃO,NÃO,NÃO,NÃO,NÃO,NÃO,NÃO,NÃO,NÃO,NÃO,NÃO,NÃO,NÃO,NÃO,NÃO,NÃO,NÃO,NÃO,NÃO,NÃO,NÃO,NÃO,NÃO,NÃO,NÃO,NÃO,NÃO,NÃO,NÃO,NÃO,NÃO,NÃO,NÃO,NÃO,NÃO,NÃO,NÃO,NÃO,NÃO,NÃO,NÃO,NÃO,NÃO,NÃO,NÃO,NÃO,NÃO,NÃO,NÃO,NÃO,NÃO,NÃO,NÃO,NÃO,NÃO,NÃO,NÃO,NÃO,NÃO,NÃO,NÃO,NÃO,NÃO,NÃO,NÃO,,
10/22/2021 14:28:45,2006,9/8/2006,136/06,TELEJORNAL,,,,NÃO,,SIM,Sim,SIM,SIM,SIM,NÃO,NÃO,NÃO,NÃO,NÃO,NÃO,NÃO,NÃO,NÃO,NÃO,NÃO,NÃO,NÃO,NÃO,NÃO,NÃO,NÃO,NÃO,NÃO,NÃO,NÃO,NÃO,NÃO,NÃO,NÃO,NÃO,NÃO,NÃO,NÃO,NÃO,NÃO,NÃO,NÃO,NÃO,NÃO,NÃO,NÃO,NÃO,NÃO,NÃO,NÃO,NÃO,NÃO,NÃO,NÃO,NÃO,NÃO,NÃO,NÃO,NÃO,NÃO,NÃO,NÃO,NÃO,NÃO,NÃO,NÃO,NÃO,NÃO,NÃO,NÃO,NÃO,NÃO,NÃO,NÃO,NÃO,NÃO,NÃO,NÃO,NÃO,,
10/22/2021 14:30:39,2006,9/9/2006,137/06,TELEJORNAL,PRESIDENTE,,BRASIL,NÃO,,SIM,Sim,SIM,SIM,SIM,NÃO,SIM,NÃO,NÃO,NÃO,NÃO,NÃO,NÃO,NÃO,NÃO,NÃO,NÃO,NÃO,NÃO,NÃO,NÃO,NÃO,NÃO,NÃO,NÃO,NÃO,NÃO,NÃO,NÃO,NÃO,NÃO,NÃO,NÃO,NÃO,NÃO,NÃO,NÃO,NÃO,NÃO,NÃO,NÃO,NÃO,NÃO,NÃO,NÃO,NÃO,NÃO,NÃO,NÃO,NÃO,NÃO,NÃO,NÃO,NÃO,NÃO,NÃO,NÃO,NÃO,NÃO,NÃO,NÃO,NÃO,NÃO,NÃO,NÃO,NÃO,NÃO,NÃO,NÃO,NÃO,NÃO,NÃO,NÃO,NÃO,NÃO,,
10/22/2021 14:32:36,2006,9/10/2006,139/06,TELEJORNAL,,,,NÃO,,SIM,Sim,SIM,SIM,SIM,NÃO,NÃO,NÃO,NÃO,NÃO,NÃO,NÃO,NÃO,NÃO,NÃO,NÃO,NÃO,NÃO,NÃO,NÃO,NÃO,NÃO,NÃO,NÃO,NÃO,NÃO,NÃO,NÃO,NÃO,NÃO,NÃO,NÃO,NÃO,NÃO,NÃO,NÃO,NÃO,NÃO,NÃO,NÃO,NÃO,NÃO,NÃO,NÃO,NÃO,NÃO,NÃO,NÃO,NÃO,NÃO,NÃO,NÃO,NÃO,NÃO,NÃO,NÃO,NÃO,NÃO,NÃO,NÃO,NÃO,NÃO,NÃO,NÃO,NÃO,NÃO,NÃO,NÃO,NÃO,NÃO,NÃO,NÃO,NÃO,NÃO,NÃO,,
10/22/2021 14:34:32,2006,9/11/2006,141/06,TELEJORNAL,,,,NÃO,,SIM,Sim,SIM,SIM,SIM,NÃO,NÃO,NÃO,NÃO,NÃO,NÃO,NÃO,NÃO,NÃO,NÃO,NÃO,NÃO,NÃO,NÃO,NÃO,NÃO,NÃO,NÃO,NÃO,NÃO,NÃO,NÃO,NÃO,NÃO,NÃO,NÃO,NÃO,NÃO,NÃO,NÃO,NÃO,NÃO,NÃO,NÃO,NÃO,NÃO,NÃO,NÃO,NÃO,NÃO,NÃO,NÃO,NÃO,NÃO,NÃO,NÃO,NÃO,NÃO,NÃO,NÃO,NÃO,NÃO,NÃO,NÃO,NÃO,NÃO,NÃO,NÃO,NÃO,NÃO,NÃO,NÃO,NÃO,NÃO,NÃO,NÃO,NÃO,NÃO,NÃO,NÃO,,
10/22/2021 14:36:22,2006,9/12/2006,142/06,TELEJORNAL,,,,NÃO,,SIM,Sim,SIM,SIM,SIM,NÃO,NÃO,NÃO,NÃO,NÃO,NÃO,NÃO,NÃO,NÃO,NÃO,NÃO,NÃO,NÃO,NÃO,NÃO,NÃO,NÃO,NÃO,NÃO,NÃO,NÃO,NÃO,NÃO,NÃO,NÃO,NÃO,NÃO,NÃO,NÃO,NÃO,NÃO,NÃO,NÃO,NÃO,NÃO,NÃO,NÃO,NÃO,NÃO,NÃO,NÃO,NÃO,NÃO,NÃO,NÃO,NÃO,NÃO,NÃO,NÃO,NÃO,NÃO,NÃO,NÃO,NÃO,NÃO,NÃO,NÃO,NÃO,NÃO,NÃO,NÃO,NÃO,NÃO,NÃO,NÃO,NÃO,NÃO,NÃO,NÃO,NÃO,,
10/22/2021 14:38:48,2006,9/13/2006,143/06A,OUTRO,,A gravação não reproduz,,NÃO,,SIM,Não,SIM,SIM,SIM,NÃO,NÃO,NÃO,NÃO,NÃO,NÃO,NÃO,NÃO,NÃO,NÃO,NÃO,NÃO,NÃO,NÃO,NÃO,NÃO,NÃO,NÃO,NÃO,NÃO,NÃO,NÃO,NÃO,NÃO,NÃO,NÃO,NÃO,NÃO,NÃO,NÃO,NÃO,NÃO,NÃO,NÃO,NÃO,NÃO,NÃO,NÃO,NÃO,NÃO,NÃO,NÃO,NÃO,NÃO,NÃO,NÃO,NÃO,NÃO,NÃO,NÃO,NÃO,NÃO,NÃO,NÃO,NÃO,NÃO,NÃO,NÃO,NÃO,NÃO,NÃO,NÃO,NÃO,NÃO,NÃO,NÃO,NÃO,NÃO,NÃO,NÃO,,
10/22/2021 14:43:45,2006,8/24/2006,143/06B,HGPE,"PRESIDENTE, DEPUTADO FEDERAL",,"BRASIL, BA",NÃO,,SIM,Sim,SIM,SIM,SIM,SIM,SIM,SIM,SIM,NÃO,SIM,SIM,SIM,SIM,SIM,SIM,SIM,SIM,SIM,SIM,NÃO,NÃO,SIM,SIM,SIM,SIM,SIM,SIM,SIM,SIM,NÃO,NÃO,NÃO,NÃO,NÃO,NÃO,NÃO,NÃO,NÃO,SIM,NÃO,SIM,SIM,NÃO,NÃO,NÃO,NÃO,NÃO,NÃO,NÃO,SIM,NÃO,NÃO,NÃO,NÃO,NÃO,NÃO,NÃO,NÃO,NÃO,NÃO,NÃO,NÃO,NÃO,NÃO,NÃO,NÃO,NÃO,NÃO,NÃO,NÃO,NÃO,NÃO,NÃO,NÃO,,
10/22/2021 14:46:48,2006,8/25/2006,143/06,HGPE,GOVERNADOR,,MG,NÃO,,SIM,Sim,SIM,SIM,SIM,SIM,SIM,NÃO,NÃO,NÃO,NÃO,NÃO,NÃO,NÃO,SIM,NÃO,NÃO,SIM,SIM,NÃO,NÃO,SIM,NÃO,NÃO,NÃO,NÃO,NÃO,NÃO,SIM,NÃO,NÃO,NÃO,NÃO,NÃO,NÃO,NÃO,NÃO,NÃO,NÃO,NÃO,NÃO,SIM,NÃO,NÃO,NÃO,NÃO,NÃO,NÃO,NÃO,NÃO,SIM,NÃO,NÃO,NÃO,NÃO,NÃO,NÃO,NÃO,NÃO,NÃO,NÃO,NÃO,NÃO,NÃO,NÃO,NÃO,NÃO,NÃO,NÃO,NÃO,NÃO,NÃO,NÃO,NÃO,NÃO,,
10/25/2021 14:12:42,2006,8/26/2006,144/06A,DIREÇÃO NACIONAL DO PARTIDO,,,,NÃO,,SIM,Sim,SIM,SIM,SIM,NÃO,NÃO,NÃO,NÃO,NÃO,NÃO,NÃO,SIM,NÃO,NÃO,SIM,NÃO,NÃO,NÃO,NÃO,NÃO,SIM,NÃO,NÃO,NÃO,NÃO,NÃO,NÃO,SIM,NÃO,NÃO,NÃO,NÃO,NÃO,NÃO,NÃO,NÃO,NÃO,NÃO,NÃO,NÃO,NÃO,NÃO,NÃO,NÃO,NÃO,NÃO,NÃO,NÃO,NÃO,NÃO,NÃO,NÃO,NÃO,NÃO,NÃO,NÃO,NÃO,NÃO,NÃO,NÃO,NÃO,NÃO,NÃO,NÃO,NÃO,NÃO,NÃO,NÃO,NÃO,NÃO,NÃO,NÃO,NÃO,NÃO,,
10/25/2021 14:17:09,2006,8/27/2006,144/06B,HGPE,"PRESIDENTE, DEPUTADO FEDERAL",,"BRASIL, BA",NÃO,,SIM,Sim,SIM,SIM,SIM,SIM,SIM,SIM,SIM,NÃO,SIM,SIM,SIM,NÃO,SIM,SIM,SIM,SIM,SIM,NÃO,NÃO,SIM,NÃO,SIM,SIM,SIM,SIM,SIM,SIM,NÃO,SIM,NÃO,NÃO,NÃO,NÃO,NÃO,NÃO,NÃO,NÃO,SIM,NÃO,SIM,SIM,NÃO,NÃO,NÃO,NÃO,NÃO,NÃO,SIM,SIM,NÃO,NÃO,NÃO,NÃO,NÃO,NÃO,NÃO,NÃO,NÃO,NÃO,NÃO,NÃO,NÃO,NÃO,NÃO,NÃO,NÃO,NÃO,NÃO,NÃO,NÃO,NÃO,NÃO,NÃO,,
10/25/2021 14:21:42,2006,8/28/2006,144/06B,HGPE,"PRESIDENTE, SENADOR, DEPUTADO FEDERAL",,"BRASIL, BA",NÃO,,SIM,Sim,SIM,SIM,SIM,SIM,SIM,SIM,SIM,NÃO,SIM,SIM,SIM,NÃO,SIM,SIM,SIM,SIM,SIM,NÃO,NÃO,SIM,NÃO,SIM,SIM,SIM,SIM,SIM,SIM,NÃO,SIM,NÃO,NÃO,NÃO,NÃO,NÃO,NÃO,NÃO,NÃO,SIM,NÃO,SIM,SIM,NÃO,NÃO,NÃO,NÃO,NÃO,NÃO,SIM,SIM,NÃO,NÃO,NÃO,NÃO,NÃO,NÃO,NÃO,NÃO,NÃO,NÃO,NÃO,NÃO,NÃO,NÃO,NÃO,NÃO,NÃO,NÃO,NÃO,NÃO,NÃO,NÃO,NÃO,NÃO,,
10/25/2021 14:27:13,2006,8/29/2006,145/06,HGPE,"PRESIDENTE, DEPUTADO FEDERAL",,"BRASIL, BA",NÃO,,SIM,Sim,SIM,SIM,SIM,SIM,SIM,SIM,NÃO,NÃO,SIM,SIM,SIM,SIM,SIM,SIM,SIM,SIM,SIM,SIM,NÃO,NÃO,SIM,SIM,NÃO,SIM,SIM,SIM,SIM,SIM,NÃO,NÃO,NÃO,NÃO,NÃO,NÃO,NÃO,NÃO,NÃO,SIM,NÃO,SIM,SIM,NÃO,NÃO,NÃO,NÃO,NÃO,NÃO,NÃO,SIM,NÃO,NÃO,NÃO,NÃO,NÃO,NÃO,NÃO,NÃO,NÃO,NÃO,NÃO,NÃO,NÃO,NÃO,NÃO,NÃO,NÃO,NÃO,NÃO,NÃO,NÃO,NÃO,NÃO,NÃO,,
10/25/2021 14:32:14,2006,8/30/2006,146/06,HGPE,"PRESIDENTE, DEPUTADO FEDERAL",,"BRASIL, BA",NÃO,,SIM,Sim,SIM,SIM,SIM,SIM,SIM,SIM,SIM,NÃO,SIM,SIM,SIM,NÃO,SIM,SIM,SIM,SIM,SIM,NÃO,NÃO,SIM,NÃO,SIM,SIM,SIM,SIM,SIM,SIM,NÃO,SIM,NÃO,NÃO,NÃO,NÃO,NÃO,NÃO,NÃO,NÃO,SIM,NÃO,SIM,SIM,NÃO,NÃO,NÃO,NÃO,NÃO,NÃO,SIM,SIM,NÃO,NÃO,NÃO,NÃO,NÃO,NÃO,NÃO,NÃO,NÃO,NÃO,NÃO,NÃO,NÃO,NÃO,NÃO,NÃO,NÃO,NÃO,NÃO,NÃO,NÃO,NÃO,NÃO,NÃO,,
10/25/2021 14:51:46,2006,9/1/2006,147/06,HGPE,"PRESIDENTE, DEPUTADO FEDERAL, DEPUTADO ESTADUAL",,"BRASIL, BA",NÃO,,SIM,Sim,SIM,SIM,SIM,SIM,SIM,SIM,SIM,NÃO,SIM,SIM,SIM,NÃO,SIM,SIM,SIM,SIM,SIM,NÃO,NÃO,SIM,NÃO,SIM,SIM,SIM,SIM,SIM,SIM,NÃO,SIM,NÃO,NÃO,NÃO,NÃO,NÃO,NÃO,NÃO,NÃO,SIM,NÃO,SIM,SIM,NÃO,NÃO,NÃO,NÃO,NÃO,NÃO,SIM,SIM,NÃO,NÃO,NÃO,NÃO,NÃO,NÃO,NÃO,NÃO,NÃO,NÃO,NÃO,NÃO,NÃO,NÃO,NÃO,NÃO,NÃO,NÃO,NÃO,NÃO,NÃO,NÃO,NÃO,NÃO,,
10/25/2021 14:58:27,2006,9/2/2006,148/06,HGPE,"PRESIDENTE, DEPUTADO FEDERAL",,"BRASIL, BA",NÃO,,SIM,Sim,SIM,SIM,SIM,SIM,SIM,SIM,SIM,NÃO,SIM,SIM,NÃO,NÃO,SIM,SIM,SIM,SIM,SIM,NÃO,NÃO,SIM,NÃO,SIM,SIM,SIM,SIM,SIM,SIM,NÃO,SIM,SIM,NÃO,NÃO,NÃO,NÃO,NÃO,NÃO,NÃO,SIM,NÃO,SIM,SIM,NÃO,NÃO,NÃO,NÃO,NÃO,NÃO,SIM,SIM,NÃO,NÃO,NÃO,NÃO,NÃO,NÃO,NÃO,NÃO,NÃO,NÃO,NÃO,NÃO,NÃO,NÃO,NÃO,NÃO,NÃO,NÃO,NÃO,NÃO,NÃO,NÃO,NÃO,NÃO,,
10/25/2021 15:04:56,2006,9/3/2006,149/06,HGPE,"PRESIDENTE, DEPUTADO FEDERAL",,"BRASIL, BA",NÃO,,SIM,Sim,SIM,SIM,SIM,SIM,SIM,SIM,SIM,NÃO,SIM,SIM,SIM,NÃO,SIM,SIM,SIM,SIM,SIM,NÃO,NÃO,SIM,NÃO,SIM,SIM,SIM,SIM,SIM,SIM,NÃO,SIM,NÃO,NÃO,NÃO,NÃO,NÃO,NÃO,NÃO,NÃO,SIM,NÃO,SIM,SIM,NÃO,NÃO,NÃO,NÃO,NÃO,NÃO,SIM,SIM,NÃO,NÃO,NÃO,NÃO,NÃO,NÃO,NÃO,NÃO,NÃO,NÃO,NÃO,NÃO,NÃO,NÃO,NÃO,NÃO,NÃO,NÃO,NÃO,NÃO,NÃO,NÃO,NÃO,NÃO,,
10/25/2021 15:07:34,2006,9/4/2006,150/06,DEBATE,PRESIDENTE,,BRASIL,NÃO,,SIM,Sim,SIM,SIM,SIM,SIM,SIM,NÃO,NÃO,NÃO,NÃO,NÃO,NÃO,NÃO,NÃO,NÃO,NÃO,NÃO,NÃO,NÃO,NÃO,NÃO,NÃO,NÃO,NÃO,NÃO,NÃO,NÃO,NÃO,NÃO,NÃO,NÃO,NÃO,NÃO,NÃO,NÃO,NÃO,NÃO,NÃO,NÃO,NÃO,NÃO,NÃO,NÃO,NÃO,NÃO,NÃO,NÃO,NÃO,NÃO,NÃO,NÃO,NÃO,NÃO,NÃO,NÃO,NÃO,NÃO,NÃO,NÃO,NÃO,NÃO,NÃO,NÃO,NÃO,NÃO,NÃO,NÃO,NÃO,NÃO,NÃO,NÃO,NÃO,NÃO,NÃO,,
10/25/2021 15:09:56,2006,9/5/2006,151/06,OUTRO,,A gravação está vazia,,SIM,,SIM,Não,SIM,SIM,SIM,NÃO,NÃO,NÃO,NÃO,NÃO,NÃO,NÃO,NÃO,NÃO,NÃO,NÃO,NÃO,NÃO,NÃO,NÃO,NÃO,NÃO,NÃO,NÃO,NÃO,NÃO,NÃO,NÃO,NÃO,NÃO,NÃO,NÃO,NÃO,NÃO,NÃO,NÃO,NÃO,NÃO,NÃO,NÃO,NÃO,NÃO,NÃO,NÃO,NÃO,NÃO,NÃO,NÃO,NÃO,NÃO,NÃO,NÃO,NÃO,NÃO,NÃO,NÃO,NÃO,NÃO,NÃO,NÃO,NÃO,NÃO,NÃO,NÃO,NÃO,NÃO,NÃO,NÃO,NÃO,NÃO,NÃO,NÃO,NÃO,NÃO,NÃO,,
10/25/2021 15:12:02,2006,9/6/2006,152/6,HGPE,PRESIDENTE,,BRASIL,NÃO,,SIM,Sim,SIM,SIM,SIM,SIM,NÃO,NÃO,NÃO,NÃO,NÃO,NÃO,NÃO,NÃO,NÃO,NÃO,NÃO,NÃO,NÃO,NÃO,NÃO,NÃO,NÃO,NÃO,NÃO,NÃO,NÃO,NÃO,NÃO,NÃO,NÃO,NÃO,NÃO,NÃO,NÃO,NÃO,NÃO,NÃO,NÃO,NÃO,NÃO,NÃO,NÃO,NÃO,NÃO,NÃO,NÃO,NÃO,NÃO,NÃO,NÃO,NÃO,NÃO,NÃO,NÃO,NÃO,NÃO,NÃO,NÃO,NÃO,NÃO,NÃO,NÃO,NÃO,NÃO,NÃO,NÃO,NÃO,NÃO,NÃO,NÃO,NÃO,NÃO,NÃO,NÃO,,
10/25/2021 15:16:58,2006,9/7/2006,153/06,HGPE,"PRESIDENTE, DEPUTADO FEDERAL",,"BRASIL, RJ",NÃO,,SIM,Sim,SIM,SIM,SIM,SIM,SIM,SIM,SIM,NÃO,SIM,SIM,SIM,SIM,SIM,SIM,SIM,SIM,SIM,SIM,NÃO,SIM,SIM,SIM,SIM,SIM,SIM,SIM,NÃO,NÃO,SIM,NÃO,NÃO,NÃO,NÃO,NÃO,NÃO,NÃO,NÃO,SIM,NÃO,SIM,SIM,NÃO,NÃO,NÃO,NÃO,NÃO,NÃO,SIM,SIM,NÃO,NÃO,NÃO,NÃO,NÃO,NÃO,NÃO,NÃO,NÃO,NÃO,NÃO,NÃO,NÃO,NÃO,NÃO,NÃO,NÃO,NÃO,NÃO,NÃO,NÃO,NÃO,NÃO,NÃO,,
10/26/2021 13:23:31,2007,9/1/2007,001/07,TELEJORNAL,PRESIDENTE,TELEJORNAL sobre as eleições de 2006,BRASIL,NÃO,,SIM,Sim,SIM,SIM,SIM,SIM,SIM,SIM,NÃO,NÃO,NÃO,NÃO,NÃO,NÃO,NÃO,NÃO,NÃO,NÃO,SIM,NÃO,NÃO,NÃO,NÃO,SIM,NÃO,SIM,NÃO,NÃO,NÃO,NÃO,NÃO,NÃO,NÃO,NÃO,NÃO,NÃO,NÃO,NÃO,NÃO,NÃO,NÃO,NÃO,NÃO,NÃO,NÃO,NÃO,NÃO,NÃO,NÃO,NÃO,NÃO,NÃO,NÃO,NÃO,NÃO,NÃO,NÃO,NÃO,NÃO,NÃO,NÃO,NÃO,NÃO,NÃO,NÃO,NÃO,NÃO,NÃO,NÃO,NÃO,NÃO,NÃO,NÃO,NÃO,NÃO,,
10/26/2021 13:26:02,2007,9/2/2007,001/07A,DIREÇÃO NACIONAL DO PARTIDO,,,,NÃO,,SIM,Sim,SIM,SIM,SIM,NÃO,NÃO,NÃO,NÃO,NÃO,NÃO,NÃO,NÃO,NÃO,NÃO,NÃO,NÃO,NÃO,NÃO,NÃO,NÃO,NÃO,NÃO,NÃO,NÃO,SIM,NÃO,NÃO,NÃO,NÃO,NÃO,NÃO,NÃO,NÃO,NÃO,NÃO,NÃO,NÃO,NÃO,NÃO,NÃO,NÃO,NÃO,NÃO,NÃO,NÃO,NÃO,NÃO,NÃO,NÃO,NÃO,NÃO,NÃO,NÃO,NÃO,NÃO,NÃO,NÃO,NÃO,NÃO,NÃO,NÃO,NÃO,NÃO,NÃO,NÃO,NÃO,NÃO,NÃO,NÃO,NÃO,NÃO,NÃO,NÃO,NÃO,,
10/26/2021 13:41:10,2007,9/3/2007,001/07B,DIREÇÃO NACIONAL DO PARTIDO,,,,NÃO,,SIM,Sim,SIM,SIM,SIM,SIM,NÃO,SIM,NÃO,NÃO,SIM,SIM,SIM,SIM,SIM,NÃO,NÃO,SIM,NÃO,SIM,NÃO,NÃO,NÃO,SIM,SIM,SIM,NÃO,NÃO,SIM,NÃO,SIM,NÃO,NÃO,NÃO,NÃO,NÃO,NÃO,NÃO,NÃO,NÃO,NÃO,NÃO,NÃO,NÃO,NÃO,NÃO,NÃO,NÃO,NÃO,NÃO,SIM,NÃO,NÃO,NÃO,NÃO,NÃO,NÃO,NÃO,NÃO,NÃO,NÃO,NÃO,NÃO,NÃO,NÃO,NÃO,NÃO,NÃO,NÃO,NÃO,NÃO,NÃO,NÃO,NÃO,NÃO,,
10/26/2021 13:43:45,2007,9/4/2007,002/07,TELEJORNAL,,,,NÃO,,SIM,Sim,SIM,SIM,SIM,NÃO,NÃO,NÃO,NÃO,NÃO,NÃO,NÃO,NÃO,NÃO,NÃO,NÃO,NÃO,NÃO,NÃO,NÃO,NÃO,NÃO,NÃO,NÃO,NÃO,NÃO,NÃO,NÃO,NÃO,NÃO,NÃO,NÃO,NÃO,NÃO,NÃO,NÃO,NÃO,NÃO,NÃO,NÃO,NÃO,NÃO,NÃO,NÃO,NÃO,NÃO,NÃO,NÃO,NÃO,NÃO,NÃO,NÃO,NÃO,NÃO,NÃO,NÃO,NÃO,NÃO,NÃO,NÃO,NÃO,NÃO,NÃO,NÃO,NÃO,NÃO,NÃO,NÃO,NÃO,NÃO,NÃO,NÃO,NÃO,NÃO,NÃO,,
10/26/2021 13:47:23,2007,9/5/2007,002/07A,DIREÇÃO NACIONAL DO PARTIDO,,,,NÃO,,SIM,Sim,SIM,SIM,SIM,SIM,SIM,NÃO,NÃO,SIM,NÃO,NÃO,NÃO,NÃO,NÃO,SIM,SIM,NÃO,NÃO,NÃO,NÃO,NÃO,NÃO,NÃO,NÃO,SIM,SIM,NÃO,NÃO,SIM,SIM,NÃO,NÃO,NÃO,NÃO,NÃO,NÃO,NÃO,SIM,NÃO,NÃO,NÃO,NÃO,NÃO,NÃO,NÃO,NÃO,NÃO,NÃO,NÃO,NÃO,NÃO,NÃO,NÃO,NÃO,NÃO,NÃO,NÃO,NÃO,NÃO,NÃO,NÃO,NÃO,NÃO,NÃO,NÃO,NÃO,NÃO,NÃO,NÃO,NÃO,NÃO,NÃO,NÃO,NÃO,,
10/26/2021 13:50:53,2007,9/6/2007,002/07B,HGPE,"PRESIDENTE, DEPUTADO DISTRITAL, DEPUTADO ESTADUAL",,"BRASIL, DF, SP",NÃO,,SIM,Sim,SIM,SIM,SIM,SIM,NÃO,SIM,SIM,NÃO,SIM,NÃO,SIM,NÃO,NÃO,NÃO,NÃO,NÃO,SIM,NÃO,NÃO,NÃO,SIM,NÃO,SIM,NÃO,NÃO,SIM,SIM,NÃO,NÃO,NÃO,NÃO,NÃO,NÃO,NÃO,NÃO,NÃO,NÃO,NÃO,NÃO,NÃO,SIM,NÃO,NÃO,NÃO,NÃO,NÃO,NÃO,NÃO,NÃO,NÃO,NÃO,NÃO,NÃO,NÃO,NÃO,NÃO,NÃO,NÃO,NÃO,NÃO,NÃO,NÃO,NÃO,NÃO,NÃO,NÃO,NÃO,NÃO,NÃO,NÃO,NÃO,NÃO,NÃO,,
10/26/2021 13:53:14,2007,9/7/2007,003/07,HGPE,PRESIDENTE,,BRASIL,NÃO,,SIM,Sim,SIM,SIM,SIM,NÃO,SIM,NÃO,NÃO,NÃO,NÃO,NÃO,NÃO,NÃO,NÃO,NÃO,NÃO,NÃO,NÃO,NÃO,NÃO,NÃO,NÃO,NÃO,NÃO,NÃO,NÃO,NÃO,NÃO,NÃO,NÃO,NÃO,NÃO,NÃO,NÃO,NÃO,NÃO,NÃO,NÃO,NÃO,NÃO,NÃO,NÃO,NÃO,NÃO,NÃO,NÃO,NÃO,NÃO,NÃO,NÃO,NÃO,NÃO,NÃO,NÃO,NÃO,NÃO,NÃO,NÃO,NÃO,NÃO,NÃO,NÃO,NÃO,NÃO,NÃO,NÃO,NÃO,NÃO,NÃO,NÃO,NÃO,NÃO,NÃO,NÃO,,
10/26/2021 13:55:41,2007,9/8/2007,004/07A,DIREÇÃO NACIONAL DO PARTIDO,,,,NÃO,,SIM,Sim,SIM,SIM,SIM,NÃO,NÃO,SIM,NÃO,SIM,NÃO,NÃO,SIM,NÃO,NÃO,NÃO,NÃO,SIM,NÃO,NÃO,NÃO,NÃO,NÃO,SIM,SIM,NÃO,NÃO,NÃO,SIM,NÃO,NÃO,NÃO,NÃO,NÃO,NÃO,NÃO,NÃO,NÃO,NÃO,NÃO,NÃO,NÃO,NÃO,NÃO,NÃO,NÃO,NÃO,NÃO,NÃO,NÃO,NÃO,NÃO,NÃO,NÃO,NÃO,NÃO,NÃO,NÃO,NÃO,NÃO,NÃO,NÃO,NÃO,NÃO,NÃO,NÃO,NÃO,NÃO,NÃO,NÃO,NÃO,NÃO,NÃO,NÃO,NÃO,,
10/26/2021 13:57:54,2007,9/9/2007,005/07,DIREÇÃO NACIONAL DO PARTIDO,,,,NÃO,,SIM,Sim,SIM,SIM,SIM,NÃO,NÃO,NÃO,NÃO,NÃO,NÃO,NÃO,NÃO,NÃO,NÃO,NÃO,NÃO,NÃO,NÃO,NÃO,NÃO,NÃO,NÃO,NÃO,NÃO,NÃO,NÃO,NÃO,NÃO,NÃO,NÃO,NÃO,NÃO,NÃO,NÃO,NÃO,NÃO,NÃO,SIM,NÃO,NÃO,NÃO,NÃO,NÃO,NÃO,NÃO,NÃO,NÃO,NÃO,NÃO,NÃO,NÃO,NÃO,NÃO,NÃO,NÃO,NÃO,NÃO,NÃO,NÃO,NÃO,NÃO,NÃO,NÃO,NÃO,NÃO,NÃO,NÃO,NÃO,NÃO,NÃO,NÃO,NÃO,NÃO,NÃO,,
10/26/2021 14:00:03,2007,9/10/2007,007/07,TELEJORNAL,,,,NÃO,,SIM,Sim,SIM,SIM,SIM,NÃO,NÃO,NÃO,NÃO,NÃO,NÃO,NÃO,NÃO,NÃO,NÃO,NÃO,NÃO,NÃO,NÃO,NÃO,NÃO,NÃO,NÃO,NÃO,NÃO,NÃO,NÃO,NÃO,NÃO,NÃO,NÃO,NÃO,NÃO,NÃO,NÃO,NÃO,NÃO,NÃO,NÃO,NÃO,NÃO,NÃO,NÃO,NÃO,NÃO,NÃO,NÃO,NÃO,NÃO,NÃO,NÃO,NÃO,NÃO,NÃO,NÃO,NÃO,NÃO,NÃO,NÃO,NÃO,NÃO,NÃO,NÃO,NÃO,NÃO,NÃO,NÃO,NÃO,NÃO,NÃO,NÃO,NÃO,NÃO,NÃO,NÃO,,
10/26/2021 14:04:31,2007,9/11/2007,009/07,HGPE,"DEPUTADO DISTRITAL, DEPUTADO ESTADUAL",,"DF, SP",NÃO,,SIM,Sim,SIM,SIM,SIM,NÃO,NÃO,SIM,SIM,NÃO,SIM,NÃO,SIM,NÃO,NÃO,NÃO,NÃO,NÃO,NÃO,NÃO,NÃO,NÃO,SIM,NÃO,SIM,NÃO,NÃO,SIM,SIM,NÃO,NÃO,NÃO,NÃO,NÃO,NÃO,NÃO,NÃO,NÃO,NÃO,NÃO,NÃO,NÃO,NÃO,NÃO,NÃO,NÃO,NÃO,NÃO,NÃO,NÃO,NÃO,NÃO,NÃO,NÃO,NÃO,NÃO,NÃO,NÃO,NÃO,NÃO,NÃO,NÃO,NÃO,NÃO,NÃO,NÃO,NÃO,NÃO,NÃO,NÃO,NÃO,NÃO,NÃO,NÃO,NÃO,,
10/26/2021 14:07:15,2007,9/12/2007,010/07,TELEJORNAL,PRESIDENTE,,BRASIL,NÃO,,SIM,Sim,SIM,SIM,SIM,NÃO,SIM,NÃO,NÃO,NÃO,NÃO,NÃO,NÃO,NÃO,NÃO,NÃO,NÃO,NÃO,NÃO,NÃO,NÃO,NÃO,NÃO,NÃO,NÃO,NÃO,NÃO,NÃO,NÃO,NÃO,NÃO,NÃO,NÃO,NÃO,NÃO,NÃO,NÃO,NÃO,NÃO,NÃO,NÃO,NÃO,NÃO,NÃO,NÃO,NÃO,NÃO,NÃO,NÃO,NÃO,NÃO,NÃO,NÃO,NÃO,NÃO,NÃO,NÃO,NÃO,NÃO,NÃO,NÃO,NÃO,NÃO,NÃO,NÃO,NÃO,NÃO,NÃO,NÃO,NÃO,NÃO,NÃO,NÃO,NÃO,NÃO,,
10/26/2021 14:09:31,2007,9/13/2007,013/07,TELEJORNAL,,,,NÃO,,SIM,Sim,SIM,SIM,SIM,NÃO,NÃO,NÃO,NÃO,NÃO,NÃO,NÃO,NÃO,NÃO,NÃO,NÃO,NÃO,NÃO,NÃO,NÃO,NÃO,NÃO,NÃO,NÃO,NÃO,NÃO,NÃO,NÃO,NÃO,NÃO,NÃO,NÃO,NÃO,NÃO,NÃO,NÃO,NÃO,NÃO,NÃO,NÃO,NÃO,NÃO,NÃO,NÃO,NÃO,NÃO,NÃO,NÃO,NÃO,NÃO,NÃO,NÃO,NÃO,NÃO,NÃO,NÃO,NÃO,NÃO,NÃO,NÃO,NÃO,NÃO,NÃO,NÃO,NÃO,NÃO,NÃO,NÃO,NÃO,NÃO,NÃO,NÃO,NÃO,NÃO,NÃO,,
10/26/2021 14:11:47,2007,9/14/2007,014/07,OUTRO,,A gravação não reproduz,,NÃO,,SIM,Sim,SIM,SIM,SIM,NÃO,NÃO,NÃO,NÃO,NÃO,NÃO,NÃO,NÃO,NÃO,NÃO,NÃO,NÃO,NÃO,NÃO,NÃO,NÃO,NÃO,NÃO,NÃO,NÃO,NÃO,NÃO,NÃO,NÃO,NÃO,NÃO,NÃO,NÃO,NÃO,NÃO,NÃO,NÃO,NÃO,NÃO,NÃO,NÃO,NÃO,NÃO,NÃO,NÃO,NÃO,NÃO,NÃO,NÃO,NÃO,NÃO,NÃO,NÃO,NÃO,NÃO,NÃO,NÃO,NÃO,NÃO,NÃO,NÃO,NÃO,NÃO,NÃO,NÃO,NÃO,NÃO,NÃO,NÃO,NÃO,NÃO,NÃO,NÃO,NÃO,NÃO,,
10/26/2021 14:13:54,2007,9/15/2007,015/07,DIREÇÃO NACIONAL DO PARTIDO,,,,NÃO,,SIM,Sim,SIM,SIM,SIM,NÃO,NÃO,NÃO,NÃO,NÃO,SIM,NÃO,NÃO,NÃO,NÃO,NÃO,NÃO,NÃO,NÃO,NÃO,NÃO,NÃO,NÃO,NÃO,NÃO,NÃO,NÃO,NÃO,NÃO,NÃO,NÃO,NÃO,NÃO,NÃO,NÃO,NÃO,NÃO,NÃO,NÃO,NÃO,NÃO,NÃO,NÃO,NÃO,NÃO,NÃO,NÃO,NÃO,NÃO,NÃO,NÃO,NÃO,NÃO,NÃO,NÃO,NÃO,NÃO,NÃO,NÃO,NÃO,NÃO,NÃO,NÃO,NÃO,NÃO,NÃO,NÃO,NÃO,NÃO,NÃO,NÃO,NÃO,NÃO,NÃO,NÃO,,
10/27/2021 13:19:31,2007,9/16/2007,016/07,DIREÇÃO NACIONAL DO PARTIDO,,,,NÃO,,SIM,Sim,SIM,SIM,SIM,NÃO,NÃO,NÃO,SIM,NÃO,NÃO,NÃO,NÃO,NÃO,NÃO,NÃO,NÃO,NÃO,NÃO,NÃO,NÃO,NÃO,NÃO,NÃO,NÃO,NÃO,NÃO,NÃO,NÃO,NÃO,NÃO,NÃO,NÃO,NÃO,NÃO,NÃO,NÃO,NÃO,NÃO,NÃO,NÃO,NÃO,NÃO,NÃO,NÃO,NÃO,NÃO,NÃO,NÃO,NÃO,NÃO,NÃO,NÃO,NÃO,NÃO,NÃO,NÃO,NÃO,NÃO,NÃO,NÃO,NÃO,NÃO,NÃO,NÃO,NÃO,NÃO,NÃO,NÃO,NÃO,NÃO,NÃO,NÃO,NÃO,NÃO,,
10/27/2021 13:33:13,2007,9/17/2007,017/07,DIREÇÃO NACIONAL DO PARTIDO,,,,NÃO,,SIM,Sim,SIM,SIM,SIM,NÃO,NÃO,SIM,NÃO,NÃO,NÃO,NÃO,NÃO,NÃO,NÃO,NÃO,NÃO,NÃO,NÃO,NÃO,NÃO,NÃO,NÃO,NÃO,NÃO,NÃO,NÃO,NÃO,NÃO,NÃO,NÃO,NÃO,NÃO,NÃO,NÃO,NÃO,NÃO,NÃO,NÃO,NÃO,NÃO,NÃO,NÃO,NÃO,NÃO,NÃO,NÃO,NÃO,NÃO,NÃO,NÃO,NÃO,NÃO,NÃO,NÃO,NÃO,NÃO,NÃO,NÃO,NÃO,NÃO,NÃO,NÃO,NÃO,NÃO,NÃO,NÃO,NÃO,NÃO,NÃO,NÃO,NÃO,NÃO,NÃO,NÃO,,
10/27/2021 13:34:56,2007,9/18/2007,018/07,DIREÇÃO NACIONAL DO PARTIDO,,,,NÃO,,SIM,Sim,SIM,SIM,SIM,NÃO,NÃO,NÃO,NÃO,NÃO,NÃO,NÃO,NÃO,NÃO,NÃO,SIM,NÃO,NÃO,NÃO,NÃO,NÃO,NÃO,NÃO,NÃO,NÃO,NÃO,NÃO,NÃO,NÃO,NÃO,NÃO,NÃO,NÃO,NÃO,NÃO,NÃO,NÃO,NÃO,NÃO,NÃO,NÃO,NÃO,NÃO,NÃO,NÃO,NÃO,NÃO,NÃO,NÃO,NÃO,NÃO,NÃO,NÃO,NÃO,NÃO,NÃO,NÃO,NÃO,NÃO,NÃO,NÃO,NÃO,NÃO,NÃO,NÃO,NÃO,NÃO,NÃO,NÃO,NÃO,NÃO,NÃO,NÃO,NÃO,NÃO,,
10/27/2021 13:36:40,2007,9/19/2007,019/07,DIREÇÃO NACIONAL DO PARTIDO,,,,NÃO,,SIM,Sim,SIM,SIM,SIM,SIM,NÃO,NÃO,NÃO,NÃO,NÃO,NÃO,NÃO,NÃO,NÃO,NÃO,NÃO,NÃO,NÃO,NÃO,NÃO,NÃO,NÃO,NÃO,NÃO,NÃO,NÃO,NÃO,NÃO,NÃO,NÃO,NÃO,NÃO,NÃO,NÃO,NÃO,NÃO,NÃO,NÃO,NÃO,NÃO,NÃO,NÃO,NÃO,NÃO,NÃO,NÃO,NÃO,NÃO,NÃO,NÃO,NÃO,NÃO,NÃO,NÃO,NÃO,NÃO,NÃO,NÃO,NÃO,NÃO,NÃO,NÃO,NÃO,NÃO,NÃO,NÃO,NÃO,NÃO,NÃO,NÃO,NÃO,NÃO,NÃO,NÃO,,
10/27/2021 13:39:05,2007,9/20/2007,020/07,DIREÇÃO NACIONAL DO PARTIDO,,,,NÃO,,SIM,Sim,SIM,SIM,SIM,NÃO,NÃO,SIM,NÃO,NÃO,NÃO,NÃO,NÃO,NÃO,NÃO,NÃO,NÃO,NÃO,NÃO,NÃO,NÃO,NÃO,NÃO,NÃO,NÃO,NÃO,NÃO,NÃO,NÃO,NÃO,NÃO,NÃO,NÃO,NÃO,NÃO,NÃO,NÃO,NÃO,NÃO,NÃO,NÃO,NÃO,NÃO,NÃO,NÃO,NÃO,NÃO,NÃO,NÃO,NÃO,NÃO,NÃO,NÃO,NÃO,NÃO,NÃO,NÃO,NÃO,NÃO,NÃO,NÃO,NÃO,NÃO,NÃO,NÃO,NÃO,NÃO,NÃO,NÃO,NÃO,NÃO,NÃO,NÃO,NÃO,NÃO,,
10/27/2021 13:40:59,2007,9/21/2007,021/07,DIREÇÃO NACIONAL DO PARTIDO,,,,NÃO,,SIM,Sim,SIM,SIM,SIM,NÃO,NÃO,NÃO,NÃO,NÃO,NÃO,NÃO,NÃO,SIM,NÃO,NÃO,NÃO,NÃO,NÃO,NÃO,NÃO,NÃO,NÃO,NÃO,NÃO,NÃO,NÃO,NÃO,NÃO,NÃO,NÃO,NÃO,NÃO,NÃO,NÃO,NÃO,NÃO,NÃO,NÃO,NÃO,NÃO,NÃO,NÃO,NÃO,NÃO,NÃO,NÃO,NÃO,NÃO,NÃO,NÃO,NÃO,NÃO,NÃO,NÃO,NÃO,NÃO,NÃO,NÃO,NÃO,NÃO,NÃO,NÃO,NÃO,NÃO,NÃO,NÃO,NÃO,NÃO,NÃO,NÃO,NÃO,NÃO,NÃO,NÃO,,
10/27/2021 13:42:50,2007,9/22/2007,022/07,DIREÇÃO NACIONAL DO PARTIDO,,,,NÃO,,SIM,Sim,SIM,SIM,SIM,NÃO,NÃO,NÃO,NÃO,NÃO,NÃO,NÃO,NÃO,NÃO,NÃO,NÃO,NÃO,NÃO,NÃO,NÃO,NÃO,NÃO,NÃO,NÃO,SIM,NÃO,NÃO,NÃO,NÃO,NÃO,NÃO,NÃO,NÃO,NÃO,NÃO,NÃO,NÃO,NÃO,NÃO,NÃO,NÃO,NÃO,NÃO,NÃO,NÃO,NÃO,NÃO,NÃO,NÃO,NÃO,NÃO,NÃO,NÃO,NÃO,NÃO,NÃO,NÃO,NÃO,NÃO,NÃO,NÃO,NÃO,NÃO,NÃO,NÃO,NÃO,NÃO,NÃO,NÃO,NÃO,NÃO,NÃO,NÃO,NÃO,NÃO,,
10/27/2021 13:46:26,2007,9/23/2007,023/07,DIREÇÃO NACIONAL DO PARTIDO,,,,NÃO,,SIM,Sim,SIM,SIM,SIM,NÃO,NÃO,NÃO,NÃO,NÃO,NÃO,NÃO,NÃO,NÃO,NÃO,NÃO,NÃO,NÃO,NÃO,NÃO,NÃO,NÃO,NÃO,SIM,NÃO,NÃO,NÃO,NÃO,NÃO,NÃO,NÃO,NÃO,NÃO,NÃO,NÃO,NÃO,NÃO,NÃO,NÃO,NÃO,NÃO,NÃO,NÃO,NÃO,NÃO,NÃO,NÃO,NÃO,NÃO,NÃO,NÃO,NÃO,NÃO,NÃO,NÃO,NÃO,NÃO,NÃO,NÃO,NÃO,NÃO,NÃO,NÃO,NÃO,NÃO,NÃO,NÃO,NÃO,NÃO,NÃO,NÃO,NÃO,NÃO,NÃO,NÃO,,
10/27/2021 13:48:19,2007,9/24/2007,024/07,DIREÇÃO NACIONAL DO PARTIDO,,,,NÃO,,SIM,Sim,SIM,SIM,SIM,NÃO,NÃO,NÃO,NÃO,NÃO,NÃO,NÃO,NÃO,NÃO,NÃO,NÃO,NÃO,NÃO,NÃO,NÃO,NÃO,NÃO,NÃO,NÃO,NÃO,NÃO,NÃO,NÃO,SIM,NÃO,NÃO,NÃO,NÃO,NÃO,NÃO,NÃO,NÃO,NÃO,NÃO,NÃO,NÃO,NÃO,NÃO,NÃO,NÃO,NÃO,NÃO,NÃO,NÃO,NÃO,NÃO,NÃO,NÃO,NÃO,NÃO,NÃO,NÃO,NÃO,NÃO,NÃO,NÃO,NÃO,NÃO,NÃO,NÃO,NÃO,NÃO,NÃO,NÃO,NÃO,NÃO,NÃO,NÃO,NÃO,NÃO,,
10/27/2021 13:53:47,2007,9/25/2007,025/07,DIREÇÃO NACIONAL DO PARTIDO,,"A gravação está duplicada no acervo do DOXA, é preciso retirar um",,NÃO,,SIM,Sim,SIM,SIM,SIM,NÃO,NÃO,NÃO,NÃO,NÃO,NÃO,NÃO,NÃO,NÃO,SIM,NÃO,NÃO,NÃO,NÃO,NÃO,NÃO,NÃO,NÃO,NÃO,NÃO,NÃO,NÃO,NÃO,NÃO,NÃO,NÃO,NÃO,NÃO,NÃO,NÃO,NÃO,NÃO,NÃO,NÃO,NÃO,NÃO,NÃO,NÃO,NÃO,NÃO,NÃO,NÃO,NÃO,NÃO,NÃO,NÃO,NÃO,NÃO,NÃO,NÃO,NÃO,NÃO,NÃO,NÃO,NÃO,NÃO,NÃO,NÃO,NÃO,NÃO,NÃO,NÃO,NÃO,NÃO,NÃO,NÃO,NÃO,NÃO,NÃO,NÃO,,
10/27/2021 13:55:43,2007,9/26/2007,026/07,DIREÇÃO NACIONAL DO PARTIDO,,,,NÃO,,SIM,Sim,SIM,SIM,SIM,NÃO,NÃO,NÃO,NÃO,NÃO,NÃO,NÃO,NÃO,NÃO,NÃO,NÃO,NÃO,NÃO,NÃO,NÃO,NÃO,NÃO,NÃO,NÃO,NÃO,NÃO,SIM,NÃO,NÃO,NÃO,NÃO,NÃO,NÃO,NÃO,NÃO,NÃO,NÃO,NÃO,NÃO,NÃO,NÃO,NÃO,NÃO,NÃO,NÃO,NÃO,NÃO,NÃO,NÃO,NÃO,NÃO,NÃO,NÃO,NÃO,NÃO,NÃO,NÃO,NÃO,NÃO,NÃO,NÃO,NÃO,NÃO,NÃO,NÃO,NÃO,NÃO,NÃO,NÃO,NÃO,NÃO,NÃO,NÃO,NÃO,NÃO,,
10/27/2021 13:58:12,2007,9/27/2007,027/07,DIREÇÃO NACIONAL DO PARTIDO,,,,NÃO,,SIM,Sim,SIM,SIM,SIM,NÃO,NÃO,NÃO,NÃO,NÃO,NÃO,NÃO,NÃO,NÃO,NÃO,NÃO,NÃO,NÃO,NÃO,NÃO,NÃO,NÃO,NÃO,NÃO,NÃO,NÃO,NÃO,NÃO,NÃO,NÃO,NÃO,NÃO,NÃO,NÃO,NÃO,NÃO,NÃO,NÃO,NÃO,NÃO,NÃO,NÃO,NÃO,NÃO,NÃO,NÃO,NÃO,NÃO,NÃO,NÃO,SIM,NÃO,NÃO,NÃO,NÃO,NÃO,NÃO,NÃO,NÃO,NÃO,NÃO,NÃO,NÃO,NÃO,NÃO,NÃO,NÃO,NÃO,NÃO,NÃO,NÃO,NÃO,NÃO,NÃO,NÃO,,
10/27/2021 14:00:04,2007,9/28/2007,028/07,DIREÇÃO NACIONAL DO PARTIDO,,,,NÃO,,SIM,Sim,SIM,SIM,SIM,NÃO,NÃO,NÃO,NÃO,NÃO,NÃO,NÃO,NÃO,NÃO,NÃO,SIM,NÃO,NÃO,NÃO,NÃO,NÃO,NÃO,NÃO,NÃO,NÃO,NÃO,NÃO,NÃO,NÃO,NÃO,NÃO,NÃO,NÃO,NÃO,NÃO,NÃO,NÃO,NÃO,NÃO,NÃO,NÃO,NÃO,NÃO,NÃO,NÃO,NÃO,NÃO,NÃO,NÃO,NÃO,NÃO,NÃO,NÃO,NÃO,NÃO,NÃO,NÃO,NÃO,NÃO,NÃO,NÃO,NÃO,NÃO,NÃO,NÃO,NÃO,NÃO,NÃO,NÃO,NÃO,NÃO,NÃO,NÃO,NÃO,NÃO,,
10/27/2021 14:02:20,2007,9/29/2007,029/07,DIREÇÃO NACIONAL DO PARTIDO,,,,NÃO,,SIM,Sim,SIM,SIM,SIM,NÃO,NÃO,NÃO,NÃO,NÃO,NÃO,NÃO,NÃO,NÃO,NÃO,NÃO,NÃO,NÃO,NÃO,NÃO,NÃO,NÃO,NÃO,NÃO,NÃO,NÃO,NÃO,NÃO,SIM,NÃO,NÃO,NÃO,NÃO,NÃO,NÃO,NÃO,NÃO,NÃO,NÃO,NÃO,NÃO,NÃO,NÃO,NÃO,NÃO,NÃO,NÃO,NÃO,NÃO,NÃO,NÃO,NÃO,NÃO,NÃO,NÃO,NÃO,NÃO,NÃO,NÃO,NÃO,NÃO,NÃO,NÃO,NÃO,NÃO,NÃO,NÃO,NÃO,NÃO,NÃO,NÃO,NÃO,NÃO,NÃO,NÃO,,
10/27/2021 14:05:23,2007,9/30/2007,030/07,TELEJORNAL,,,,NÃO,,SIM,Sim,SIM,SIM,SIM,NÃO,NÃO,NÃO,NÃO,NÃO,NÃO,NÃO,NÃO,NÃO,NÃO,NÃO,NÃO,NÃO,NÃO,NÃO,NÃO,NÃO,NÃO,NÃO,NÃO,NÃO,NÃO,NÃO,NÃO,NÃO,NÃO,NÃO,NÃO,NÃO,NÃO,NÃO,NÃO,NÃO,NÃO,NÃO,NÃO,NÃO,NÃO,NÃO,NÃO,NÃO,NÃO,NÃO,NÃO,NÃO,NÃO,NÃO,NÃO,NÃO,NÃO,NÃO,NÃO,NÃO,NÃO,NÃO,NÃO,NÃO,NÃO,NÃO,NÃO,NÃO,NÃO,NÃO,NÃO,NÃO,NÃO,NÃO,NÃO,NÃO,NÃO,,
10/27/2021 14:08:28,2007,10/1/2007,031/07,TELEJORNAL,,,,NÃO,,SIM,Sim,SIM,SIM,SIM,NÃO,NÃO,NÃO,NÃO,NÃO,NÃO,NÃO,NÃO,NÃO,NÃO,NÃO,NÃO,NÃO,NÃO,NÃO,NÃO,NÃO,NÃO,NÃO,NÃO,NÃO,NÃO,NÃO,NÃO,NÃO,NÃO,NÃO,NÃO,NÃO,NÃO,NÃO,NÃO,NÃO,NÃO,NÃO,NÃO,NÃO,NÃO,NÃO,NÃO,NÃO,NÃO,NÃO,NÃO,NÃO,NÃO,NÃO,NÃO,NÃO,NÃO,NÃO,NÃO,NÃO,NÃO,NÃO,NÃO,NÃO,NÃO,NÃO,NÃO,NÃO,NÃO,NÃO,NÃO,NÃO,NÃO,NÃO,NÃO,NÃO,NÃO,,
10/27/2021 14:12:26,2007,10/2/2007,032/07,OUTRO,,,,NÃO,,SIM,Sim,SIM,SIM,SIM,NÃO,NÃO,NÃO,NÃO,NÃO,NÃO,NÃO,NÃO,NÃO,NÃO,NÃO,NÃO,NÃO,NÃO,NÃO,NÃO,NÃO,NÃO,NÃO,NÃO,NÃO,NÃO,NÃO,NÃO,NÃO,NÃO,NÃO,NÃO,NÃO,NÃO,NÃO,NÃO,NÃO,NÃO,NÃO,NÃO,NÃO,NÃO,NÃO,NÃO,NÃO,NÃO,NÃO,NÃO,NÃO,NÃO,NÃO,NÃO,NÃO,NÃO,NÃO,NÃO,NÃO,NÃO,NÃO,NÃO,NÃO,NÃO,NÃO,NÃO,NÃO,NÃO,NÃO,NÃO,NÃO,NÃO,NÃO,NÃO,NÃO,NÃO,,
10/27/2021 14:14:39,2007,10/3/2007,033/07,TELEJORNAL,,,,NÃO,,SIM,Sim,SIM,SIM,SIM,NÃO,NÃO,NÃO,NÃO,NÃO,NÃO,NÃO,NÃO,NÃO,NÃO,NÃO,NÃO,NÃO,NÃO,NÃO,NÃO,NÃO,NÃO,NÃO,NÃO,NÃO,NÃO,NÃO,NÃO,NÃO,NÃO,NÃO,NÃO,NÃO,NÃO,NÃO,NÃO,NÃO,NÃO,NÃO,NÃO,NÃO,NÃO,NÃO,NÃO,NÃO,NÃO,NÃO,NÃO,NÃO,NÃO,NÃO,NÃO,NÃO,NÃO,NÃO,NÃO,NÃO,NÃO,NÃO,NÃO,NÃO,NÃO,NÃO,NÃO,NÃO,NÃO,NÃO,NÃO,NÃO,NÃO,NÃO,NÃO,NÃO,NÃO,,
10/27/2021 14:19:25,2007,10/4/2007,034/07,TELEJORNAL,,,,NÃO,,SIM,Sim,SIM,SIM,SIM,NÃO,NÃO,NÃO,NÃO,NÃO,NÃO,NÃO,NÃO,NÃO,NÃO,NÃO,NÃO,NÃO,NÃO,NÃO,NÃO,NÃO,NÃO,NÃO,NÃO,NÃO,NÃO,NÃO,NÃO,NÃO,NÃO,NÃO,NÃO,NÃO,NÃO,NÃO,NÃO,NÃO,NÃO,NÃO,NÃO,NÃO,NÃO,NÃO,NÃO,NÃO,NÃO,NÃO,NÃO,NÃO,NÃO,NÃO,NÃO,NÃO,NÃO,NÃO,NÃO,NÃO,NÃO,NÃO,NÃO,NÃO,NÃO,NÃO,NÃO,NÃO,NÃO,NÃO,NÃO,NÃO,NÃO,NÃO,NÃO,NÃO,NÃO,,
10/27/2021 14:21:22,2007,10/5/2007,035/07,ENTREVISTA,PRESIDENTE,,BRASIL,NÃO,,SIM,Sim,SIM,SIM,SIM,NÃO,NÃO,NÃO,NÃO,NÃO,NÃO,NÃO,NÃO,NÃO,NÃO,NÃO,NÃO,NÃO,SIM,NÃO,NÃO,NÃO,NÃO,NÃO,NÃO,NÃO,NÃO,NÃO,NÃO,NÃO,NÃO,NÃO,NÃO,NÃO,NÃO,NÃO,NÃO,NÃO,NÃO,NÃO,NÃO,NÃO,NÃO,NÃO,NÃO,NÃO,NÃO,NÃO,NÃO,NÃO,NÃO,NÃO,NÃO,NÃO,NÃO,NÃO,NÃO,NÃO,NÃO,NÃO,NÃO,NÃO,NÃO,NÃO,NÃO,NÃO,NÃO,NÃO,NÃO,NÃO,NÃO,NÃO,NÃO,NÃO,NÃO,,
10/27/2021 14:23:29,2007,10/6/2007,036/07,TELEJORNAL,,,,NÃO,,SIM,Sim,SIM,SIM,SIM,NÃO,NÃO,NÃO,NÃO,NÃO,NÃO,NÃO,NÃO,NÃO,NÃO,NÃO,NÃO,NÃO,NÃO,NÃO,NÃO,NÃO,NÃO,NÃO,NÃO,NÃO,NÃO,NÃO,NÃO,NÃO,NÃO,NÃO,NÃO,NÃO,NÃO,NÃO,NÃO,NÃO,NÃO,NÃO,NÃO,NÃO,NÃO,NÃO,NÃO,NÃO,NÃO,NÃO,NÃO,NÃO,NÃO,NÃO,NÃO,NÃO,NÃO,NÃO,NÃO,NÃO,NÃO,NÃO,NÃO,NÃO,NÃO,NÃO,NÃO,NÃO,NÃO,NÃO,NÃO,NÃO,NÃO,NÃO,NÃO,NÃO,NÃO,,
10/27/2021 14:31:00,2007,10/7/2007,037/07,TELEJORNAL,,,,NÃO,,SIM,Sim,SIM,SIM,SIM,NÃO,NÃO,NÃO,NÃO,NÃO,NÃO,NÃO,NÃO,NÃO,NÃO,NÃO,NÃO,NÃO,NÃO,NÃO,NÃO,NÃO,NÃO,NÃO,NÃO,NÃO,NÃO,NÃO,NÃO,NÃO,NÃO,NÃO,NÃO,NÃO,NÃO,NÃO,NÃO,NÃO,NÃO,NÃO,NÃO,NÃO,NÃO,NÃO,NÃO,NÃO,NÃO,NÃO,NÃO,NÃO,NÃO,NÃO,NÃO,NÃO,NÃO,NÃO,NÃO,NÃO,NÃO,NÃO,NÃO,NÃO,NÃO,NÃO,NÃO,NÃO,NÃO,NÃO,NÃO,NÃO,NÃO,NÃO,NÃO,NÃO,NÃO,,
10/27/2021 14:33:34,2007,10/8/2007,038/07,TELEJORNAL,,,,NÃO,,SIM,Sim,SIM,SIM,SIM,NÃO,NÃO,NÃO,NÃO,NÃO,NÃO,NÃO,NÃO,NÃO,NÃO,NÃO,NÃO,NÃO,NÃO,NÃO,NÃO,NÃO,NÃO,NÃO,NÃO,NÃO,NÃO,NÃO,NÃO,NÃO,NÃO,NÃO,NÃO,NÃO,NÃO,NÃO,NÃO,NÃO,NÃO,NÃO,NÃO,NÃO,NÃO,NÃO,NÃO,NÃO,NÃO,NÃO,NÃO,NÃO,NÃO,NÃO,NÃO,NÃO,NÃO,NÃO,NÃO,NÃO,NÃO,NÃO,NÃO,NÃO,NÃO,NÃO,NÃO,NÃO,NÃO,NÃO,NÃO,NÃO,NÃO,NÃO,NÃO,NÃO,NÃO,,
10/27/2021 14:35:25,2007,10/9/2007,039/07,DIREÇÃO NACIONAL DO PARTIDO,,,,NÃO,,SIM,Sim,SIM,SIM,SIM,NÃO,NÃO,NÃO,SIM,NÃO,NÃO,NÃO,NÃO,NÃO,NÃO,NÃO,NÃO,NÃO,NÃO,NÃO,NÃO,NÃO,NÃO,NÃO,NÃO,NÃO,NÃO,NÃO,NÃO,NÃO,NÃO,NÃO,NÃO,NÃO,NÃO,NÃO,NÃO,NÃO,NÃO,NÃO,NÃO,NÃO,NÃO,NÃO,NÃO,NÃO,NÃO,NÃO,NÃO,NÃO,NÃO,NÃO,NÃO,NÃO,NÃO,NÃO,NÃO,NÃO,NÃO,NÃO,NÃO,NÃO,NÃO,NÃO,NÃO,NÃO,NÃO,NÃO,NÃO,NÃO,NÃO,NÃO,NÃO,NÃO,NÃO,,
10/28/2021 15:31:40,2008,8/1/2008,001/08,HGPE,VEREADOR,,RJ,SIM,Rio de Janeiro,SIM,Sim,SIM,SIM,SIM,SIM,SIM,SIM,SIM,SIM,SIM,SIM,SIM,SIM,SIM,SIM,SIM,NÃO,SIM,SIM,NÃO,SIM,SIM,SIM,SIM,NÃO,SIM,NÃO,SIM,SIM,SIM,NÃO,NÃO,NÃO,NÃO,NÃO,NÃO,NÃO,SIM,NÃO,NÃO,NÃO,NÃO,NÃO,NÃO,NÃO,NÃO,NÃO,NÃO,NÃO,SIM,NÃO,NÃO,NÃO,NÃO,NÃO,NÃO,NÃO,NÃO,NÃO,NÃO,NÃO,NÃO,NÃO,NÃO,NÃO,NÃO,NÃO,NÃO,NÃO,NÃO,NÃO,NÃO,NÃO,NÃO,,
10/28/2021 15:35:37,2008,8/2/2008,002/08,HGPE,PREFEITO,,SP,SIM,São Paulo,SIM,Sim,SIM,SIM,SIM,SIM,SIM,NÃO,NÃO,NÃO,NÃO,SIM,SIM,NÃO,SIM,NÃO,NÃO,SIM,SIM,NÃO,NÃO,NÃO,SIM,NÃO,NÃO,NÃO,SIM,SIM,NÃO,NÃO,NÃO,NÃO,NÃO,NÃO,NÃO,NÃO,NÃO,NÃO,SIM,NÃO,NÃO,NÃO,NÃO,NÃO,NÃO,NÃO,NÃO,NÃO,NÃO,NÃO,SIM,NÃO,NÃO,NÃO,NÃO,NÃO,NÃO,NÃO,NÃO,NÃO,NÃO,NÃO,NÃO,NÃO,NÃO,NÃO,NÃO,NÃO,NÃO,NÃO,NÃO,NÃO,NÃO,NÃO,NÃO,,
10/28/2021 15:38:24,2008,8/28/2008,003/08,HGPE,VEREADOR,,RJ,SIM,Rio de Janeiro ,SIM,Sim,SIM,SIM,SIM,NÃO,NÃO,NÃO,NÃO,NÃO,SIM,NÃO,NÃO,NÃO,NÃO,NÃO,NÃO,SIM,NÃO,NÃO,NÃO,SIM,SIM,NÃO,NÃO,SIM,SIM,SIM,NÃO,SIM,SIM,NÃO,NÃO,NÃO,NÃO,NÃO,NÃO,NÃO,NÃO,NÃO,NÃO,NÃO,NÃO,NÃO,NÃO,NÃO,NÃO,NÃO,NÃO,NÃO,NÃO,NÃO,NÃO,NÃO,NÃO,NÃO,NÃO,NÃO,NÃO,NÃO,NÃO,NÃO,NÃO,NÃO,NÃO,NÃO,NÃO,NÃO,NÃO,NÃO,NÃO,NÃO,NÃO,NÃO,NÃO,,
10/28/2021 15:40:29,2008,8/3/2008,004/08,HGPE,PREFEITO,,SP,SIM,São Paulo,SIM,Sim,SIM,SIM,SIM,SIM,NÃO,NÃO,NÃO,NÃO,NÃO,NÃO,NÃO,NÃO,NÃO,NÃO,NÃO,NÃO,NÃO,NÃO,NÃO,NÃO,NÃO,NÃO,NÃO,NÃO,NÃO,NÃO,NÃO,NÃO,NÃO,NÃO,NÃO,NÃO,NÃO,NÃO,NÃO,NÃO,SIM,NÃO,NÃO,NÃO,NÃO,NÃO,NÃO,NÃO,NÃO,NÃO,NÃO,NÃO,NÃO,NÃO,NÃO,NÃO,NÃO,NÃO,NÃO,NÃO,NÃO,NÃO,NÃO,NÃO,NÃO,NÃO,NÃO,NÃO,NÃO,NÃO,NÃO,NÃO,NÃO,NÃO,NÃO,NÃO,NÃO,,
10/28/2021 15:42:41,2008,8/4/2008,005/08,HGPE,PREFEITO,,SP,SIM,São Paulo,SIM,Sim,SIM,SIM,SIM,SIM,NÃO,NÃO,NÃO,NÃO,NÃO,NÃO,NÃO,NÃO,NÃO,NÃO,NÃO,NÃO,NÃO,NÃO,NÃO,NÃO,NÃO,NÃO,NÃO,NÃO,NÃO,NÃO,NÃO,NÃO,NÃO,NÃO,NÃO,NÃO,NÃO,NÃO,NÃO,NÃO,SIM,NÃO,NÃO,NÃO,NÃO,NÃO,NÃO,NÃO,NÃO,NÃO,NÃO,NÃO,NÃO,NÃO,NÃO,NÃO,NÃO,NÃO,NÃO,NÃO,NÃO,NÃO,NÃO,NÃO,NÃO,NÃO,NÃO,NÃO,NÃO,NÃO,NÃO,NÃO,NÃO,NÃO,NÃO,NÃO,NÃO,,
10/28/2021 15:47:47,2008,4/3/2008,006/08,HGPE,"PREFEITO, VEREADOR",,RJ,SIM,Rio de Janeiro,SIM,Sim,SIM,SIM,SIM,SIM,SIM,SIM,SIM,SIM,SIM,SIM,SIM,SIM,SIM,SIM,SIM,SIM,SIM,SIM,NÃO,SIM,SIM,SIM,SIM,SIM,SIM,SIM,NÃO,SIM,SIM,NÃO,NÃO,NÃO,NÃO,NÃO,NÃO,NÃO,SIM,NÃO,NÃO,NÃO,NÃO,NÃO,NÃO,NÃO,NÃO,NÃO,NÃO,NÃO,SIM,NÃO,NÃO,NÃO,NÃO,NÃO,NÃO,NÃO,NÃO,NÃO,NÃO,NÃO,NÃO,NÃO,NÃO,NÃO,NÃO,NÃO,NÃO,NÃO,NÃO,NÃO,NÃO,NÃO,NÃO,,
10/28/2021 15:50:05,2008,8/5/2008,007/08,HGPE,PREFEITO,,RJ,SIM,São Gonçalo,SIM,Sim,SIM,SIM,SIM,SIM,NÃO,NÃO,NÃO,NÃO,NÃO,NÃO,NÃO,NÃO,NÃO,NÃO,NÃO,NÃO,NÃO,NÃO,NÃO,NÃO,NÃO,NÃO,NÃO,NÃO,NÃO,NÃO,NÃO,NÃO,NÃO,NÃO,NÃO,NÃO,NÃO,NÃO,NÃO,NÃO,NÃO,NÃO,NÃO,NÃO,NÃO,NÃO,NÃO,NÃO,NÃO,NÃO,NÃO,NÃO,NÃO,NÃO,NÃO,NÃO,NÃO,NÃO,NÃO,NÃO,NÃO,NÃO,NÃO,NÃO,NÃO,NÃO,NÃO,NÃO,NÃO,NÃO,NÃO,NÃO,NÃO,NÃO,NÃO,NÃO,NÃO,,
10/28/2021 15:53:20,2008,8/6/2008,008/08,HGPE,PREFEITO,,RJ,SIM,Rio de Janeiro,SIM,Sim,SIM,SIM,SIM,SIM,NÃO,SIM,SIM,NÃO,SIM,NÃO,NÃO,NÃO,SIM,SIM,NÃO,SIM,SIM,NÃO,NÃO,NÃO,NÃO,NÃO,SIM,NÃO,NÃO,SIM,SIM,NÃO,SIM,NÃO,NÃO,NÃO,NÃO,NÃO,NÃO,NÃO,SIM,NÃO,NÃO,NÃO,NÃO,NÃO,NÃO,NÃO,NÃO,NÃO,NÃO,NÃO,SIM,NÃO,NÃO,NÃO,NÃO,NÃO,NÃO,NÃO,NÃO,NÃO,NÃO,NÃO,NÃO,NÃO,NÃO,NÃO,NÃO,NÃO,NÃO,NÃO,NÃO,NÃO,NÃO,NÃO,NÃO,,
10/28/2021 15:55:15,2008,8/7/2008,009/08,DIREÇÃO NACIONAL DO PARTIDO,,,,NÃO,,SIM,Sim,SIM,SIM,SIM,NÃO,NÃO,SIM,NÃO,NÃO,NÃO,NÃO,NÃO,NÃO,NÃO,NÃO,NÃO,NÃO,NÃO,NÃO,NÃO,NÃO,NÃO,NÃO,NÃO,NÃO,NÃO,NÃO,NÃO,NÃO,NÃO,NÃO,NÃO,NÃO,NÃO,NÃO,NÃO,NÃO,NÃO,NÃO,NÃO,NÃO,NÃO,NÃO,NÃO,NÃO,NÃO,NÃO,NÃO,NÃO,NÃO,NÃO,NÃO,NÃO,NÃO,NÃO,NÃO,NÃO,NÃO,NÃO,NÃO,NÃO,NÃO,NÃO,NÃO,NÃO,NÃO,NÃO,NÃO,NÃO,NÃO,NÃO,NÃO,NÃO,NÃO,,
10/28/2021 15:57:23,2008,8/8/2008,010/08,HGPE,PREFEITO,,SP,SIM,São Paulo,SIM,Sim,SIM,SIM,SIM,NÃO,NÃO,NÃO,NÃO,NÃO,NÃO,NÃO,NÃO,NÃO,NÃO,NÃO,NÃO,NÃO,NÃO,NÃO,NÃO,NÃO,NÃO,NÃO,NÃO,NÃO,NÃO,NÃO,NÃO,NÃO,NÃO,NÃO,NÃO,NÃO,NÃO,NÃO,NÃO,NÃO,SIM,NÃO,NÃO,NÃO,NÃO,NÃO,NÃO,NÃO,NÃO,NÃO,NÃO,NÃO,NÃO,NÃO,NÃO,NÃO,NÃO,NÃO,NÃO,NÃO,NÃO,NÃO,NÃO,NÃO,NÃO,NÃO,NÃO,NÃO,NÃO,NÃO,NÃO,NÃO,NÃO,NÃO,NÃO,NÃO,NÃO,,
10/28/2021 16:01:53,2008,9/18/2008,011/08,HGPE,VEREADOR,,RJ,SIM,Rio de Janeiro,SIM,Sim,SIM,SIM,SIM,SIM,SIM,SIM,SIM,SIM,SIM,SIM,SIM,SIM,SIM,SIM,SIM,SIM,SIM,SIM,NÃO,SIM,SIM,SIM,SIM,SIM,SIM,SIM,NÃO,SIM,SIM,NÃO,NÃO,NÃO,NÃO,NÃO,NÃO,NÃO,SIM,NÃO,NÃO,NÃO,NÃO,NÃO,NÃO,NÃO,NÃO,NÃO,NÃO,NÃO,SIM,NÃO,NÃO,NÃO,NÃO,NÃO,NÃO,NÃO,NÃO,NÃO,NÃO,NÃO,NÃO,NÃO,NÃO,NÃO,NÃO,NÃO,NÃO,NÃO,NÃO,NÃO,NÃO,NÃO,NÃO,,
10/28/2021 16:06:16,2008,8/9/2008,012/08,HGPE,PREFEITO,,RJ,SIM,Rio de Janeiro,SIM,Sim,SIM,SIM,SIM,NÃO,NÃO,NÃO,NÃO,NÃO,SIM,NÃO,SIM,NÃO,NÃO,NÃO,SIM,NÃO,NÃO,NÃO,NÃO,NÃO,NÃO,SIM,NÃO,NÃO,NÃO,NÃO,NÃO,NÃO,NÃO,NÃO,NÃO,NÃO,NÃO,NÃO,NÃO,NÃO,NÃO,NÃO,NÃO,NÃO,NÃO,NÃO,NÃO,NÃO,NÃO,NÃO,NÃO,NÃO,NÃO,NÃO,NÃO,NÃO,NÃO,NÃO,NÃO,NÃO,NÃO,NÃO,NÃO,NÃO,NÃO,NÃO,NÃO,NÃO,NÃO,NÃO,NÃO,NÃO,NÃO,NÃO,NÃO,NÃO,NÃO,,
10/28/2021 16:12:38,2008,8/10/2008,013/08,HGPE,VEREADOR,,RJ,SIM,Rio de Janeiro,SIM,Sim,SIM,SIM,SIM,SIM,SIM,SIM,SIM,SIM,SIM,SIM,SIM,SIM,SIM,SIM,SIM,SIM,SIM,SIM,NÃO,SIM,SIM,SIM,SIM,SIM,SIM,SIM,NÃO,SIM,SIM,NÃO,NÃO,NÃO,NÃO,NÃO,NÃO,NÃO,SIM,NÃO,NÃO,NÃO,NÃO,NÃO,NÃO,NÃO,NÃO,NÃO,NÃO,NÃO,SIM,NÃO,NÃO,NÃO,NÃO,NÃO,NÃO,NÃO,NÃO,NÃO,NÃO,NÃO,NÃO,NÃO,NÃO,NÃO,NÃO,NÃO,NÃO,NÃO,NÃO,NÃO,NÃO,NÃO,NÃO,,
10/28/2021 16:17:53,2008,8/11/2008,014/08,HGPE,PREFEITO,,RJ,SIM,Rio de Janeiro,SIM,Sim,SIM,SIM,SIM,SIM,NÃO,SIM,SIM,NÃO,SIM,NÃO,NÃO,NÃO,SIM,SIM,NÃO,SIM,SIM,NÃO,NÃO,NÃO,NÃO,NÃO,SIM,NÃO,NÃO,SIM,SIM,NÃO,SIM,NÃO,NÃO,NÃO,NÃO,NÃO,NÃO,NÃO,SIM,NÃO,NÃO,NÃO,NÃO,NÃO,NÃO,NÃO,NÃO,NÃO,NÃO,NÃO,SIM,NÃO,NÃO,NÃO,NÃO,NÃO,NÃO,NÃO,NÃO,NÃO,NÃO,NÃO,NÃO,NÃO,NÃO,NÃO,NÃO,NÃO,NÃO,NÃO,NÃO,NÃO,NÃO,NÃO,NÃO,,
10/28/2021 16:20:53,2008,8/12/2008,015/08,HGPE,PREFEITO,,RJ,SIM,Rio de Janeiro,SIM,Sim,SIM,SIM,SIM,SIM,NÃO,SIM,SIM,NÃO,SIM,NÃO,NÃO,NÃO,SIM,SIM,NÃO,SIM,SIM,NÃO,NÃO,NÃO,NÃO,NÃO,SIM,NÃO,NÃO,SIM,SIM,NÃO,SIM,NÃO,NÃO,NÃO,NÃO,NÃO,NÃO,NÃO,SIM,NÃO,NÃO,NÃO,NÃO,NÃO,NÃO,NÃO,NÃO,NÃO,NÃO,NÃO,SIM,NÃO,NÃO,NÃO,NÃO,NÃO,NÃO,NÃO,NÃO,NÃO,NÃO,NÃO,NÃO,NÃO,NÃO,NÃO,NÃO,NÃO,NÃO,NÃO,NÃO,NÃO,NÃO,NÃO,NÃO,,
10/29/2021 15:09:04,2008,8/13/2008,016/08,HGPE,PREFEITO,,RJ,SIM,Rio de Janeiro,SIM,Sim,SIM,SIM,SIM,NÃO,SIM,NÃO,NÃO,NÃO,SIM,SIM,SIM,NÃO,NÃO,SIM,SIM,NÃO,NÃO,NÃO,NÃO,NÃO,NÃO,SIM,NÃO,NÃO,NÃO,NÃO,NÃO,NÃO,NÃO,NÃO,NÃO,NÃO,NÃO,NÃO,NÃO,NÃO,NÃO,NÃO,NÃO,NÃO,NÃO,NÃO,NÃO,NÃO,NÃO,NÃO,NÃO,NÃO,NÃO,NÃO,NÃO,NÃO,NÃO,NÃO,NÃO,NÃO,NÃO,NÃO,NÃO,NÃO,NÃO,NÃO,NÃO,NÃO,NÃO,NÃO,NÃO,NÃO,NÃO,NÃO,NÃO,NÃO,NÃO,,
10/29/2021 15:11:15,2008,8/14/2008,017/08,HGPE,PREFEITO,,RJ,SIM,Rio de Janeiro,SIM,Sim,SIM,SIM,SIM,NÃO,NÃO,NÃO,NÃO,NÃO,NÃO,NÃO,NÃO,NÃO,NÃO,NÃO,NÃO,NÃO,NÃO,NÃO,NÃO,NÃO,NÃO,NÃO,NÃO,NÃO,NÃO,NÃO,NÃO,NÃO,SIM,NÃO,NÃO,NÃO,NÃO,NÃO,NÃO,NÃO,NÃO,NÃO,NÃO,NÃO,NÃO,NÃO,NÃO,NÃO,NÃO,NÃO,NÃO,NÃO,NÃO,NÃO,NÃO,NÃO,NÃO,NÃO,NÃO,NÃO,NÃO,NÃO,NÃO,NÃO,NÃO,NÃO,NÃO,NÃO,NÃO,NÃO,NÃO,NÃO,NÃO,NÃO,NÃO,NÃO,NÃO,,
10/29/2021 15:13:23,2008,8/15/2008,019/08,HGPE,PREFEITO,,RJ,SIM,Rio de Janeiro,SIM,Sim,SIM,SIM,SIM,NÃO,NÃO,NÃO,NÃO,NÃO,NÃO,NÃO,NÃO,NÃO,NÃO,NÃO,NÃO,NÃO,NÃO,NÃO,NÃO,NÃO,NÃO,NÃO,NÃO,NÃO,NÃO,NÃO,NÃO,NÃO,NÃO,NÃO,NÃO,NÃO,NÃO,NÃO,NÃO,NÃO,SIM,NÃO,NÃO,NÃO,NÃO,NÃO,NÃO,NÃO,NÃO,NÃO,NÃO,NÃO,NÃO,NÃO,NÃO,NÃO,NÃO,NÃO,NÃO,NÃO,NÃO,NÃO,NÃO,NÃO,NÃO,NÃO,NÃO,NÃO,NÃO,NÃO,NÃO,NÃO,NÃO,NÃO,NÃO,NÃO,NÃO,,
10/29/2021 15:15:24,2008,8/16/2008,020/08,HGPE,PREFEITO,,RJ,SIM,Rio de Janeiro,SIM,Sim,SIM,SIM,SIM,NÃO,NÃO,NÃO,NÃO,NÃO,NÃO,NÃO,NÃO,NÃO,NÃO,NÃO,NÃO,NÃO,NÃO,NÃO,NÃO,NÃO,NÃO,NÃO,NÃO,NÃO,NÃO,NÃO,NÃO,NÃO,NÃO,NÃO,NÃO,NÃO,NÃO,NÃO,NÃO,NÃO,SIM,NÃO,NÃO,NÃO,NÃO,NÃO,NÃO,NÃO,NÃO,NÃO,NÃO,NÃO,NÃO,NÃO,NÃO,NÃO,NÃO,NÃO,NÃO,NÃO,NÃO,NÃO,NÃO,NÃO,NÃO,NÃO,NÃO,NÃO,NÃO,NÃO,NÃO,NÃO,NÃO,NÃO,NÃO,NÃO,NÃO,,
10/29/2021 15:17:33,2008,8/17/2008,021/08,HGPE,PREFEITO,,SP,SIM,São Paulo,SIM,Sim,SIM,SIM,SIM,NÃO,NÃO,NÃO,NÃO,NÃO,NÃO,NÃO,NÃO,NÃO,NÃO,NÃO,NÃO,NÃO,NÃO,NÃO,NÃO,NÃO,NÃO,NÃO,NÃO,NÃO,NÃO,NÃO,NÃO,NÃO,NÃO,NÃO,NÃO,NÃO,NÃO,NÃO,NÃO,NÃO,SIM,NÃO,NÃO,NÃO,NÃO,NÃO,NÃO,NÃO,NÃO,NÃO,NÃO,NÃO,NÃO,NÃO,NÃO,NÃO,NÃO,NÃO,NÃO,NÃO,NÃO,NÃO,NÃO,NÃO,NÃO,NÃO,NÃO,NÃO,NÃO,NÃO,NÃO,NÃO,NÃO,NÃO,NÃO,NÃO,NÃO,,
10/29/2021 15:19:56,2008,8/18/2008,022/08,HGPE,PREFEITO,,RJ,SIM,Rio de Janeiro,SIM,Sim,SIM,SIM,SIM,NÃO,NÃO,NÃO,NÃO,NÃO,SIM,NÃO,SIM,NÃO,NÃO,NÃO,SIM,NÃO,NÃO,NÃO,NÃO,NÃO,NÃO,SIM,NÃO,NÃO,NÃO,NÃO,NÃO,NÃO,NÃO,NÃO,NÃO,NÃO,NÃO,NÃO,NÃO,NÃO,NÃO,NÃO,NÃO,NÃO,NÃO,NÃO,NÃO,NÃO,NÃO,NÃO,NÃO,NÃO,NÃO,NÃO,NÃO,NÃO,NÃO,NÃO,NÃO,NÃO,NÃO,NÃO,NÃO,NÃO,NÃO,NÃO,NÃO,NÃO,NÃO,NÃO,NÃO,NÃO,NÃO,NÃO,NÃO,NÃO,NÃO,,
10/29/2021 15:23:01,2008,8/19/2008,023/08,HGPE,PREFEITO,,RJ,SIM,Rio de Janeiro,SIM,Sim,SIM,SIM,SIM,NÃO,NÃO,NÃO,NÃO,NÃO,SIM,NÃO,SIM,NÃO,NÃO,NÃO,SIM,NÃO,NÃO,NÃO,NÃO,NÃO,NÃO,SIM,NÃO,NÃO,NÃO,NÃO,NÃO,NÃO,NÃO,NÃO,NÃO,NÃO,NÃO,NÃO,NÃO,NÃO,NÃO,NÃO,NÃO,NÃO,NÃO,NÃO,NÃO,NÃO,NÃO,NÃO,NÃO,NÃO,NÃO,NÃO,NÃO,NÃO,NÃO,NÃO,NÃO,NÃO,NÃO,NÃO,NÃO,NÃO,NÃO,NÃO,NÃO,NÃO,NÃO,NÃO,NÃO,NÃO,NÃO,NÃO,NÃO,NÃO,NÃO,,
10/29/2021 15:27:01,2008,8/20/2008,024/08,HGPE,VEREADOR,,SP,SIM,São Paulo,SIM,Sim,SIM,SIM,SIM,SIM,SIM,SIM,SIM,SIM,SIM,SIM,SIM,SIM,SIM,SIM,SIM,SIM,SIM,SIM,NÃO,SIM,SIM,SIM,SIM,SIM,SIM,SIM,SIM,SIM,SIM,NÃO,NÃO,NÃO,NÃO,NÃO,NÃO,NÃO,SIM,NÃO,NÃO,NÃO,NÃO,NÃO,NÃO,NÃO,NÃO,NÃO,NÃO,NÃO,SIM,NÃO,NÃO,NÃO,NÃO,NÃO,NÃO,NÃO,NÃO,NÃO,NÃO,NÃO,NÃO,NÃO,NÃO,NÃO,NÃO,NÃO,NÃO,NÃO,NÃO,NÃO,NÃO,NÃO,NÃO,,
10/29/2021 15:32:31,2008,8/21/2008,025/08,HGPE,PREFEITO,,SP,SIM,São Paulo,SIM,Sim,SIM,SIM,SIM,SIM,SIM,NÃO,NÃO,NÃO,NÃO,SIM,SIM,NÃO,SIM,NÃO,NÃO,SIM,SIM,SIM,NÃO,NÃO,SIM,NÃO,NÃO,NÃO,SIM,SIM,NÃO,NÃO,NÃO,NÃO,NÃO,NÃO,NÃO,NÃO,NÃO,NÃO,SIM,NÃO,NÃO,NÃO,NÃO,NÃO,NÃO,NÃO,NÃO,NÃO,NÃO,NÃO,SIM,NÃO,NÃO,NÃO,NÃO,NÃO,NÃO,NÃO,NÃO,NÃO,NÃO,NÃO,NÃO,NÃO,NÃO,NÃO,NÃO,NÃO,NÃO,NÃO,NÃO,NÃO,NÃO,NÃO,NÃO,,
10/29/2021 15:34:54,2008,8/22/2008,026/08,HGPE,PREFEITO,,RJ,SIM,Rio de Janeiro,SIM,Sim,SIM,SIM,SIM,NÃO,NÃO,NÃO,NÃO,NÃO,SIM,NÃO,SIM,NÃO,NÃO,NÃO,SIM,NÃO,NÃO,NÃO,NÃO,NÃO,NÃO,SIM,NÃO,NÃO,NÃO,NÃO,NÃO,NÃO,NÃO,NÃO,NÃO,NÃO,NÃO,NÃO,NÃO,NÃO,NÃO,NÃO,NÃO,NÃO,NÃO,NÃO,NÃO,NÃO,NÃO,NÃO,NÃO,NÃO,NÃO,NÃO,NÃO,NÃO,NÃO,NÃO,NÃO,NÃO,NÃO,NÃO,NÃO,NÃO,NÃO,NÃO,NÃO,NÃO,NÃO,NÃO,NÃO,NÃO,NÃO,NÃO,NÃO,NÃO,NÃO,,
10/29/2021 15:38:53,2008,8/23/2008,27/08,HGPE,VEREADOR,,SP,SIM,São Paulo,SIM,Sim,SIM,SIM,SIM,SIM,SIM,SIM,SIM,SIM,SIM,SIM,SIM,SIM,SIM,SIM,SIM,SIM,SIM,SIM,NÃO,SIM,SIM,SIM,SIM,SIM,SIM,SIM,SIM,SIM,SIM,NÃO,NÃO,NÃO,NÃO,NÃO,NÃO,NÃO,SIM,NÃO,NÃO,NÃO,NÃO,NÃO,NÃO,NÃO,NÃO,NÃO,NÃO,NÃO,SIM,NÃO,NÃO,NÃO,NÃO,NÃO,NÃO,NÃO,NÃO,NÃO,NÃO,NÃO,NÃO,NÃO,NÃO,NÃO,NÃO,NÃO,NÃO,NÃO,NÃO,NÃO,NÃO,NÃO,NÃO,,
10/29/2021 15:41:34,2008,8/24/2008,028/08,HGPE,PREFEITO,,SP,SIM,São Paulo,SIM,Sim,SIM,SIM,SIM,SIM,NÃO,NÃO,NÃO,NÃO,NÃO,NÃO,NÃO,NÃO,NÃO,NÃO,NÃO,NÃO,NÃO,NÃO,NÃO,NÃO,NÃO,NÃO,NÃO,NÃO,NÃO,NÃO,NÃO,NÃO,NÃO,NÃO,NÃO,NÃO,NÃO,NÃO,NÃO,NÃO,SIM,NÃO,NÃO,NÃO,NÃO,NÃO,NÃO,NÃO,NÃO,NÃO,NÃO,NÃO,NÃO,NÃO,NÃO,NÃO,NÃO,NÃO,NÃO,NÃO,NÃO,NÃO,NÃO,NÃO,NÃO,NÃO,NÃO,NÃO,NÃO,NÃO,NÃO,NÃO,NÃO,NÃO,NÃO,NÃO,NÃO,,
10/29/2021 15:46:03,2008,8/25/2008,029/08,HGPE,VEREADOR,,SP,SIM,São Paulo,SIM,Sim,SIM,SIM,SIM,SIM,SIM,SIM,SIM,SIM,SIM,SIM,SIM,SIM,SIM,SIM,SIM,SIM,SIM,SIM,NÃO,SIM,SIM,SIM,SIM,SIM,SIM,SIM,SIM,SIM,SIM,NÃO,NÃO,NÃO,NÃO,NÃO,NÃO,NÃO,SIM,NÃO,NÃO,NÃO,NÃO,NÃO,NÃO,NÃO,NÃO,NÃO,NÃO,NÃO,SIM,NÃO,NÃO,NÃO,NÃO,NÃO,NÃO,NÃO,NÃO,NÃO,NÃO,NÃO,NÃO,NÃO,NÃO,NÃO,NÃO,NÃO,NÃO,NÃO,NÃO,NÃO,NÃO,NÃO,NÃO,,
10/29/2021 15:50:24,2008,8/26/2008,030/08,HGPE,VEREADOR,,SP,SIM,São Paulo,SIM,Sim,SIM,SIM,SIM,SIM,SIM,SIM,SIM,SIM,SIM,SIM,SIM,SIM,SIM,SIM,SIM,SIM,SIM,SIM,NÃO,SIM,SIM,SIM,SIM,SIM,SIM,SIM,SIM,SIM,SIM,NÃO,NÃO,NÃO,NÃO,NÃO,NÃO,NÃO,SIM,NÃO,NÃO,NÃO,NÃO,NÃO,NÃO,NÃO,NÃO,NÃO,NÃO,NÃO,SIM,NÃO,NÃO,NÃO,NÃO,NÃO,NÃO,NÃO,NÃO,NÃO,NÃO,NÃO,NÃO,NÃO,NÃO,NÃO,NÃO,NÃO,NÃO,NÃO,NÃO,NÃO,NÃO,NÃO,NÃO,,
10/29/2021 15:53:48,2008,8/27/2008,031/08,HGPE,PREFEITO,,SP,SIM,São Paulo,SIM,Sim,SIM,SIM,SIM,SIM,SIM,NÃO,NÃO,NÃO,NÃO,SIM,SIM,NÃO,SIM,NÃO,NÃO,SIM,SIM,SIM,NÃO,NÃO,SIM,NÃO,NÃO,NÃO,SIM,SIM,NÃO,NÃO,NÃO,NÃO,NÃO,NÃO,NÃO,NÃO,NÃO,NÃO,SIM,NÃO,NÃO,NÃO,NÃO,NÃO,NÃO,NÃO,NÃO,NÃO,NÃO,NÃO,SIM,NÃO,NÃO,NÃO,NÃO,NÃO,NÃO,NÃO,NÃO,NÃO,NÃO,NÃO,NÃO,NÃO,NÃO,NÃO,NÃO,NÃO,NÃO,NÃO,NÃO,NÃO,NÃO,NÃO,NÃO,,
11/1/2021 12:48:55,2008,8/28/2008,032/08,HGPE,PREFEITO,,SP,SIM,São Paulo,SIM,Sim,SIM,SIM,SIM,SIM,NÃO,NÃO,NÃO,NÃO,NÃO,NÃO,NÃO,NÃO,NÃO,NÃO,NÃO,NÃO,NÃO,NÃO,NÃO,NÃO,NÃO,NÃO,NÃO,NÃO,NÃO,NÃO,NÃO,NÃO,NÃO,NÃO,NÃO,NÃO,NÃO,NÃO,NÃO,NÃO,SIM,NÃO,NÃO,NÃO,NÃO,NÃO,NÃO,NÃO,NÃO,NÃO,NÃO,NÃO,NÃO,NÃO,NÃO,NÃO,NÃO,NÃO,NÃO,NÃO,NÃO,NÃO,NÃO,NÃO,NÃO,NÃO,NÃO,NÃO,NÃO,NÃO,NÃO,NÃO,NÃO,NÃO,NÃO,NÃO,NÃO,,
11/1/2021 12:51:48,2008,10/22/2008,033/08,HGPE,PREFEITO,,SP,SIM,São Paulo,SIM,Sim,SIM,SIM,SIM,SIM,NÃO,NÃO,NÃO,NÃO,NÃO,NÃO,NÃO,NÃO,NÃO,NÃO,NÃO,NÃO,NÃO,NÃO,NÃO,NÃO,NÃO,NÃO,NÃO,NÃO,NÃO,NÃO,NÃO,NÃO,NÃO,NÃO,NÃO,NÃO,NÃO,NÃO,NÃO,NÃO,SIM,NÃO,NÃO,NÃO,NÃO,NÃO,NÃO,NÃO,NÃO,NÃO,NÃO,NÃO,NÃO,NÃO,NÃO,NÃO,NÃO,NÃO,NÃO,NÃO,NÃO,NÃO,NÃO,NÃO,NÃO,NÃO,NÃO,NÃO,NÃO,NÃO,NÃO,NÃO,NÃO,NÃO,NÃO,NÃO,NÃO,,
11/1/2021 12:59:01,2008,8/19/2008,034/08,HGPE,VEREADOR,,SP,SIM,São Paulo,SIM,Sim,SIM,SIM,SIM,SIM,SIM,SIM,SIM,SIM,SIM,SIM,SIM,SIM,SIM,SIM,SIM,SIM,SIM,SIM,NÃO,SIM,SIM,SIM,SIM,SIM,SIM,SIM,SIM,SIM,SIM,NÃO,NÃO,NÃO,NÃO,NÃO,NÃO,NÃO,SIM,NÃO,NÃO,NÃO,NÃO,NÃO,NÃO,NÃO,NÃO,NÃO,NÃO,NÃO,SIM,NÃO,NÃO,NÃO,NÃO,NÃO,NÃO,NÃO,NÃO,NÃO,NÃO,NÃO,NÃO,NÃO,NÃO,NÃO,NÃO,NÃO,NÃO,NÃO,NÃO,NÃO,NÃO,NÃO,NÃO,,
11/1/2021 13:03:33,2008,8/29/2008,035/08,HGPE,VEREADOR,,SP,SIM,São Paulo,SIM,Sim,SIM,SIM,SIM,SIM,SIM,SIM,SIM,SIM,SIM,SIM,SIM,SIM,SIM,SIM,SIM,SIM,SIM,SIM,NÃO,SIM,SIM,SIM,SIM,SIM,SIM,SIM,SIM,SIM,SIM,NÃO,NÃO,NÃO,NÃO,NÃO,NÃO,NÃO,SIM,NÃO,NÃO,NÃO,NÃO,NÃO,NÃO,NÃO,NÃO,NÃO,NÃO,NÃO,SIM,NÃO,NÃO,NÃO,NÃO,NÃO,NÃO,NÃO,NÃO,NÃO,NÃO,NÃO,NÃO,NÃO,NÃO,NÃO,NÃO,NÃO,NÃO,NÃO,NÃO,NÃO,NÃO,NÃO,NÃO,,
11/1/2021 13:06:26,2008,8/30/2008,036/08,HGPE,PREFEITO,,SP,SIM,São Paulo,SIM,Sim,SIM,SIM,SIM,SIM,NÃO,NÃO,NÃO,NÃO,NÃO,NÃO,NÃO,NÃO,NÃO,NÃO,NÃO,NÃO,NÃO,NÃO,NÃO,NÃO,NÃO,NÃO,NÃO,NÃO,NÃO,NÃO,NÃO,NÃO,NÃO,NÃO,NÃO,NÃO,NÃO,NÃO,NÃO,NÃO,SIM,NÃO,NÃO,NÃO,NÃO,NÃO,NÃO,NÃO,NÃO,NÃO,NÃO,NÃO,NÃO,NÃO,NÃO,NÃO,NÃO,NÃO,NÃO,NÃO,NÃO,NÃO,NÃO,NÃO,NÃO,NÃO,NÃO,NÃO,NÃO,NÃO,NÃO,NÃO,NÃO,NÃO,NÃO,NÃO,NÃO,,
11/1/2021 13:11:19,2008,8/19/2008,037/08,HGPE,VEREADOR,,RJ,SIM,Rio de Janeiro,SIM,Sim,SIM,SIM,SIM,SIM,SIM,SIM,SIM,SIM,SIM,SIM,SIM,SIM,SIM,SIM,SIM,SIM,SIM,SIM,NÃO,SIM,SIM,SIM,SIM,SIM,SIM,SIM,NÃO,SIM,SIM,NÃO,NÃO,NÃO,NÃO,NÃO,NÃO,NÃO,SIM,NÃO,NÃO,NÃO,NÃO,NÃO,NÃO,NÃO,NÃO,NÃO,NÃO,NÃO,SIM,NÃO,NÃO,NÃO,NÃO,NÃO,NÃO,NÃO,NÃO,NÃO,NÃO,NÃO,NÃO,NÃO,NÃO,NÃO,NÃO,NÃO,NÃO,NÃO,NÃO,NÃO,NÃO,NÃO,NÃO,,
11/1/2021 13:16:28,2008,8/26/2008,038/08,HGPE,VEREADOR,,RJ,SIM,Rio de Janeiro,SIM,Sim,SIM,SIM,SIM,SIM,SIM,SIM,SIM,SIM,SIM,SIM,SIM,SIM,SIM,SIM,SIM,SIM,SIM,SIM,NÃO,SIM,SIM,SIM,SIM,SIM,SIM,SIM,NÃO,SIM,SIM,NÃO,NÃO,NÃO,NÃO,NÃO,NÃO,NÃO,SIM,NÃO,NÃO,NÃO,NÃO,NÃO,NÃO,NÃO,NÃO,NÃO,NÃO,NÃO,SIM,NÃO,NÃO,NÃO,NÃO,NÃO,NÃO,NÃO,NÃO,NÃO,NÃO,NÃO,NÃO,NÃO,NÃO,NÃO,NÃO,NÃO,NÃO,NÃO,NÃO,NÃO,NÃO,NÃO,NÃO,,
11/1/2021 13:20:54,2008,9/2/2008,039/08,HGPE,VEREADOR,,RJ,SIM,Rio de Janeiro,SIM,Sim,SIM,SIM,SIM,SIM,SIM,SIM,SIM,SIM,SIM,SIM,SIM,SIM,SIM,SIM,SIM,SIM,SIM,SIM,NÃO,SIM,SIM,SIM,SIM,SIM,SIM,SIM,NÃO,SIM,SIM,NÃO,NÃO,NÃO,NÃO,NÃO,NÃO,NÃO,SIM,NÃO,NÃO,NÃO,NÃO,NÃO,NÃO,NÃO,NÃO,NÃO,NÃO,NÃO,SIM,NÃO,NÃO,NÃO,NÃO,NÃO,NÃO,NÃO,NÃO,NÃO,NÃO,NÃO,NÃO,NÃO,NÃO,NÃO,NÃO,NÃO,NÃO,NÃO,NÃO,NÃO,NÃO,NÃO,NÃO,,
11/1/2021 13:25:42,2008,9/4/2008,040/08,HGPE,VEREADOR,,RJ,SIM,Rio de Janeiro,SIM,Sim,SIM,SIM,SIM,SIM,SIM,SIM,SIM,SIM,SIM,SIM,SIM,SIM,SIM,SIM,SIM,SIM,SIM,SIM,NÃO,SIM,SIM,SIM,SIM,SIM,SIM,SIM,NÃO,SIM,SIM,NÃO,NÃO,NÃO,NÃO,NÃO,NÃO,NÃO,SIM,NÃO,NÃO,NÃO,NÃO,NÃO,NÃO,NÃO,NÃO,NÃO,NÃO,NÃO,SIM,NÃO,NÃO,NÃO,NÃO,NÃO,NÃO,NÃO,NÃO,NÃO,NÃO,NÃO,NÃO,NÃO,NÃO,NÃO,NÃO,NÃO,NÃO,NÃO,NÃO,NÃO,NÃO,NÃO,NÃO,,
11/1/2021 13:30:08,2008,9/1/2008,041/08,HGPE,VEREADOR,,RJ,SIM,Rio de Janeiro,SIM,Sim,SIM,SIM,SIM,SIM,SIM,SIM,SIM,SIM,SIM,SIM,SIM,SIM,SIM,SIM,SIM,SIM,SIM,SIM,NÃO,SIM,SIM,SIM,SIM,SIM,SIM,SIM,NÃO,SIM,SIM,NÃO,NÃO,NÃO,NÃO,NÃO,NÃO,NÃO,SIM,NÃO,NÃO,NÃO,NÃO,NÃO,NÃO,NÃO,NÃO,NÃO,NÃO,NÃO,SIM,NÃO,NÃO,NÃO,NÃO,NÃO,NÃO,NÃO,NÃO,NÃO,NÃO,NÃO,NÃO,NÃO,NÃO,NÃO,NÃO,NÃO,NÃO,NÃO,NÃO,NÃO,NÃO,NÃO,NÃO,,
11/1/2021 13:34:51,2008,9/20/2008,042/08,HGPE,VEREADOR,,RJ,SIM,Rio de Janeiro,SIM,Sim,SIM,SIM,SIM,SIM,SIM,SIM,SIM,SIM,SIM,SIM,SIM,SIM,SIM,SIM,SIM,SIM,SIM,SIM,NÃO,SIM,SIM,SIM,SIM,SIM,SIM,SIM,NÃO,SIM,SIM,NÃO,NÃO,NÃO,NÃO,NÃO,NÃO,NÃO,SIM,NÃO,NÃO,NÃO,NÃO,NÃO,NÃO,NÃO,NÃO,NÃO,NÃO,NÃO,SIM,NÃO,NÃO,NÃO,NÃO,NÃO,NÃO,NÃO,NÃO,NÃO,NÃO,NÃO,NÃO,NÃO,NÃO,NÃO,NÃO,NÃO,NÃO,NÃO,NÃO,NÃO,NÃO,NÃO,NÃO,,
11/1/2021 13:43:43,2008,9/2/2008,043/08,HGPE,VEREADOR,,RJ,SIM,Rio de Janeiro,SIM,Sim,SIM,SIM,SIM,SIM,SIM,SIM,SIM,SIM,SIM,SIM,SIM,SIM,SIM,SIM,SIM,SIM,SIM,SIM,NÃO,SIM,SIM,SIM,SIM,SIM,SIM,SIM,NÃO,SIM,SIM,NÃO,NÃO,NÃO,NÃO,NÃO,NÃO,NÃO,SIM,NÃO,NÃO,NÃO,NÃO,NÃO,NÃO,NÃO,NÃO,NÃO,NÃO,NÃO,SIM,NÃO,NÃO,NÃO,NÃO,NÃO,NÃO,NÃO,NÃO,NÃO,NÃO,NÃO,NÃO,NÃO,NÃO,NÃO,NÃO,NÃO,NÃO,NÃO,NÃO,NÃO,NÃO,NÃO,NÃO,,
11/1/2021 13:50:37,2008,9/3/2008,044/08,HGPE,VEREADOR,,RJ,SIM,Rio de Janeiro,SIM,Sim,SIM,SIM,SIM,SIM,SIM,SIM,SIM,SIM,SIM,SIM,SIM,SIM,SIM,SIM,SIM,SIM,SIM,SIM,NÃO,SIM,SIM,SIM,SIM,SIM,SIM,SIM,SIM,SIM,SIM,NÃO,NÃO,NÃO,NÃO,NÃO,NÃO,NÃO,SIM,NÃO,NÃO,NÃO,NÃO,NÃO,NÃO,NÃO,NÃO,NÃO,NÃO,NÃO,SIM,NÃO,NÃO,NÃO,NÃO,NÃO,NÃO,NÃO,NÃO,NÃO,NÃO,NÃO,NÃO,NÃO,NÃO,NÃO,NÃO,NÃO,NÃO,NÃO,NÃO,NÃO,NÃO,NÃO,NÃO,,
11/1/2021 13:59:13,2008,9/26/2008,045/08,HGPE,PREFEITO,,RJ,SIM,Rio de Janeiro,SIM,Sim,SIM,SIM,SIM,SIM,NÃO,SIM,SIM,NÃO,SIM,NÃO,NÃO,NÃO,SIM,SIM,NÃO,SIM,SIM,NÃO,NÃO,NÃO,NÃO,NÃO,SIM,NÃO,NÃO,SIM,SIM,NÃO,SIM,NÃO,NÃO,NÃO,NÃO,NÃO,NÃO,NÃO,SIM,NÃO,NÃO,NÃO,NÃO,NÃO,NÃO,NÃO,NÃO,NÃO,NÃO,NÃO,SIM,NÃO,NÃO,NÃO,NÃO,NÃO,NÃO,NÃO,NÃO,NÃO,NÃO,NÃO,NÃO,NÃO,NÃO,NÃO,NÃO,NÃO,NÃO,NÃO,NÃO,NÃO,NÃO,NÃO,NÃO,,
11/1/2021 14:03:52,2008,9/4/2008,046/08,HGPE,PREFEITO,,RJ,SIM,Rio de Janeiro,SIM,Sim,SIM,SIM,SIM,SIM,NÃO,SIM,SIM,NÃO,SIM,NÃO,NÃO,NÃO,SIM,SIM,NÃO,SIM,SIM,NÃO,NÃO,NÃO,NÃO,NÃO,SIM,NÃO,NÃO,SIM,SIM,NÃO,SIM,NÃO,NÃO,NÃO,NÃO,NÃO,NÃO,NÃO,SIM,NÃO,NÃO,NÃO,NÃO,NÃO,NÃO,NÃO,NÃO,NÃO,NÃO,NÃO,SIM,NÃO,NÃO,NÃO,NÃO,NÃO,NÃO,NÃO,NÃO,NÃO,NÃO,NÃO,NÃO,NÃO,NÃO,NÃO,NÃO,NÃO,NÃO,NÃO,NÃO,NÃO,NÃO,NÃO,NÃO,,
11/3/2021 14:56:07,2008,9/19/2008,047/08,HGPE,PREFEITO,,RJ,SIM,Rio de Janeiro,SIM,Sim,SIM,SIM,SIM,SIM,NÃO,SIM,SIM,NÃO,SIM,NÃO,NÃO,NÃO,SIM,SIM,NÃO,SIM,SIM,NÃO,NÃO,NÃO,NÃO,NÃO,SIM,NÃO,NÃO,SIM,SIM,NÃO,SIM,NÃO,NÃO,NÃO,NÃO,NÃO,NÃO,NÃO,SIM,NÃO,NÃO,NÃO,NÃO,NÃO,NÃO,NÃO,NÃO,NÃO,NÃO,NÃO,SIM,NÃO,NÃO,NÃO,NÃO,NÃO,NÃO,NÃO,NÃO,NÃO,NÃO,NÃO,NÃO,NÃO,NÃO,NÃO,NÃO,NÃO,NÃO,NÃO,NÃO,NÃO,NÃO,NÃO,NÃO,,
11/3/2021 15:00:51,2008,9/5/2008,048/08,HGPE,PREFEITO,,RJ,SIM,Rio de Janeiro,SIM,Sim,SIM,SIM,SIM,SIM,NÃO,SIM,SIM,NÃO,SIM,NÃO,NÃO,NÃO,SIM,SIM,NÃO,SIM,SIM,NÃO,NÃO,NÃO,NÃO,NÃO,SIM,NÃO,NÃO,SIM,SIM,NÃO,SIM,NÃO,NÃO,NÃO,NÃO,NÃO,NÃO,NÃO,SIM,NÃO,NÃO,NÃO,NÃO,NÃO,NÃO,NÃO,NÃO,NÃO,NÃO,NÃO,SIM,NÃO,NÃO,NÃO,NÃO,NÃO,NÃO,NÃO,NÃO,NÃO,NÃO,NÃO,NÃO,NÃO,NÃO,NÃO,NÃO,NÃO,NÃO,NÃO,NÃO,NÃO,NÃO,NÃO,NÃO,,
11/3/2021 15:04:17,2008,9/8/2008,049/08,HGPE,PREFEITO,,RJ,SIM,Rio de Janeiro,SIM,Sim,SIM,SIM,SIM,SIM,NÃO,SIM,SIM,NÃO,SIM,NÃO,NÃO,NÃO,SIM,SIM,NÃO,SIM,SIM,NÃO,NÃO,NÃO,NÃO,NÃO,SIM,NÃO,NÃO,SIM,SIM,NÃO,SIM,NÃO,NÃO,NÃO,NÃO,NÃO,NÃO,NÃO,SIM,NÃO,NÃO,NÃO,NÃO,NÃO,NÃO,NÃO,NÃO,NÃO,NÃO,NÃO,SIM,NÃO,NÃO,NÃO,NÃO,NÃO,NÃO,NÃO,NÃO,NÃO,NÃO,NÃO,NÃO,NÃO,NÃO,NÃO,NÃO,NÃO,NÃO,NÃO,NÃO,NÃO,NÃO,NÃO,NÃO,,
11/3/2021 15:07:47,2008,9/22/2008,050/08,HGPE,PREFEITO,,RJ,SIM,Rio de Janeiro,SIM,Sim,SIM,SIM,SIM,SIM,NÃO,SIM,SIM,NÃO,SIM,NÃO,NÃO,NÃO,SIM,SIM,NÃO,SIM,SIM,NÃO,NÃO,NÃO,NÃO,NÃO,SIM,NÃO,NÃO,SIM,SIM,NÃO,SIM,NÃO,NÃO,NÃO,NÃO,NÃO,NÃO,NÃO,SIM,NÃO,NÃO,NÃO,NÃO,NÃO,NÃO,NÃO,NÃO,NÃO,NÃO,NÃO,SIM,NÃO,NÃO,NÃO,NÃO,NÃO,NÃO,NÃO,NÃO,NÃO,NÃO,NÃO,NÃO,NÃO,NÃO,NÃO,NÃO,NÃO,NÃO,NÃO,NÃO,NÃO,NÃO,NÃO,NÃO,,
11/3/2021 15:14:27,2008,9/6/2008,051/08,HGPE,VEREADOR,,RJ,SIM,Rio de Janeiro,SIM,Sim,SIM,SIM,SIM,SIM,SIM,SIM,SIM,SIM,SIM,SIM,SIM,SIM,SIM,SIM,SIM,SIM,SIM,SIM,NÃO,SIM,SIM,SIM,SIM,SIM,SIM,SIM,SIM,SIM,SIM,NÃO,NÃO,NÃO,NÃO,NÃO,NÃO,NÃO,SIM,NÃO,NÃO,NÃO,NÃO,NÃO,NÃO,NÃO,NÃO,NÃO,NÃO,NÃO,SIM,NÃO,NÃO,NÃO,NÃO,NÃO,NÃO,NÃO,NÃO,NÃO,NÃO,NÃO,NÃO,NÃO,NÃO,NÃO,NÃO,NÃO,NÃO,NÃO,NÃO,NÃO,NÃO,NÃO,NÃO,,
11/3/2021 15:19:41,2008,9/22/2008,052/08,HGPE,PREFEITO,,RJ,SIM,Rio de Janeiro,SIM,Sim,SIM,SIM,SIM,SIM,NÃO,SIM,SIM,NÃO,SIM,NÃO,NÃO,NÃO,SIM,SIM,NÃO,SIM,SIM,NÃO,NÃO,NÃO,NÃO,NÃO,SIM,NÃO,NÃO,SIM,SIM,NÃO,SIM,NÃO,NÃO,NÃO,NÃO,NÃO,NÃO,NÃO,SIM,NÃO,NÃO,NÃO,NÃO,NÃO,NÃO,NÃO,NÃO,NÃO,NÃO,NÃO,SIM,NÃO,NÃO,NÃO,NÃO,NÃO,NÃO,NÃO,NÃO,NÃO,NÃO,NÃO,NÃO,NÃO,NÃO,NÃO,NÃO,NÃO,NÃO,NÃO,NÃO,NÃO,NÃO,NÃO,NÃO,,
11/3/2021 15:22:05,2008,9/7/2008,053/08,HGPE,PREFEITO,,RJ,SIM,Rio de Janeiro,SIM,Sim,SIM,SIM,SIM,NÃO,NÃO,NÃO,NÃO,NÃO,SIM,NÃO,NÃO,NÃO,NÃO,SIM,NÃO,NÃO,NÃO,NÃO,NÃO,NÃO,NÃO,NÃO,NÃO,NÃO,NÃO,NÃO,NÃO,NÃO,NÃO,NÃO,NÃO,NÃO,NÃO,NÃO,NÃO,NÃO,NÃO,NÃO,NÃO,NÃO,NÃO,NÃO,NÃO,NÃO,NÃO,NÃO,NÃO,NÃO,NÃO,NÃO,NÃO,NÃO,NÃO,NÃO,NÃO,NÃO,NÃO,NÃO,NÃO,NÃO,NÃO,NÃO,NÃO,NÃO,NÃO,NÃO,NÃO,NÃO,NÃO,NÃO,NÃO,NÃO,NÃO,,
11/3/2021 15:27:29,2008,9/8/2008,060/08,HGPE,VEREADOR,,RJ,SIM,Rio de Janeiro,SIM,Sim,SIM,SIM,SIM,SIM,SIM,SIM,SIM,SIM,SIM,SIM,SIM,SIM,SIM,SIM,SIM,SIM,SIM,SIM,NÃO,SIM,SIM,SIM,SIM,SIM,SIM,SIM,SIM,SIM,SIM,NÃO,NÃO,NÃO,NÃO,NÃO,NÃO,NÃO,SIM,NÃO,NÃO,NÃO,NÃO,NÃO,NÃO,NÃO,NÃO,NÃO,NÃO,NÃO,SIM,NÃO,NÃO,NÃO,NÃO,NÃO,NÃO,NÃO,NÃO,NÃO,NÃO,NÃO,NÃO,NÃO,NÃO,NÃO,NÃO,NÃO,NÃO,NÃO,NÃO,NÃO,NÃO,NÃO,NÃO,,
11/3/2021 15:35:45,2008,8/25/2008,061/08,HGPE,"PREFEITO, VEREADOR",,RJ,SIM,Rio de Janeiro,SIM,Sim,SIM,SIM,SIM,SIM,SIM,SIM,SIM,SIM,SIM,SIM,SIM,SIM,SIM,SIM,SIM,SIM,SIM,SIM,NÃO,SIM,SIM,SIM,SIM,SIM,SIM,SIM,SIM,SIM,SIM,NÃO,NÃO,NÃO,NÃO,NÃO,NÃO,NÃO,SIM,NÃO,NÃO,NÃO,NÃO,NÃO,NÃO,NÃO,NÃO,NÃO,NÃO,NÃO,SIM,NÃO,NÃO,NÃO,NÃO,NÃO,NÃO,NÃO,NÃO,NÃO,NÃO,NÃO,NÃO,NÃO,NÃO,NÃO,NÃO,NÃO,NÃO,NÃO,NÃO,NÃO,NÃO,NÃO,NÃO,,
11/3/2021 15:39:42,2008,9/9/2008,062/08,HGPE,PREFEITO,,RJ,SIM,Rio de Janeiro,SIM,Sim,SIM,SIM,SIM,SIM,NÃO,SIM,SIM,NÃO,SIM,NÃO,NÃO,NÃO,SIM,SIM,NÃO,SIM,SIM,NÃO,NÃO,NÃO,NÃO,NÃO,SIM,NÃO,NÃO,SIM,SIM,NÃO,SIM,NÃO,NÃO,NÃO,NÃO,NÃO,NÃO,NÃO,SIM,NÃO,NÃO,NÃO,NÃO,NÃO,NÃO,NÃO,NÃO,NÃO,NÃO,NÃO,SIM,NÃO,NÃO,NÃO,NÃO,NÃO,NÃO,NÃO,NÃO,NÃO,NÃO,NÃO,NÃO,NÃO,NÃO,NÃO,NÃO,NÃO,NÃO,NÃO,NÃO,NÃO,NÃO,NÃO,NÃO,,
11/3/2021 15:43:08,2008,9/10/2008,063/08,HGPE,PREFEITO,,RJ,SIM,Rio de Janeiro,SIM,Sim,SIM,SIM,SIM,SIM,NÃO,SIM,SIM,NÃO,SIM,NÃO,NÃO,NÃO,SIM,SIM,NÃO,SIM,SIM,NÃO,NÃO,NÃO,NÃO,NÃO,SIM,NÃO,NÃO,SIM,SIM,NÃO,SIM,NÃO,NÃO,NÃO,NÃO,NÃO,NÃO,NÃO,SIM,NÃO,NÃO,NÃO,NÃO,NÃO,NÃO,NÃO,NÃO,NÃO,NÃO,NÃO,SIM,NÃO,NÃO,NÃO,NÃO,NÃO,NÃO,NÃO,NÃO,NÃO,NÃO,NÃO,NÃO,NÃO,NÃO,NÃO,NÃO,NÃO,NÃO,NÃO,NÃO,NÃO,NÃO,NÃO,NÃO,,
11/3/2021 15:45:43,2008,9/11/2008,064/08,HGPE,PREFEITO,,RJ,SIM,Rio de Janeiro,SIM,Sim,SIM,SIM,SIM,NÃO,NÃO,NÃO,NÃO,NÃO,SIM,NÃO,NÃO,NÃO,NÃO,SIM,NÃO,NÃO,NÃO,NÃO,NÃO,NÃO,NÃO,NÃO,NÃO,NÃO,NÃO,NÃO,NÃO,NÃO,NÃO,NÃO,NÃO,NÃO,NÃO,NÃO,NÃO,NÃO,NÃO,NÃO,NÃO,NÃO,NÃO,NÃO,NÃO,NÃO,NÃO,NÃO,NÃO,NÃO,NÃO,NÃO,NÃO,NÃO,NÃO,NÃO,NÃO,NÃO,NÃO,NÃO,NÃO,NÃO,NÃO,NÃO,NÃO,NÃO,NÃO,NÃO,NÃO,NÃO,NÃO,NÃO,NÃO,NÃO,NÃO,,
11/3/2021 15:51:03,2008,9/12/2008,065/08,HGPE,VEREADOR,,RJ,SIM,Rio de Janeiro,SIM,Sim,SIM,SIM,SIM,SIM,SIM,SIM,SIM,SIM,SIM,SIM,SIM,SIM,SIM,SIM,SIM,SIM,SIM,SIM,NÃO,SIM,SIM,SIM,SIM,SIM,SIM,SIM,SIM,SIM,SIM,NÃO,NÃO,NÃO,NÃO,NÃO,NÃO,NÃO,SIM,NÃO,NÃO,NÃO,NÃO,NÃO,NÃO,NÃO,NÃO,NÃO,NÃO,NÃO,SIM,NÃO,NÃO,NÃO,NÃO,NÃO,NÃO,NÃO,NÃO,NÃO,NÃO,NÃO,NÃO,NÃO,NÃO,NÃO,NÃO,NÃO,NÃO,NÃO,NÃO,NÃO,NÃO,NÃO,NÃO,,
11/3/2021 15:55:52,2008,9/13/2008,066/08,HGPE,PREFEITO,,RJ,SIM,Rio de Janeiro,SIM,Sim,SIM,SIM,SIM,SIM,NÃO,SIM,SIM,NÃO,SIM,NÃO,NÃO,NÃO,SIM,SIM,NÃO,SIM,SIM,NÃO,NÃO,NÃO,NÃO,NÃO,SIM,NÃO,NÃO,SIM,SIM,NÃO,SIM,NÃO,NÃO,NÃO,NÃO,NÃO,NÃO,NÃO,SIM,NÃO,NÃO,NÃO,NÃO,NÃO,NÃO,NÃO,NÃO,NÃO,NÃO,NÃO,SIM,NÃO,NÃO,NÃO,NÃO,NÃO,NÃO,NÃO,NÃO,NÃO,NÃO,NÃO,NÃO,NÃO,NÃO,NÃO,NÃO,NÃO,NÃO,NÃO,NÃO,NÃO,NÃO,NÃO,NÃO,,
11/3/2021 16:00:06,2008,9/14/2008,067/08,HGPE,VEREADOR,,RJ,SIM,Rio de Janeiro,SIM,Sim,SIM,SIM,SIM,SIM,SIM,SIM,SIM,SIM,SIM,SIM,SIM,SIM,SIM,SIM,SIM,SIM,SIM,SIM,NÃO,SIM,SIM,SIM,SIM,SIM,SIM,SIM,SIM,SIM,SIM,NÃO,NÃO,NÃO,NÃO,NÃO,NÃO,NÃO,SIM,NÃO,NÃO,NÃO,NÃO,NÃO,NÃO,NÃO,NÃO,NÃO,NÃO,NÃO,SIM,NÃO,NÃO,NÃO,NÃO,NÃO,NÃO,NÃO,NÃO,NÃO,NÃO,NÃO,NÃO,NÃO,NÃO,NÃO,NÃO,NÃO,NÃO,NÃO,NÃO,NÃO,NÃO,NÃO,NÃO,,
11/4/2021 14:57:49,2009,8/1/2009,001/09,DIREÇÃO NACIONAL DO PARTIDO,,,,NÃO,,SIM,Sim,SIM,SIM,SIM,NÃO,NÃO,NÃO,NÃO,NÃO,SIM,NÃO,NÃO,NÃO,NÃO,NÃO,NÃO,NÃO,NÃO,NÃO,NÃO,NÃO,NÃO,NÃO,NÃO,NÃO,NÃO,NÃO,NÃO,NÃO,NÃO,NÃO,NÃO,NÃO,NÃO,NÃO,NÃO,NÃO,NÃO,NÃO,NÃO,NÃO,NÃO,NÃO,NÃO,NÃO,NÃO,NÃO,NÃO,NÃO,NÃO,NÃO,NÃO,NÃO,NÃO,NÃO,NÃO,NÃO,NÃO,NÃO,NÃO,NÃO,NÃO,NÃO,NÃO,NÃO,NÃO,NÃO,NÃO,NÃO,NÃO,NÃO,NÃO,NÃO,NÃO,,
11/4/2021 14:59:47,2009,8/2/2009,002/09,DIREÇÃO NACIONAL DO PARTIDO,,,,NÃO,,SIM,Sim,SIM,SIM,SIM,SIM,NÃO,NÃO,NÃO,NÃO,NÃO,NÃO,NÃO,NÃO,NÃO,NÃO,NÃO,NÃO,NÃO,NÃO,NÃO,NÃO,NÃO,NÃO,NÃO,NÃO,NÃO,NÃO,NÃO,NÃO,NÃO,NÃO,NÃO,NÃO,NÃO,NÃO,NÃO,NÃO,NÃO,NÃO,NÃO,NÃO,NÃO,NÃO,NÃO,NÃO,NÃO,NÃO,NÃO,NÃO,NÃO,NÃO,NÃO,NÃO,NÃO,NÃO,NÃO,NÃO,NÃO,NÃO,NÃO,NÃO,NÃO,NÃO,NÃO,NÃO,NÃO,NÃO,NÃO,NÃO,NÃO,NÃO,NÃO,NÃO,NÃO,,
11/4/2021 15:01:35,2009,8/3/2009,003/09,DIREÇÃO NACIONAL DO PARTIDO,,,,NÃO,,SIM,Sim,SIM,SIM,SIM,NÃO,NÃO,SIM,NÃO,NÃO,NÃO,NÃO,NÃO,NÃO,NÃO,NÃO,NÃO,NÃO,NÃO,NÃO,NÃO,NÃO,NÃO,NÃO,NÃO,NÃO,NÃO,NÃO,NÃO,NÃO,NÃO,NÃO,NÃO,NÃO,NÃO,NÃO,NÃO,NÃO,NÃO,NÃO,NÃO,NÃO,NÃO,NÃO,NÃO,NÃO,NÃO,NÃO,NÃO,NÃO,NÃO,NÃO,NÃO,NÃO,NÃO,NÃO,NÃO,NÃO,NÃO,NÃO,NÃO,NÃO,NÃO,NÃO,NÃO,NÃO,NÃO,NÃO,NÃO,NÃO,NÃO,NÃO,NÃO,NÃO,NÃO,,
11/4/2021 15:03:29,2009,8/4/2009,004/09,DIREÇÃO NACIONAL DO PARTIDO,,,,NÃO,,SIM,Sim,SIM,SIM,SIM,SIM,NÃO,NÃO,NÃO,NÃO,NÃO,NÃO,NÃO,NÃO,NÃO,NÃO,NÃO,NÃO,NÃO,NÃO,NÃO,NÃO,NÃO,NÃO,NÃO,NÃO,NÃO,NÃO,NÃO,NÃO,NÃO,NÃO,NÃO,NÃO,NÃO,NÃO,NÃO,NÃO,NÃO,NÃO,NÃO,NÃO,NÃO,NÃO,NÃO,NÃO,NÃO,NÃO,NÃO,NÃO,NÃO,NÃO,NÃO,NÃO,NÃO,NÃO,NÃO,NÃO,NÃO,NÃO,NÃO,NÃO,NÃO,NÃO,NÃO,NÃO,NÃO,NÃO,NÃO,NÃO,NÃO,NÃO,NÃO,NÃO,NÃO,,
11/4/2021 15:05:37,2009,8/5/2009,005/09,DIREÇÃO NACIONAL DO PARTIDO,,,,NÃO,,SIM,Sim,SIM,SIM,SIM,NÃO,SIM,NÃO,NÃO,NÃO,NÃO,NÃO,NÃO,NÃO,NÃO,NÃO,NÃO,NÃO,NÃO,NÃO,NÃO,NÃO,NÃO,NÃO,NÃO,NÃO,NÃO,NÃO,NÃO,NÃO,NÃO,NÃO,NÃO,NÃO,NÃO,NÃO,NÃO,NÃO,NÃO,NÃO,NÃO,NÃO,NÃO,NÃO,NÃO,NÃO,NÃO,NÃO,NÃO,NÃO,NÃO,NÃO,NÃO,NÃO,NÃO,NÃO,NÃO,NÃO,NÃO,NÃO,NÃO,NÃO,NÃO,NÃO,NÃO,NÃO,NÃO,NÃO,NÃO,NÃO,NÃO,NÃO,NÃO,NÃO,NÃO,,
11/4/2021 15:10:58,2009,8/6/2009,006/09,DIREÇÃO NACIONAL DO PARTIDO,,,,NÃO,,SIM,Sim,SIM,SIM,SIM,NÃO,NÃO,NÃO,NÃO,NÃO,NÃO,NÃO,NÃO,SIM,NÃO,NÃO,NÃO,NÃO,NÃO,NÃO,NÃO,NÃO,NÃO,NÃO,NÃO,NÃO,NÃO,NÃO,NÃO,NÃO,NÃO,NÃO,NÃO,NÃO,NÃO,NÃO,NÃO,NÃO,NÃO,NÃO,NÃO,NÃO,NÃO,NÃO,NÃO,NÃO,NÃO,NÃO,NÃO,NÃO,NÃO,NÃO,NÃO,NÃO,NÃO,NÃO,NÃO,NÃO,NÃO,NÃO,NÃO,NÃO,NÃO,NÃO,NÃO,NÃO,NÃO,NÃO,NÃO,NÃO,NÃO,NÃO,NÃO,NÃO,NÃO,,
11/4/2021 15:13:07,2009,8/7/2009,007/09,DIREÇÃO NACIONAL DO PARTIDO,,,,NÃO,,SIM,Sim,SIM,SIM,SIM,NÃO,NÃO,NÃO,NÃO,NÃO,NÃO,NÃO,NÃO,NÃO,NÃO,NÃO,NÃO,NÃO,NÃO,NÃO,NÃO,NÃO,NÃO,NÃO,NÃO,NÃO,NÃO,NÃO,NÃO,NÃO,NÃO,NÃO,NÃO,NÃO,NÃO,NÃO,NÃO,NÃO,SIM,NÃO,NÃO,NÃO,NÃO,NÃO,NÃO,NÃO,NÃO,NÃO,NÃO,NÃO,NÃO,NÃO,NÃO,NÃO,NÃO,NÃO,NÃO,NÃO,NÃO,NÃO,NÃO,NÃO,NÃO,NÃO,NÃO,NÃO,NÃO,NÃO,NÃO,NÃO,NÃO,NÃO,NÃO,NÃO,NÃO,,
11/4/2021 15:16:10,2009,8/8/2009,008/09,DIREÇÃO NACIONAL DO PARTIDO,,,,NÃO,,SIM,Sim,SIM,SIM,SIM,NÃO,NÃO,SIM,NÃO,NÃO,NÃO,NÃO,NÃO,NÃO,NÃO,NÃO,NÃO,NÃO,NÃO,NÃO,NÃO,NÃO,NÃO,NÃO,NÃO,NÃO,NÃO,NÃO,NÃO,NÃO,NÃO,NÃO,NÃO,NÃO,NÃO,NÃO,NÃO,NÃO,NÃO,NÃO,NÃO,NÃO,NÃO,NÃO,NÃO,NÃO,NÃO,NÃO,NÃO,NÃO,NÃO,NÃO,NÃO,NÃO,NÃO,NÃO,NÃO,NÃO,NÃO,NÃO,NÃO,NÃO,NÃO,NÃO,NÃO,NÃO,NÃO,NÃO,NÃO,NÃO,NÃO,NÃO,NÃO,NÃO,NÃO,,
11/4/2021 15:19:46,2009,8/9/2009,009/09,ENTREVISTA,,,,NÃO,,SIM,Sim,SIM,SIM,SIM,NÃO,NÃO,NÃO,NÃO,NÃO,NÃO,NÃO,NÃO,NÃO,NÃO,SIM,NÃO,NÃO,NÃO,NÃO,NÃO,NÃO,NÃO,NÃO,NÃO,NÃO,NÃO,NÃO,NÃO,NÃO,NÃO,NÃO,NÃO,NÃO,NÃO,NÃO,NÃO,NÃO,NÃO,NÃO,NÃO,NÃO,NÃO,NÃO,NÃO,NÃO,NÃO,NÃO,NÃO,NÃO,NÃO,NÃO,NÃO,NÃO,NÃO,NÃO,NÃO,NÃO,NÃO,NÃO,NÃO,NÃO,NÃO,NÃO,NÃO,NÃO,NÃO,NÃO,NÃO,NÃO,NÃO,NÃO,NÃO,NÃO,NÃO,,
11/4/2021 15:22:49,2009,8/10/2009,010/09,DIREÇÃO NACIONAL DO PARTIDO,,,,NÃO,,SIM,Sim,SIM,SIM,SIM,NÃO,NÃO,SIM,NÃO,NÃO,NÃO,NÃO,NÃO,NÃO,NÃO,NÃO,NÃO,NÃO,NÃO,NÃO,NÃO,NÃO,NÃO,NÃO,NÃO,NÃO,NÃO,NÃO,NÃO,NÃO,NÃO,NÃO,NÃO,NÃO,NÃO,NÃO,NÃO,NÃO,NÃO,NÃO,NÃO,NÃO,NÃO,NÃO,NÃO,NÃO,SIM,NÃO,NÃO,NÃO,NÃO,NÃO,NÃO,NÃO,NÃO,NÃO,NÃO,NÃO,NÃO,NÃO,NÃO,NÃO,NÃO,NÃO,NÃO,NÃO,NÃO,NÃO,NÃO,NÃO,NÃO,NÃO,NÃO,NÃO,NÃO,,
11/4/2021 15:24:32,2009,8/11/2009,011/09,DIREÇÃO NACIONAL DO PARTIDO,,,,NÃO,,SIM,Sim,SIM,SIM,SIM,NÃO,NÃO,NÃO,NÃO,NÃO,NÃO,NÃO,NÃO,NÃO,NÃO,SIM,NÃO,NÃO,NÃO,NÃO,NÃO,NÃO,NÃO,NÃO,NÃO,NÃO,NÃO,NÃO,NÃO,NÃO,NÃO,NÃO,NÃO,NÃO,NÃO,NÃO,NÃO,NÃO,NÃO,NÃO,NÃO,NÃO,NÃO,NÃO,NÃO,NÃO,NÃO,NÃO,NÃO,NÃO,NÃO,NÃO,NÃO,NÃO,NÃO,NÃO,NÃO,NÃO,NÃO,NÃO,NÃO,NÃO,NÃO,NÃO,NÃO,NÃO,NÃO,NÃO,NÃO,NÃO,NÃO,NÃO,NÃO,NÃO,NÃO,,
11/4/2021 15:26:38,2009,8/12/2009,012/09,DIREÇÃO NACIONAL DO PARTIDO,,,,NÃO,,SIM,Sim,SIM,SIM,SIM,NÃO,NÃO,NÃO,NÃO,NÃO,NÃO,NÃO,NÃO,NÃO,NÃO,NÃO,NÃO,NÃO,NÃO,NÃO,NÃO,NÃO,NÃO,NÃO,NÃO,NÃO,NÃO,NÃO,NÃO,NÃO,NÃO,NÃO,NÃO,NÃO,NÃO,NÃO,NÃO,NÃO,SIM,NÃO,NÃO,NÃO,NÃO,NÃO,NÃO,NÃO,NÃO,NÃO,NÃO,NÃO,NÃO,NÃO,NÃO,NÃO,NÃO,NÃO,NÃO,NÃO,NÃO,NÃO,NÃO,NÃO,NÃO,NÃO,NÃO,NÃO,NÃO,NÃO,NÃO,NÃO,NÃO,NÃO,NÃO,NÃO,NÃO,,
11/4/2021 15:28:52,2009,8/13/2009,013/09,TELEJORNAL,,"A gravação apresenta defeito de 40:23 até o fim e o DVD está duplicado no acervo do DOXA, é preciso retirar um",,NÃO,,SIM,Sim,SIM,SIM,SIM,NÃO,NÃO,NÃO,NÃO,NÃO,NÃO,NÃO,NÃO,NÃO,NÃO,NÃO,NÃO,NÃO,NÃO,NÃO,NÃO,NÃO,NÃO,NÃO,NÃO,NÃO,NÃO,NÃO,NÃO,NÃO,NÃO,NÃO,NÃO,NÃO,NÃO,NÃO,NÃO,NÃO,NÃO,NÃO,NÃO,NÃO,NÃO,NÃO,NÃO,NÃO,NÃO,NÃO,NÃO,NÃO,NÃO,NÃO,NÃO,NÃO,NÃO,NÃO,NÃO,NÃO,NÃO,NÃO,NÃO,NÃO,NÃO,NÃO,NÃO,NÃO,NÃO,NÃO,NÃO,NÃO,NÃO,NÃO,NÃO,NÃO,NÃO,,
11/4/2021 15:31:33,2009,8/14/2009,014/09,DIREÇÃO NACIONAL DO PARTIDO,,,,NÃO,,SIM,Sim,SIM,SIM,SIM,NÃO,NÃO,NÃO,NÃO,NÃO,NÃO,NÃO,SIM,NÃO,NÃO,NÃO,NÃO,SIM,NÃO,NÃO,NÃO,NÃO,NÃO,NÃO,NÃO,NÃO,NÃO,NÃO,NÃO,SIM,NÃO,NÃO,NÃO,NÃO,NÃO,NÃO,NÃO,NÃO,NÃO,NÃO,NÃO,NÃO,NÃO,NÃO,NÃO,NÃO,NÃO,NÃO,NÃO,NÃO,NÃO,NÃO,NÃO,NÃO,NÃO,NÃO,NÃO,NÃO,NÃO,NÃO,NÃO,NÃO,NÃO,NÃO,NÃO,NÃO,NÃO,NÃO,NÃO,NÃO,NÃO,NÃO,NÃO,NÃO,NÃO,,
11/4/2021 15:34:02,2009,8/15/2009,015/09,DIREÇÃO NACIONAL DO PARTIDO,,,,NÃO,,SIM,Sim,SIM,SIM,SIM,NÃO,NÃO,NÃO,SIM,NÃO,NÃO,NÃO,SIM,NÃO,NÃO,NÃO,NÃO,NÃO,NÃO,NÃO,NÃO,NÃO,NÃO,NÃO,NÃO,NÃO,NÃO,NÃO,NÃO,SIM,NÃO,NÃO,NÃO,NÃO,NÃO,NÃO,NÃO,NÃO,NÃO,NÃO,NÃO,NÃO,NÃO,NÃO,NÃO,NÃO,NÃO,NÃO,NÃO,NÃO,NÃO,NÃO,NÃO,NÃO,NÃO,NÃO,NÃO,NÃO,NÃO,NÃO,NÃO,NÃO,NÃO,NÃO,NÃO,NÃO,NÃO,NÃO,NÃO,NÃO,NÃO,NÃO,NÃO,NÃO,NÃO,,
11/4/2021 15:36:20,2009,8/16/2009,016/09,DIREÇÃO NACIONAL DO PARTIDO,,,,NÃO,,SIM,Sim,SIM,SIM,SIM,NÃO,NÃO,NÃO,NÃO,NÃO,NÃO,NÃO,NÃO,NÃO,NÃO,NÃO,NÃO,NÃO,NÃO,NÃO,NÃO,NÃO,NÃO,NÃO,NÃO,SIM,NÃO,NÃO,NÃO,NÃO,NÃO,NÃO,NÃO,NÃO,NÃO,NÃO,NÃO,NÃO,NÃO,NÃO,NÃO,NÃO,NÃO,NÃO,NÃO,NÃO,NÃO,NÃO,NÃO,NÃO,NÃO,NÃO,NÃO,NÃO,NÃO,NÃO,NÃO,NÃO,NÃO,NÃO,NÃO,NÃO,NÃO,NÃO,NÃO,NÃO,NÃO,NÃO,NÃO,NÃO,NÃO,NÃO,NÃO,NÃO,NÃO,,
11/4/2021 15:44:17,2009,8/17/2009,017/09,DIREÇÃO NACIONAL DO PARTIDO,,,,NÃO,,SIM,Sim,SIM,SIM,SIM,NÃO,NÃO,NÃO,NÃO,NÃO,NÃO,NÃO,NÃO,NÃO,NÃO,NÃO,NÃO,NÃO,NÃO,NÃO,NÃO,SIM,NÃO,NÃO,NÃO,NÃO,NÃO,NÃO,NÃO,NÃO,NÃO,NÃO,NÃO,NÃO,NÃO,NÃO,NÃO,NÃO,NÃO,NÃO,NÃO,NÃO,NÃO,NÃO,NÃO,NÃO,NÃO,NÃO,NÃO,NÃO,NÃO,NÃO,NÃO,NÃO,NÃO,NÃO,NÃO,NÃO,NÃO,NÃO,NÃO,NÃO,NÃO,NÃO,NÃO,NÃO,NÃO,NÃO,NÃO,NÃO,NÃO,NÃO,NÃO,NÃO,NÃO,,
11/4/2021 15:47:00,2009,8/18/2009,018/09,DIREÇÃO NACIONAL DO PARTIDO,,,,NÃO,,SIM,Sim,SIM,SIM,SIM,NÃO,NÃO,NÃO,SIM,NÃO,NÃO,NÃO,NÃO,NÃO,NÃO,NÃO,NÃO,NÃO,NÃO,NÃO,NÃO,NÃO,NÃO,NÃO,NÃO,NÃO,NÃO,NÃO,NÃO,NÃO,NÃO,NÃO,NÃO,NÃO,NÃO,NÃO,NÃO,NÃO,NÃO,NÃO,NÃO,NÃO,NÃO,NÃO,NÃO,NÃO,NÃO,NÃO,NÃO,NÃO,NÃO,NÃO,NÃO,NÃO,NÃO,NÃO,NÃO,NÃO,NÃO,NÃO,NÃO,NÃO,NÃO,NÃO,NÃO,NÃO,NÃO,NÃO,NÃO,NÃO,NÃO,NÃO,NÃO,NÃO,NÃO,,
11/8/2021 12:16:28,2011,8/1/2011,001/11,DIREÇÃO NACIONAL DO PARTIDO,,,,NÃO,,SIM,Sim,SIM,SIM,SIM,NÃO,NÃO,SIM,NÃO,NÃO,NÃO,NÃO,NÃO,NÃO,NÃO,NÃO,NÃO,NÃO,NÃO,NÃO,NÃO,NÃO,NÃO,NÃO,NÃO,NÃO,NÃO,NÃO,NÃO,NÃO,NÃO,NÃO,NÃO,NÃO,NÃO,NÃO,NÃO,NÃO,NÃO,NÃO,NÃO,NÃO,NÃO,NÃO,NÃO,NÃO,NÃO,NÃO,NÃO,NÃO,NÃO,NÃO,NÃO,NÃO,NÃO,NÃO,NÃO,NÃO,NÃO,NÃO,NÃO,NÃO,NÃO,NÃO,NÃO,NÃO,NÃO,NÃO,NÃO,NÃO,NÃO,NÃO,NÃO,NÃO,NÃO,,
11/8/2021 12:18:29,2011,8/2/2011,002/11,DIREÇÃO NACIONAL DO PARTIDO,,,,NÃO,,SIM,Sim,SIM,SIM,SIM,NÃO,NÃO,NÃO,NÃO,NÃO,NÃO,NÃO,NÃO,NÃO,NÃO,NÃO,NÃO,NÃO,NÃO,NÃO,NÃO,NÃO,NÃO,NÃO,NÃO,NÃO,NÃO,NÃO,NÃO,NÃO,NÃO,NÃO,NÃO,NÃO,NÃO,NÃO,NÃO,NÃO,SIM,NÃO,NÃO,NÃO,NÃO,NÃO,NÃO,NÃO,NÃO,NÃO,NÃO,NÃO,NÃO,NÃO,NÃO,NÃO,NÃO,NÃO,NÃO,NÃO,NÃO,NÃO,NÃO,NÃO,NÃO,NÃO,NÃO,NÃO,NÃO,NÃO,NÃO,NÃO,NÃO,NÃO,NÃO,NÃO,NÃO,,
11/8/2021 12:20:27,2011,8/3/2011,003/11,DIREÇÃO NACIONAL DO PARTIDO,,,,NÃO,,SIM,Sim,SIM,SIM,SIM,NÃO,NÃO,NÃO,NÃO,NÃO,NÃO,NÃO,NÃO,NÃO,NÃO,NÃO,SIM,NÃO,NÃO,NÃO,NÃO,NÃO,NÃO,NÃO,NÃO,NÃO,NÃO,NÃO,NÃO,NÃO,NÃO,NÃO,NÃO,NÃO,NÃO,NÃO,NÃO,NÃO,NÃO,NÃO,NÃO,NÃO,NÃO,NÃO,NÃO,NÃO,NÃO,NÃO,NÃO,NÃO,NÃO,NÃO,NÃO,NÃO,NÃO,NÃO,NÃO,NÃO,NÃO,NÃO,NÃO,NÃO,NÃO,NÃO,NÃO,NÃO,NÃO,NÃO,NÃO,NÃO,NÃO,NÃO,NÃO,NÃO,NÃO,,
11/8/2021 12:22:27,2011,8/4/2011,004/11,DIREÇÃO NACIONAL DO PARTIDO,,,,NÃO,,SIM,Sim,SIM,SIM,SIM,NÃO,NÃO,SIM,NÃO,NÃO,NÃO,NÃO,NÃO,NÃO,NÃO,NÃO,NÃO,NÃO,NÃO,NÃO,NÃO,NÃO,NÃO,NÃO,NÃO,NÃO,NÃO,NÃO,NÃO,NÃO,NÃO,NÃO,NÃO,NÃO,NÃO,NÃO,NÃO,NÃO,NÃO,NÃO,NÃO,NÃO,NÃO,NÃO,NÃO,NÃO,NÃO,NÃO,NÃO,NÃO,NÃO,NÃO,NÃO,NÃO,NÃO,NÃO,NÃO,NÃO,NÃO,NÃO,NÃO,NÃO,NÃO,NÃO,NÃO,NÃO,NÃO,NÃO,NÃO,NÃO,NÃO,NÃO,NÃO,NÃO,NÃO,,
11/8/2021 12:24:39,2011,8/5/2011,005/11,DIREÇÃO NACIONAL DO PARTIDO,,,,NÃO,,SIM,Sim,SIM,SIM,SIM,NÃO,SIM,NÃO,NÃO,NÃO,NÃO,NÃO,NÃO,NÃO,NÃO,NÃO,NÃO,NÃO,NÃO,NÃO,NÃO,NÃO,NÃO,NÃO,NÃO,NÃO,NÃO,NÃO,NÃO,NÃO,NÃO,NÃO,NÃO,NÃO,NÃO,NÃO,NÃO,NÃO,NÃO,NÃO,NÃO,SIM,NÃO,NÃO,NÃO,NÃO,NÃO,NÃO,NÃO,NÃO,NÃO,NÃO,NÃO,NÃO,NÃO,NÃO,NÃO,NÃO,NÃO,NÃO,NÃO,NÃO,NÃO,NÃO,NÃO,NÃO,NÃO,NÃO,NÃO,NÃO,NÃO,NÃO,NÃO,NÃO,NÃO,,
11/8/2021 12:26:35,2011,8/6/2011,006/11,DIREÇÃO NACIONAL DO PARTIDO,,,,NÃO,,SIM,Sim,SIM,SIM,SIM,NÃO,NÃO,NÃO,NÃO,NÃO,SIM,NÃO,NÃO,NÃO,NÃO,NÃO,NÃO,NÃO,NÃO,NÃO,NÃO,NÃO,NÃO,NÃO,NÃO,NÃO,NÃO,NÃO,NÃO,NÃO,NÃO,NÃO,NÃO,NÃO,NÃO,NÃO,NÃO,NÃO,NÃO,NÃO,NÃO,NÃO,NÃO,NÃO,NÃO,NÃO,NÃO,NÃO,NÃO,NÃO,NÃO,NÃO,NÃO,NÃO,NÃO,NÃO,NÃO,NÃO,NÃO,NÃO,NÃO,NÃO,NÃO,NÃO,NÃO,NÃO,NÃO,NÃO,NÃO,NÃO,NÃO,NÃO,NÃO,NÃO,NÃO,,
11/8/2021 12:29:14,2011,8/7/2011,007/11,DIREÇÃO NACIONAL DO PARTIDO,,,,NÃO,,SIM,Sim,SIM,SIM,SIM,NÃO,NÃO,NÃO,NÃO,NÃO,NÃO,NÃO,NÃO,NÃO,NÃO,SIM,NÃO,NÃO,NÃO,NÃO,NÃO,NÃO,NÃO,NÃO,NÃO,NÃO,NÃO,NÃO,NÃO,NÃO,NÃO,NÃO,NÃO,NÃO,NÃO,NÃO,NÃO,NÃO,NÃO,NÃO,NÃO,NÃO,NÃO,NÃO,NÃO,NÃO,NÃO,NÃO,NÃO,NÃO,NÃO,NÃO,NÃO,NÃO,NÃO,NÃO,NÃO,NÃO,NÃO,NÃO,NÃO,NÃO,NÃO,NÃO,NÃO,NÃO,NÃO,NÃO,NÃO,NÃO,NÃO,NÃO,NÃO,NÃO,NÃO,,
11/8/2021 12:31:18,2011,8/8/2011,008/11,DIREÇÃO NACIONAL DO PARTIDO,,,,NÃO,,SIM,Sim,SIM,SIM,SIM,NÃO,NÃO,NÃO,NÃO,NÃO,NÃO,NÃO,NÃO,NÃO,NÃO,NÃO,SIM,NÃO,NÃO,NÃO,NÃO,NÃO,NÃO,NÃO,NÃO,NÃO,NÃO,NÃO,NÃO,NÃO,NÃO,NÃO,NÃO,NÃO,NÃO,NÃO,NÃO,NÃO,NÃO,NÃO,NÃO,NÃO,NÃO,NÃO,NÃO,NÃO,NÃO,NÃO,NÃO,NÃO,NÃO,NÃO,NÃO,NÃO,NÃO,NÃO,NÃO,NÃO,NÃO,NÃO,NÃO,NÃO,NÃO,NÃO,NÃO,NÃO,NÃO,NÃO,NÃO,NÃO,NÃO,NÃO,NÃO,NÃO,NÃO,,
11/8/2021 12:33:35,2011,8/9/2011,009/11,HGPE,PRESIDENTE,,BRASIL,NÃO,,SIM,Sim,SIM,SIM,SIM,SIM,SIM,SIM,NÃO,NÃO,NÃO,NÃO,NÃO,NÃO,NÃO,NÃO,NÃO,NÃO,SIM,NÃO,NÃO,NÃO,NÃO,NÃO,NÃO,NÃO,NÃO,NÃO,NÃO,NÃO,NÃO,NÃO,NÃO,NÃO,NÃO,NÃO,NÃO,NÃO,NÃO,NÃO,NÃO,NÃO,NÃO,NÃO,NÃO,NÃO,NÃO,NÃO,NÃO,NÃO,NÃO,NÃO,NÃO,NÃO,NÃO,NÃO,NÃO,NÃO,NÃO,NÃO,NÃO,NÃO,NÃO,NÃO,NÃO,NÃO,NÃO,NÃO,NÃO,NÃO,NÃO,NÃO,NÃO,NÃO,NÃO,,
11/8/2021 12:35:39,2011,8/10/2011,010/11,HGPE,PRESIDENTE,,BRASIL,NÃO,,SIM,Sim,SIM,SIM,SIM,SIM,NÃO,NÃO,NÃO,NÃO,NÃO,NÃO,NÃO,NÃO,NÃO,NÃO,NÃO,NÃO,NÃO,NÃO,NÃO,NÃO,NÃO,NÃO,NÃO,NÃO,NÃO,NÃO,NÃO,NÃO,NÃO,NÃO,NÃO,NÃO,NÃO,NÃO,NÃO,NÃO,NÃO,NÃO,NÃO,NÃO,NÃO,NÃO,NÃO,NÃO,NÃO,NÃO,NÃO,NÃO,NÃO,NÃO,NÃO,NÃO,NÃO,NÃO,NÃO,NÃO,NÃO,NÃO,NÃO,NÃO,NÃO,NÃO,NÃO,NÃO,NÃO,NÃO,NÃO,NÃO,NÃO,NÃO,NÃO,NÃO,NÃO,,
11/8/2021 12:40:59,2011,8/11/2011,011/11,HGPE,PRESIDENTE,,BRASIL,NÃO,,SIM,Sim,SIM,SIM,SIM,NÃO,SIM,NÃO,NÃO,NÃO,NÃO,NÃO,NÃO,NÃO,NÃO,NÃO,NÃO,NÃO,NÃO,NÃO,NÃO,NÃO,NÃO,NÃO,NÃO,NÃO,NÃO,NÃO,NÃO,NÃO,NÃO,NÃO,NÃO,NÃO,NÃO,NÃO,NÃO,NÃO,NÃO,NÃO,NÃO,NÃO,NÃO,NÃO,NÃO,NÃO,NÃO,NÃO,NÃO,NÃO,NÃO,NÃO,NÃO,NÃO,NÃO,NÃO,NÃO,NÃO,NÃO,NÃO,NÃO,NÃO,NÃO,NÃO,NÃO,NÃO,NÃO,NÃO,NÃO,NÃO,NÃO,NÃO,NÃO,NÃO,NÃO,,
11/8/2021 12:43:21,2011,8/12/2011,DEM9/6/11,DIREÇÃO NACIONAL DO PARTIDO,,"Na descrição está ""DEM"" mas na verdade é PR",,NÃO,,SIM,Sim,SIM,SIM,SIM,NÃO,NÃO,NÃO,NÃO,SIM,NÃO,NÃO,NÃO,NÃO,NÃO,NÃO,NÃO,NÃO,NÃO,NÃO,NÃO,NÃO,NÃO,NÃO,NÃO,NÃO,NÃO,NÃO,NÃO,NÃO,NÃO,NÃO,NÃO,NÃO,NÃO,NÃO,NÃO,NÃO,NÃO,NÃO,NÃO,NÃO,NÃO,NÃO,NÃO,NÃO,NÃO,NÃO,NÃO,NÃO,NÃO,NÃO,NÃO,NÃO,NÃO,NÃO,NÃO,NÃO,NÃO,NÃO,NÃO,NÃO,NÃO,NÃO,NÃO,NÃO,NÃO,NÃO,NÃO,NÃO,NÃO,NÃO,NÃO,NÃO,NÃO,,
11/8/2021 12:45:50,2011,8/13/2011,DEM15/12/11,DIREÇÃO NACIONAL DO PARTIDO,,,,NÃO,,SIM,Sim,SIM,SIM,SIM,NÃO,NÃO,NÃO,NÃO,NÃO,NÃO,NÃO,NÃO,NÃO,NÃO,NÃO,NÃO,NÃO,NÃO,NÃO,NÃO,NÃO,NÃO,NÃO,NÃO,NÃO,NÃO,NÃO,NÃO,NÃO,NÃO,NÃO,NÃO,NÃO,NÃO,NÃO,NÃO,NÃO,SIM,NÃO,NÃO,NÃO,NÃO,NÃO,NÃO,NÃO,NÃO,NÃO,NÃO,NÃO,NÃO,NÃO,NÃO,NÃO,NÃO,NÃO,NÃO,NÃO,NÃO,NÃO,NÃO,NÃO,NÃO,NÃO,NÃO,NÃO,NÃO,NÃO,NÃO,NÃO,NÃO,NÃO,NÃO,NÃO,NÃO,,
11/8/2021 12:47:50,2011,8/14/2011,PCDOB20/10/11,DIREÇÃO NACIONAL DO PARTIDO,,,,NÃO,,SIM,Sim,SIM,SIM,SIM,NÃO,NÃO,NÃO,SIM,NÃO,NÃO,NÃO,NÃO,NÃO,NÃO,NÃO,NÃO,NÃO,NÃO,NÃO,NÃO,NÃO,NÃO,NÃO,NÃO,NÃO,NÃO,NÃO,NÃO,NÃO,NÃO,NÃO,NÃO,NÃO,NÃO,NÃO,NÃO,NÃO,NÃO,NÃO,NÃO,NÃO,NÃO,NÃO,NÃO,NÃO,NÃO,NÃO,NÃO,NÃO,NÃO,NÃO,NÃO,NÃO,NÃO,NÃO,NÃO,NÃO,NÃO,NÃO,NÃO,NÃO,NÃO,NÃO,NÃO,NÃO,NÃO,NÃO,NÃO,NÃO,NÃO,NÃO,NÃO,NÃO,NÃO,,
11/8/2021 12:50:12,2011,8/15/2011,PCDOB24/3/11,DIREÇÃO NACIONAL DO PARTIDO,,,,NÃO,,SIM,Sim,SIM,SIM,SIM,NÃO,NÃO,NÃO,SIM,NÃO,NÃO,NÃO,NÃO,NÃO,NÃO,NÃO,NÃO,NÃO,NÃO,NÃO,NÃO,NÃO,NÃO,NÃO,NÃO,NÃO,NÃO,NÃO,NÃO,NÃO,NÃO,NÃO,NÃO,NÃO,NÃO,NÃO,NÃO,NÃO,NÃO,NÃO,NÃO,NÃO,NÃO,NÃO,NÃO,NÃO,NÃO,NÃO,NÃO,NÃO,NÃO,NÃO,NÃO,NÃO,NÃO,NÃO,NÃO,NÃO,NÃO,NÃO,NÃO,NÃO,NÃO,NÃO,NÃO,NÃO,NÃO,NÃO,NÃO,NÃO,NÃO,NÃO,NÃO,NÃO,NÃO,,
11/10/2021 13:15:39,2011,8/16/2011,PCO3/11/11,DIREÇÃO NACIONAL DO PARTIDO,,,,NÃO,,SIM,Sim,SIM,SIM,SIM,NÃO,NÃO,NÃO,NÃO,NÃO,NÃO,NÃO,NÃO,NÃO,NÃO,NÃO,NÃO,NÃO,NÃO,NÃO,NÃO,NÃO,NÃO,NÃO,NÃO,NÃO,NÃO,SIM,NÃO,NÃO,NÃO,NÃO,NÃO,NÃO,NÃO,NÃO,NÃO,NÃO,NÃO,NÃO,NÃO,NÃO,NÃO,NÃO,NÃO,NÃO,NÃO,NÃO,NÃO,NÃO,NÃO,NÃO,NÃO,NÃO,NÃO,NÃO,NÃO,NÃO,NÃO,NÃO,NÃO,NÃO,NÃO,NÃO,NÃO,NÃO,NÃO,NÃO,NÃO,NÃO,NÃO,NÃO,NÃO,NÃO,NÃO,,
11/10/2021 13:17:25,2011,8/17/2011,PCO28/4/11,DIREÇÃO NACIONAL DO PARTIDO,,,,NÃO,,SIM,Sim,SIM,SIM,SIM,NÃO,NÃO,NÃO,NÃO,NÃO,NÃO,NÃO,NÃO,NÃO,NÃO,NÃO,NÃO,NÃO,NÃO,NÃO,NÃO,NÃO,NÃO,NÃO,NÃO,NÃO,NÃO,SIM,NÃO,NÃO,NÃO,NÃO,NÃO,NÃO,NÃO,NÃO,NÃO,NÃO,NÃO,NÃO,NÃO,NÃO,NÃO,NÃO,NÃO,NÃO,NÃO,NÃO,NÃO,NÃO,NÃO,NÃO,NÃO,NÃO,NÃO,NÃO,NÃO,NÃO,NÃO,NÃO,NÃO,NÃO,NÃO,NÃO,NÃO,NÃO,NÃO,NÃO,NÃO,NÃO,NÃO,NÃO,NÃO,NÃO,NÃO,,
11/10/2021 13:19:08,2011,8/18/2011,PDT27/1/11,DIREÇÃO NACIONAL DO PARTIDO,,,,NÃO,,SIM,Sim,SIM,SIM,SIM,NÃO,NÃO,SIM,NÃO,NÃO,NÃO,NÃO,NÃO,NÃO,NÃO,NÃO,NÃO,NÃO,NÃO,NÃO,NÃO,NÃO,NÃO,NÃO,NÃO,NÃO,NÃO,NÃO,NÃO,NÃO,NÃO,NÃO,NÃO,NÃO,NÃO,NÃO,NÃO,NÃO,NÃO,NÃO,NÃO,NÃO,NÃO,NÃO,NÃO,NÃO,NÃO,NÃO,NÃO,NÃO,NÃO,NÃO,NÃO,NÃO,NÃO,NÃO,NÃO,NÃO,NÃO,NÃO,NÃO,NÃO,NÃO,NÃO,NÃO,NÃO,NÃO,NÃO,NÃO,NÃO,NÃO,NÃO,NÃO,NÃO,NÃO,,
11/10/2021 13:20:50,2011,8/19/2011,PDT28/6/11,DIREÇÃO NACIONAL DO PARTIDO,,,,NÃO,,SIM,Sim,SIM,SIM,SIM,NÃO,NÃO,SIM,NÃO,NÃO,NÃO,NÃO,NÃO,NÃO,NÃO,NÃO,NÃO,NÃO,NÃO,NÃO,NÃO,NÃO,NÃO,NÃO,NÃO,NÃO,NÃO,NÃO,NÃO,NÃO,NÃO,NÃO,NÃO,NÃO,NÃO,NÃO,NÃO,NÃO,NÃO,NÃO,NÃO,NÃO,NÃO,NÃO,NÃO,NÃO,NÃO,NÃO,NÃO,NÃO,NÃO,NÃO,NÃO,NÃO,NÃO,NÃO,NÃO,NÃO,NÃO,NÃO,NÃO,NÃO,NÃO,NÃO,NÃO,NÃO,NÃO,NÃO,NÃO,NÃO,NÃO,NÃO,NÃO,NÃO,NÃO,,
11/10/2021 13:22:54,2011,8/20/2011,PHS6/10/11,DIREÇÃO NACIONAL DO PARTIDO,,,,NÃO,,SIM,Sim,SIM,SIM,SIM,NÃO,NÃO,NÃO,NÃO,NÃO,NÃO,NÃO,NÃO,NÃO,NÃO,NÃO,NÃO,NÃO,NÃO,NÃO,NÃO,NÃO,NÃO,NÃO,NÃO,NÃO,NÃO,NÃO,NÃO,SIM,NÃO,NÃO,NÃO,NÃO,NÃO,NÃO,NÃO,NÃO,NÃO,NÃO,NÃO,NÃO,NÃO,NÃO,NÃO,NÃO,NÃO,NÃO,NÃO,NÃO,NÃO,NÃO,NÃO,NÃO,NÃO,NÃO,NÃO,NÃO,NÃO,NÃO,NÃO,NÃO,NÃO,NÃO,NÃO,NÃO,NÃO,NÃO,NÃO,NÃO,NÃO,NÃO,NÃO,NÃO,NÃO,,
11/10/2021 13:24:38,2011,8/21/2011,PHS17/3/11,DIREÇÃO NACIONAL DO PARTIDO,,,,NÃO,,SIM,Sim,SIM,SIM,SIM,NÃO,NÃO,NÃO,NÃO,NÃO,NÃO,NÃO,NÃO,NÃO,NÃO,NÃO,NÃO,NÃO,NÃO,NÃO,NÃO,NÃO,NÃO,NÃO,NÃO,NÃO,NÃO,NÃO,NÃO,SIM,NÃO,NÃO,NÃO,NÃO,NÃO,NÃO,NÃO,NÃO,NÃO,NÃO,NÃO,NÃO,NÃO,NÃO,NÃO,NÃO,NÃO,NÃO,NÃO,NÃO,NÃO,NÃO,NÃO,NÃO,NÃO,NÃO,NÃO,NÃO,NÃO,NÃO,NÃO,NÃO,NÃO,NÃO,NÃO,NÃO,NÃO,NÃO,NÃO,NÃO,NÃO,NÃO,NÃO,NÃO,NÃO,,
11/10/2021 13:26:23,2011,8/22/2011,PMDB2/6/11,DIREÇÃO NACIONAL DO PARTIDO,,,,NÃO,,SIM,Sim,SIM,SIM,SIM,NÃO,NÃO,NÃO,NÃO,NÃO,SIM,NÃO,NÃO,NÃO,NÃO,NÃO,NÃO,NÃO,NÃO,NÃO,NÃO,NÃO,NÃO,NÃO,NÃO,NÃO,NÃO,NÃO,NÃO,NÃO,NÃO,NÃO,NÃO,NÃO,NÃO,NÃO,NÃO,NÃO,NÃO,NÃO,NÃO,NÃO,NÃO,NÃO,NÃO,NÃO,NÃO,NÃO,NÃO,NÃO,NÃO,NÃO,NÃO,NÃO,NÃO,NÃO,NÃO,NÃO,NÃO,NÃO,NÃO,NÃO,NÃO,NÃO,NÃO,NÃO,NÃO,NÃO,NÃO,NÃO,NÃO,NÃO,NÃO,NÃO,NÃO,,
11/10/2021 13:29:19,2011,8/23/2011,PMDB24/11/11,DIREÇÃO NACIONAL DO PARTIDO,,,,NÃO,,SIM,Sim,SIM,SIM,SIM,NÃO,NÃO,NÃO,NÃO,NÃO,SIM,NÃO,NÃO,NÃO,NÃO,NÃO,NÃO,NÃO,NÃO,NÃO,NÃO,NÃO,NÃO,NÃO,NÃO,NÃO,NÃO,NÃO,NÃO,NÃO,NÃO,NÃO,NÃO,NÃO,NÃO,NÃO,NÃO,NÃO,NÃO,NÃO,NÃO,NÃO,NÃO,NÃO,NÃO,NÃO,NÃO,NÃO,NÃO,NÃO,NÃO,NÃO,NÃO,NÃO,NÃO,NÃO,NÃO,NÃO,NÃO,NÃO,NÃO,NÃO,NÃO,NÃO,NÃO,NÃO,NÃO,NÃO,NÃO,NÃO,NÃO,NÃO,NÃO,NÃO,NÃO,,
11/10/2021 13:31:08,2011,8/24/2011,PMN14/6/11,DIREÇÃO NACIONAL DO PARTIDO,,,,NÃO,,SIM,Sim,SIM,SIM,SIM,NÃO,NÃO,NÃO,NÃO,NÃO,NÃO,NÃO,NÃO,NÃO,NÃO,NÃO,NÃO,NÃO,NÃO,NÃO,NÃO,NÃO,NÃO,NÃO,NÃO,NÃO,SIM,NÃO,NÃO,NÃO,NÃO,NÃO,NÃO,NÃO,NÃO,NÃO,NÃO,NÃO,NÃO,NÃO,NÃO,NÃO,NÃO,NÃO,NÃO,NÃO,NÃO,NÃO,NÃO,NÃO,NÃO,NÃO,NÃO,NÃO,NÃO,NÃO,NÃO,NÃO,NÃO,NÃO,NÃO,NÃO,NÃO,NÃO,NÃO,NÃO,NÃO,NÃO,NÃO,NÃO,NÃO,NÃO,NÃO,NÃO,NÃO,,
11/10/2021 13:32:58,2011,8/25/2011,PP1/9/11,DIREÇÃO NACIONAL DO PARTIDO,,,,NÃO,,SIM,Sim,SIM,SIM,SIM,NÃO,NÃO,NÃO,NÃO,NÃO,NÃO,NÃO,SIM,NÃO,NÃO,NÃO,NÃO,NÃO,NÃO,NÃO,NÃO,NÃO,NÃO,NÃO,NÃO,NÃO,NÃO,NÃO,NÃO,NÃO,NÃO,NÃO,NÃO,NÃO,NÃO,NÃO,NÃO,NÃO,NÃO,NÃO,NÃO,NÃO,NÃO,NÃO,NÃO,NÃO,NÃO,NÃO,NÃO,NÃO,NÃO,NÃO,NÃO,NÃO,NÃO,NÃO,NÃO,NÃO,NÃO,NÃO,NÃO,NÃO,NÃO,NÃO,NÃO,NÃO,NÃO,NÃO,NÃO,NÃO,NÃO,NÃO,NÃO,NÃO,NÃO,,
11/10/2021 13:34:46,2011,8/26/2011,PP31/3/11,DIREÇÃO NACIONAL DO PARTIDO,,,,NÃO,,SIM,Sim,SIM,SIM,SIM,NÃO,NÃO,NÃO,NÃO,NÃO,NÃO,NÃO,SIM,NÃO,NÃO,NÃO,NÃO,NÃO,NÃO,NÃO,NÃO,NÃO,NÃO,NÃO,NÃO,NÃO,NÃO,NÃO,NÃO,NÃO,NÃO,NÃO,NÃO,NÃO,NÃO,NÃO,NÃO,NÃO,NÃO,NÃO,NÃO,NÃO,NÃO,NÃO,NÃO,NÃO,NÃO,NÃO,NÃO,NÃO,NÃO,NÃO,NÃO,NÃO,NÃO,NÃO,NÃO,NÃO,NÃO,NÃO,NÃO,NÃO,NÃO,NÃO,NÃO,NÃO,NÃO,NÃO,NÃO,NÃO,NÃO,NÃO,NÃO,NÃO,NÃO,,
11/10/2021 13:36:40,2011,8/27/2011,PPS22/9/11,DIREÇÃO NACIONAL DO PARTIDO,,,,NÃO,,SIM,Sim,SIM,SIM,SIM,NÃO,NÃO,NÃO,NÃO,NÃO,NÃO,SIM,NÃO,NÃO,NÃO,NÃO,NÃO,NÃO,NÃO,NÃO,NÃO,NÃO,NÃO,NÃO,NÃO,NÃO,NÃO,NÃO,NÃO,NÃO,NÃO,NÃO,NÃO,NÃO,NÃO,NÃO,NÃO,NÃO,NÃO,NÃO,NÃO,NÃO,NÃO,NÃO,NÃO,NÃO,NÃO,NÃO,NÃO,NÃO,NÃO,NÃO,NÃO,NÃO,NÃO,NÃO,NÃO,NÃO,NÃO,NÃO,NÃO,NÃO,NÃO,NÃO,NÃO,NÃO,NÃO,NÃO,NÃO,NÃO,NÃO,NÃO,NÃO,NÃO,NÃO,,
11/10/2021 13:38:47,2011,8/28/2011,PRB10/2/11,DIREÇÃO NACIONAL DO PARTIDO,,,,NÃO,,SIM,Sim,SIM,SIM,SIM,NÃO,NÃO,NÃO,NÃO,NÃO,NÃO,NÃO,NÃO,NÃO,NÃO,NÃO,NÃO,NÃO,NÃO,NÃO,NÃO,NÃO,NÃO,NÃO,NÃO,NÃO,NÃO,NÃO,NÃO,NÃO,SIM,NÃO,NÃO,NÃO,NÃO,NÃO,NÃO,NÃO,NÃO,NÃO,NÃO,NÃO,NÃO,NÃO,NÃO,NÃO,NÃO,NÃO,NÃO,NÃO,NÃO,NÃO,NÃO,NÃO,NÃO,NÃO,NÃO,NÃO,NÃO,NÃO,NÃO,NÃO,NÃO,NÃO,NÃO,NÃO,NÃO,NÃO,NÃO,NÃO,NÃO,NÃO,NÃO,NÃO,NÃO,,
11/10/2021 13:40:35,2011,8/29/2011,PRB18/8/11,DIREÇÃO NACIONAL DO PARTIDO,,,,NÃO,,SIM,Sim,SIM,SIM,SIM,NÃO,NÃO,NÃO,NÃO,NÃO,NÃO,NÃO,NÃO,NÃO,NÃO,NÃO,NÃO,NÃO,NÃO,NÃO,NÃO,NÃO,NÃO,NÃO,NÃO,NÃO,NÃO,NÃO,NÃO,NÃO,SIM,NÃO,NÃO,NÃO,NÃO,NÃO,NÃO,NÃO,NÃO,NÃO,NÃO,NÃO,NÃO,NÃO,NÃO,NÃO,NÃO,NÃO,NÃO,NÃO,NÃO,NÃO,NÃO,NÃO,NÃO,NÃO,NÃO,NÃO,NÃO,NÃO,NÃO,NÃO,NÃO,NÃO,NÃO,NÃO,NÃO,NÃO,NÃO,NÃO,NÃO,NÃO,NÃO,NÃO,NÃO,,
11/10/2021 13:43:07,2011,8/30/2011,PRTB21/4/11,DIREÇÃO NACIONAL DO PARTIDO,,,,NÃO,,SIM,Sim,SIM,SIM,SIM,NÃO,NÃO,NÃO,NÃO,NÃO,NÃO,NÃO,NÃO,NÃO,NÃO,NÃO,NÃO,NÃO,NÃO,SIM,NÃO,NÃO,NÃO,NÃO,NÃO,NÃO,NÃO,NÃO,NÃO,NÃO,NÃO,NÃO,NÃO,NÃO,NÃO,NÃO,NÃO,NÃO,NÃO,NÃO,NÃO,NÃO,NÃO,NÃO,NÃO,NÃO,NÃO,NÃO,NÃO,NÃO,NÃO,NÃO,NÃO,NÃO,NÃO,NÃO,NÃO,NÃO,NÃO,NÃO,NÃO,NÃO,NÃO,NÃO,NÃO,NÃO,NÃO,NÃO,NÃO,NÃO,NÃO,NÃO,NÃO,NÃO,NÃO,,
11/10/2021 13:45:52,2011,2/19/2011,PSB8/9/11,DIREÇÃO NACIONAL DO PARTIDO,,,,NÃO,,SIM,Sim,SIM,SIM,SIM,NÃO,NÃO,NÃO,NÃO,NÃO,NÃO,NÃO,NÃO,SIM,NÃO,NÃO,NÃO,NÃO,NÃO,NÃO,NÃO,NÃO,NÃO,NÃO,NÃO,NÃO,NÃO,NÃO,NÃO,NÃO,NÃO,NÃO,NÃO,NÃO,NÃO,NÃO,NÃO,NÃO,NÃO,NÃO,NÃO,NÃO,NÃO,NÃO,NÃO,NÃO,NÃO,NÃO,NÃO,NÃO,NÃO,NÃO,NÃO,NÃO,NÃO,NÃO,NÃO,NÃO,NÃO,NÃO,NÃO,NÃO,NÃO,NÃO,NÃO,NÃO,NÃO,NÃO,NÃO,NÃO,NÃO,NÃO,NÃO,NÃO,NÃO,,
11/10/2021 13:48:11,2011,9/2/2011,PSB19/5/11,DIREÇÃO NACIONAL DO PARTIDO,,,,NÃO,,SIM,Sim,SIM,SIM,SIM,NÃO,NÃO,NÃO,NÃO,NÃO,NÃO,NÃO,NÃO,SIM,NÃO,NÃO,NÃO,NÃO,NÃO,NÃO,NÃO,NÃO,NÃO,NÃO,NÃO,NÃO,NÃO,NÃO,NÃO,NÃO,NÃO,NÃO,NÃO,NÃO,NÃO,NÃO,NÃO,NÃO,NÃO,NÃO,NÃO,NÃO,NÃO,NÃO,NÃO,NÃO,NÃO,NÃO,NÃO,NÃO,NÃO,NÃO,NÃO,NÃO,NÃO,NÃO,NÃO,NÃO,NÃO,NÃO,NÃO,NÃO,NÃO,NÃO,NÃO,NÃO,NÃO,NÃO,NÃO,NÃO,NÃO,NÃO,NÃO,NÃO,NÃO,,
11/10/2021 14:27:04,2011,9/3/2011,PSC19/5/11,DIREÇÃO NACIONAL DO PARTIDO,,,,NÃO,,SIM,Sim,SIM,SIM,SIM,NÃO,NÃO,NÃO,NÃO,NÃO,NÃO,NÃO,NÃO,NÃO,NÃO,NÃO,NÃO,NÃO,NÃO,NÃO,NÃO,NÃO,NÃO,NÃO,SIM,NÃO,NÃO,NÃO,NÃO,NÃO,NÃO,NÃO,NÃO,NÃO,NÃO,NÃO,NÃO,NÃO,NÃO,NÃO,NÃO,NÃO,NÃO,NÃO,NÃO,NÃO,NÃO,NÃO,NÃO,NÃO,NÃO,NÃO,NÃO,NÃO,NÃO,NÃO,NÃO,NÃO,NÃO,NÃO,NÃO,NÃO,NÃO,NÃO,NÃO,NÃO,NÃO,NÃO,NÃO,NÃO,NÃO,NÃO,NÃO,NÃO,NÃO,,
11/10/2021 14:29:05,2011,9/4/2011,PSC27/10/11,DIREÇÃO NACIONAL DO PARTIDO,,,,NÃO,,SIM,Sim,SIM,SIM,SIM,NÃO,NÃO,NÃO,NÃO,NÃO,NÃO,NÃO,NÃO,NÃO,NÃO,NÃO,NÃO,NÃO,NÃO,NÃO,NÃO,NÃO,NÃO,NÃO,SIM,NÃO,NÃO,NÃO,NÃO,NÃO,NÃO,NÃO,NÃO,NÃO,NÃO,NÃO,NÃO,NÃO,NÃO,NÃO,NÃO,NÃO,NÃO,NÃO,NÃO,NÃO,NÃO,NÃO,NÃO,NÃO,NÃO,NÃO,NÃO,NÃO,NÃO,NÃO,NÃO,NÃO,NÃO,NÃO,NÃO,NÃO,NÃO,NÃO,NÃO,NÃO,NÃO,NÃO,NÃO,NÃO,NÃO,NÃO,NÃO,NÃO,NÃO,,
11/10/2021 14:30:44,2011,9/5/2011,PSDB3/2/11,DIREÇÃO NACIONAL DO PARTIDO,,,,NÃO,,SIM,Sim,SIM,SIM,SIM,NÃO,SIM,NÃO,NÃO,NÃO,NÃO,NÃO,NÃO,NÃO,NÃO,NÃO,NÃO,NÃO,NÃO,NÃO,NÃO,NÃO,NÃO,NÃO,NÃO,NÃO,NÃO,NÃO,NÃO,NÃO,NÃO,NÃO,NÃO,NÃO,NÃO,NÃO,NÃO,NÃO,NÃO,NÃO,NÃO,NÃO,NÃO,NÃO,NÃO,NÃO,NÃO,NÃO,NÃO,NÃO,NÃO,NÃO,NÃO,NÃO,NÃO,NÃO,NÃO,NÃO,NÃO,NÃO,NÃO,NÃO,NÃO,NÃO,NÃO,NÃO,NÃO,NÃO,NÃO,NÃO,NÃO,NÃO,NÃO,NÃO,NÃO,,
11/10/2021 14:33:15,2011,9/6/2011,PSDB13/10/11,DIREÇÃO NACIONAL DO PARTIDO,,,,NÃO,,SIM,Sim,SIM,SIM,SIM,NÃO,SIM,NÃO,NÃO,NÃO,NÃO,NÃO,NÃO,NÃO,NÃO,NÃO,NÃO,NÃO,NÃO,NÃO,NÃO,NÃO,NÃO,NÃO,NÃO,NÃO,NÃO,NÃO,NÃO,NÃO,NÃO,NÃO,NÃO,NÃO,NÃO,NÃO,NÃO,NÃO,NÃO,NÃO,NÃO,NÃO,NÃO,NÃO,NÃO,NÃO,NÃO,NÃO,NÃO,NÃO,NÃO,NÃO,NÃO,NÃO,NÃO,NÃO,NÃO,NÃO,NÃO,NÃO,NÃO,NÃO,NÃO,NÃO,NÃO,NÃO,NÃO,NÃO,NÃO,NÃO,NÃO,NÃO,NÃO,NÃO,NÃO,,
11/10/2021 14:35:08,2011,9/7/2011,PSDC17/2/11,DIREÇÃO NACIONAL DO PARTIDO,,,,NÃO,,SIM,Sim,SIM,SIM,SIM,NÃO,NÃO,NÃO,NÃO,NÃO,NÃO,NÃO,NÃO,NÃO,NÃO,NÃO,NÃO,NÃO,NÃO,NÃO,NÃO,NÃO,NÃO,NÃO,NÃO,SIM,NÃO,NÃO,NÃO,NÃO,NÃO,NÃO,NÃO,NÃO,NÃO,NÃO,NÃO,NÃO,NÃO,NÃO,NÃO,NÃO,NÃO,NÃO,NÃO,NÃO,NÃO,NÃO,NÃO,NÃO,NÃO,NÃO,NÃO,NÃO,NÃO,NÃO,NÃO,NÃO,NÃO,NÃO,NÃO,NÃO,NÃO,NÃO,NÃO,NÃO,NÃO,NÃO,NÃO,NÃO,NÃO,NÃO,NÃO,NÃO,NÃO,,
11/10/2021 14:37:01,2011,9/8/2011,PSL10/3/11,DIREÇÃO NACIONAL DO PARTIDO,,,,NÃO,,SIM,Sim,SIM,SIM,SIM,NÃO,NÃO,NÃO,NÃO,NÃO,NÃO,NÃO,NÃO,NÃO,NÃO,NÃO,NÃO,NÃO,NÃO,NÃO,NÃO,NÃO,NÃO,SIM,NÃO,NÃO,NÃO,NÃO,NÃO,NÃO,NÃO,NÃO,NÃO,NÃO,NÃO,NÃO,NÃO,NÃO,NÃO,NÃO,NÃO,NÃO,NÃO,NÃO,NÃO,NÃO,NÃO,NÃO,NÃO,NÃO,NÃO,NÃO,NÃO,NÃO,NÃO,NÃO,NÃO,NÃO,NÃO,NÃO,NÃO,NÃO,NÃO,NÃO,NÃO,NÃO,NÃO,NÃO,NÃO,NÃO,NÃO,NÃO,NÃO,NÃO,NÃO,,
11/10/2021 14:38:46,2011,9/9/2011,PSL17/11/11,DIREÇÃO NACIONAL DO PARTIDO,,,,NÃO,,SIM,Sim,SIM,SIM,SIM,NÃO,NÃO,NÃO,NÃO,NÃO,NÃO,NÃO,NÃO,NÃO,NÃO,NÃO,NÃO,NÃO,NÃO,NÃO,NÃO,NÃO,NÃO,SIM,NÃO,NÃO,NÃO,NÃO,NÃO,NÃO,NÃO,NÃO,NÃO,NÃO,NÃO,NÃO,NÃO,NÃO,NÃO,NÃO,NÃO,NÃO,NÃO,NÃO,NÃO,NÃO,NÃO,NÃO,NÃO,NÃO,NÃO,NÃO,NÃO,NÃO,NÃO,NÃO,NÃO,NÃO,NÃO,NÃO,NÃO,NÃO,NÃO,NÃO,NÃO,NÃO,NÃO,NÃO,NÃO,NÃO,NÃO,NÃO,NÃO,NÃO,NÃO,,
11/10/2021 14:43:47,2011,9/10/2011,PSOL26/5/11,DIREÇÃO NACIONAL DO PARTIDO,,,,NÃO,,SIM,Sim,SIM,SIM,SIM,NÃO,NÃO,NÃO,NÃO,NÃO,NÃO,NÃO,NÃO,NÃO,NÃO,NÃO,NÃO,NÃO,SIM,NÃO,NÃO,NÃO,NÃO,NÃO,NÃO,NÃO,NÃO,NÃO,NÃO,NÃO,NÃO,NÃO,NÃO,NÃO,NÃO,NÃO,NÃO,NÃO,NÃO,NÃO,NÃO,NÃO,NÃO,NÃO,NÃO,NÃO,NÃO,NÃO,NÃO,NÃO,NÃO,NÃO,NÃO,NÃO,NÃO,NÃO,NÃO,NÃO,NÃO,NÃO,NÃO,NÃO,NÃO,NÃO,NÃO,NÃO,NÃO,NÃO,NÃO,NÃO,NÃO,NÃO,NÃO,NÃO,NÃO,,
11/10/2021 14:46:10,2011,9/11/2011,PSOL29/9/11,DIREÇÃO NACIONAL DO PARTIDO,,,,NÃO,,SIM,Sim,SIM,SIM,SIM,NÃO,NÃO,NÃO,NÃO,NÃO,NÃO,NÃO,NÃO,NÃO,NÃO,NÃO,NÃO,NÃO,SIM,NÃO,NÃO,NÃO,NÃO,NÃO,NÃO,NÃO,NÃO,NÃO,NÃO,NÃO,NÃO,NÃO,NÃO,NÃO,NÃO,NÃO,NÃO,NÃO,NÃO,NÃO,NÃO,NÃO,NÃO,NÃO,NÃO,NÃO,NÃO,NÃO,NÃO,NÃO,NÃO,NÃO,NÃO,NÃO,NÃO,NÃO,NÃO,NÃO,NÃO,NÃO,NÃO,NÃO,NÃO,NÃO,NÃO,NÃO,NÃO,NÃO,NÃO,NÃO,NÃO,NÃO,NÃO,NÃO,NÃO,,
11/10/2021 14:48:16,2011,9/12/2011,PSTU20/1/11,DIREÇÃO NACIONAL DO PARTIDO,,,,NÃO,,SIM,Sim,SIM,SIM,SIM,NÃO,NÃO,NÃO,NÃO,NÃO,NÃO,NÃO,NÃO,NÃO,SIM,NÃO,NÃO,NÃO,NÃO,NÃO,NÃO,NÃO,NÃO,NÃO,NÃO,NÃO,NÃO,NÃO,NÃO,NÃO,NÃO,NÃO,NÃO,NÃO,NÃO,NÃO,NÃO,NÃO,NÃO,NÃO,NÃO,NÃO,NÃO,NÃO,NÃO,NÃO,NÃO,NÃO,NÃO,NÃO,NÃO,NÃO,NÃO,NÃO,NÃO,NÃO,NÃO,NÃO,NÃO,NÃO,NÃO,NÃO,NÃO,NÃO,NÃO,NÃO,NÃO,NÃO,NÃO,NÃO,NÃO,NÃO,NÃO,NÃO,NÃO,,
11/10/2021 14:49:53,2011,9/13/2011,PSTU21/6/11,DIREÇÃO NACIONAL DO PARTIDO,,,,NÃO,,SIM,Sim,SIM,SIM,SIM,NÃO,NÃO,NÃO,NÃO,NÃO,NÃO,NÃO,NÃO,NÃO,SIM,NÃO,NÃO,NÃO,NÃO,NÃO,NÃO,NÃO,NÃO,NÃO,NÃO,NÃO,NÃO,NÃO,NÃO,NÃO,NÃO,NÃO,NÃO,NÃO,NÃO,NÃO,NÃO,NÃO,NÃO,NÃO,NÃO,NÃO,NÃO,NÃO,NÃO,NÃO,NÃO,NÃO,NÃO,NÃO,NÃO,NÃO,NÃO,NÃO,NÃO,NÃO,NÃO,NÃO,NÃO,NÃO,NÃO,NÃO,NÃO,NÃO,NÃO,NÃO,NÃO,NÃO,NÃO,NÃO,NÃO,NÃO,NÃO,NÃO,NÃO,,
11/10/2021 14:52:02,2011,9/14/2011,PT8/12/11,DIREÇÃO NACIONAL DO PARTIDO,,,,NÃO,,SIM,Sim,SIM,SIM,SIM,SIM,NÃO,NÃO,NÃO,NÃO,NÃO,NÃO,NÃO,NÃO,NÃO,NÃO,NÃO,NÃO,NÃO,NÃO,NÃO,NÃO,NÃO,NÃO,NÃO,NÃO,NÃO,NÃO,NÃO,NÃO,NÃO,NÃO,NÃO,NÃO,NÃO,NÃO,NÃO,NÃO,NÃO,NÃO,NÃO,NÃO,NÃO,NÃO,NÃO,NÃO,NÃO,NÃO,NÃO,NÃO,NÃO,NÃO,NÃO,NÃO,NÃO,NÃO,NÃO,NÃO,NÃO,NÃO,NÃO,NÃO,NÃO,NÃO,NÃO,NÃO,NÃO,NÃO,NÃO,NÃO,NÃO,NÃO,NÃO,NÃO,NÃO,,
11/10/2021 14:56:25,2011,9/15/2011,PTB22/12/11,DIREÇÃO NACIONAL DO PARTIDO,,,,NÃO,,SIM,Sim,SIM,SIM,SIM,NÃO,NÃO,NÃO,NÃO,NÃO,NÃO,NÃO,NÃO,NÃO,NÃO,NÃO,SIM,NÃO,NÃO,NÃO,NÃO,NÃO,NÃO,NÃO,NÃO,NÃO,NÃO,NÃO,NÃO,NÃO,NÃO,NÃO,NÃO,NÃO,NÃO,NÃO,NÃO,NÃO,NÃO,NÃO,NÃO,NÃO,NÃO,NÃO,NÃO,NÃO,NÃO,NÃO,NÃO,NÃO,NÃO,NÃO,NÃO,NÃO,NÃO,NÃO,NÃO,NÃO,NÃO,NÃO,NÃO,NÃO,NÃO,NÃO,NÃO,NÃO,NÃO,NÃO,NÃO,NÃO,NÃO,NÃO,NÃO,NÃO,NÃO,,
11/10/2021 14:58:12,2011,9/16/2011,PTB23/6/11,DIREÇÃO NACIONAL DO PARTIDO,,,,NÃO,,SIM,Sim,SIM,SIM,SIM,NÃO,NÃO,NÃO,NÃO,NÃO,NÃO,NÃO,NÃO,NÃO,NÃO,NÃO,SIM,NÃO,NÃO,NÃO,NÃO,NÃO,NÃO,NÃO,NÃO,NÃO,NÃO,NÃO,NÃO,NÃO,NÃO,NÃO,NÃO,NÃO,NÃO,NÃO,NÃO,NÃO,NÃO,NÃO,NÃO,NÃO,NÃO,NÃO,NÃO,NÃO,NÃO,NÃO,NÃO,NÃO,NÃO,NÃO,NÃO,NÃO,NÃO,NÃO,NÃO,NÃO,NÃO,NÃO,NÃO,NÃO,NÃO,NÃO,NÃO,NÃO,NÃO,NÃO,NÃO,NÃO,NÃO,NÃO,NÃO,NÃO,NÃO,,
11/10/2021 14:59:52,2011,9/17/2011,PTC4/8/11,DIREÇÃO NACIONAL DO PARTIDO,,,,NÃO,,SIM,Sim,SIM,SIM,SIM,NÃO,NÃO,NÃO,NÃO,NÃO,NÃO,NÃO,NÃO,NÃO,NÃO,NÃO,NÃO,NÃO,NÃO,NÃO,NÃO,NÃO,SIM,NÃO,NÃO,NÃO,NÃO,NÃO,NÃO,NÃO,NÃO,NÃO,NÃO,NÃO,NÃO,NÃO,NÃO,NÃO,NÃO,NÃO,NÃO,NÃO,NÃO,NÃO,NÃO,NÃO,NÃO,NÃO,NÃO,NÃO,NÃO,NÃO,NÃO,NÃO,NÃO,NÃO,NÃO,NÃO,NÃO,NÃO,NÃO,NÃO,NÃO,NÃO,NÃO,NÃO,NÃO,NÃO,NÃO,NÃO,NÃO,NÃO,NÃO,NÃO,NÃO,,
11/10/2021 15:01:57,2011,9/18/2011,PTC24/2/11,DIREÇÃO NACIONAL DO PARTIDO,,,,NÃO,,SIM,Sim,SIM,SIM,SIM,NÃO,NÃO,NÃO,NÃO,NÃO,NÃO,NÃO,NÃO,NÃO,NÃO,NÃO,NÃO,NÃO,NÃO,NÃO,NÃO,NÃO,SIM,NÃO,NÃO,NÃO,NÃO,NÃO,NÃO,NÃO,NÃO,NÃO,NÃO,NÃO,NÃO,NÃO,NÃO,NÃO,NÃO,NÃO,NÃO,NÃO,NÃO,NÃO,NÃO,NÃO,NÃO,NÃO,NÃO,NÃO,NÃO,NÃO,NÃO,NÃO,NÃO,NÃO,NÃO,NÃO,NÃO,NÃO,NÃO,NÃO,NÃO,NÃO,NÃO,NÃO,NÃO,NÃO,NÃO,NÃO,NÃO,NÃO,NÃO,NÃO,NÃO,,
11/10/2021 15:06:08,2011,9/19/2011,PTDOB13/1/11,DIREÇÃO NACIONAL DO PARTIDO,,,,NÃO,,SIM,Sim,SIM,SIM,SIM,NÃO,NÃO,NÃO,NÃO,NÃO,NÃO,NÃO,NÃO,NÃO,NÃO,NÃO,NÃO,NÃO,NÃO,NÃO,NÃO,NÃO,NÃO,NÃO,NÃO,NÃO,NÃO,NÃO,NÃO,NÃO,NÃO,NÃO,NÃO,NÃO,NÃO,NÃO,NÃO,NÃO,NÃO,NÃO,NÃO,NÃO,NÃO,NÃO,NÃO,NÃO,NÃO,NÃO,NÃO,NÃO,SIM,NÃO,NÃO,NÃO,NÃO,NÃO,NÃO,NÃO,NÃO,NÃO,NÃO,NÃO,NÃO,NÃO,NÃO,NÃO,NÃO,NÃO,NÃO,NÃO,NÃO,NÃO,NÃO,NÃO,NÃO,,
11/10/2021 15:08:09,2011,9/20/2011,PTN1/12/11,DIREÇÃO NACIONAL DO PARTIDO,,,,NÃO,,SIM,Sim,SIM,SIM,SIM,NÃO,NÃO,NÃO,NÃO,NÃO,NÃO,NÃO,NÃO,NÃO,NÃO,NÃO,NÃO,NÃO,NÃO,NÃO,NÃO,SIM,NÃO,NÃO,NÃO,NÃO,NÃO,NÃO,NÃO,NÃO,NÃO,NÃO,NÃO,NÃO,NÃO,NÃO,NÃO,NÃO,NÃO,NÃO,NÃO,NÃO,NÃO,NÃO,NÃO,NÃO,NÃO,NÃO,NÃO,NÃO,NÃO,NÃO,NÃO,NÃO,NÃO,NÃO,NÃO,NÃO,NÃO,NÃO,NÃO,NÃO,NÃO,NÃO,NÃO,NÃO,NÃO,NÃO,NÃO,NÃO,NÃO,NÃO,NÃO,NÃO,NÃO,,
11/10/2021 15:10:09,2011,9/21/2011,PTN7/4/11,DIREÇÃO NACIONAL DO PARTIDO,,,,NÃO,,SIM,Sim,SIM,SIM,SIM,NÃO,NÃO,NÃO,NÃO,NÃO,NÃO,NÃO,NÃO,NÃO,NÃO,NÃO,NÃO,NÃO,NÃO,NÃO,NÃO,SIM,NÃO,NÃO,NÃO,NÃO,NÃO,NÃO,NÃO,NÃO,NÃO,NÃO,NÃO,NÃO,NÃO,NÃO,NÃO,NÃO,NÃO,NÃO,NÃO,NÃO,NÃO,NÃO,NÃO,NÃO,NÃO,NÃO,NÃO,NÃO,NÃO,NÃO,NÃO,NÃO,NÃO,NÃO,NÃO,NÃO,NÃO,NÃO,NÃO,NÃO,NÃO,NÃO,NÃO,NÃO,NÃO,NÃO,NÃO,NÃO,NÃO,NÃO,NÃO,NÃO,NÃO,,
11/10/2021 15:12:07,2011,9/22/2011,PV/5/5/11,DIREÇÃO NACIONAL DO PARTIDO,,,,NÃO,,SIM,Sim,SIM,SIM,SIM,NÃO,NÃO,NÃO,NÃO,NÃO,NÃO,NÃO,NÃO,NÃO,NÃO,SIM,NÃO,NÃO,NÃO,NÃO,NÃO,NÃO,NÃO,NÃO,NÃO,NÃO,NÃO,NÃO,NÃO,NÃO,NÃO,NÃO,NÃO,NÃO,NÃO,NÃO,NÃO,NÃO,NÃO,NÃO,NÃO,NÃO,NÃO,NÃO,NÃO,NÃO,NÃO,NÃO,NÃO,NÃO,NÃO,NÃO,NÃO,NÃO,NÃO,NÃO,NÃO,NÃO,NÃO,NÃO,NÃO,NÃO,NÃO,NÃO,NÃO,NÃO,NÃO,NÃO,NÃO,NÃO,NÃO,NÃO,NÃO,NÃO,NÃO,,
11/10/2021 15:14:23,2011,9/23/2011,PV15/9/11,DIREÇÃO NACIONAL DO PARTIDO,,,,NÃO,,SIM,Sim,SIM,SIM,SIM,NÃO,NÃO,NÃO,NÃO,NÃO,NÃO,NÃO,NÃO,NÃO,NÃO,SIM,NÃO,NÃO,NÃO,NÃO,NÃO,NÃO,NÃO,NÃO,NÃO,NÃO,NÃO,NÃO,NÃO,NÃO,NÃO,NÃO,NÃO,NÃO,NÃO,NÃO,NÃO,NÃO,NÃO,NÃO,NÃO,NÃO,NÃO,NÃO,NÃO,NÃO,NÃO,NÃO,NÃO,NÃO,NÃO,NÃO,NÃO,NÃO,NÃO,NÃO,NÃO,NÃO,NÃO,NÃO,NÃO,NÃO,NÃO,NÃO,NÃO,NÃO,NÃO,NÃO,NÃO,NÃO,NÃO,NÃO,NÃO,NÃO,NÃO,,
11/11/2021 15:31:15,2012,8/1/2012,001/12,HGPE,VEREADOR,,SP,SIM,São Paulo,SIM,Sim,SIM,SIM,SIM,SIM,SIM,SIM,SIM,SIM,SIM,SIM,SIM,SIM,SIM,SIM,SIM,NÃO,SIM,SIM,SIM,SIM,SIM,SIM,SIM,SIM,SIM,SIM,SIM,SIM,SIM,SIM,NÃO,NÃO,NÃO,NÃO,NÃO,NÃO,SIM,NÃO,NÃO,NÃO,NÃO,NÃO,NÃO,NÃO,NÃO,NÃO,NÃO,NÃO,SIM,NÃO,NÃO,NÃO,NÃO,NÃO,NÃO,NÃO,NÃO,NÃO,NÃO,NÃO,NÃO,NÃO,NÃO,NÃO,NÃO,NÃO,NÃO,NÃO,NÃO,NÃO,NÃO,NÃO,NÃO,,
11/11/2021 15:39:23,2012,8/2/2012,002/12,HGPE,PREFEITO,,SP,SIM,São Paulo,SIM,Sim,SIM,SIM,SIM,SIM,SIM,NÃO,NÃO,NÃO,NÃO,NÃO,NÃO,NÃO,NÃO,NÃO,NÃO,NÃO,NÃO,NÃO,NÃO,NÃO,NÃO,NÃO,NÃO,NÃO,NÃO,NÃO,NÃO,NÃO,NÃO,NÃO,NÃO,NÃO,NÃO,NÃO,NÃO,NÃO,NÃO,NÃO,NÃO,NÃO,NÃO,NÃO,NÃO,NÃO,NÃO,NÃO,NÃO,NÃO,NÃO,NÃO,NÃO,NÃO,NÃO,NÃO,NÃO,NÃO,NÃO,NÃO,NÃO,NÃO,NÃO,NÃO,NÃO,NÃO,NÃO,NÃO,NÃO,NÃO,NÃO,NÃO,NÃO,NÃO,NÃO,,
11/11/2021 15:42:49,2012,8/3/2012,003/12,HGPE,PREFEITO,,SP,SIM,São Paulo,SIM,Sim,SIM,SIM,SIM,SIM,SIM,SIM,NÃO,NÃO,SIM,SIM,NÃO,NÃO,SIM,NÃO,NÃO,NÃO,SIM,NÃO,NÃO,NÃO,NÃO,NÃO,NÃO,SIM,NÃO,NÃO,NÃO,NÃO,SIM,SIM,NÃO,NÃO,NÃO,NÃO,NÃO,NÃO,NÃO,NÃO,NÃO,NÃO,NÃO,NÃO,NÃO,NÃO,NÃO,NÃO,NÃO,NÃO,NÃO,NÃO,NÃO,NÃO,NÃO,NÃO,NÃO,NÃO,NÃO,NÃO,NÃO,NÃO,NÃO,NÃO,NÃO,NÃO,NÃO,NÃO,NÃO,NÃO,NÃO,NÃO,NÃO,NÃO,NÃO,,
11/11/2021 15:48:29,2012,8/4/2012,004/12,HGPE,PREFEITO,,SP,SIM,São Paulo,SIM,Sim,SIM,SIM,SIM,SIM,SIM,NÃO,NÃO,NÃO,NÃO,NÃO,NÃO,NÃO,NÃO,NÃO,NÃO,NÃO,NÃO,NÃO,NÃO,NÃO,NÃO,NÃO,NÃO,NÃO,NÃO,NÃO,NÃO,NÃO,NÃO,NÃO,NÃO,NÃO,NÃO,NÃO,NÃO,NÃO,NÃO,NÃO,NÃO,NÃO,NÃO,NÃO,NÃO,NÃO,NÃO,NÃO,NÃO,NÃO,NÃO,NÃO,NÃO,NÃO,NÃO,NÃO,NÃO,NÃO,NÃO,NÃO,NÃO,NÃO,NÃO,NÃO,NÃO,NÃO,NÃO,NÃO,NÃO,NÃO,NÃO,NÃO,NÃO,NÃO,NÃO,,
11/11/2021 15:53:09,2012,8/5/2012,005/12,HGPE,PREFEITO,,SP,SIM,São Paulo,SIM,Sim,SIM,SIM,SIM,SIM,SIM,SIM,NÃO,NÃO,SIM,SIM,NÃO,NÃO,SIM,NÃO,NÃO,NÃO,SIM,SIM,NÃO,NÃO,NÃO,NÃO,NÃO,SIM,NÃO,NÃO,NÃO,NÃO,SIM,SIM,NÃO,NÃO,NÃO,NÃO,NÃO,NÃO,NÃO,NÃO,NÃO,NÃO,NÃO,NÃO,NÃO,NÃO,NÃO,NÃO,NÃO,NÃO,NÃO,NÃO,NÃO,NÃO,NÃO,NÃO,NÃO,NÃO,NÃO,NÃO,NÃO,NÃO,NÃO,NÃO,NÃO,NÃO,NÃO,NÃO,NÃO,NÃO,NÃO,NÃO,NÃO,NÃO,NÃO,,
11/11/2021 15:56:49,2012,8/6/2012,006/12,HGPE,PREFEITO,,SP,SIM,São Paulo,SIM,Sim,SIM,SIM,SIM,SIM,SIM,SIM,NÃO,NÃO,SIM,SIM,NÃO,NÃO,SIM,NÃO,NÃO,NÃO,SIM,SIM,NÃO,NÃO,NÃO,NÃO,NÃO,SIM,NÃO,SIM,NÃO,NÃO,SIM,SIM,NÃO,NÃO,NÃO,NÃO,NÃO,NÃO,NÃO,NÃO,NÃO,NÃO,NÃO,NÃO,NÃO,NÃO,NÃO,NÃO,NÃO,NÃO,NÃO,NÃO,NÃO,NÃO,NÃO,NÃO,NÃO,NÃO,NÃO,NÃO,NÃO,NÃO,NÃO,NÃO,NÃO,NÃO,NÃO,NÃO,NÃO,NÃO,NÃO,NÃO,NÃO,NÃO,NÃO,,
11/11/2021 15:59:57,2012,8/7/2012,007/12,HGPE,PREFEITO,,SP,SIM,São Paulo,SIM,Sim,SIM,SIM,SIM,SIM,SIM,SIM,NÃO,NÃO,SIM,SIM,NÃO,NÃO,SIM,NÃO,NÃO,NÃO,SIM,SIM,NÃO,NÃO,NÃO,NÃO,NÃO,SIM,NÃO,SIM,NÃO,NÃO,SIM,SIM,NÃO,NÃO,NÃO,NÃO,NÃO,NÃO,NÃO,NÃO,NÃO,NÃO,NÃO,NÃO,NÃO,NÃO,NÃO,NÃO,NÃO,NÃO,NÃO,NÃO,NÃO,NÃO,NÃO,NÃO,NÃO,NÃO,NÃO,NÃO,NÃO,NÃO,NÃO,NÃO,NÃO,NÃO,NÃO,NÃO,NÃO,NÃO,NÃO,NÃO,NÃO,NÃO,NÃO,,
11/11/2021 16:02:44,2012,8/8/2012,008/12,HGPE,PREFEITO,,SP,SIM,São Paulo,SIM,Sim,SIM,SIM,SIM,SIM,SIM,SIM,NÃO,NÃO,SIM,SIM,NÃO,NÃO,SIM,NÃO,NÃO,NÃO,SIM,SIM,NÃO,NÃO,NÃO,NÃO,NÃO,SIM,NÃO,SIM,NÃO,NÃO,SIM,SIM,NÃO,NÃO,NÃO,NÃO,NÃO,NÃO,NÃO,NÃO,NÃO,NÃO,NÃO,NÃO,NÃO,NÃO,NÃO,NÃO,NÃO,NÃO,NÃO,NÃO,NÃO,NÃO,NÃO,NÃO,NÃO,NÃO,NÃO,NÃO,NÃO,NÃO,NÃO,NÃO,NÃO,NÃO,NÃO,NÃO,NÃO,NÃO,NÃO,NÃO,NÃO,NÃO,NÃO,,
11/11/2021 16:08:27,2012,8/9/2012,009/12,HGPE,PREFEITO,,SP,SIM,São Paulo,SIM,Sim,SIM,SIM,SIM,SIM,SIM,SIM,NÃO,NÃO,SIM,SIM,NÃO,NÃO,SIM,NÃO,NÃO,NÃO,SIM,SIM,NÃO,NÃO,NÃO,NÃO,NÃO,SIM,NÃO,SIM,NÃO,NÃO,SIM,SIM,NÃO,NÃO,NÃO,NÃO,NÃO,NÃO,NÃO,NÃO,NÃO,NÃO,NÃO,NÃO,NÃO,NÃO,NÃO,NÃO,NÃO,NÃO,NÃO,NÃO,NÃO,NÃO,NÃO,NÃO,NÃO,NÃO,NÃO,NÃO,NÃO,NÃO,NÃO,NÃO,NÃO,NÃO,NÃO,NÃO,NÃO,NÃO,NÃO,NÃO,NÃO,NÃO,NÃO,,
11/11/2021 16:19:14,2012,8/10/2012,010/12,DEBATE,PREFEITO,,RJ,SIM,Rio de Janeiro,SIM,Sim,SIM,SIM,SIM,NÃO,SIM,NÃO,NÃO,NÃO,SIM,NÃO,NÃO,NÃO,NÃO,SIM,NÃO,NÃO,SIM,NÃO,NÃO,NÃO,NÃO,NÃO,NÃO,NÃO,NÃO,NÃO,NÃO,NÃO,NÃO,NÃO,NÃO,NÃO,NÃO,NÃO,NÃO,NÃO,SIM,NÃO,NÃO,NÃO,NÃO,NÃO,NÃO,NÃO,NÃO,NÃO,NÃO,NÃO,NÃO,NÃO,NÃO,NÃO,NÃO,NÃO,NÃO,NÃO,NÃO,NÃO,NÃO,NÃO,NÃO,NÃO,NÃO,NÃO,NÃO,NÃO,NÃO,NÃO,NÃO,NÃO,NÃO,NÃO,NÃO,,
11/11/2021 16:22:07,2012,8/11/2012,011/12,HGPE,PREFEITO,,RJ,SIM,Rio de Janeiro,SIM,Sim,SIM,SIM,SIM,NÃO,SIM,NÃO,NÃO,NÃO,SIM,NÃO,NÃO,NÃO,SIM,SIM,NÃO,NÃO,SIM,NÃO,NÃO,NÃO,NÃO,NÃO,NÃO,NÃO,NÃO,SIM,NÃO,NÃO,NÃO,SIM,NÃO,NÃO,NÃO,NÃO,NÃO,NÃO,SIM,NÃO,NÃO,NÃO,NÃO,NÃO,NÃO,NÃO,NÃO,NÃO,NÃO,NÃO,NÃO,NÃO,NÃO,NÃO,NÃO,NÃO,NÃO,NÃO,NÃO,NÃO,NÃO,NÃO,NÃO,NÃO,NÃO,NÃO,NÃO,NÃO,NÃO,NÃO,NÃO,NÃO,NÃO,NÃO,NÃO,,
11/11/2021 16:26:15,2012,8/12/2012,012/12,DEBATE,PREFEITO,,RJ,SIM,Rio de Janeiro,SIM,Sim,SIM,SIM,SIM,NÃO,SIM,NÃO,NÃO,NÃO,SIM,NÃO,NÃO,NÃO,NÃO,SIM,NÃO,NÃO,SIM,NÃO,NÃO,NÃO,NÃO,NÃO,NÃO,NÃO,NÃO,NÃO,NÃO,NÃO,NÃO,NÃO,NÃO,NÃO,NÃO,NÃO,NÃO,NÃO,SIM,NÃO,NÃO,NÃO,NÃO,NÃO,NÃO,NÃO,NÃO,NÃO,NÃO,NÃO,NÃO,NÃO,NÃO,NÃO,NÃO,NÃO,NÃO,NÃO,NÃO,NÃO,NÃO,NÃO,NÃO,NÃO,NÃO,NÃO,NÃO,NÃO,NÃO,NÃO,NÃO,NÃO,NÃO,NÃO,NÃO,,
11/11/2021 16:29:19,2012,8/13/2012,014/12,HGPE,PREFEITO,,RJ,SIM,Rio de Janeiro,SIM,Sim,SIM,SIM,SIM,NÃO,SIM,NÃO,NÃO,NÃO,SIM,NÃO,NÃO,NÃO,SIM,SIM,NÃO,NÃO,SIM,NÃO,NÃO,NÃO,NÃO,NÃO,NÃO,NÃO,NÃO,SIM,NÃO,NÃO,NÃO,SIM,NÃO,NÃO,NÃO,NÃO,NÃO,NÃO,SIM,NÃO,NÃO,NÃO,NÃO,NÃO,NÃO,NÃO,NÃO,NÃO,NÃO,NÃO,NÃO,NÃO,NÃO,NÃO,NÃO,NÃO,NÃO,NÃO,NÃO,NÃO,NÃO,NÃO,NÃO,NÃO,NÃO,NÃO,NÃO,NÃO,NÃO,NÃO,NÃO,NÃO,NÃO,NÃO,NÃO,,
11/11/2021 16:36:50,2012,8/14/2012,015/12,HGPE,PREFEITO,,RJ,SIM,Rio de Janeiro,SIM,Sim,SIM,SIM,SIM,NÃO,SIM,NÃO,NÃO,NÃO,SIM,NÃO,NÃO,NÃO,SIM,SIM,NÃO,NÃO,SIM,NÃO,NÃO,NÃO,NÃO,NÃO,NÃO,NÃO,NÃO,SIM,NÃO,NÃO,NÃO,SIM,NÃO,NÃO,NÃO,NÃO,NÃO,NÃO,SIM,NÃO,NÃO,NÃO,NÃO,NÃO,NÃO,NÃO,NÃO,NÃO,NÃO,NÃO,NÃO,NÃO,NÃO,NÃO,NÃO,NÃO,NÃO,NÃO,NÃO,NÃO,NÃO,NÃO,NÃO,NÃO,NÃO,NÃO,NÃO,NÃO,NÃO,NÃO,NÃO,NÃO,NÃO,NÃO,NÃO,,
11/11/2021 16:39:40,2012,8/15/2012,016/12,HGPE,PREFEITO,,RJ,SIM,Rio de Janeiro,SIM,Sim,SIM,SIM,SIM,NÃO,SIM,NÃO,NÃO,NÃO,SIM,NÃO,NÃO,NÃO,SIM,SIM,NÃO,NÃO,SIM,NÃO,NÃO,NÃO,NÃO,NÃO,NÃO,NÃO,NÃO,SIM,NÃO,NÃO,NÃO,SIM,NÃO,NÃO,NÃO,NÃO,NÃO,NÃO,SIM,NÃO,NÃO,NÃO,NÃO,NÃO,NÃO,NÃO,NÃO,NÃO,NÃO,NÃO,NÃO,NÃO,NÃO,NÃO,NÃO,NÃO,NÃO,NÃO,NÃO,NÃO,NÃO,NÃO,NÃO,NÃO,NÃO,NÃO,NÃO,NÃO,NÃO,NÃO,NÃO,NÃO,NÃO,NÃO,NÃO,,
11/18/2021 11:50:43,2012,8/16/2012,017/12,HGPE,PREFEITO,,RJ,SIM,Rio de Janeiro,SIM,Sim,SIM,SIM,SIM,NÃO,SIM,NÃO,NÃO,NÃO,SIM,NÃO,NÃO,NÃO,SIM,SIM,NÃO,NÃO,SIM,NÃO,NÃO,NÃO,NÃO,NÃO,NÃO,NÃO,NÃO,SIM,NÃO,NÃO,NÃO,SIM,NÃO,NÃO,NÃO,NÃO,NÃO,NÃO,SIM,NÃO,NÃO,NÃO,NÃO,NÃO,NÃO,NÃO,NÃO,NÃO,NÃO,NÃO,NÃO,NÃO,NÃO,NÃO,NÃO,NÃO,NÃO,NÃO,NÃO,NÃO,NÃO,NÃO,NÃO,NÃO,NÃO,NÃO,NÃO,NÃO,NÃO,NÃO,NÃO,NÃO,NÃO,NÃO,NÃO,,
11/18/2021 11:55:15,2012,8/17/2012,018/12,HGPE,VEREADOR,,RJ,SIM,Rio de Janeiro,SIM,Sim,SIM,SIM,SIM,SIM,SIM,SIM,SIM,SIM,SIM,SIM,SIM,SIM,SIM,SIM,SIM,SIM,SIM,NÃO,SIM,SIM,SIM,SIM,SIM,SIM,SIM,SIM,SIM,SIM,SIM,SIM,NÃO,NÃO,NÃO,NÃO,NÃO,NÃO,SIM,NÃO,NÃO,NÃO,NÃO,NÃO,NÃO,NÃO,NÃO,NÃO,NÃO,NÃO,SIM,NÃO,NÃO,NÃO,NÃO,NÃO,NÃO,NÃO,NÃO,NÃO,NÃO,NÃO,NÃO,NÃO,NÃO,NÃO,NÃO,NÃO,NÃO,NÃO,NÃO,NÃO,NÃO,NÃO,NÃO,,
11/18/2021 11:59:06,2012,8/18/2012,019/12,HGPE,VEREADOR,,RJ,SIM,Rio de Janeiro,SIM,Sim,SIM,SIM,SIM,SIM,SIM,SIM,SIM,SIM,SIM,SIM,SIM,SIM,SIM,SIM,SIM,SIM,SIM,NÃO,SIM,SIM,SIM,SIM,SIM,SIM,SIM,SIM,SIM,SIM,SIM,SIM,NÃO,NÃO,NÃO,NÃO,NÃO,NÃO,SIM,NÃO,NÃO,NÃO,NÃO,NÃO,NÃO,NÃO,NÃO,NÃO,NÃO,NÃO,SIM,NÃO,NÃO,NÃO,NÃO,NÃO,NÃO,NÃO,NÃO,NÃO,NÃO,NÃO,NÃO,NÃO,NÃO,NÃO,NÃO,NÃO,NÃO,NÃO,NÃO,NÃO,NÃO,NÃO,NÃO,,
11/18/2021 12:06:26,2012,8/19/2012,020/08,HGPE,VEREADOR,,RJ,SIM,Rio de Janeiro,SIM,Sim,SIM,SIM,SIM,SIM,SIM,SIM,SIM,SIM,SIM,SIM,SIM,SIM,SIM,SIM,SIM,SIM,SIM,NÃO,SIM,SIM,SIM,SIM,SIM,SIM,SIM,SIM,SIM,SIM,SIM,SIM,NÃO,NÃO,NÃO,NÃO,NÃO,NÃO,SIM,NÃO,NÃO,NÃO,NÃO,NÃO,NÃO,NÃO,NÃO,NÃO,NÃO,NÃO,SIM,NÃO,NÃO,NÃO,NÃO,NÃO,NÃO,NÃO,NÃO,NÃO,NÃO,NÃO,NÃO,NÃO,NÃO,NÃO,NÃO,NÃO,NÃO,NÃO,NÃO,NÃO,NÃO,NÃO,NÃO,,
11/18/2021 12:12:05,2012,8/20/2012,021/08,HGPE,VEREADOR,,RJ,SIM,Rio de Janeiro,SIM,Sim,SIM,SIM,SIM,SIM,NÃO,SIM,SIM,SIM,SIM,SIM,SIM,SIM,SIM,SIM,SIM,SIM,SIM,NÃO,SIM,SIM,SIM,SIM,SIM,SIM,SIM,SIM,SIM,SIM,SIM,SIM,NÃO,NÃO,NÃO,NÃO,NÃO,NÃO,SIM,NÃO,NÃO,NÃO,NÃO,NÃO,NÃO,NÃO,NÃO,NÃO,NÃO,NÃO,SIM,NÃO,NÃO,NÃO,NÃO,NÃO,NÃO,NÃO,NÃO,NÃO,NÃO,NÃO,NÃO,NÃO,NÃO,NÃO,NÃO,NÃO,NÃO,NÃO,NÃO,NÃO,NÃO,NÃO,NÃO,,
11/18/2021 12:18:30,2012,8/21/2012,022/08,HGPE,VEREADOR,,RJ,SIM,Rio de Janeiro,SIM,Sim,SIM,SIM,SIM,SIM,NÃO,SIM,SIM,SIM,SIM,SIM,SIM,SIM,SIM,SIM,SIM,SIM,SIM,NÃO,SIM,SIM,SIM,SIM,SIM,SIM,SIM,SIM,SIM,SIM,SIM,SIM,NÃO,NÃO,NÃO,NÃO,NÃO,NÃO,SIM,NÃO,NÃO,NÃO,NÃO,NÃO,NÃO,NÃO,NÃO,NÃO,NÃO,NÃO,SIM,NÃO,NÃO,NÃO,NÃO,NÃO,NÃO,NÃO,NÃO,NÃO,NÃO,NÃO,NÃO,NÃO,NÃO,NÃO,NÃO,NÃO,NÃO,NÃO,NÃO,NÃO,NÃO,NÃO,NÃO,,
11/19/2021 16:29:05,2012,8/22/2012,DEM31/5/12,DIREÇÃO NACIONAL DO PARTIDO,,,,NÃO,,SIM,Sim,SIM,SIM,SIM,NÃO,NÃO,NÃO,NÃO,NÃO,NÃO,NÃO,NÃO,NÃO,NÃO,NÃO,NÃO,NÃO,NÃO,NÃO,NÃO,NÃO,NÃO,NÃO,NÃO,NÃO,NÃO,NÃO,NÃO,NÃO,NÃO,NÃO,NÃO,NÃO,NÃO,NÃO,NÃO,NÃO,SIM,NÃO,NÃO,NÃO,NÃO,NÃO,NÃO,NÃO,NÃO,NÃO,NÃO,NÃO,NÃO,NÃO,NÃO,NÃO,NÃO,NÃO,NÃO,NÃO,NÃO,NÃO,NÃO,NÃO,NÃO,NÃO,NÃO,NÃO,NÃO,NÃO,NÃO,NÃO,NÃO,NÃO,NÃO,NÃO,NÃO,,
11/19/2021 16:30:57,2012,8/23/2012,PCDOB29/3/12,DIREÇÃO NACIONAL DO PARTIDO,,,,NÃO,,SIM,Sim,SIM,SIM,SIM,NÃO,NÃO,NÃO,SIM,NÃO,NÃO,NÃO,NÃO,NÃO,NÃO,NÃO,NÃO,NÃO,NÃO,NÃO,NÃO,NÃO,NÃO,NÃO,NÃO,NÃO,NÃO,NÃO,NÃO,NÃO,NÃO,NÃO,NÃO,NÃO,NÃO,NÃO,NÃO,NÃO,NÃO,NÃO,NÃO,NÃO,NÃO,NÃO,NÃO,NÃO,NÃO,NÃO,NÃO,NÃO,NÃO,NÃO,NÃO,NÃO,NÃO,NÃO,NÃO,NÃO,NÃO,NÃO,NÃO,NÃO,NÃO,NÃO,NÃO,NÃO,NÃO,NÃO,NÃO,NÃO,NÃO,NÃO,NÃO,NÃO,NÃO,,
11/19/2021 16:34:04,2012,8/24/2012,PCO9/2/12,DIREÇÃO NACIONAL DO PARTIDO,,,,NÃO,,SIM,Sim,SIM,SIM,SIM,NÃO,NÃO,NÃO,NÃO,NÃO,NÃO,NÃO,NÃO,NÃO,NÃO,NÃO,NÃO,NÃO,NÃO,NÃO,NÃO,NÃO,NÃO,NÃO,NÃO,NÃO,NÃO,SIM,NÃO,NÃO,NÃO,NÃO,NÃO,NÃO,NÃO,NÃO,NÃO,NÃO,NÃO,NÃO,NÃO,NÃO,NÃO,NÃO,NÃO,NÃO,NÃO,NÃO,NÃO,NÃO,NÃO,NÃO,NÃO,NÃO,NÃO,NÃO,NÃO,NÃO,NÃO,NÃO,NÃO,NÃO,NÃO,NÃO,NÃO,NÃO,NÃO,NÃO,NÃO,NÃO,NÃO,NÃO,NÃO,NÃO,NÃO,,
11/19/2021 16:36:16,2012,8/25/2012,PDT2/2/12,DIREÇÃO NACIONAL DO PARTIDO,,,,NÃO,,SIM,Sim,SIM,SIM,SIM,NÃO,NÃO,SIM,NÃO,NÃO,NÃO,NÃO,NÃO,NÃO,NÃO,NÃO,NÃO,NÃO,NÃO,NÃO,NÃO,NÃO,NÃO,NÃO,NÃO,NÃO,NÃO,NÃO,NÃO,NÃO,NÃO,NÃO,NÃO,NÃO,NÃO,NÃO,NÃO,NÃO,NÃO,NÃO,NÃO,NÃO,NÃO,NÃO,NÃO,NÃO,NÃO,NÃO,NÃO,NÃO,NÃO,NÃO,NÃO,NÃO,NÃO,NÃO,NÃO,NÃO,NÃO,NÃO,NÃO,NÃO,NÃO,NÃO,NÃO,NÃO,NÃO,NÃO,NÃO,NÃO,NÃO,NÃO,NÃO,NÃO,NÃO,,
11/19/2021 16:40:18,2012,8/26/2012,PHS19/4/12,DIREÇÃO NACIONAL DO PARTIDO,,,,NÃO,,SIM,Sim,SIM,SIM,SIM,NÃO,NÃO,NÃO,NÃO,NÃO,NÃO,NÃO,NÃO,NÃO,NÃO,NÃO,NÃO,NÃO,NÃO,NÃO,NÃO,NÃO,NÃO,NÃO,NÃO,NÃO,NÃO,NÃO,NÃO,SIM,NÃO,NÃO,NÃO,NÃO,NÃO,NÃO,NÃO,NÃO,NÃO,NÃO,NÃO,NÃO,NÃO,NÃO,NÃO,NÃO,NÃO,NÃO,NÃO,NÃO,NÃO,NÃO,NÃO,NÃO,NÃO,NÃO,NÃO,NÃO,NÃO,NÃO,NÃO,NÃO,NÃO,NÃO,NÃO,NÃO,NÃO,NÃO,NÃO,NÃO,NÃO,NÃO,NÃO,NÃO,NÃO,,
11/19/2021 16:42:11,2012,8/27/2012,PMDB19/1/12,DIREÇÃO NACIONAL DO PARTIDO,,,,NÃO,,SIM,Sim,SIM,SIM,SIM,NÃO,NÃO,NÃO,NÃO,NÃO,SIM,NÃO,NÃO,NÃO,NÃO,NÃO,NÃO,NÃO,NÃO,NÃO,NÃO,NÃO,NÃO,NÃO,NÃO,NÃO,NÃO,NÃO,NÃO,NÃO,NÃO,NÃO,NÃO,NÃO,NÃO,NÃO,NÃO,NÃO,NÃO,NÃO,NÃO,NÃO,NÃO,NÃO,NÃO,NÃO,NÃO,NÃO,NÃO,NÃO,NÃO,NÃO,NÃO,NÃO,NÃO,NÃO,NÃO,NÃO,NÃO,NÃO,NÃO,NÃO,NÃO,NÃO,NÃO,NÃO,NÃO,NÃO,NÃO,NÃO,NÃO,NÃO,NÃO,NÃO,NÃO,,
11/19/2021 16:47:11,2012,8/28/2012,PMN8/3/12,DIREÇÃO NACIONAL DO PARTIDO,,,,NÃO,,SIM,Sim,SIM,SIM,SIM,NÃO,NÃO,NÃO,NÃO,NÃO,NÃO,NÃO,NÃO,NÃO,NÃO,NÃO,NÃO,NÃO,NÃO,NÃO,NÃO,NÃO,NÃO,NÃO,NÃO,NÃO,SIM,NÃO,NÃO,NÃO,NÃO,NÃO,NÃO,NÃO,NÃO,NÃO,NÃO,NÃO,NÃO,NÃO,NÃO,NÃO,NÃO,NÃO,NÃO,NÃO,NÃO,NÃO,NÃO,NÃO,NÃO,NÃO,NÃO,NÃO,NÃO,NÃO,NÃO,NÃO,NÃO,NÃO,NÃO,NÃO,NÃO,NÃO,NÃO,NÃO,NÃO,NÃO,NÃO,NÃO,NÃO,NÃO,NÃO,NÃO,NÃO,,
11/19/2021 16:52:14,2012,8/29/2012,PP10/5/12,DIREÇÃO NACIONAL DO PARTIDO,,,,NÃO,,SIM,Sim,SIM,SIM,SIM,NÃO,NÃO,NÃO,NÃO,NÃO,NÃO,NÃO,SIM,NÃO,NÃO,NÃO,NÃO,NÃO,NÃO,NÃO,NÃO,NÃO,NÃO,NÃO,NÃO,NÃO,NÃO,NÃO,NÃO,NÃO,NÃO,NÃO,NÃO,NÃO,NÃO,NÃO,NÃO,NÃO,NÃO,NÃO,NÃO,NÃO,NÃO,NÃO,NÃO,NÃO,NÃO,NÃO,NÃO,NÃO,NÃO,NÃO,NÃO,NÃO,NÃO,NÃO,NÃO,NÃO,NÃO,NÃO,NÃO,NÃO,NÃO,NÃO,NÃO,NÃO,NÃO,NÃO,NÃO,NÃO,NÃO,NÃO,NÃO,NÃO,NÃO,,
11/19/2021 16:57:50,2012,8/30/2012,PPL24/5/12,DIREÇÃO NACIONAL DO PARTIDO,,,,NÃO,,SIM,Sim,SIM,SIM,SIM,NÃO,NÃO,NÃO,NÃO,NÃO,NÃO,NÃO,NÃO,NÃO,NÃO,NÃO,NÃO,NÃO,NÃO,NÃO,NÃO,NÃO,NÃO,NÃO,NÃO,NÃO,NÃO,NÃO,NÃO,NÃO,NÃO,SIM,NÃO,NÃO,NÃO,NÃO,NÃO,NÃO,NÃO,NÃO,NÃO,NÃO,NÃO,NÃO,NÃO,NÃO,NÃO,NÃO,NÃO,NÃO,NÃO,NÃO,NÃO,NÃO,NÃO,NÃO,NÃO,NÃO,NÃO,NÃO,NÃO,NÃO,NÃO,NÃO,NÃO,NÃO,NÃO,NÃO,NÃO,NÃO,NÃO,NÃO,NÃO,NÃO,NÃO,,
11/19/2021 17:02:24,2012,9/1/2012,PR14/6/12,DIREÇÃO NACIONAL DO PARTIDO,,,,NÃO,,SIM,Sim,SIM,SIM,SIM,NÃO,NÃO,NÃO,NÃO,SIM,NÃO,NÃO,NÃO,NÃO,NÃO,NÃO,NÃO,NÃO,NÃO,NÃO,NÃO,NÃO,NÃO,NÃO,NÃO,NÃO,NÃO,NÃO,NÃO,NÃO,NÃO,NÃO,NÃO,NÃO,NÃO,NÃO,NÃO,NÃO,NÃO,NÃO,NÃO,NÃO,NÃO,NÃO,NÃO,NÃO,NÃO,NÃO,NÃO,NÃO,NÃO,NÃO,NÃO,NÃO,NÃO,NÃO,NÃO,NÃO,NÃO,NÃO,NÃO,NÃO,NÃO,NÃO,NÃO,NÃO,NÃO,NÃO,NÃO,NÃO,NÃO,NÃO,NÃO,NÃO,NÃO,,
11/19/2021 17:05:37,2012,9/2/2012,PRB16/2/12,DIREÇÃO NACIONAL DO PARTIDO,,,,NÃO,,SIM,Sim,SIM,SIM,SIM,NÃO,NÃO,NÃO,NÃO,NÃO,NÃO,NÃO,NÃO,NÃO,NÃO,NÃO,NÃO,NÃO,NÃO,NÃO,NÃO,NÃO,NÃO,NÃO,NÃO,NÃO,NÃO,NÃO,NÃO,NÃO,SIM,NÃO,NÃO,NÃO,NÃO,NÃO,NÃO,NÃO,NÃO,NÃO,NÃO,NÃO,NÃO,NÃO,NÃO,NÃO,NÃO,NÃO,NÃO,NÃO,NÃO,NÃO,NÃO,NÃO,NÃO,NÃO,NÃO,NÃO,NÃO,NÃO,NÃO,NÃO,NÃO,NÃO,NÃO,NÃO,NÃO,NÃO,NÃO,NÃO,NÃO,NÃO,NÃO,NÃO,NÃO,,
11/19/2021 17:07:49,2012,9/3/2012,PRTB26/1/12,DIREÇÃO NACIONAL DO PARTIDO,,,,NÃO,,SIM,Sim,SIM,SIM,SIM,NÃO,NÃO,NÃO,NÃO,NÃO,NÃO,NÃO,NÃO,NÃO,NÃO,NÃO,NÃO,NÃO,NÃO,SIM,NÃO,NÃO,NÃO,NÃO,NÃO,NÃO,NÃO,NÃO,NÃO,NÃO,NÃO,NÃO,NÃO,NÃO,NÃO,NÃO,NÃO,NÃO,NÃO,NÃO,NÃO,NÃO,NÃO,NÃO,NÃO,NÃO,NÃO,NÃO,NÃO,NÃO,NÃO,NÃO,NÃO,NÃO,NÃO,NÃO,NÃO,NÃO,NÃO,NÃO,NÃO,NÃO,NÃO,NÃO,NÃO,NÃO,NÃO,NÃO,NÃO,NÃO,NÃO,NÃO,NÃO,NÃO,NÃO,,
11/19/2021 17:12:05,2012,9/4/2012,PSB12/4/12,DIREÇÃO NACIONAL DO PARTIDO,,,,NÃO,,SIM,Sim,SIM,SIM,SIM,NÃO,NÃO,NÃO,NÃO,NÃO,NÃO,NÃO,NÃO,SIM,NÃO,NÃO,NÃO,NÃO,NÃO,NÃO,NÃO,NÃO,NÃO,NÃO,NÃO,NÃO,NÃO,NÃO,NÃO,NÃO,NÃO,NÃO,NÃO,NÃO,NÃO,NÃO,NÃO,NÃO,NÃO,NÃO,NÃO,NÃO,NÃO,NÃO,NÃO,NÃO,NÃO,NÃO,NÃO,NÃO,NÃO,NÃO,NÃO,NÃO,NÃO,NÃO,NÃO,NÃO,NÃO,NÃO,NÃO,NÃO,NÃO,NÃO,NÃO,NÃO,NÃO,NÃO,NÃO,NÃO,NÃO,NÃO,NÃO,NÃO,NÃO,,
11/19/2021 17:14:18,2012,9/5/2012,PSC5/4/12,DIREÇÃO NACIONAL DO PARTIDO,,,,NÃO,,SIM,Sim,SIM,SIM,SIM,NÃO,NÃO,NÃO,NÃO,NÃO,NÃO,NÃO,NÃO,NÃO,NÃO,NÃO,NÃO,NÃO,NÃO,NÃO,NÃO,NÃO,NÃO,NÃO,SIM,NÃO,NÃO,NÃO,NÃO,NÃO,NÃO,NÃO,NÃO,NÃO,NÃO,NÃO,NÃO,NÃO,NÃO,NÃO,NÃO,NÃO,NÃO,NÃO,NÃO,NÃO,NÃO,NÃO,NÃO,NÃO,NÃO,NÃO,NÃO,NÃO,NÃO,NÃO,NÃO,NÃO,NÃO,NÃO,NÃO,NÃO,NÃO,NÃO,NÃO,NÃO,NÃO,NÃO,NÃO,NÃO,NÃO,NÃO,NÃO,NÃO,NÃO,,
11/19/2021 17:17:17,2012,9/6/2012,PSD7/6/12,DIREÇÃO NACIONAL DO PARTIDO,,,,NÃO,,SIM,Sim,SIM,SIM,SIM,NÃO,NÃO,NÃO,NÃO,NÃO,NÃO,NÃO,NÃO,NÃO,NÃO,NÃO,NÃO,NÃO,NÃO,NÃO,SIM,NÃO,NÃO,NÃO,NÃO,NÃO,NÃO,NÃO,NÃO,NÃO,NÃO,NÃO,NÃO,NÃO,NÃO,NÃO,NÃO,NÃO,NÃO,NÃO,NÃO,NÃO,NÃO,NÃO,NÃO,NÃO,NÃO,NÃO,NÃO,NÃO,NÃO,NÃO,NÃO,NÃO,NÃO,NÃO,NÃO,NÃO,NÃO,NÃO,NÃO,NÃO,NÃO,NÃO,NÃO,NÃO,NÃO,NÃO,NÃO,NÃO,NÃO,NÃO,NÃO,NÃO,NÃO,,
11/19/2021 17:19:06,2012,9/7/2012,PSDC23/2/12,DIREÇÃO NACIONAL DO PARTIDO,,,,NÃO,,SIM,Sim,SIM,SIM,SIM,NÃO,NÃO,NÃO,NÃO,NÃO,NÃO,NÃO,NÃO,NÃO,NÃO,NÃO,NÃO,NÃO,NÃO,NÃO,NÃO,NÃO,NÃO,NÃO,NÃO,SIM,NÃO,NÃO,NÃO,NÃO,NÃO,NÃO,NÃO,NÃO,NÃO,NÃO,NÃO,NÃO,NÃO,NÃO,NÃO,NÃO,NÃO,NÃO,NÃO,NÃO,NÃO,NÃO,NÃO,NÃO,NÃO,NÃO,NÃO,NÃO,NÃO,NÃO,NÃO,NÃO,NÃO,NÃO,NÃO,NÃO,NÃO,NÃO,NÃO,NÃO,NÃO,NÃO,NÃO,NÃO,NÃO,NÃO,NÃO,NÃO,NÃO,,
11/19/2021 17:21:27,2012,9/8/2012,PSL5/6/12,DIREÇÃO NACIONAL DO PARTIDO,,,,NÃO,,SIM,Sim,SIM,SIM,SIM,NÃO,NÃO,NÃO,NÃO,NÃO,NÃO,NÃO,NÃO,NÃO,NÃO,NÃO,NÃO,NÃO,NÃO,NÃO,NÃO,NÃO,NÃO,SIM,NÃO,NÃO,NÃO,NÃO,NÃO,NÃO,NÃO,NÃO,NÃO,NÃO,NÃO,NÃO,NÃO,NÃO,NÃO,NÃO,NÃO,NÃO,NÃO,NÃO,NÃO,NÃO,NÃO,NÃO,NÃO,NÃO,NÃO,NÃO,NÃO,NÃO,NÃO,NÃO,NÃO,NÃO,NÃO,NÃO,NÃO,NÃO,NÃO,NÃO,NÃO,NÃO,NÃO,NÃO,NÃO,NÃO,NÃO,NÃO,NÃO,NÃO,NÃO,,
11/19/2021 17:23:14,2012,9/9/2012,PSOL26/4/12,DIREÇÃO NACIONAL DO PARTIDO,,,,NÃO,,SIM,Sim,SIM,SIM,SIM,NÃO,NÃO,NÃO,NÃO,NÃO,NÃO,NÃO,NÃO,NÃO,NÃO,NÃO,NÃO,NÃO,SIM,NÃO,NÃO,NÃO,NÃO,NÃO,NÃO,NÃO,NÃO,NÃO,NÃO,NÃO,NÃO,NÃO,NÃO,NÃO,NÃO,NÃO,NÃO,NÃO,NÃO,NÃO,NÃO,NÃO,NÃO,NÃO,NÃO,NÃO,NÃO,NÃO,NÃO,NÃO,NÃO,NÃO,NÃO,NÃO,NÃO,NÃO,NÃO,NÃO,NÃO,NÃO,NÃO,NÃO,NÃO,NÃO,NÃO,NÃO,NÃO,NÃO,NÃO,NÃO,NÃO,NÃO,NÃO,NÃO,NÃO,,
11/19/2021 17:25:58,2012,9/10/2012,PSTU17/5/12,DIREÇÃO NACIONAL DO PARTIDO,,,,NÃO,,SIM,Sim,SIM,SIM,SIM,NÃO,NÃO,NÃO,NÃO,NÃO,NÃO,NÃO,NÃO,NÃO,SIM,NÃO,NÃO,NÃO,NÃO,NÃO,NÃO,NÃO,NÃO,NÃO,NÃO,NÃO,NÃO,NÃO,NÃO,NÃO,NÃO,NÃO,NÃO,NÃO,NÃO,NÃO,NÃO,NÃO,NÃO,NÃO,NÃO,NÃO,NÃO,NÃO,NÃO,NÃO,NÃO,NÃO,NÃO,NÃO,NÃO,NÃO,NÃO,NÃO,NÃO,NÃO,NÃO,NÃO,NÃO,NÃO,NÃO,NÃO,NÃO,NÃO,NÃO,NÃO,NÃO,NÃO,NÃO,NÃO,NÃO,NÃO,NÃO,NÃO,NÃO,,
11/19/2021 17:27:53,2012,9/11/2012,PTC1/3/12,DIREÇÃO NACIONAL DO PARTIDO,,,,NÃO,,SIM,Sim,SIM,SIM,SIM,NÃO,NÃO,NÃO,NÃO,NÃO,NÃO,NÃO,NÃO,NÃO,NÃO,NÃO,NÃO,NÃO,NÃO,NÃO,NÃO,NÃO,SIM,NÃO,NÃO,NÃO,NÃO,NÃO,NÃO,NÃO,NÃO,NÃO,NÃO,NÃO,NÃO,NÃO,NÃO,NÃO,NÃO,NÃO,NÃO,NÃO,NÃO,NÃO,NÃO,NÃO,NÃO,NÃO,NÃO,NÃO,NÃO,NÃO,NÃO,NÃO,NÃO,NÃO,NÃO,NÃO,NÃO,NÃO,NÃO,NÃO,NÃO,NÃO,NÃO,NÃO,NÃO,NÃO,NÃO,NÃO,NÃO,NÃO,NÃO,NÃO,NÃO,,
11/19/2021 17:29:56,2012,9/12/2012,PTDOB3/5/12,DIREÇÃO NACIONAL DO PARTIDO,,,,NÃO,,SIM,Sim,SIM,SIM,SIM,NÃO,NÃO,NÃO,NÃO,NÃO,NÃO,NÃO,NÃO,NÃO,NÃO,NÃO,NÃO,NÃO,NÃO,NÃO,NÃO,NÃO,NÃO,NÃO,NÃO,NÃO,NÃO,NÃO,NÃO,NÃO,NÃO,NÃO,NÃO,NÃO,NÃO,NÃO,NÃO,NÃO,NÃO,NÃO,NÃO,NÃO,NÃO,NÃO,NÃO,NÃO,NÃO,NÃO,NÃO,NÃO,SIM,NÃO,NÃO,NÃO,NÃO,NÃO,NÃO,NÃO,NÃO,NÃO,NÃO,NÃO,NÃO,NÃO,NÃO,NÃO,NÃO,NÃO,NÃO,NÃO,NÃO,NÃO,NÃO,NÃO,NÃO,,
11/19/2021 17:31:54,2012,9/13/2012,PV15/3/12,DIREÇÃO NACIONAL DO PARTIDO,,,,NÃO,,SIM,Sim,SIM,SIM,SIM,NÃO,NÃO,NÃO,NÃO,NÃO,NÃO,NÃO,NÃO,NÃO,NÃO,SIM,NÃO,NÃO,NÃO,NÃO,NÃO,NÃO,NÃO,NÃO,NÃO,NÃO,NÃO,NÃO,NÃO,NÃO,NÃO,NÃO,NÃO,NÃO,NÃO,NÃO,NÃO,NÃO,NÃO,NÃO,NÃO,NÃO,NÃO,NÃO,NÃO,NÃO,NÃO,NÃO,NÃO,NÃO,NÃO,NÃO,NÃO,NÃO,NÃO,NÃO,NÃO,NÃO,NÃO,NÃO,NÃO,NÃO,NÃO,NÃO,NÃO,NÃO,NÃO,NÃO,NÃO,NÃO,NÃO,NÃO,NÃO,NÃO,NÃO,,
11/23/2021 14:34:14,2013,8/1/2013,001/13,DIREÇÃO NACIONAL DO PARTIDO,,,,NÃO,,SIM,Sim,SIM,SIM,SIM,NÃO,SIM,NÃO,NÃO,NÃO,NÃO,NÃO,NÃO,NÃO,NÃO,NÃO,NÃO,NÃO,NÃO,NÃO,NÃO,NÃO,NÃO,NÃO,NÃO,NÃO,NÃO,NÃO,NÃO,NÃO,NÃO,NÃO,NÃO,NÃO,NÃO,NÃO,NÃO,NÃO,NÃO,NÃO,NÃO,NÃO,NÃO,NÃO,NÃO,NÃO,NÃO,NÃO,NÃO,NÃO,NÃO,NÃO,NÃO,NÃO,NÃO,NÃO,NÃO,NÃO,NÃO,NÃO,NÃO,NÃO,NÃO,NÃO,NÃO,NÃO,NÃO,NÃO,NÃO,NÃO,NÃO,NÃO,NÃO,NÃO,NÃO,,
11/23/2021 15:01:01,2013,8/2/2013,002/13,DIREÇÃO NACIONAL DO PARTIDO,,,,NÃO,,SIM,Sim,SIM,SIM,SIM,NÃO,NÃO,NÃO,NÃO,NÃO,NÃO,SIM,NÃO,NÃO,NÃO,NÃO,NÃO,NÃO,NÃO,NÃO,NÃO,NÃO,NÃO,NÃO,NÃO,NÃO,NÃO,NÃO,NÃO,NÃO,NÃO,NÃO,NÃO,NÃO,NÃO,NÃO,NÃO,NÃO,NÃO,NÃO,NÃO,NÃO,NÃO,NÃO,NÃO,NÃO,NÃO,NÃO,NÃO,NÃO,NÃO,NÃO,NÃO,NÃO,NÃO,NÃO,NÃO,NÃO,NÃO,NÃO,NÃO,NÃO,NÃO,NÃO,NÃO,NÃO,NÃO,NÃO,NÃO,NÃO,NÃO,NÃO,NÃO,NÃO,NÃO,,
11/23/2021 15:03:14,2013,8/3/2013,DEM6/6/13,DIREÇÃO NACIONAL DO PARTIDO,,,,NÃO,,SIM,Sim,SIM,SIM,SIM,NÃO,NÃO,NÃO,NÃO,NÃO,NÃO,NÃO,NÃO,NÃO,NÃO,NÃO,NÃO,NÃO,NÃO,NÃO,NÃO,NÃO,NÃO,NÃO,NÃO,NÃO,NÃO,NÃO,NÃO,NÃO,NÃO,NÃO,NÃO,NÃO,NÃO,NÃO,NÃO,NÃO,SIM,NÃO,NÃO,NÃO,NÃO,NÃO,NÃO,NÃO,NÃO,NÃO,NÃO,NÃO,NÃO,NÃO,NÃO,NÃO,NÃO,NÃO,NÃO,NÃO,NÃO,NÃO,NÃO,NÃO,NÃO,NÃO,NÃO,NÃO,NÃO,NÃO,NÃO,NÃO,NÃO,NÃO,NÃO,NÃO,NÃO,,
11/23/2021 15:05:15,2013,8/4/2013,DEM12/12/13,DIREÇÃO NACIONAL DO PARTIDO,,,,NÃO,,SIM,Sim,SIM,SIM,SIM,NÃO,NÃO,NÃO,NÃO,NÃO,NÃO,NÃO,NÃO,NÃO,NÃO,NÃO,NÃO,NÃO,NÃO,NÃO,NÃO,NÃO,NÃO,NÃO,NÃO,NÃO,NÃO,NÃO,NÃO,NÃO,NÃO,NÃO,NÃO,NÃO,NÃO,NÃO,NÃO,NÃO,SIM,NÃO,NÃO,NÃO,NÃO,NÃO,NÃO,NÃO,NÃO,NÃO,NÃO,NÃO,NÃO,NÃO,NÃO,NÃO,NÃO,NÃO,NÃO,NÃO,NÃO,NÃO,NÃO,NÃO,NÃO,NÃO,NÃO,NÃO,NÃO,NÃO,NÃO,NÃO,NÃO,NÃO,NÃO,NÃO,NÃO,,
11/23/2021 15:07:01,2013,8/5/2013,PCB21/3/13,DIREÇÃO NACIONAL DO PARTIDO,,,,NÃO,,SIM,Sim,SIM,SIM,SIM,NÃO,NÃO,NÃO,NÃO,NÃO,NÃO,NÃO,NÃO,NÃO,NÃO,NÃO,NÃO,SIM,NÃO,NÃO,NÃO,NÃO,NÃO,NÃO,NÃO,NÃO,NÃO,NÃO,NÃO,NÃO,NÃO,NÃO,NÃO,NÃO,NÃO,NÃO,NÃO,NÃO,NÃO,NÃO,NÃO,NÃO,NÃO,NÃO,NÃO,NÃO,NÃO,NÃO,NÃO,NÃO,NÃO,NÃO,NÃO,NÃO,NÃO,NÃO,NÃO,NÃO,NÃO,NÃO,NÃO,NÃO,NÃO,NÃO,NÃO,NÃO,NÃO,NÃO,NÃO,NÃO,NÃO,NÃO,NÃO,NÃO,NÃO,,
11/23/2021 15:09:16,2013,8/6/2013,PCDOB5/12/13,DIREÇÃO NACIONAL DO PARTIDO,,,,NÃO,,SIM,Sim,SIM,SIM,SIM,NÃO,NÃO,NÃO,SIM,NÃO,NÃO,NÃO,NÃO,NÃO,NÃO,NÃO,NÃO,NÃO,NÃO,NÃO,NÃO,NÃO,NÃO,NÃO,NÃO,NÃO,NÃO,NÃO,NÃO,NÃO,NÃO,NÃO,NÃO,NÃO,NÃO,NÃO,NÃO,NÃO,NÃO,NÃO,NÃO,NÃO,NÃO,NÃO,NÃO,NÃO,NÃO,NÃO,NÃO,NÃO,NÃO,NÃO,NÃO,NÃO,NÃO,NÃO,NÃO,NÃO,NÃO,NÃO,NÃO,NÃO,NÃO,NÃO,NÃO,NÃO,NÃO,NÃO,NÃO,NÃO,NÃO,NÃO,NÃO,NÃO,NÃO,,
11/23/2021 15:11:35,2013,8/7/2013,PCDOB28/3/13,DIREÇÃO NACIONAL DO PARTIDO,,,,NÃO,,SIM,Sim,SIM,SIM,SIM,NÃO,NÃO,NÃO,SIM,NÃO,NÃO,NÃO,NÃO,NÃO,NÃO,NÃO,NÃO,NÃO,NÃO,NÃO,NÃO,NÃO,NÃO,NÃO,NÃO,NÃO,NÃO,NÃO,NÃO,NÃO,NÃO,NÃO,NÃO,NÃO,NÃO,NÃO,NÃO,NÃO,NÃO,NÃO,NÃO,NÃO,NÃO,NÃO,NÃO,NÃO,NÃO,NÃO,NÃO,NÃO,NÃO,NÃO,NÃO,NÃO,NÃO,NÃO,NÃO,NÃO,NÃO,NÃO,NÃO,NÃO,NÃO,NÃO,NÃO,NÃO,NÃO,NÃO,NÃO,NÃO,NÃO,NÃO,NÃO,NÃO,NÃO,,
11/23/2021 15:14:22,2013,8/8/2013,PCO13/6/13,DIREÇÃO NACIONAL DO PARTIDO,,,,NÃO,,SIM,Sim,SIM,SIM,SIM,NÃO,NÃO,NÃO,NÃO,NÃO,NÃO,NÃO,NÃO,NÃO,NÃO,NÃO,NÃO,NÃO,NÃO,NÃO,NÃO,NÃO,NÃO,NÃO,NÃO,NÃO,NÃO,SIM,NÃO,NÃO,NÃO,NÃO,NÃO,NÃO,NÃO,NÃO,NÃO,NÃO,NÃO,NÃO,NÃO,NÃO,NÃO,NÃO,NÃO,NÃO,NÃO,NÃO,NÃO,NÃO,NÃO,NÃO,NÃO,NÃO,NÃO,NÃO,NÃO,NÃO,NÃO,NÃO,NÃO,NÃO,NÃO,NÃO,NÃO,NÃO,NÃO,NÃO,NÃO,NÃO,NÃO,NÃO,NÃO,NÃO,NÃO,,
11/23/2021 15:17:05,2013,8/9/2013,PCO26/12/13,DIREÇÃO NACIONAL DO PARTIDO,,,,NÃO,,SIM,Sim,SIM,SIM,SIM,NÃO,NÃO,NÃO,NÃO,NÃO,NÃO,NÃO,NÃO,NÃO,NÃO,NÃO,NÃO,NÃO,NÃO,NÃO,NÃO,NÃO,NÃO,NÃO,NÃO,NÃO,NÃO,SIM,NÃO,NÃO,NÃO,NÃO,NÃO,NÃO,NÃO,NÃO,NÃO,NÃO,NÃO,NÃO,NÃO,NÃO,NÃO,NÃO,NÃO,NÃO,NÃO,NÃO,NÃO,NÃO,NÃO,NÃO,NÃO,NÃO,NÃO,NÃO,NÃO,NÃO,NÃO,NÃO,NÃO,NÃO,NÃO,NÃO,NÃO,NÃO,NÃO,NÃO,NÃO,NÃO,NÃO,NÃO,NÃO,NÃO,NÃO,,
11/23/2021 15:19:04,2013,8/10/2013,PDT18/7/13,DIREÇÃO NACIONAL DO PARTIDO,,,,NÃO,,SIM,Sim,SIM,SIM,SIM,NÃO,NÃO,SIM,NÃO,NÃO,NÃO,NÃO,NÃO,NÃO,NÃO,NÃO,NÃO,NÃO,NÃO,NÃO,NÃO,NÃO,NÃO,NÃO,NÃO,NÃO,NÃO,NÃO,NÃO,NÃO,NÃO,NÃO,NÃO,NÃO,NÃO,NÃO,NÃO,NÃO,NÃO,NÃO,NÃO,NÃO,NÃO,NÃO,NÃO,NÃO,NÃO,NÃO,NÃO,NÃO,NÃO,NÃO,NÃO,NÃO,NÃO,NÃO,NÃO,NÃO,NÃO,NÃO,NÃO,NÃO,NÃO,NÃO,NÃO,NÃO,NÃO,NÃO,NÃO,NÃO,NÃO,NÃO,NÃO,NÃO,NÃO,,
11/23/2021 15:21:17,2013,8/11/2013,PDT24/1/13,DIREÇÃO NACIONAL DO PARTIDO,,,,NÃO,,SIM,Sim,SIM,SIM,SIM,NÃO,NÃO,SIM,NÃO,NÃO,NÃO,NÃO,NÃO,NÃO,NÃO,NÃO,NÃO,NÃO,NÃO,NÃO,NÃO,NÃO,NÃO,NÃO,NÃO,NÃO,NÃO,NÃO,NÃO,NÃO,NÃO,NÃO,NÃO,NÃO,NÃO,NÃO,NÃO,NÃO,NÃO,NÃO,NÃO,NÃO,NÃO,NÃO,NÃO,NÃO,NÃO,NÃO,NÃO,NÃO,NÃO,NÃO,NÃO,NÃO,NÃO,NÃO,NÃO,NÃO,NÃO,NÃO,NÃO,NÃO,NÃO,NÃO,NÃO,NÃO,NÃO,NÃO,NÃO,NÃO,NÃO,NÃO,NÃO,NÃO,NÃO,,
11/23/2021 15:24:42,2013,8/12/2013,PEN10/1/13,DIREÇÃO NACIONAL DO PARTIDO,,,,NÃO,,SIM,Sim,SIM,SIM,SIM,NÃO,NÃO,NÃO,NÃO,NÃO,NÃO,NÃO,NÃO,NÃO,NÃO,NÃO,NÃO,NÃO,NÃO,NÃO,NÃO,NÃO,NÃO,NÃO,NÃO,NÃO,NÃO,NÃO,NÃO,NÃO,NÃO,NÃO,NÃO,NÃO,SIM,NÃO,NÃO,NÃO,NÃO,NÃO,NÃO,NÃO,NÃO,NÃO,NÃO,NÃO,NÃO,NÃO,NÃO,NÃO,NÃO,NÃO,NÃO,NÃO,NÃO,NÃO,NÃO,NÃO,NÃO,NÃO,NÃO,NÃO,NÃO,NÃO,NÃO,NÃO,NÃO,NÃO,NÃO,NÃO,NÃO,NÃO,NÃO,NÃO,NÃO,,
11/23/2021 15:26:50,2013,8/13/2013,PEN21/11/13,DIREÇÃO NACIONAL DO PARTIDO,,,,NÃO,,SIM,Sim,SIM,SIM,SIM,NÃO,NÃO,NÃO,NÃO,NÃO,NÃO,NÃO,NÃO,NÃO,NÃO,NÃO,NÃO,NÃO,NÃO,NÃO,NÃO,NÃO,NÃO,NÃO,NÃO,NÃO,NÃO,NÃO,NÃO,NÃO,NÃO,NÃO,NÃO,NÃO,SIM,NÃO,NÃO,NÃO,NÃO,NÃO,NÃO,NÃO,NÃO,NÃO,NÃO,NÃO,NÃO,NÃO,NÃO,NÃO,NÃO,NÃO,NÃO,NÃO,NÃO,NÃO,NÃO,NÃO,NÃO,NÃO,NÃO,NÃO,NÃO,NÃO,NÃO,NÃO,NÃO,NÃO,NÃO,NÃO,NÃO,NÃO,NÃO,NÃO,NÃO,,
11/23/2021 15:29:31,2013,8/14/2013,PHS3/1/13,DIREÇÃO NACIONAL DO PARTIDO,,,,NÃO,,SIM,Sim,SIM,SIM,SIM,NÃO,NÃO,NÃO,NÃO,NÃO,NÃO,NÃO,NÃO,NÃO,NÃO,NÃO,NÃO,NÃO,NÃO,NÃO,NÃO,NÃO,NÃO,NÃO,NÃO,NÃO,NÃO,NÃO,NÃO,SIM,NÃO,NÃO,NÃO,NÃO,NÃO,NÃO,NÃO,NÃO,NÃO,NÃO,NÃO,NÃO,NÃO,NÃO,NÃO,NÃO,NÃO,NÃO,NÃO,NÃO,NÃO,NÃO,NÃO,NÃO,NÃO,NÃO,NÃO,NÃO,NÃO,NÃO,NÃO,NÃO,NÃO,NÃO,NÃO,NÃO,NÃO,NÃO,NÃO,NÃO,NÃO,NÃO,NÃO,NÃO,NÃO,,
11/23/2021 15:32:38,2013,8/15/2013,PMDB22/8/13,DIREÇÃO NACIONAL DO PARTIDO,,,,NÃO,,SIM,Sim,SIM,SIM,SIM,NÃO,NÃO,NÃO,NÃO,NÃO,SIM,NÃO,NÃO,NÃO,NÃO,NÃO,NÃO,NÃO,NÃO,NÃO,NÃO,NÃO,NÃO,NÃO,NÃO,NÃO,NÃO,NÃO,NÃO,NÃO,NÃO,NÃO,NÃO,NÃO,NÃO,NÃO,NÃO,NÃO,NÃO,NÃO,NÃO,NÃO,NÃO,NÃO,NÃO,NÃO,NÃO,NÃO,NÃO,NÃO,NÃO,NÃO,NÃO,NÃO,NÃO,NÃO,NÃO,NÃO,NÃO,NÃO,NÃO,NÃO,NÃO,NÃO,NÃO,NÃO,NÃO,NÃO,NÃO,NÃO,NÃO,NÃO,NÃO,NÃO,NÃO,,
11/23/2021 15:34:28,2013,8/16/2013,PMDB28/2/13,DIREÇÃO NACIONAL DO PARTIDO,,,,NÃO,,SIM,Sim,SIM,SIM,SIM,NÃO,NÃO,NÃO,NÃO,NÃO,SIM,NÃO,NÃO,NÃO,NÃO,NÃO,NÃO,NÃO,NÃO,NÃO,NÃO,NÃO,NÃO,NÃO,NÃO,NÃO,NÃO,NÃO,NÃO,NÃO,NÃO,NÃO,NÃO,NÃO,NÃO,NÃO,NÃO,NÃO,NÃO,NÃO,NÃO,NÃO,NÃO,NÃO,NÃO,NÃO,NÃO,NÃO,NÃO,NÃO,NÃO,NÃO,NÃO,NÃO,NÃO,NÃO,NÃO,NÃO,NÃO,NÃO,NÃO,NÃO,NÃO,NÃO,NÃO,NÃO,NÃO,NÃO,NÃO,NÃO,NÃO,NÃO,NÃO,NÃO,NÃO,,
11/23/2021 15:36:19,2013,8/17/2013,PMN18/6/13,DIREÇÃO NACIONAL DO PARTIDO,,,,NÃO,,SIM,Sim,SIM,SIM,SIM,NÃO,NÃO,NÃO,NÃO,NÃO,NÃO,SIM,NÃO,NÃO,NÃO,NÃO,NÃO,NÃO,NÃO,NÃO,NÃO,NÃO,NÃO,NÃO,NÃO,NÃO,SIM,NÃO,NÃO,NÃO,NÃO,NÃO,NÃO,NÃO,NÃO,NÃO,NÃO,NÃO,NÃO,NÃO,NÃO,NÃO,NÃO,NÃO,NÃO,NÃO,NÃO,NÃO,NÃO,NÃO,NÃO,NÃO,NÃO,NÃO,NÃO,NÃO,NÃO,NÃO,NÃO,NÃO,NÃO,NÃO,NÃO,NÃO,NÃO,NÃO,NÃO,NÃO,NÃO,NÃO,NÃO,NÃO,NÃO,NÃO,NÃO,,
11/23/2021 15:38:38,2013,8/18/2013,PP4/4/13,DIREÇÃO NACIONAL DO PARTIDO,,,,NÃO,,SIM,Sim,SIM,SIM,SIM,NÃO,NÃO,NÃO,NÃO,NÃO,NÃO,NÃO,SIM,NÃO,NÃO,NÃO,NÃO,NÃO,NÃO,NÃO,NÃO,NÃO,NÃO,NÃO,NÃO,NÃO,NÃO,NÃO,NÃO,NÃO,NÃO,NÃO,NÃO,NÃO,NÃO,NÃO,NÃO,NÃO,NÃO,NÃO,NÃO,NÃO,NÃO,NÃO,NÃO,NÃO,NÃO,NÃO,NÃO,NÃO,NÃO,NÃO,NÃO,NÃO,NÃO,NÃO,NÃO,NÃO,NÃO,NÃO,NÃO,NÃO,NÃO,NÃO,NÃO,NÃO,NÃO,NÃO,NÃO,NÃO,NÃO,NÃO,NÃO,NÃO,NÃO,,
11/23/2021 15:40:59,2013,8/19/2013,PP28/11/13 ,DIREÇÃO NACIONAL DO PARTIDO,,,,NÃO,,SIM,Sim,SIM,SIM,SIM,NÃO,NÃO,NÃO,NÃO,NÃO,NÃO,NÃO,SIM,NÃO,NÃO,NÃO,NÃO,NÃO,NÃO,NÃO,NÃO,NÃO,NÃO,NÃO,NÃO,NÃO,NÃO,NÃO,NÃO,NÃO,NÃO,NÃO,NÃO,NÃO,NÃO,NÃO,NÃO,NÃO,NÃO,NÃO,NÃO,NÃO,NÃO,NÃO,NÃO,NÃO,NÃO,NÃO,NÃO,NÃO,NÃO,NÃO,NÃO,NÃO,NÃO,NÃO,NÃO,NÃO,NÃO,NÃO,NÃO,NÃO,NÃO,NÃO,NÃO,NÃO,NÃO,NÃO,NÃO,NÃO,NÃO,NÃO,NÃO,NÃO,NÃO,,
11/23/2021 15:42:49,2013,8/20/2013,PPL15/8/13,DIREÇÃO NACIONAL DO PARTIDO,,,,NÃO,,SIM,Sim,SIM,SIM,SIM,NÃO,NÃO,NÃO,NÃO,NÃO,NÃO,NÃO,NÃO,NÃO,NÃO,NÃO,NÃO,NÃO,NÃO,NÃO,NÃO,NÃO,NÃO,NÃO,NÃO,NÃO,NÃO,NÃO,NÃO,NÃO,NÃO,SIM,NÃO,NÃO,NÃO,NÃO,NÃO,NÃO,NÃO,NÃO,NÃO,NÃO,NÃO,NÃO,NÃO,NÃO,NÃO,NÃO,NÃO,NÃO,NÃO,NÃO,NÃO,NÃO,NÃO,NÃO,NÃO,NÃO,NÃO,NÃO,NÃO,NÃO,NÃO,NÃO,NÃO,NÃO,NÃO,NÃO,NÃO,NÃO,NÃO,NÃO,NÃO,NÃO,NÃO,,
11/23/2021 15:45:38,2013,8/21/2013,PPL21/2/13,DIREÇÃO NACIONAL DO PARTIDO,,,,NÃO,,SIM,Sim,SIM,SIM,SIM,NÃO,NÃO,NÃO,NÃO,NÃO,NÃO,NÃO,NÃO,NÃO,NÃO,NÃO,NÃO,NÃO,NÃO,NÃO,NÃO,NÃO,NÃO,NÃO,NÃO,NÃO,NÃO,NÃO,NÃO,NÃO,NÃO,SIM,NÃO,NÃO,NÃO,NÃO,NÃO,NÃO,NÃO,NÃO,NÃO,NÃO,NÃO,NÃO,NÃO,NÃO,NÃO,NÃO,NÃO,NÃO,NÃO,NÃO,NÃO,NÃO,NÃO,NÃO,NÃO,NÃO,NÃO,NÃO,NÃO,NÃO,NÃO,NÃO,NÃO,NÃO,NÃO,NÃO,NÃO,NÃO,NÃO,NÃO,NÃO,NÃO,NÃO,,
11/23/2021 15:47:35,2013,8/22/2013,PPS26/9/13,DIREÇÃO NACIONAL DO PARTIDO,,,,NÃO,,SIM,Sim,SIM,SIM,SIM,NÃO,NÃO,NÃO,NÃO,NÃO,NÃO,SIM,NÃO,NÃO,NÃO,NÃO,NÃO,NÃO,NÃO,NÃO,NÃO,NÃO,NÃO,NÃO,NÃO,NÃO,NÃO,NÃO,NÃO,NÃO,NÃO,NÃO,NÃO,NÃO,NÃO,NÃO,NÃO,NÃO,NÃO,NÃO,NÃO,NÃO,NÃO,NÃO,NÃO,NÃO,NÃO,NÃO,NÃO,NÃO,NÃO,NÃO,NÃO,NÃO,NÃO,NÃO,NÃO,NÃO,NÃO,NÃO,NÃO,NÃO,NÃO,NÃO,NÃO,NÃO,NÃO,NÃO,NÃO,NÃO,NÃO,NÃO,NÃO,NÃO,NÃO,,
11/23/2021 15:49:38,2013,8/23/2013,PPS27/6/13,DIREÇÃO NACIONAL DO PARTIDO,,,,NÃO,,SIM,Sim,SIM,SIM,SIM,NÃO,NÃO,NÃO,NÃO,NÃO,NÃO,SIM,NÃO,NÃO,NÃO,NÃO,NÃO,NÃO,NÃO,NÃO,NÃO,NÃO,NÃO,NÃO,NÃO,NÃO,NÃO,NÃO,NÃO,NÃO,NÃO,NÃO,NÃO,NÃO,NÃO,NÃO,NÃO,NÃO,NÃO,NÃO,NÃO,NÃO,NÃO,NÃO,NÃO,NÃO,NÃO,NÃO,NÃO,NÃO,NÃO,NÃO,NÃO,NÃO,NÃO,NÃO,NÃO,NÃO,NÃO,NÃO,NÃO,NÃO,NÃO,NÃO,NÃO,NÃO,NÃO,NÃO,NÃO,NÃO,NÃO,NÃO,NÃO,NÃO,NÃO,,
11/23/2021 15:54:17,2013,8/24/2013,PR7/11/13,DIREÇÃO NACIONAL DO PARTIDO,,,,NÃO,,SIM,Sim,SIM,SIM,SIM,NÃO,NÃO,NÃO,NÃO,SIM,NÃO,NÃO,NÃO,NÃO,NÃO,NÃO,NÃO,NÃO,NÃO,NÃO,NÃO,NÃO,NÃO,NÃO,NÃO,NÃO,NÃO,NÃO,NÃO,NÃO,NÃO,NÃO,NÃO,NÃO,NÃO,NÃO,NÃO,NÃO,NÃO,NÃO,NÃO,NÃO,NÃO,NÃO,NÃO,NÃO,NÃO,NÃO,NÃO,NÃO,NÃO,NÃO,NÃO,NÃO,NÃO,NÃO,NÃO,NÃO,NÃO,NÃO,NÃO,NÃO,NÃO,NÃO,NÃO,NÃO,NÃO,NÃO,NÃO,NÃO,NÃO,NÃO,NÃO,NÃO,NÃO,,
11/23/2021 16:11:02,2013,8/25/2013,PR16/5/13,DIREÇÃO NACIONAL DO PARTIDO,,,,NÃO,,SIM,Sim,SIM,SIM,SIM,NÃO,NÃO,NÃO,NÃO,SIM,NÃO,NÃO,NÃO,NÃO,NÃO,NÃO,NÃO,NÃO,NÃO,NÃO,NÃO,NÃO,NÃO,NÃO,NÃO,NÃO,NÃO,NÃO,NÃO,NÃO,NÃO,NÃO,NÃO,NÃO,NÃO,NÃO,NÃO,NÃO,NÃO,NÃO,NÃO,NÃO,NÃO,NÃO,NÃO,NÃO,NÃO,NÃO,NÃO,NÃO,NÃO,NÃO,NÃO,NÃO,NÃO,NÃO,NÃO,NÃO,NÃO,NÃO,NÃO,NÃO,NÃO,NÃO,NÃO,NÃO,NÃO,NÃO,NÃO,NÃO,NÃO,NÃO,NÃO,NÃO,NÃO,,
11/23/2021 16:13:06,2013,8/26/2013,PRB25/7/13,DIREÇÃO NACIONAL DO PARTIDO,,,,NÃO,,SIM,Sim,SIM,SIM,SIM,NÃO,NÃO,NÃO,NÃO,NÃO,NÃO,NÃO,NÃO,NÃO,NÃO,NÃO,NÃO,NÃO,NÃO,NÃO,NÃO,NÃO,NÃO,NÃO,NÃO,NÃO,NÃO,NÃO,NÃO,NÃO,SIM,NÃO,NÃO,NÃO,NÃO,NÃO,NÃO,NÃO,NÃO,NÃO,NÃO,NÃO,NÃO,NÃO,NÃO,NÃO,NÃO,NÃO,NÃO,NÃO,NÃO,NÃO,NÃO,NÃO,NÃO,NÃO,NÃO,NÃO,NÃO,NÃO,NÃO,NÃO,NÃO,NÃO,NÃO,NÃO,NÃO,NÃO,NÃO,NÃO,NÃO,NÃO,NÃO,NÃO,NÃO,,
11/23/2021 16:16:19,2013,8/27/2013,PRB31/1/13,DIREÇÃO NACIONAL DO PARTIDO,,,,NÃO,,SIM,Sim,SIM,SIM,SIM,NÃO,NÃO,NÃO,NÃO,NÃO,NÃO,NÃO,NÃO,NÃO,NÃO,NÃO,NÃO,NÃO,NÃO,NÃO,NÃO,NÃO,NÃO,NÃO,NÃO,NÃO,NÃO,NÃO,NÃO,NÃO,SIM,NÃO,NÃO,NÃO,NÃO,NÃO,NÃO,NÃO,NÃO,NÃO,NÃO,NÃO,NÃO,NÃO,NÃO,NÃO,NÃO,NÃO,NÃO,NÃO,NÃO,NÃO,NÃO,NÃO,NÃO,NÃO,NÃO,NÃO,NÃO,NÃO,NÃO,NÃO,NÃO,NÃO,NÃO,NÃO,NÃO,NÃO,NÃO,NÃO,NÃO,NÃO,NÃO,NÃO,NÃO,,
11/23/2021 16:18:53,2013,8/28/2013,PRP7/3/13,DIREÇÃO NACIONAL DO PARTIDO,,,,NÃO,,SIM,Sim,SIM,SIM,SIM,NÃO,NÃO,NÃO,NÃO,NÃO,NÃO,NÃO,NÃO,NÃO,NÃO,NÃO,NÃO,NÃO,NÃO,NÃO,NÃO,NÃO,NÃO,NÃO,NÃO,NÃO,NÃO,NÃO,SIM,NÃO,NÃO,NÃO,NÃO,NÃO,NÃO,NÃO,NÃO,NÃO,NÃO,NÃO,NÃO,NÃO,NÃO,NÃO,NÃO,NÃO,NÃO,NÃO,NÃO,NÃO,NÃO,NÃO,NÃO,NÃO,NÃO,NÃO,NÃO,NÃO,NÃO,NÃO,NÃO,NÃO,NÃO,NÃO,NÃO,NÃO,NÃO,NÃO,NÃO,NÃO,NÃO,NÃO,NÃO,NÃO,NÃO,,
11/23/2021 16:22:13,2013,8/29/2013,PRP12/9/13,DIREÇÃO NACIONAL DO PARTIDO,,,,NÃO,,SIM,Sim,SIM,SIM,SIM,NÃO,NÃO,NÃO,NÃO,NÃO,NÃO,NÃO,NÃO,NÃO,NÃO,NÃO,NÃO,NÃO,NÃO,NÃO,NÃO,NÃO,NÃO,NÃO,NÃO,NÃO,NÃO,NÃO,SIM,NÃO,NÃO,NÃO,NÃO,NÃO,NÃO,NÃO,NÃO,NÃO,NÃO,NÃO,NÃO,NÃO,NÃO,NÃO,NÃO,NÃO,NÃO,NÃO,NÃO,NÃO,NÃO,NÃO,NÃO,NÃO,NÃO,NÃO,NÃO,NÃO,NÃO,NÃO,NÃO,NÃO,NÃO,NÃO,NÃO,NÃO,NÃO,NÃO,NÃO,NÃO,NÃO,NÃO,NÃO,NÃO,NÃO,,
11/23/2021 16:28:19,2013,8/30/2013,PRTB5/9/13,DIREÇÃO NACIONAL DO PARTIDO,,,,NÃO,,SIM,Sim,SIM,SIM,SIM,NÃO,NÃO,NÃO,NÃO,NÃO,NÃO,NÃO,NÃO,NÃO,NÃO,NÃO,NÃO,NÃO,NÃO,SIM,NÃO,NÃO,NÃO,NÃO,NÃO,NÃO,NÃO,NÃO,NÃO,NÃO,NÃO,NÃO,NÃO,NÃO,NÃO,NÃO,NÃO,NÃO,NÃO,NÃO,NÃO,NÃO,NÃO,NÃO,NÃO,NÃO,NÃO,NÃO,NÃO,NÃO,NÃO,NÃO,NÃO,NÃO,NÃO,NÃO,NÃO,NÃO,NÃO,NÃO,NÃO,NÃO,NÃO,NÃO,NÃO,NÃO,NÃO,NÃO,NÃO,NÃO,NÃO,NÃO,NÃO,NÃO,NÃO,,
11/23/2021 16:30:37,2013,8/31/2013,PRTB18/4/13,DIREÇÃO NACIONAL DO PARTIDO,,,,NÃO,,SIM,Sim,SIM,SIM,SIM,NÃO,NÃO,NÃO,NÃO,NÃO,NÃO,NÃO,NÃO,NÃO,NÃO,NÃO,NÃO,NÃO,NÃO,SIM,NÃO,NÃO,NÃO,NÃO,NÃO,NÃO,NÃO,NÃO,NÃO,NÃO,NÃO,NÃO,NÃO,NÃO,NÃO,NÃO,NÃO,NÃO,NÃO,NÃO,NÃO,NÃO,NÃO,NÃO,NÃO,NÃO,NÃO,NÃO,NÃO,NÃO,NÃO,NÃO,NÃO,NÃO,NÃO,NÃO,NÃO,NÃO,NÃO,NÃO,NÃO,NÃO,NÃO,NÃO,NÃO,NÃO,NÃO,NÃO,NÃO,NÃO,NÃO,NÃO,NÃO,NÃO,NÃO,,
11/23/2021 16:32:48,2013,9/1/2013,PSB10/10/13,DIREÇÃO NACIONAL DO PARTIDO,,,,NÃO,,SIM,Sim,SIM,SIM,SIM,NÃO,NÃO,NÃO,NÃO,NÃO,NÃO,NÃO,NÃO,SIM,NÃO,NÃO,NÃO,NÃO,NÃO,NÃO,NÃO,NÃO,NÃO,NÃO,NÃO,NÃO,NÃO,NÃO,NÃO,NÃO,NÃO,NÃO,NÃO,NÃO,NÃO,NÃO,NÃO,NÃO,NÃO,NÃO,NÃO,NÃO,NÃO,NÃO,NÃO,NÃO,NÃO,NÃO,NÃO,NÃO,NÃO,NÃO,NÃO,NÃO,NÃO,NÃO,NÃO,NÃO,NÃO,NÃO,NÃO,NÃO,NÃO,NÃO,NÃO,NÃO,NÃO,NÃO,NÃO,NÃO,NÃO,NÃO,NÃO,NÃO,NÃO,,
11/23/2021 16:34:37,2013,9/2/2013,PSB25/4/13,DIREÇÃO NACIONAL DO PARTIDO,,,,NÃO,,SIM,Sim,SIM,SIM,SIM,NÃO,NÃO,NÃO,NÃO,NÃO,NÃO,NÃO,NÃO,SIM,NÃO,NÃO,NÃO,NÃO,NÃO,NÃO,NÃO,NÃO,NÃO,NÃO,NÃO,NÃO,NÃO,NÃO,NÃO,NÃO,NÃO,NÃO,NÃO,NÃO,NÃO,NÃO,NÃO,NÃO,NÃO,NÃO,NÃO,NÃO,NÃO,NÃO,NÃO,NÃO,NÃO,NÃO,NÃO,NÃO,NÃO,NÃO,NÃO,NÃO,NÃO,NÃO,NÃO,NÃO,NÃO,NÃO,NÃO,NÃO,NÃO,NÃO,NÃO,NÃO,NÃO,NÃO,NÃO,NÃO,NÃO,NÃO,NÃO,NÃO,NÃO,,
11/24/2021 12:21:02,2013,9/3/2013,PSC23/5/13,DIREÇÃO NACIONAL DO PARTIDO,,,,NÃO,,SIM,Sim,SIM,SIM,SIM,NÃO,NÃO,NÃO,NÃO,NÃO,NÃO,NÃO,NÃO,NÃO,NÃO,NÃO,NÃO,NÃO,NÃO,NÃO,NÃO,NÃO,NÃO,NÃO,SIM,NÃO,NÃO,NÃO,NÃO,NÃO,NÃO,NÃO,NÃO,NÃO,NÃO,NÃO,NÃO,NÃO,NÃO,NÃO,NÃO,NÃO,NÃO,NÃO,NÃO,NÃO,NÃO,NÃO,NÃO,NÃO,NÃO,NÃO,NÃO,NÃO,NÃO,NÃO,NÃO,NÃO,NÃO,NÃO,NÃO,NÃO,NÃO,NÃO,NÃO,NÃO,NÃO,NÃO,NÃO,NÃO,NÃO,NÃO,NÃO,NÃO,NÃO,,
11/24/2021 12:25:45,2013,9/4/2013,PSC31/10/13,DIREÇÃO NACIONAL DO PARTIDO,,,,NÃO,,SIM,Sim,SIM,SIM,SIM,NÃO,NÃO,NÃO,NÃO,NÃO,NÃO,NÃO,NÃO,NÃO,NÃO,NÃO,NÃO,NÃO,NÃO,NÃO,NÃO,NÃO,NÃO,NÃO,SIM,NÃO,NÃO,NÃO,NÃO,NÃO,NÃO,NÃO,NÃO,NÃO,NÃO,NÃO,NÃO,NÃO,NÃO,NÃO,NÃO,NÃO,NÃO,NÃO,NÃO,NÃO,NÃO,NÃO,NÃO,NÃO,NÃO,NÃO,NÃO,NÃO,NÃO,NÃO,NÃO,NÃO,NÃO,NÃO,NÃO,NÃO,NÃO,NÃO,NÃO,NÃO,NÃO,NÃO,NÃO,NÃO,NÃO,NÃO,NÃO,NÃO,NÃO,,
11/24/2021 12:27:52,2013,9/5/2013,PSD14/3/13,DIREÇÃO NACIONAL DO PARTIDO,,,,NÃO,,SIM,Sim,SIM,SIM,SIM,NÃO,NÃO,NÃO,NÃO,NÃO,NÃO,NÃO,NÃO,NÃO,NÃO,NÃO,NÃO,NÃO,NÃO,NÃO,SIM,NÃO,NÃO,NÃO,NÃO,NÃO,NÃO,NÃO,NÃO,NÃO,NÃO,NÃO,NÃO,NÃO,NÃO,NÃO,NÃO,NÃO,NÃO,NÃO,NÃO,NÃO,NÃO,NÃO,NÃO,NÃO,NÃO,NÃO,NÃO,NÃO,NÃO,NÃO,NÃO,NÃO,NÃO,NÃO,NÃO,NÃO,NÃO,NÃO,NÃO,NÃO,NÃO,NÃO,NÃO,NÃO,NÃO,NÃO,NÃO,NÃO,NÃO,NÃO,NÃO,NÃO,NÃO,,
11/24/2021 12:29:51,2013,9/6/2013,PSD17/10/13,DIREÇÃO NACIONAL DO PARTIDO,,,,NÃO,,SIM,Sim,SIM,SIM,SIM,NÃO,NÃO,NÃO,NÃO,NÃO,NÃO,NÃO,NÃO,NÃO,NÃO,NÃO,NÃO,NÃO,NÃO,NÃO,SIM,NÃO,NÃO,NÃO,NÃO,NÃO,NÃO,NÃO,NÃO,NÃO,NÃO,NÃO,NÃO,NÃO,NÃO,NÃO,NÃO,NÃO,NÃO,NÃO,NÃO,NÃO,NÃO,NÃO,NÃO,NÃO,NÃO,NÃO,NÃO,NÃO,NÃO,NÃO,NÃO,NÃO,NÃO,NÃO,NÃO,NÃO,NÃO,NÃO,NÃO,NÃO,NÃO,NÃO,NÃO,NÃO,NÃO,NÃO,NÃO,NÃO,NÃO,NÃO,NÃO,NÃO,NÃO,,
11/24/2021 12:32:33,2013,9/7/2013,PSDB19/9/13,DIREÇÃO NACIONAL DO PARTIDO,,,,NÃO,,SIM,Sim,SIM,SIM,SIM,NÃO,SIM,NÃO,NÃO,NÃO,NÃO,NÃO,NÃO,NÃO,NÃO,NÃO,NÃO,NÃO,NÃO,NÃO,NÃO,NÃO,NÃO,NÃO,NÃO,NÃO,NÃO,NÃO,NÃO,NÃO,NÃO,NÃO,NÃO,NÃO,NÃO,NÃO,NÃO,NÃO,NÃO,NÃO,NÃO,NÃO,NÃO,NÃO,NÃO,NÃO,NÃO,NÃO,NÃO,NÃO,NÃO,NÃO,NÃO,NÃO,NÃO,NÃO,NÃO,NÃO,NÃO,NÃO,NÃO,NÃO,NÃO,NÃO,NÃO,NÃO,NÃO,NÃO,NÃO,NÃO,NÃO,NÃO,NÃO,NÃO,NÃO,,
11/24/2021 12:35:23,2013,9/8/2013,PSDB30/5/13,DIREÇÃO NACIONAL DO PARTIDO,,,,NÃO,,SIM,Sim,SIM,SIM,SIM,NÃO,SIM,NÃO,NÃO,NÃO,NÃO,NÃO,NÃO,NÃO,NÃO,NÃO,NÃO,NÃO,NÃO,NÃO,NÃO,NÃO,NÃO,NÃO,NÃO,NÃO,NÃO,NÃO,NÃO,NÃO,NÃO,NÃO,NÃO,NÃO,NÃO,NÃO,NÃO,NÃO,NÃO,NÃO,NÃO,NÃO,NÃO,NÃO,NÃO,NÃO,NÃO,NÃO,NÃO,NÃO,NÃO,NÃO,NÃO,NÃO,NÃO,NÃO,NÃO,NÃO,NÃO,NÃO,NÃO,NÃO,NÃO,NÃO,NÃO,NÃO,NÃO,NÃO,NÃO,NÃO,NÃO,NÃO,NÃO,NÃO,NÃO,,
11/24/2021 12:38:23,2013,9/9/2013,PSDC8/8/13,DIREÇÃO NACIONAL DO PARTIDO,,,,NÃO,,SIM,Sim,SIM,SIM,SIM,NÃO,NÃO,NÃO,NÃO,NÃO,NÃO,NÃO,NÃO,NÃO,NÃO,NÃO,NÃO,NÃO,NÃO,NÃO,NÃO,NÃO,NÃO,NÃO,NÃO,SIM,NÃO,NÃO,NÃO,NÃO,NÃO,NÃO,NÃO,NÃO,NÃO,NÃO,NÃO,NÃO,NÃO,NÃO,NÃO,NÃO,NÃO,NÃO,NÃO,NÃO,NÃO,NÃO,NÃO,NÃO,NÃO,NÃO,NÃO,NÃO,NÃO,NÃO,NÃO,NÃO,NÃO,NÃO,NÃO,NÃO,NÃO,NÃO,NÃO,NÃO,NÃO,NÃO,NÃO,NÃO,NÃO,NÃO,NÃO,NÃO,NÃO,,
11/24/2021 12:45:03,2013,9/10/2013,PSDC14/2/13,DIREÇÃO NACIONAL DO PARTIDO,,,,NÃO,,SIM,Sim,SIM,SIM,SIM,NÃO,NÃO,NÃO,NÃO,NÃO,NÃO,NÃO,NÃO,NÃO,NÃO,NÃO,NÃO,NÃO,NÃO,NÃO,NÃO,NÃO,NÃO,NÃO,NÃO,SIM,NÃO,NÃO,NÃO,NÃO,NÃO,NÃO,NÃO,NÃO,NÃO,NÃO,NÃO,NÃO,NÃO,NÃO,NÃO,NÃO,NÃO,NÃO,NÃO,NÃO,NÃO,NÃO,NÃO,NÃO,NÃO,NÃO,NÃO,NÃO,NÃO,NÃO,NÃO,NÃO,NÃO,NÃO,NÃO,NÃO,NÃO,NÃO,NÃO,NÃO,NÃO,NÃO,NÃO,NÃO,NÃO,NÃO,NÃO,NÃO,NÃO,,
11/24/2021 12:50:07,2013,9/11/2013,PSL1/8/13,DIREÇÃO NACIONAL DO PARTIDO,,,,NÃO,,SIM,Sim,SIM,SIM,SIM,NÃO,NÃO,NÃO,NÃO,NÃO,NÃO,NÃO,NÃO,NÃO,NÃO,NÃO,NÃO,NÃO,NÃO,NÃO,NÃO,NÃO,NÃO,SIM,NÃO,NÃO,NÃO,NÃO,NÃO,NÃO,NÃO,NÃO,NÃO,NÃO,NÃO,NÃO,NÃO,NÃO,NÃO,NÃO,NÃO,NÃO,NÃO,NÃO,NÃO,NÃO,NÃO,NÃO,NÃO,NÃO,NÃO,NÃO,NÃO,NÃO,NÃO,NÃO,NÃO,NÃO,NÃO,NÃO,NÃO,NÃO,NÃO,NÃO,NÃO,NÃO,NÃO,NÃO,NÃO,NÃO,NÃO,NÃO,NÃO,NÃO,NÃO,,
11/24/2021 12:51:45,2013,9/12/2013,PSOL3/10/13,DIREÇÃO NACIONAL DO PARTIDO,,,,NÃO,,SIM,Sim,SIM,SIM,SIM,NÃO,NÃO,NÃO,NÃO,NÃO,NÃO,NÃO,NÃO,NÃO,NÃO,NÃO,NÃO,NÃO,SIM,NÃO,NÃO,NÃO,NÃO,NÃO,NÃO,NÃO,NÃO,NÃO,NÃO,NÃO,NÃO,NÃO,NÃO,NÃO,NÃO,NÃO,NÃO,NÃO,NÃO,NÃO,NÃO,NÃO,NÃO,NÃO,NÃO,NÃO,NÃO,NÃO,NÃO,NÃO,NÃO,NÃO,NÃO,NÃO,NÃO,NÃO,NÃO,NÃO,NÃO,NÃO,NÃO,NÃO,NÃO,NÃO,NÃO,NÃO,NÃO,NÃO,NÃO,NÃO,NÃO,NÃO,NÃO,NÃO,NÃO,,
11/24/2021 12:53:53,2013,9/13/2013,PSOL11/4/13,DIREÇÃO NACIONAL DO PARTIDO,,,,NÃO,,SIM,Sim,SIM,SIM,SIM,NÃO,NÃO,NÃO,NÃO,NÃO,NÃO,NÃO,NÃO,NÃO,NÃO,NÃO,NÃO,NÃO,SIM,NÃO,NÃO,NÃO,NÃO,NÃO,NÃO,NÃO,NÃO,NÃO,NÃO,NÃO,NÃO,NÃO,NÃO,NÃO,NÃO,NÃO,NÃO,NÃO,NÃO,NÃO,NÃO,NÃO,NÃO,NÃO,NÃO,NÃO,NÃO,NÃO,NÃO,NÃO,NÃO,NÃO,NÃO,NÃO,NÃO,NÃO,NÃO,NÃO,NÃO,NÃO,NÃO,NÃO,NÃO,NÃO,NÃO,NÃO,NÃO,NÃO,NÃO,NÃO,NÃO,NÃO,NÃO,NÃO,NÃO,,
11/24/2021 12:55:45,2013,9/14/2013,PSTU3/12/13,DIREÇÃO NACIONAL DO PARTIDO,,,,NÃO,,SIM,Sim,SIM,SIM,SIM,NÃO,NÃO,NÃO,NÃO,NÃO,NÃO,NÃO,NÃO,NÃO,SIM,NÃO,NÃO,NÃO,NÃO,NÃO,NÃO,NÃO,NÃO,NÃO,NÃO,NÃO,NÃO,NÃO,NÃO,NÃO,NÃO,NÃO,NÃO,NÃO,NÃO,NÃO,NÃO,NÃO,NÃO,NÃO,NÃO,NÃO,NÃO,NÃO,NÃO,NÃO,NÃO,NÃO,NÃO,NÃO,NÃO,NÃO,NÃO,NÃO,NÃO,NÃO,NÃO,NÃO,NÃO,NÃO,NÃO,NÃO,NÃO,NÃO,NÃO,NÃO,NÃO,NÃO,NÃO,NÃO,NÃO,NÃO,NÃO,NÃO,NÃO,,
11/24/2021 13:00:59,2013,9/15/2013,PSTU11/6/13,DIREÇÃO NACIONAL DO PARTIDO,,,,NÃO,,SIM,Sim,SIM,SIM,SIM,NÃO,NÃO,NÃO,NÃO,NÃO,NÃO,NÃO,NÃO,NÃO,SIM,NÃO,NÃO,NÃO,NÃO,NÃO,NÃO,NÃO,NÃO,NÃO,NÃO,NÃO,NÃO,NÃO,NÃO,NÃO,NÃO,NÃO,NÃO,NÃO,NÃO,NÃO,NÃO,NÃO,NÃO,NÃO,NÃO,NÃO,NÃO,NÃO,NÃO,NÃO,NÃO,NÃO,NÃO,NÃO,NÃO,NÃO,NÃO,NÃO,NÃO,NÃO,NÃO,NÃO,NÃO,NÃO,NÃO,NÃO,NÃO,NÃO,NÃO,NÃO,NÃO,NÃO,NÃO,NÃO,NÃO,NÃO,NÃO,NÃO,NÃO,,
11/24/2021 13:09:44,2013,9/16/2013,PT9/5/13,DIREÇÃO NACIONAL DO PARTIDO,,,,NÃO,,SIM,Sim,SIM,SIM,SIM,SIM,NÃO,NÃO,NÃO,NÃO,NÃO,NÃO,NÃO,NÃO,NÃO,NÃO,NÃO,NÃO,NÃO,NÃO,NÃO,NÃO,NÃO,NÃO,NÃO,NÃO,NÃO,NÃO,NÃO,NÃO,NÃO,NÃO,NÃO,NÃO,NÃO,NÃO,NÃO,NÃO,NÃO,NÃO,NÃO,NÃO,NÃO,NÃO,NÃO,NÃO,NÃO,NÃO,NÃO,NÃO,NÃO,NÃO,NÃO,NÃO,NÃO,NÃO,NÃO,NÃO,NÃO,NÃO,NÃO,NÃO,NÃO,NÃO,NÃO,NÃO,NÃO,NÃO,NÃO,NÃO,NÃO,NÃO,NÃO,NÃO,NÃO,,
11/24/2021 13:18:42,2013,9/17/2013,PT24/10/13,DIREÇÃO NACIONAL DO PARTIDO,,,,NÃO,,SIM,Sim,SIM,SIM,SIM,SIM,NÃO,NÃO,NÃO,NÃO,NÃO,NÃO,NÃO,NÃO,NÃO,NÃO,NÃO,NÃO,NÃO,NÃO,NÃO,NÃO,NÃO,NÃO,NÃO,NÃO,NÃO,NÃO,NÃO,NÃO,NÃO,NÃO,NÃO,NÃO,NÃO,NÃO,NÃO,NÃO,NÃO,NÃO,NÃO,NÃO,NÃO,NÃO,NÃO,NÃO,NÃO,NÃO,NÃO,NÃO,NÃO,NÃO,NÃO,NÃO,NÃO,NÃO,NÃO,NÃO,NÃO,NÃO,NÃO,NÃO,NÃO,NÃO,NÃO,NÃO,NÃO,NÃO,NÃO,NÃO,NÃO,NÃO,NÃO,NÃO,NÃO,,
11/24/2021 13:25:10,2013,9/18/2013,PTB19/12/13,DIREÇÃO NACIONAL DO PARTIDO,,,,NÃO,,SIM,Sim,SIM,SIM,SIM,NÃO,NÃO,NÃO,NÃO,NÃO,NÃO,NÃO,NÃO,NÃO,NÃO,NÃO,SIM,NÃO,NÃO,NÃO,NÃO,NÃO,NÃO,NÃO,NÃO,NÃO,NÃO,NÃO,NÃO,NÃO,NÃO,NÃO,NÃO,NÃO,NÃO,NÃO,NÃO,NÃO,NÃO,NÃO,NÃO,NÃO,NÃO,NÃO,NÃO,NÃO,NÃO,NÃO,NÃO,NÃO,NÃO,NÃO,NÃO,NÃO,NÃO,NÃO,NÃO,NÃO,NÃO,NÃO,NÃO,NÃO,NÃO,NÃO,NÃO,NÃO,NÃO,NÃO,NÃO,NÃO,NÃO,NÃO,NÃO,NÃO,NÃO,,
11/24/2021 13:32:53,2013,8/19/2013,PTB21/6/13,DIREÇÃO NACIONAL DO PARTIDO,,,,NÃO,,SIM,Sim,SIM,SIM,SIM,NÃO,NÃO,NÃO,NÃO,NÃO,NÃO,NÃO,NÃO,NÃO,NÃO,NÃO,SIM,NÃO,NÃO,NÃO,NÃO,NÃO,NÃO,NÃO,NÃO,NÃO,NÃO,NÃO,NÃO,NÃO,NÃO,NÃO,NÃO,NÃO,NÃO,NÃO,NÃO,NÃO,NÃO,NÃO,NÃO,NÃO,NÃO,NÃO,NÃO,NÃO,NÃO,NÃO,NÃO,NÃO,NÃO,NÃO,NÃO,NÃO,NÃO,NÃO,NÃO,NÃO,NÃO,NÃO,NÃO,NÃO,NÃO,NÃO,NÃO,NÃO,NÃO,NÃO,NÃO,NÃO,NÃO,NÃO,NÃO,NÃO,NÃO,,
11/24/2021 13:42:48,2013,8/20/2013,PTC2/5/13,DIREÇÃO NACIONAL DO PARTIDO,,,,NÃO,,SIM,Sim,SIM,SIM,SIM,NÃO,NÃO,NÃO,NÃO,NÃO,NÃO,NÃO,NÃO,NÃO,NÃO,NÃO,NÃO,NÃO,NÃO,NÃO,NÃO,NÃO,SIM,NÃO,NÃO,NÃO,NÃO,NÃO,NÃO,NÃO,NÃO,NÃO,NÃO,NÃO,NÃO,NÃO,NÃO,NÃO,NÃO,NÃO,NÃO,NÃO,NÃO,NÃO,NÃO,NÃO,NÃO,NÃO,NÃO,NÃO,NÃO,NÃO,NÃO,NÃO,NÃO,NÃO,NÃO,NÃO,NÃO,NÃO,NÃO,NÃO,NÃO,NÃO,NÃO,NÃO,NÃO,NÃO,NÃO,NÃO,NÃO,NÃO,NÃO,NÃO,NÃO,,
11/24/2021 13:45:28,2013,9/21/2013,PTC29/8/13,DIREÇÃO NACIONAL DO PARTIDO,,,,NÃO,,SIM,Sim,SIM,SIM,SIM,NÃO,NÃO,NÃO,NÃO,NÃO,NÃO,NÃO,NÃO,NÃO,NÃO,NÃO,NÃO,NÃO,NÃO,NÃO,NÃO,NÃO,SIM,NÃO,NÃO,NÃO,NÃO,NÃO,NÃO,NÃO,NÃO,NÃO,NÃO,NÃO,NÃO,NÃO,NÃO,NÃO,NÃO,NÃO,NÃO,NÃO,NÃO,NÃO,NÃO,NÃO,NÃO,NÃO,NÃO,NÃO,NÃO,NÃO,NÃO,NÃO,NÃO,NÃO,NÃO,NÃO,NÃO,NÃO,NÃO,NÃO,NÃO,NÃO,NÃO,NÃO,NÃO,NÃO,NÃO,NÃO,NÃO,NÃO,NÃO,NÃO,NÃO,,
11/24/2021 13:49:14,2013,9/22/2013,PTDOB17/9/13,DIREÇÃO NACIONAL DO PARTIDO,,,,NÃO,,SIM,Sim,SIM,SIM,SIM,NÃO,NÃO,NÃO,NÃO,NÃO,NÃO,NÃO,NÃO,NÃO,NÃO,NÃO,NÃO,NÃO,NÃO,NÃO,NÃO,NÃO,NÃO,NÃO,NÃO,NÃO,NÃO,NÃO,NÃO,NÃO,NÃO,NÃO,NÃO,NÃO,NÃO,NÃO,NÃO,NÃO,NÃO,NÃO,NÃO,NÃO,NÃO,NÃO,NÃO,NÃO,NÃO,NÃO,NÃO,NÃO,SIM,NÃO,NÃO,NÃO,NÃO,NÃO,NÃO,NÃO,NÃO,NÃO,NÃO,NÃO,NÃO,NÃO,NÃO,NÃO,NÃO,NÃO,NÃO,NÃO,NÃO,NÃO,NÃO,NÃO,NÃO,,
11/24/2021 13:51:32,2013,9/23/2013,PTN17/12/13,DIREÇÃO NACIONAL DO PARTIDO,,,,NÃO,,SIM,Sim,SIM,SIM,SIM,NÃO,NÃO,NÃO,NÃO,NÃO,NÃO,NÃO,NÃO,NÃO,NÃO,NÃO,NÃO,NÃO,NÃO,NÃO,NÃO,SIM,NÃO,NÃO,NÃO,NÃO,NÃO,NÃO,NÃO,NÃO,NÃO,NÃO,NÃO,NÃO,NÃO,NÃO,NÃO,NÃO,NÃO,NÃO,NÃO,NÃO,NÃO,NÃO,NÃO,NÃO,NÃO,NÃO,NÃO,NÃO,NÃO,NÃO,NÃO,NÃO,NÃO,NÃO,NÃO,NÃO,NÃO,NÃO,NÃO,NÃO,NÃO,NÃO,NÃO,NÃO,NÃO,NÃO,NÃO,NÃO,NÃO,NÃO,NÃO,NÃO,NÃO,,
11/24/2021 13:53:44,2013,9/24/2013,PTN25/6/13,DIREÇÃO NACIONAL DO PARTIDO,,,,NÃO,,SIM,Sim,SIM,SIM,SIM,NÃO,NÃO,NÃO,NÃO,NÃO,NÃO,NÃO,NÃO,NÃO,NÃO,NÃO,NÃO,NÃO,NÃO,NÃO,NÃO,SIM,NÃO,NÃO,NÃO,NÃO,NÃO,NÃO,NÃO,NÃO,NÃO,NÃO,NÃO,NÃO,NÃO,NÃO,NÃO,NÃO,NÃO,NÃO,NÃO,NÃO,NÃO,NÃO,NÃO,NÃO,NÃO,NÃO,NÃO,NÃO,NÃO,NÃO,NÃO,NÃO,NÃO,NÃO,NÃO,NÃO,NÃO,NÃO,NÃO,NÃO,NÃO,NÃO,NÃO,NÃO,NÃO,NÃO,NÃO,NÃO,NÃO,NÃO,NÃO,NÃO,NÃO,,
11/24/2021 13:55:39,2013,9/25/2013,PV11/7/13,DIREÇÃO NACIONAL DO PARTIDO,,,,NÃO,,SIM,Sim,SIM,SIM,SIM,NÃO,NÃO,NÃO,NÃO,NÃO,NÃO,NÃO,NÃO,NÃO,NÃO,SIM,NÃO,NÃO,NÃO,NÃO,NÃO,NÃO,NÃO,NÃO,NÃO,NÃO,NÃO,NÃO,NÃO,NÃO,NÃO,NÃO,NÃO,NÃO,NÃO,NÃO,NÃO,NÃO,NÃO,NÃO,NÃO,NÃO,NÃO,NÃO,NÃO,NÃO,NÃO,NÃO,NÃO,NÃO,NÃO,NÃO,NÃO,NÃO,NÃO,NÃO,NÃO,NÃO,NÃO,NÃO,NÃO,NÃO,NÃO,NÃO,NÃO,NÃO,NÃO,NÃO,NÃO,NÃO,NÃO,NÃO,NÃO,NÃO,NÃO,,
11/24/2021 13:57:22,2013,9/26/2013,PV17/1/13,DIREÇÃO NACIONAL DO PARTIDO,,,,NÃO,,SIM,Sim,SIM,SIM,SIM,NÃO,NÃO,NÃO,NÃO,NÃO,NÃO,NÃO,NÃO,NÃO,NÃO,SIM,NÃO,NÃO,NÃO,NÃO,NÃO,NÃO,NÃO,NÃO,NÃO,NÃO,NÃO,NÃO,NÃO,NÃO,NÃO,NÃO,NÃO,NÃO,NÃO,NÃO,NÃO,NÃO,NÃO,NÃO,NÃO,NÃO,NÃO,NÃO,NÃO,NÃO,NÃO,NÃO,NÃO,NÃO,NÃO,NÃO,NÃO,NÃO,NÃO,NÃO,NÃO,NÃO,NÃO,NÃO,NÃO,NÃO,NÃO,NÃO,NÃO,NÃO,NÃO,NÃO,NÃO,NÃO,NÃO,NÃO,NÃO,NÃO,NÃO,,
11/29/2021 20:17:27,2014,8/1/2014,001/14,TELEJORNAL,PRESIDENTE,,BRASIL,NÃO,,SIM,Sim,SIM,SIM,SIM,SIM,SIM,NÃO,NÃO,NÃO,NÃO,NÃO,NÃO,SIM,NÃO,NÃO,NÃO,NÃO,NÃO,NÃO,NÃO,NÃO,NÃO,NÃO,NÃO,NÃO,NÃO,NÃO,NÃO,NÃO,NÃO,NÃO,NÃO,NÃO,NÃO,NÃO,NÃO,NÃO,NÃO,NÃO,NÃO,NÃO,NÃO,NÃO,NÃO,NÃO,NÃO,NÃO,NÃO,NÃO,NÃO,NÃO,NÃO,NÃO,NÃO,NÃO,NÃO,NÃO,NÃO,NÃO,NÃO,NÃO,NÃO,NÃO,NÃO,NÃO,NÃO,NÃO,NÃO,NÃO,NÃO,NÃO,NÃO,NÃO,NÃO,,
11/29/2021 20:20:23,2014,8/2/2014,002/14,TELEJORNAL,PRESIDENTE,,BRASIL,NÃO,,SIM,Sim,SIM,SIM,SIM,SIM,SIM,NÃO,NÃO,NÃO,NÃO,NÃO,NÃO,SIM,NÃO,NÃO,NÃO,NÃO,NÃO,NÃO,NÃO,NÃO,NÃO,NÃO,NÃO,NÃO,NÃO,NÃO,NÃO,NÃO,NÃO,NÃO,NÃO,NÃO,NÃO,NÃO,NÃO,NÃO,NÃO,NÃO,NÃO,NÃO,NÃO,NÃO,NÃO,NÃO,NÃO,NÃO,NÃO,NÃO,NÃO,NÃO,NÃO,NÃO,NÃO,NÃO,NÃO,NÃO,NÃO,NÃO,NÃO,NÃO,NÃO,NÃO,NÃO,NÃO,NÃO,NÃO,NÃO,NÃO,NÃO,NÃO,NÃO,NÃO,NÃO,,
11/29/2021 20:23:10,2014,8/3/2014,003/14,TELEJORNAL,PRESIDENTE,,BRASIL,NÃO,,SIM,Sim,SIM,SIM,SIM,SIM,SIM,NÃO,NÃO,NÃO,NÃO,NÃO,NÃO,SIM,NÃO,NÃO,NÃO,NÃO,NÃO,NÃO,NÃO,NÃO,NÃO,NÃO,NÃO,NÃO,NÃO,NÃO,NÃO,NÃO,NÃO,NÃO,NÃO,NÃO,NÃO,NÃO,NÃO,NÃO,NÃO,NÃO,NÃO,NÃO,NÃO,NÃO,NÃO,NÃO,NÃO,NÃO,NÃO,NÃO,NÃO,NÃO,NÃO,NÃO,NÃO,NÃO,NÃO,NÃO,NÃO,NÃO,NÃO,NÃO,NÃO,NÃO,NÃO,NÃO,NÃO,NÃO,NÃO,NÃO,NÃO,NÃO,NÃO,NÃO,NÃO,,
11/29/2021 20:28:49,2014,8/4/2014,004/14,TELEJORNAL,PRESIDENTE,,BRASIL,NÃO,,SIM,Sim,SIM,SIM,SIM,SIM,SIM,NÃO,NÃO,NÃO,NÃO,NÃO,NÃO,SIM,NÃO,NÃO,NÃO,NÃO,NÃO,NÃO,NÃO,NÃO,NÃO,NÃO,NÃO,NÃO,NÃO,NÃO,NÃO,NÃO,NÃO,NÃO,NÃO,NÃO,NÃO,NÃO,NÃO,NÃO,NÃO,NÃO,NÃO,NÃO,NÃO,NÃO,NÃO,NÃO,NÃO,NÃO,NÃO,NÃO,NÃO,NÃO,NÃO,NÃO,NÃO,NÃO,NÃO,NÃO,NÃO,NÃO,NÃO,NÃO,NÃO,NÃO,NÃO,NÃO,NÃO,NÃO,NÃO,NÃO,NÃO,NÃO,NÃO,NÃO,NÃO,,
11/29/2021 20:35:21,2014,8/5/2014,005/14,TELEJORNAL,PRESIDENTE,,BRASIL,NÃO,,SIM,Sim,SIM,SIM,SIM,SIM,SIM,NÃO,NÃO,NÃO,NÃO,NÃO,NÃO,SIM,NÃO,NÃO,NÃO,NÃO,NÃO,NÃO,NÃO,NÃO,NÃO,NÃO,NÃO,NÃO,NÃO,NÃO,NÃO,NÃO,NÃO,NÃO,NÃO,NÃO,NÃO,NÃO,NÃO,NÃO,NÃO,NÃO,NÃO,NÃO,NÃO,NÃO,NÃO,NÃO,NÃO,NÃO,NÃO,NÃO,NÃO,NÃO,NÃO,NÃO,NÃO,NÃO,NÃO,NÃO,NÃO,NÃO,NÃO,NÃO,NÃO,NÃO,NÃO,NÃO,NÃO,NÃO,NÃO,NÃO,NÃO,NÃO,NÃO,NÃO,NÃO,,
11/29/2021 20:37:28,2014,8/6/2014,006/14,TELEJORNAL,PRESIDENTE,,BRASIL,NÃO,,SIM,Sim,SIM,SIM,SIM,NÃO,NÃO,NÃO,NÃO,NÃO,NÃO,NÃO,NÃO,SIM,NÃO,NÃO,NÃO,NÃO,NÃO,NÃO,NÃO,NÃO,NÃO,NÃO,NÃO,NÃO,NÃO,NÃO,NÃO,NÃO,NÃO,NÃO,NÃO,NÃO,NÃO,NÃO,NÃO,NÃO,NÃO,NÃO,NÃO,NÃO,NÃO,NÃO,NÃO,NÃO,NÃO,NÃO,NÃO,NÃO,NÃO,NÃO,NÃO,NÃO,NÃO,NÃO,NÃO,NÃO,NÃO,NÃO,NÃO,NÃO,NÃO,NÃO,NÃO,NÃO,NÃO,NÃO,NÃO,NÃO,NÃO,NÃO,NÃO,NÃO,NÃO,,
11/29/2021 20:40:19,2014,8/7/2014,007/14,TELEJORNAL,PRESIDENTE,,BRASIL,NÃO,,SIM,Sim,SIM,SIM,SIM,NÃO,NÃO,NÃO,NÃO,NÃO,NÃO,NÃO,NÃO,NÃO,NÃO,NÃO,NÃO,NÃO,NÃO,NÃO,NÃO,NÃO,NÃO,NÃO,NÃO,SIM,NÃO,SIM,NÃO,NÃO,NÃO,NÃO,NÃO,NÃO,NÃO,NÃO,NÃO,NÃO,NÃO,NÃO,NÃO,NÃO,NÃO,NÃO,NÃO,NÃO,NÃO,NÃO,NÃO,NÃO,NÃO,NÃO,NÃO,NÃO,NÃO,NÃO,NÃO,NÃO,NÃO,NÃO,NÃO,NÃO,NÃO,NÃO,NÃO,NÃO,NÃO,NÃO,NÃO,NÃO,NÃO,NÃO,NÃO,NÃO,NÃO,,
11/29/2021 20:42:45,2014,8/8/2014,008/14,TELEJORNAL,PRESIDENTE,,BRASIL,NÃO,,SIM,Sim,SIM,SIM,SIM,SIM,SIM,NÃO,NÃO,NÃO,NÃO,NÃO,NÃO,NÃO,NÃO,SIM,NÃO,NÃO,SIM,NÃO,NÃO,NÃO,NÃO,NÃO,NÃO,NÃO,NÃO,NÃO,NÃO,NÃO,NÃO,NÃO,NÃO,NÃO,NÃO,NÃO,NÃO,NÃO,NÃO,NÃO,NÃO,NÃO,NÃO,NÃO,NÃO,NÃO,NÃO,NÃO,NÃO,NÃO,NÃO,NÃO,NÃO,NÃO,NÃO,NÃO,NÃO,NÃO,NÃO,NÃO,NÃO,NÃO,NÃO,NÃO,NÃO,NÃO,NÃO,NÃO,NÃO,NÃO,NÃO,NÃO,NÃO,NÃO,NÃO,,
11/29/2021 20:49:55,2014,8/9/2014,009/14,TELEJORNAL,PRESIDENTE,,BRASIL,NÃO,,SIM,Sim,SIM,SIM,SIM,SIM,SIM,NÃO,NÃO,NÃO,NÃO,NÃO,NÃO,SIM,NÃO,NÃO,NÃO,NÃO,NÃO,NÃO,NÃO,NÃO,NÃO,NÃO,NÃO,NÃO,NÃO,NÃO,NÃO,NÃO,NÃO,NÃO,NÃO,NÃO,NÃO,NÃO,NÃO,NÃO,NÃO,NÃO,NÃO,NÃO,NÃO,NÃO,NÃO,NÃO,NÃO,NÃO,NÃO,NÃO,NÃO,NÃO,NÃO,NÃO,NÃO,NÃO,NÃO,NÃO,NÃO,NÃO,NÃO,NÃO,NÃO,NÃO,NÃO,NÃO,NÃO,NÃO,NÃO,NÃO,NÃO,NÃO,NÃO,NÃO,NÃO,,
11/29/2021 20:52:03,2014,8/10/2014,010/14,TELEJORNAL,PRESIDENTE,,BRASIL,NÃO,,SIM,Sim,SIM,SIM,SIM,SIM,SIM,NÃO,NÃO,NÃO,NÃO,NÃO,NÃO,SIM,NÃO,NÃO,NÃO,NÃO,NÃO,NÃO,NÃO,NÃO,NÃO,NÃO,SIM,NÃO,NÃO,NÃO,NÃO,NÃO,NÃO,NÃO,NÃO,NÃO,NÃO,NÃO,NÃO,NÃO,NÃO,NÃO,NÃO,NÃO,NÃO,NÃO,NÃO,NÃO,NÃO,NÃO,NÃO,NÃO,NÃO,NÃO,NÃO,NÃO,NÃO,NÃO,NÃO,NÃO,NÃO,NÃO,NÃO,NÃO,NÃO,NÃO,NÃO,NÃO,NÃO,NÃO,NÃO,NÃO,NÃO,NÃO,NÃO,NÃO,NÃO,,
11/29/2021 20:53:53,2014,8/11/2014,011/14,TELEJORNAL,PRESIDENTE,,BRASIL,NÃO,,SIM,Sim,SIM,SIM,SIM,SIM,SIM,NÃO,NÃO,NÃO,NÃO,NÃO,NÃO,SIM,NÃO,NÃO,NÃO,NÃO,NÃO,NÃO,NÃO,NÃO,NÃO,NÃO,NÃO,NÃO,NÃO,NÃO,NÃO,NÃO,NÃO,NÃO,NÃO,NÃO,NÃO,NÃO,NÃO,NÃO,NÃO,NÃO,NÃO,NÃO,NÃO,NÃO,NÃO,NÃO,NÃO,NÃO,NÃO,NÃO,NÃO,NÃO,NÃO,NÃO,NÃO,NÃO,NÃO,NÃO,NÃO,NÃO,NÃO,NÃO,NÃO,NÃO,NÃO,NÃO,NÃO,NÃO,NÃO,NÃO,NÃO,NÃO,NÃO,NÃO,NÃO,,
11/29/2021 20:58:49,2014,8/12/2014,012/14,HGPE,GOVERNADOR,,RJ,NÃO,,SIM,Sim,SIM,SIM,SIM,SIM,NÃO,NÃO,NÃO,SIM,SIM,NÃO,NÃO,NÃO,SIM,NÃO,NÃO,SIM,SIM,NÃO,NÃO,NÃO,NÃO,NÃO,NÃO,NÃO,NÃO,NÃO,NÃO,NÃO,SIM,NÃO,NÃO,NÃO,NÃO,NÃO,NÃO,NÃO,NÃO,NÃO,NÃO,NÃO,NÃO,NÃO,NÃO,NÃO,NÃO,NÃO,NÃO,NÃO,NÃO,NÃO,NÃO,NÃO,NÃO,NÃO,NÃO,NÃO,NÃO,NÃO,NÃO,NÃO,NÃO,NÃO,NÃO,NÃO,NÃO,NÃO,NÃO,NÃO,NÃO,NÃO,NÃO,NÃO,NÃO,,
11/29/2021 21:05:47,2014,8/13/2014,013/14,HGPE,GOVERNADOR,,RJ,NÃO,,SIM,Sim,SIM,SIM,SIM,SIM,NÃO,NÃO,NÃO,SIM,SIM,NÃO,NÃO,NÃO,SIM,NÃO,NÃO,SIM,SIM,NÃO,NÃO,NÃO,NÃO,NÃO,NÃO,NÃO,NÃO,NÃO,NÃO,NÃO,SIM,NÃO,NÃO,NÃO,NÃO,NÃO,NÃO,NÃO,NÃO,NÃO,NÃO,NÃO,NÃO,NÃO,NÃO,NÃO,NÃO,NÃO,NÃO,NÃO,NÃO,NÃO,NÃO,NÃO,NÃO,NÃO,NÃO,NÃO,NÃO,NÃO,NÃO,NÃO,NÃO,NÃO,NÃO,NÃO,NÃO,NÃO,NÃO,NÃO,NÃO,NÃO,NÃO,NÃO,NÃO,,
11/29/2021 21:11:06,2014,8/14/2014,014/14,HGPE,DEPUTADO FEDERAL,,RJ,NÃO,,SIM,Sim,SIM,SIM,SIM,SIM,SIM,SIM,SIM,SIM,SIM,SIM,SIM,SIM,SIM,SIM,SIM,SIM,SIM,SIM,SIM,NÃO,SIM,SIM,SIM,NÃO,SIM,SIM,SIM,SIM,SIM,SIM,NÃO,SIM,SIM,NÃO,NÃO,NÃO,SIM,NÃO,NÃO,NÃO,NÃO,SIM,NÃO,NÃO,NÃO,NÃO,NÃO,NÃO,SIM,NÃO,NÃO,NÃO,NÃO,NÃO,NÃO,NÃO,NÃO,NÃO,NÃO,NÃO,NÃO,NÃO,NÃO,NÃO,NÃO,NÃO,NÃO,NÃO,NÃO,NÃO,NÃO,NÃO,NÃO,,
11/29/2021 21:13:28,2014,8/15/2014,015/14,HGPE,GOVERNADOR,,RJ,NÃO,,SIM,Sim,SIM,SIM,SIM,SIM,NÃO,NÃO,NÃO,SIM,SIM,NÃO,NÃO,NÃO,NÃO,NÃO,NÃO,NÃO,SIM,NÃO,NÃO,NÃO,NÃO,NÃO,NÃO,NÃO,NÃO,NÃO,NÃO,NÃO,SIM,NÃO,NÃO,NÃO,NÃO,NÃO,NÃO,NÃO,NÃO,NÃO,NÃO,NÃO,NÃO,NÃO,NÃO,NÃO,NÃO,NÃO,NÃO,NÃO,NÃO,NÃO,NÃO,NÃO,NÃO,NÃO,NÃO,NÃO,NÃO,NÃO,NÃO,NÃO,NÃO,NÃO,NÃO,NÃO,NÃO,NÃO,NÃO,NÃO,NÃO,NÃO,NÃO,NÃO,NÃO,,
11/30/2021 15:28:08,2014,8/16/2014,016/14,DEBATE,PRESIDENTE,,BRASIL,NÃO,,SIM,Sim,SIM,SIM,SIM,SIM,SIM,NÃO,NÃO,NÃO,NÃO,NÃO,NÃO,SIM,NÃO,SIM,NÃO,NÃO,SIM,SIM,NÃO,NÃO,NÃO,NÃO,SIM,NÃO,NÃO,NÃO,NÃO,NÃO,NÃO,NÃO,NÃO,NÃO,NÃO,NÃO,NÃO,NÃO,NÃO,NÃO,NÃO,NÃO,NÃO,NÃO,NÃO,NÃO,NÃO,NÃO,NÃO,NÃO,NÃO,NÃO,NÃO,NÃO,NÃO,NÃO,NÃO,NÃO,NÃO,NÃO,NÃO,NÃO,NÃO,NÃO,NÃO,NÃO,NÃO,NÃO,NÃO,NÃO,NÃO,NÃO,NÃO,NÃO,NÃO,,
11/30/2021 15:31:06,2014,8/17/2014,017/14,DEBATE,GOVERNADOR,,RJ,NÃO,,SIM,Sim,SIM,SIM,SIM,SIM,NÃO,NÃO,NÃO,SIM,SIM,NÃO,NÃO,NÃO,NÃO,NÃO,NÃO,NÃO,SIM,NÃO,NÃO,NÃO,NÃO,NÃO,NÃO,NÃO,NÃO,NÃO,NÃO,NÃO,SIM,NÃO,NÃO,NÃO,NÃO,NÃO,NÃO,NÃO,NÃO,NÃO,NÃO,NÃO,NÃO,NÃO,NÃO,NÃO,NÃO,NÃO,NÃO,NÃO,NÃO,NÃO,NÃO,NÃO,NÃO,NÃO,NÃO,NÃO,NÃO,NÃO,NÃO,NÃO,NÃO,NÃO,NÃO,NÃO,NÃO,NÃO,NÃO,NÃO,NÃO,NÃO,NÃO,NÃO,NÃO,,
11/30/2021 15:35:04,2014,8/18/2014,018/14,TELEJORNAL,PRESIDENTE,,BRASIL,NÃO,,SIM,Sim,SIM,SIM,SIM,NÃO,NÃO,NÃO,NÃO,NÃO,NÃO,NÃO,NÃO,SIM,NÃO,NÃO,NÃO,NÃO,NÃO,NÃO,NÃO,NÃO,NÃO,NÃO,NÃO,NÃO,NÃO,NÃO,NÃO,NÃO,NÃO,NÃO,NÃO,NÃO,NÃO,NÃO,NÃO,NÃO,NÃO,NÃO,NÃO,NÃO,NÃO,NÃO,NÃO,NÃO,NÃO,NÃO,NÃO,NÃO,NÃO,NÃO,NÃO,NÃO,NÃO,NÃO,NÃO,NÃO,NÃO,NÃO,NÃO,NÃO,NÃO,NÃO,NÃO,NÃO,NÃO,NÃO,NÃO,NÃO,NÃO,NÃO,NÃO,NÃO,NÃO,,
11/30/2021 15:37:37,2014,8/19/2014,019/14,TELEJORNAL,PRESIDENTE,,BRASIL,NÃO,,SIM,Sim,SIM,SIM,SIM,SIM,SIM,NÃO,NÃO,NÃO,NÃO,NÃO,NÃO,SIM,NÃO,NÃO,NÃO,NÃO,NÃO,NÃO,NÃO,NÃO,NÃO,NÃO,NÃO,NÃO,NÃO,NÃO,NÃO,NÃO,NÃO,NÃO,NÃO,NÃO,NÃO,NÃO,NÃO,NÃO,NÃO,NÃO,NÃO,NÃO,NÃO,NÃO,NÃO,NÃO,NÃO,NÃO,NÃO,NÃO,NÃO,NÃO,NÃO,NÃO,NÃO,NÃO,NÃO,NÃO,NÃO,NÃO,NÃO,NÃO,NÃO,NÃO,NÃO,NÃO,NÃO,NÃO,NÃO,NÃO,NÃO,NÃO,NÃO,NÃO,NÃO,,
11/30/2021 15:43:19,2014,8/20/2014,020/14,HGPE,DEPUTADO FEDERAL,,RJ,NÃO,,SIM,Sim,SIM,SIM,SIM,SIM,SIM,SIM,SIM,SIM,SIM,SIM,SIM,SIM,SIM,SIM,SIM,SIM,SIM,SIM,SIM,NÃO,SIM,SIM,SIM,NÃO,SIM,SIM,SIM,SIM,SIM,SIM,NÃO,SIM,SIM,NÃO,NÃO,NÃO,SIM,NÃO,NÃO,NÃO,NÃO,SIM,NÃO,NÃO,NÃO,NÃO,NÃO,NÃO,SIM,NÃO,NÃO,NÃO,NÃO,NÃO,NÃO,NÃO,NÃO,NÃO,NÃO,NÃO,NÃO,NÃO,NÃO,NÃO,NÃO,NÃO,NÃO,NÃO,NÃO,NÃO,NÃO,NÃO,NÃO,,
11/30/2021 15:48:59,2014,8/21/2014,021/14,HGPE,DEPUTADO FEDERAL,,RJ,NÃO,,SIM,Sim,SIM,SIM,SIM,SIM,SIM,SIM,SIM,SIM,SIM,SIM,SIM,SIM,SIM,SIM,SIM,SIM,SIM,SIM,SIM,NÃO,SIM,SIM,SIM,NÃO,SIM,SIM,SIM,SIM,SIM,SIM,NÃO,SIM,SIM,NÃO,NÃO,NÃO,SIM,NÃO,NÃO,NÃO,NÃO,SIM,NÃO,NÃO,NÃO,NÃO,NÃO,NÃO,SIM,NÃO,NÃO,NÃO,NÃO,NÃO,NÃO,NÃO,NÃO,NÃO,NÃO,NÃO,NÃO,NÃO,NÃO,NÃO,NÃO,NÃO,NÃO,NÃO,NÃO,NÃO,NÃO,NÃO,NÃO,,
11/30/2021 15:54:06,2014,8/22/2014,022/14,HGPE,DEPUTADO FEDERAL,,RJ,NÃO,,SIM,Sim,SIM,SIM,SIM,SIM,SIM,SIM,SIM,SIM,SIM,SIM,SIM,SIM,SIM,SIM,SIM,SIM,SIM,SIM,SIM,NÃO,SIM,SIM,SIM,NÃO,SIM,SIM,SIM,SIM,SIM,SIM,NÃO,SIM,SIM,NÃO,NÃO,NÃO,SIM,NÃO,NÃO,NÃO,NÃO,SIM,NÃO,NÃO,NÃO,NÃO,NÃO,NÃO,SIM,NÃO,NÃO,NÃO,NÃO,NÃO,NÃO,NÃO,NÃO,NÃO,NÃO,NÃO,NÃO,NÃO,NÃO,NÃO,NÃO,NÃO,NÃO,NÃO,NÃO,NÃO,NÃO,NÃO,NÃO,,
11/30/2021 15:58:52,2014,8/23/2014,023/14,HGPE,DEPUTADO FEDERAL,,RJ,NÃO,,SIM,Sim,SIM,SIM,SIM,SIM,SIM,SIM,SIM,SIM,SIM,SIM,SIM,SIM,SIM,SIM,SIM,SIM,SIM,SIM,SIM,NÃO,SIM,SIM,SIM,NÃO,SIM,SIM,SIM,SIM,SIM,SIM,NÃO,SIM,SIM,NÃO,NÃO,NÃO,SIM,NÃO,NÃO,NÃO,NÃO,SIM,NÃO,NÃO,NÃO,NÃO,NÃO,NÃO,SIM,NÃO,NÃO,NÃO,NÃO,NÃO,NÃO,NÃO,NÃO,NÃO,NÃO,NÃO,NÃO,NÃO,NÃO,NÃO,NÃO,NÃO,NÃO,NÃO,NÃO,NÃO,NÃO,NÃO,NÃO,,
11/30/2021 16:04:55,2014,8/24/2014,024/14,HGPE,DEPUTADO FEDERAL,,RJ,NÃO,,SIM,Sim,SIM,SIM,SIM,SIM,SIM,SIM,SIM,SIM,SIM,SIM,SIM,SIM,SIM,SIM,SIM,SIM,SIM,SIM,SIM,NÃO,SIM,SIM,SIM,NÃO,SIM,SIM,SIM,SIM,SIM,SIM,NÃO,SIM,SIM,NÃO,NÃO,NÃO,SIM,NÃO,NÃO,NÃO,NÃO,SIM,NÃO,NÃO,NÃO,NÃO,NÃO,NÃO,SIM,NÃO,NÃO,NÃO,NÃO,NÃO,NÃO,NÃO,NÃO,NÃO,NÃO,NÃO,NÃO,NÃO,NÃO,NÃO,NÃO,NÃO,NÃO,NÃO,NÃO,NÃO,NÃO,NÃO,NÃO,,
11/30/2021 16:22:30,2014,8/25/2014,025/14,HGPE,DEPUTADO FEDERAL,,RJ,NÃO,,SIM,Sim,SIM,SIM,SIM,SIM,SIM,SIM,SIM,SIM,SIM,SIM,SIM,SIM,SIM,SIM,SIM,SIM,SIM,SIM,SIM,NÃO,SIM,SIM,SIM,NÃO,SIM,SIM,SIM,SIM,SIM,SIM,NÃO,SIM,SIM,NÃO,NÃO,NÃO,SIM,NÃO,NÃO,NÃO,NÃO,SIM,NÃO,NÃO,NÃO,NÃO,NÃO,NÃO,SIM,NÃO,NÃO,NÃO,NÃO,NÃO,NÃO,NÃO,NÃO,NÃO,NÃO,NÃO,NÃO,NÃO,NÃO,NÃO,NÃO,NÃO,NÃO,NÃO,NÃO,NÃO,NÃO,NÃO,NÃO,,
11/30/2021 16:35:29,2014,8/26/2014,026/14,HGPE,DEPUTADO FEDERAL,,RJ,NÃO,,SIM,Sim,SIM,SIM,SIM,SIM,SIM,SIM,SIM,SIM,SIM,SIM,SIM,SIM,SIM,SIM,SIM,SIM,SIM,SIM,SIM,NÃO,SIM,SIM,SIM,NÃO,SIM,SIM,SIM,SIM,SIM,SIM,NÃO,SIM,SIM,NÃO,NÃO,NÃO,SIM,NÃO,NÃO,NÃO,NÃO,SIM,NÃO,NÃO,NÃO,NÃO,NÃO,NÃO,SIM,NÃO,NÃO,NÃO,NÃO,NÃO,NÃO,NÃO,NÃO,NÃO,NÃO,NÃO,NÃO,NÃO,NÃO,NÃO,NÃO,NÃO,NÃO,NÃO,NÃO,NÃO,NÃO,NÃO,NÃO,,
11/30/2021 16:40:24,2014,8/27/2014,027/14,HGPE,DEPUTADO ESTADUAL,,RJ,NÃO,,SIM,Sim,SIM,SIM,SIM,SIM,SIM,SIM,SIM,SIM,SIM,SIM,SIM,SIM,SIM,SIM,SIM,SIM,SIM,SIM,SIM,NÃO,SIM,SIM,SIM,NÃO,SIM,SIM,SIM,SIM,SIM,SIM,NÃO,SIM,SIM,NÃO,NÃO,NÃO,SIM,NÃO,NÃO,NÃO,NÃO,SIM,NÃO,NÃO,NÃO,NÃO,NÃO,NÃO,SIM,NÃO,NÃO,NÃO,NÃO,NÃO,NÃO,NÃO,NÃO,NÃO,NÃO,NÃO,NÃO,NÃO,NÃO,NÃO,NÃO,NÃO,NÃO,NÃO,NÃO,NÃO,NÃO,NÃO,NÃO,,
11/30/2021 16:46:05,2014,8/28/2014,028/14,HGPE,DEPUTADO ESTADUAL,,RJ,NÃO,,SIM,Sim,SIM,SIM,SIM,SIM,SIM,SIM,SIM,SIM,SIM,SIM,SIM,SIM,SIM,SIM,SIM,SIM,SIM,SIM,SIM,NÃO,SIM,SIM,SIM,NÃO,SIM,SIM,SIM,SIM,SIM,SIM,NÃO,SIM,SIM,NÃO,NÃO,NÃO,SIM,NÃO,NÃO,NÃO,NÃO,SIM,NÃO,NÃO,NÃO,NÃO,NÃO,NÃO,SIM,NÃO,NÃO,NÃO,NÃO,NÃO,NÃO,NÃO,NÃO,NÃO,NÃO,NÃO,NÃO,NÃO,NÃO,NÃO,NÃO,NÃO,NÃO,NÃO,NÃO,NÃO,NÃO,NÃO,NÃO,,
11/30/2021 16:51:12,2014,8/29/2014,029/14,HGPE,SENADOR,,RJ,NÃO,,SIM,Sim,SIM,SIM,SIM,NÃO,NÃO,SIM,NÃO,NÃO,NÃO,NÃO,NÃO,SIM,SIM,NÃO,NÃO,SIM,SIM,NÃO,NÃO,NÃO,NÃO,NÃO,NÃO,NÃO,NÃO,NÃO,NÃO,NÃO,SIM,NÃO,NÃO,SIM,NÃO,NÃO,NÃO,NÃO,SIM,NÃO,NÃO,NÃO,NÃO,NÃO,NÃO,NÃO,NÃO,NÃO,NÃO,NÃO,NÃO,NÃO,NÃO,NÃO,NÃO,NÃO,NÃO,NÃO,NÃO,NÃO,NÃO,NÃO,NÃO,NÃO,NÃO,NÃO,NÃO,NÃO,NÃO,NÃO,NÃO,NÃO,NÃO,NÃO,NÃO,,
11/30/2021 16:54:30,2014,8/30/2014,030/14,HGPE,SENADOR,,RJ,NÃO,,SIM,Sim,SIM,SIM,SIM,NÃO,NÃO,SIM,NÃO,NÃO,NÃO,NÃO,NÃO,SIM,SIM,NÃO,NÃO,SIM,SIM,NÃO,NÃO,NÃO,NÃO,NÃO,NÃO,NÃO,NÃO,NÃO,NÃO,NÃO,SIM,NÃO,NÃO,SIM,NÃO,NÃO,NÃO,NÃO,SIM,NÃO,NÃO,NÃO,NÃO,NÃO,NÃO,NÃO,NÃO,NÃO,NÃO,NÃO,NÃO,NÃO,NÃO,NÃO,NÃO,NÃO,NÃO,NÃO,NÃO,NÃO,NÃO,NÃO,NÃO,NÃO,NÃO,NÃO,NÃO,NÃO,NÃO,NÃO,NÃO,NÃO,NÃO,NÃO,NÃO,,
11/30/2021 16:57:04,2014,8/31/2014,031/14,HGPE,GOVERNADOR,,RJ,NÃO,,SIM,Sim,SIM,SIM,SIM,SIM,NÃO,NÃO,NÃO,SIM,SIM,NÃO,NÃO,NÃO,SIM,NÃO,NÃO,SIM,SIM,NÃO,NÃO,NÃO,NÃO,NÃO,SIM,NÃO,NÃO,NÃO,NÃO,NÃO,SIM,NÃO,NÃO,NÃO,NÃO,NÃO,NÃO,NÃO,NÃO,NÃO,NÃO,NÃO,NÃO,NÃO,NÃO,NÃO,NÃO,NÃO,NÃO,NÃO,NÃO,NÃO,NÃO,NÃO,NÃO,NÃO,NÃO,NÃO,NÃO,NÃO,NÃO,NÃO,NÃO,NÃO,NÃO,NÃO,NÃO,NÃO,NÃO,NÃO,NÃO,NÃO,NÃO,NÃO,NÃO,,
11/30/2021 17:01:17,2014,9/1/2014,032/14,HGPE,PRESIDENTE,,BRASIL,NÃO,,SIM,Sim,SIM,SIM,SIM,SIM,SIM,NÃO,NÃO,NÃO,NÃO,SIM,NÃO,SIM,SIM,SIM,NÃO,SIM,SIM,SIM,NÃO,NÃO,NÃO,SIM,SIM,SIM,NÃO,SIM,SIM,SIM,NÃO,SIM,NÃO,NÃO,NÃO,NÃO,NÃO,NÃO,NÃO,NÃO,NÃO,NÃO,NÃO,NÃO,NÃO,NÃO,NÃO,NÃO,NÃO,NÃO,NÃO,NÃO,NÃO,NÃO,NÃO,NÃO,NÃO,NÃO,NÃO,NÃO,NÃO,NÃO,NÃO,NÃO,NÃO,NÃO,NÃO,NÃO,NÃO,NÃO,NÃO,NÃO,NÃO,NÃO,NÃO,,
11/30/2021 17:04:43,2014,9/2/2014,033/14,HGPE,PRESIDENTE,,BRASIL,NÃO,,SIM,Sim,SIM,SIM,SIM,SIM,SIM,NÃO,NÃO,NÃO,NÃO,SIM,NÃO,SIM,SIM,SIM,NÃO,SIM,SIM,SIM,NÃO,NÃO,NÃO,SIM,SIM,SIM,NÃO,SIM,SIM,SIM,NÃO,SIM,NÃO,NÃO,NÃO,NÃO,NÃO,NÃO,NÃO,NÃO,NÃO,NÃO,NÃO,NÃO,NÃO,NÃO,NÃO,NÃO,NÃO,NÃO,NÃO,NÃO,NÃO,NÃO,NÃO,NÃO,NÃO,NÃO,NÃO,NÃO,NÃO,NÃO,NÃO,NÃO,NÃO,NÃO,NÃO,NÃO,NÃO,NÃO,NÃO,NÃO,NÃO,NÃO,NÃO,,
11/30/2021 17:14:28,2014,9/3/2014,034/14,DIREÇÃO NACIONAL DO PARTIDO,,,,NÃO,,SIM,Sim,SIM,SIM,SIM,NÃO,NÃO,SIM,NÃO,NÃO,NÃO,NÃO,NÃO,NÃO,NÃO,NÃO,NÃO,NÃO,NÃO,NÃO,NÃO,NÃO,NÃO,NÃO,NÃO,NÃO,NÃO,NÃO,NÃO,NÃO,NÃO,NÃO,NÃO,NÃO,NÃO,NÃO,NÃO,NÃO,NÃO,NÃO,NÃO,NÃO,NÃO,NÃO,NÃO,NÃO,NÃO,NÃO,NÃO,NÃO,NÃO,NÃO,NÃO,NÃO,NÃO,NÃO,NÃO,NÃO,NÃO,NÃO,NÃO,NÃO,NÃO,NÃO,NÃO,NÃO,NÃO,NÃO,NÃO,NÃO,NÃO,NÃO,NÃO,NÃO,NÃO,,
11/30/2021 17:16:20,2014,9/4/2014,035/14,DIREÇÃO NACIONAL DO PARTIDO,,,,NÃO,,SIM,Sim,SIM,SIM,SIM,NÃO,NÃO,NÃO,NÃO,NÃO,NÃO,NÃO,NÃO,NÃO,NÃO,NÃO,NÃO,NÃO,NÃO,NÃO,NÃO,NÃO,NÃO,NÃO,NÃO,NÃO,NÃO,NÃO,NÃO,NÃO,NÃO,NÃO,NÃO,NÃO,NÃO,NÃO,NÃO,NÃO,NÃO,NÃO,NÃO,NÃO,NÃO,SIM,NÃO,NÃO,NÃO,NÃO,NÃO,NÃO,NÃO,NÃO,NÃO,NÃO,NÃO,NÃO,NÃO,NÃO,NÃO,NÃO,NÃO,NÃO,NÃO,NÃO,NÃO,NÃO,NÃO,NÃO,NÃO,NÃO,NÃO,NÃO,NÃO,NÃO,NÃO,,
11/30/2021 17:18:34,2014,9/5/2014,036/14,DIREÇÃO NACIONAL DO PARTIDO,,,,NÃO,,SIM,Sim,SIM,SIM,SIM,NÃO,NÃO,NÃO,NÃO,NÃO,NÃO,NÃO,NÃO,NÃO,NÃO,NÃO,NÃO,NÃO,NÃO,NÃO,NÃO,SIM,NÃO,NÃO,NÃO,NÃO,NÃO,NÃO,NÃO,NÃO,NÃO,NÃO,NÃO,NÃO,NÃO,NÃO,NÃO,NÃO,NÃO,NÃO,NÃO,NÃO,NÃO,NÃO,NÃO,NÃO,NÃO,NÃO,NÃO,NÃO,NÃO,NÃO,NÃO,NÃO,NÃO,NÃO,NÃO,NÃO,NÃO,NÃO,NÃO,NÃO,NÃO,NÃO,NÃO,NÃO,NÃO,NÃO,NÃO,NÃO,NÃO,NÃO,NÃO,NÃO,NÃO,,
11/30/2021 17:20:31,2014,9/6/2014,037/14,HGPE,PRESIDENTE,,BRASIL,NÃO,,SIM,Sim,SIM,SIM,SIM,SIM,SIM,NÃO,NÃO,NÃO,NÃO,NÃO,NÃO,NÃO,NÃO,NÃO,NÃO,NÃO,NÃO,NÃO,NÃO,NÃO,NÃO,NÃO,NÃO,NÃO,NÃO,NÃO,NÃO,NÃO,NÃO,NÃO,NÃO,NÃO,NÃO,NÃO,NÃO,NÃO,NÃO,NÃO,NÃO,NÃO,NÃO,NÃO,NÃO,NÃO,NÃO,NÃO,NÃO,NÃO,NÃO,NÃO,NÃO,NÃO,NÃO,NÃO,NÃO,NÃO,NÃO,NÃO,NÃO,NÃO,NÃO,NÃO,NÃO,NÃO,NÃO,NÃO,NÃO,NÃO,NÃO,NÃO,NÃO,NÃO,NÃO,,
11/30/2021 17:22:33,2014,9/7/2014,038/14,HGPE,PRESIDENTE,,BRASIL,NÃO,,SIM,Sim,SIM,SIM,SIM,SIM,SIM,NÃO,NÃO,NÃO,NÃO,NÃO,NÃO,NÃO,NÃO,NÃO,NÃO,NÃO,NÃO,NÃO,NÃO,NÃO,NÃO,NÃO,NÃO,NÃO,NÃO,NÃO,NÃO,NÃO,NÃO,NÃO,NÃO,NÃO,NÃO,NÃO,NÃO,NÃO,NÃO,NÃO,NÃO,NÃO,NÃO,NÃO,NÃO,NÃO,NÃO,NÃO,NÃO,NÃO,NÃO,NÃO,NÃO,NÃO,NÃO,NÃO,NÃO,NÃO,NÃO,NÃO,NÃO,NÃO,NÃO,NÃO,NÃO,NÃO,NÃO,NÃO,NÃO,NÃO,NÃO,NÃO,NÃO,NÃO,NÃO,,
11/30/2021 17:24:30,2014,9/8/2014,DEM22/5/14,DIREÇÃO NACIONAL DO PARTIDO,,,,NÃO,,SIM,Sim,SIM,SIM,SIM,NÃO,NÃO,NÃO,NÃO,NÃO,NÃO,NÃO,NÃO,NÃO,NÃO,NÃO,NÃO,NÃO,NÃO,NÃO,NÃO,NÃO,NÃO,NÃO,NÃO,NÃO,NÃO,NÃO,NÃO,NÃO,NÃO,NÃO,NÃO,NÃO,NÃO,NÃO,NÃO,NÃO,SIM,NÃO,NÃO,NÃO,NÃO,NÃO,NÃO,NÃO,NÃO,NÃO,NÃO,NÃO,NÃO,NÃO,NÃO,NÃO,NÃO,NÃO,NÃO,NÃO,NÃO,NÃO,NÃO,NÃO,NÃO,NÃO,NÃO,NÃO,NÃO,NÃO,NÃO,NÃO,NÃO,NÃO,NÃO,NÃO,NÃO,,
11/30/2021 17:26:48,2014,9/9/2014,PCB25/3/14,DIREÇÃO NACIONAL DO PARTIDO,,,,NÃO,,SIM,Sim,SIM,SIM,SIM,NÃO,NÃO,NÃO,NÃO,NÃO,NÃO,NÃO,NÃO,NÃO,NÃO,NÃO,NÃO,SIM,NÃO,NÃO,NÃO,NÃO,NÃO,NÃO,NÃO,NÃO,NÃO,NÃO,NÃO,NÃO,NÃO,NÃO,NÃO,NÃO,NÃO,NÃO,NÃO,NÃO,NÃO,NÃO,NÃO,NÃO,NÃO,NÃO,NÃO,NÃO,NÃO,NÃO,NÃO,NÃO,NÃO,NÃO,NÃO,NÃO,NÃO,NÃO,NÃO,NÃO,NÃO,NÃO,NÃO,NÃO,NÃO,NÃO,NÃO,NÃO,NÃO,NÃO,NÃO,NÃO,NÃO,NÃO,NÃO,NÃO,NÃO,,
11/30/2021 17:33:30,2014,9/10/2014,PCDOB8/5/14,DIREÇÃO NACIONAL DO PARTIDO,,,,NÃO,,SIM,Sim,SIM,SIM,SIM,NÃO,NÃO,NÃO,SIM,NÃO,NÃO,NÃO,NÃO,NÃO,NÃO,NÃO,NÃO,NÃO,NÃO,NÃO,NÃO,NÃO,NÃO,NÃO,NÃO,NÃO,NÃO,NÃO,NÃO,NÃO,NÃO,NÃO,NÃO,NÃO,NÃO,NÃO,NÃO,NÃO,NÃO,NÃO,NÃO,NÃO,NÃO,NÃO,NÃO,NÃO,NÃO,NÃO,NÃO,NÃO,NÃO,NÃO,NÃO,NÃO,NÃO,NÃO,NÃO,NÃO,NÃO,NÃO,NÃO,NÃO,NÃO,NÃO,NÃO,NÃO,NÃO,NÃO,NÃO,NÃO,NÃO,NÃO,NÃO,NÃO,NÃO,,
11/30/2021 17:36:50,2014,9/11/2014,PDT28/1/14,DIREÇÃO NACIONAL DO PARTIDO,,,,NÃO,,SIM,Sim,SIM,SIM,SIM,NÃO,NÃO,SIM,NÃO,NÃO,NÃO,NÃO,NÃO,NÃO,NÃO,NÃO,NÃO,NÃO,NÃO,NÃO,NÃO,NÃO,NÃO,NÃO,NÃO,NÃO,NÃO,NÃO,NÃO,NÃO,NÃO,NÃO,NÃO,NÃO,NÃO,NÃO,NÃO,NÃO,NÃO,NÃO,NÃO,NÃO,NÃO,NÃO,NÃO,NÃO,NÃO,NÃO,NÃO,NÃO,NÃO,NÃO,NÃO,NÃO,NÃO,NÃO,NÃO,NÃO,NÃO,NÃO,NÃO,NÃO,NÃO,NÃO,NÃO,NÃO,NÃO,NÃO,NÃO,NÃO,NÃO,NÃO,NÃO,NÃO,NÃO,,
11/30/2021 17:38:53,2014,9/12/2014,PEN1/5/14,DIREÇÃO NACIONAL DO PARTIDO,,,,NÃO,,SIM,Sim,SIM,SIM,SIM,NÃO,NÃO,NÃO,NÃO,NÃO,NÃO,NÃO,NÃO,NÃO,NÃO,NÃO,NÃO,NÃO,NÃO,NÃO,NÃO,NÃO,NÃO,NÃO,NÃO,NÃO,NÃO,NÃO,NÃO,NÃO,NÃO,NÃO,NÃO,NÃO,SIM,NÃO,NÃO,NÃO,NÃO,NÃO,NÃO,NÃO,NÃO,NÃO,NÃO,NÃO,NÃO,NÃO,NÃO,NÃO,NÃO,NÃO,NÃO,NÃO,NÃO,NÃO,NÃO,NÃO,NÃO,NÃO,NÃO,NÃO,NÃO,NÃO,NÃO,NÃO,NÃO,NÃO,NÃO,NÃO,NÃO,NÃO,NÃO,NÃO,NÃO,,
11/30/2021 17:40:58,2014,9/13/2014,PHS13/2/14,DIREÇÃO NACIONAL DO PARTIDO,,,,NÃO,,SIM,Sim,SIM,SIM,SIM,NÃO,NÃO,NÃO,NÃO,NÃO,NÃO,NÃO,NÃO,NÃO,NÃO,NÃO,NÃO,NÃO,NÃO,NÃO,NÃO,NÃO,NÃO,NÃO,NÃO,NÃO,NÃO,NÃO,NÃO,SIM,NÃO,NÃO,NÃO,NÃO,NÃO,NÃO,NÃO,NÃO,NÃO,NÃO,NÃO,NÃO,NÃO,NÃO,NÃO,NÃO,NÃO,NÃO,NÃO,NÃO,NÃO,NÃO,NÃO,NÃO,NÃO,NÃO,NÃO,NÃO,NÃO,NÃO,NÃO,NÃO,NÃO,NÃO,NÃO,NÃO,NÃO,NÃO,NÃO,NÃO,NÃO,NÃO,NÃO,NÃO,NÃO,,
11/30/2021 17:43:34,2014,9/14/2014,PMDB27/2/2014,DIREÇÃO NACIONAL DO PARTIDO,,,,NÃO,,SIM,Sim,SIM,SIM,SIM,NÃO,NÃO,NÃO,NÃO,NÃO,SIM,NÃO,NÃO,NÃO,NÃO,NÃO,NÃO,NÃO,NÃO,NÃO,NÃO,NÃO,NÃO,NÃO,NÃO,NÃO,NÃO,NÃO,NÃO,NÃO,NÃO,NÃO,NÃO,NÃO,NÃO,NÃO,NÃO,NÃO,NÃO,NÃO,NÃO,NÃO,NÃO,NÃO,NÃO,NÃO,NÃO,NÃO,NÃO,NÃO,NÃO,NÃO,NÃO,NÃO,NÃO,NÃO,NÃO,NÃO,NÃO,NÃO,NÃO,NÃO,NÃO,NÃO,NÃO,NÃO,NÃO,NÃO,NÃO,NÃO,NÃO,NÃO,NÃO,NÃO,NÃO,,
12/4/2021 0:43:32,2014,9/15/2014,PMN16/1/14,DIREÇÃO NACIONAL DO PARTIDO,,,,NÃO,,SIM,Sim,SIM,SIM,SIM,NÃO,NÃO,NÃO,NÃO,NÃO,NÃO,NÃO,NÃO,NÃO,NÃO,NÃO,NÃO,NÃO,NÃO,NÃO,NÃO,NÃO,NÃO,NÃO,NÃO,NÃO,SIM,NÃO,NÃO,NÃO,NÃO,NÃO,NÃO,NÃO,NÃO,NÃO,NÃO,NÃO,NÃO,NÃO,NÃO,NÃO,NÃO,NÃO,NÃO,NÃO,NÃO,NÃO,NÃO,NÃO,NÃO,NÃO,NÃO,NÃO,NÃO,NÃO,NÃO,NÃO,NÃO,NÃO,NÃO,NÃO,NÃO,NÃO,NÃO,NÃO,NÃO,NÃO,NÃO,NÃO,NÃO,NÃO,NÃO,NÃO,NÃO,,
12/4/2021 0:45:56,2014,9/16/2014,PP5/6/14,DIREÇÃO NACIONAL DO PARTIDO,,,,NÃO,,SIM,Sim,SIM,SIM,SIM,NÃO,NÃO,NÃO,NÃO,NÃO,NÃO,NÃO,SIM,NÃO,NÃO,NÃO,NÃO,NÃO,NÃO,NÃO,NÃO,NÃO,NÃO,NÃO,NÃO,NÃO,NÃO,NÃO,NÃO,NÃO,NÃO,NÃO,NÃO,NÃO,NÃO,NÃO,NÃO,NÃO,NÃO,NÃO,NÃO,NÃO,NÃO,NÃO,NÃO,NÃO,NÃO,NÃO,NÃO,NÃO,NÃO,NÃO,NÃO,NÃO,NÃO,NÃO,NÃO,NÃO,NÃO,NÃO,NÃO,NÃO,NÃO,NÃO,NÃO,NÃO,NÃO,NÃO,NÃO,NÃO,NÃO,NÃO,NÃO,NÃO,NÃO,,
12/4/2021 0:48:00,2014,9/17/2014,PPL13/3/14,DIREÇÃO NACIONAL DO PARTIDO,,,,NÃO,,SIM,Sim,SIM,SIM,SIM,NÃO,NÃO,NÃO,NÃO,NÃO,NÃO,NÃO,NÃO,NÃO,NÃO,NÃO,NÃO,NÃO,NÃO,NÃO,NÃO,NÃO,NÃO,NÃO,NÃO,NÃO,NÃO,NÃO,NÃO,NÃO,NÃO,SIM,NÃO,NÃO,NÃO,NÃO,NÃO,NÃO,NÃO,NÃO,NÃO,NÃO,NÃO,NÃO,NÃO,NÃO,NÃO,NÃO,NÃO,NÃO,NÃO,NÃO,NÃO,NÃO,NÃO,NÃO,NÃO,NÃO,NÃO,NÃO,NÃO,NÃO,NÃO,NÃO,NÃO,NÃO,NÃO,NÃO,NÃO,NÃO,NÃO,NÃO,NÃO,NÃO,NÃO,,
12/4/2021 0:49:54,2014,9/18/2014,PPS26/6/14,DIREÇÃO NACIONAL DO PARTIDO,,,,NÃO,,SIM,Sim,SIM,SIM,SIM,NÃO,NÃO,NÃO,NÃO,NÃO,NÃO,SIM,NÃO,NÃO,NÃO,NÃO,NÃO,NÃO,NÃO,NÃO,NÃO,NÃO,NÃO,NÃO,NÃO,NÃO,NÃO,NÃO,NÃO,NÃO,NÃO,NÃO,NÃO,NÃO,NÃO,NÃO,NÃO,NÃO,NÃO,NÃO,NÃO,NÃO,NÃO,NÃO,NÃO,NÃO,NÃO,NÃO,NÃO,NÃO,NÃO,NÃO,NÃO,NÃO,NÃO,NÃO,NÃO,NÃO,NÃO,NÃO,NÃO,NÃO,NÃO,NÃO,NÃO,NÃO,NÃO,NÃO,NÃO,NÃO,NÃO,NÃO,NÃO,NÃO,NÃO,,
12/4/2021 0:52:06,2014,9/19/2014,PR27/6/14,DIREÇÃO NACIONAL DO PARTIDO,,,,NÃO,,SIM,Sim,SIM,SIM,SIM,NÃO,NÃO,NÃO,NÃO,SIM,NÃO,NÃO,NÃO,NÃO,NÃO,NÃO,NÃO,NÃO,NÃO,NÃO,NÃO,NÃO,NÃO,NÃO,NÃO,NÃO,NÃO,NÃO,NÃO,NÃO,NÃO,NÃO,NÃO,NÃO,NÃO,NÃO,NÃO,NÃO,NÃO,NÃO,NÃO,NÃO,NÃO,NÃO,NÃO,NÃO,NÃO,NÃO,NÃO,NÃO,NÃO,NÃO,NÃO,NÃO,NÃO,NÃO,NÃO,NÃO,NÃO,NÃO,NÃO,NÃO,NÃO,NÃO,NÃO,NÃO,NÃO,NÃO,NÃO,NÃO,NÃO,NÃO,NÃO,NÃO,NÃO,,
12/4/2021 1:05:04,2014,9/20/2014,PRB30/1/14,DIREÇÃO NACIONAL DO PARTIDO,,,,NÃO,,SIM,Sim,SIM,SIM,SIM,NÃO,NÃO,NÃO,NÃO,NÃO,NÃO,NÃO,NÃO,NÃO,NÃO,NÃO,NÃO,NÃO,NÃO,NÃO,NÃO,NÃO,NÃO,NÃO,NÃO,NÃO,NÃO,NÃO,NÃO,NÃO,SIM,NÃO,NÃO,NÃO,NÃO,NÃO,NÃO,NÃO,NÃO,NÃO,NÃO,NÃO,NÃO,NÃO,NÃO,NÃO,NÃO,NÃO,NÃO,NÃO,NÃO,NÃO,NÃO,NÃO,NÃO,NÃO,NÃO,NÃO,NÃO,NÃO,NÃO,NÃO,NÃO,NÃO,NÃO,NÃO,NÃO,NÃO,NÃO,NÃO,NÃO,NÃO,NÃO,NÃO,NÃO,,
12/4/2021 1:07:14,2014,9/21/2014,PROS24/6/14,DIREÇÃO NACIONAL DO PARTIDO,,,,NÃO,,SIM,Sim,SIM,SIM,SIM,NÃO,NÃO,NÃO,NÃO,NÃO,NÃO,NÃO,NÃO,NÃO,NÃO,NÃO,NÃO,NÃO,NÃO,NÃO,NÃO,NÃO,NÃO,NÃO,NÃO,NÃO,NÃO,NÃO,NÃO,NÃO,NÃO,NÃO,NÃO,SIM,NÃO,NÃO,NÃO,NÃO,NÃO,NÃO,NÃO,NÃO,NÃO,NÃO,NÃO,NÃO,NÃO,NÃO,NÃO,NÃO,NÃO,NÃO,NÃO,NÃO,NÃO,NÃO,NÃO,NÃO,NÃO,NÃO,NÃO,NÃO,NÃO,NÃO,NÃO,NÃO,NÃO,NÃO,NÃO,NÃO,NÃO,NÃO,NÃO,NÃO,NÃO,,
12/4/2021 1:08:58,2014,9/22/2014,PRP3/4/14,DIREÇÃO NACIONAL DO PARTIDO,,,,NÃO,,SIM,Sim,SIM,SIM,SIM,NÃO,NÃO,NÃO,NÃO,NÃO,NÃO,NÃO,NÃO,NÃO,NÃO,NÃO,NÃO,NÃO,NÃO,NÃO,NÃO,NÃO,NÃO,NÃO,NÃO,NÃO,NÃO,NÃO,NÃO,NÃO,NÃO,NÃO,NÃO,NÃO,NÃO,NÃO,NÃO,NÃO,NÃO,NÃO,NÃO,NÃO,NÃO,NÃO,NÃO,NÃO,NÃO,NÃO,NÃO,NÃO,NÃO,NÃO,NÃO,NÃO,NÃO,NÃO,NÃO,NÃO,NÃO,NÃO,NÃO,NÃO,NÃO,NÃO,NÃO,NÃO,NÃO,NÃO,NÃO,NÃO,NÃO,NÃO,NÃO,NÃO,NÃO,,
12/4/2021 1:11:08,2014,9/23/2014,PRTB20/3/14,HGPE,PRESIDENTE,,BRASIL,NÃO,,SIM,Sim,SIM,SIM,SIM,NÃO,NÃO,NÃO,NÃO,NÃO,NÃO,NÃO,NÃO,NÃO,NÃO,NÃO,NÃO,NÃO,NÃO,SIM,NÃO,NÃO,NÃO,NÃO,NÃO,NÃO,NÃO,NÃO,NÃO,NÃO,NÃO,NÃO,NÃO,NÃO,NÃO,NÃO,NÃO,NÃO,NÃO,NÃO,NÃO,NÃO,NÃO,NÃO,NÃO,NÃO,NÃO,NÃO,NÃO,NÃO,NÃO,NÃO,NÃO,NÃO,NÃO,NÃO,NÃO,NÃO,NÃO,NÃO,NÃO,NÃO,NÃO,NÃO,NÃO,NÃO,NÃO,NÃO,NÃO,NÃO,NÃO,NÃO,NÃO,NÃO,NÃO,,
12/4/2021 1:13:04,2014,9/24/2014,PSB27/3/14,HGPE,PRESIDENTE,,BRASIL,NÃO,,SIM,Sim,SIM,SIM,SIM,NÃO,NÃO,NÃO,NÃO,NÃO,NÃO,NÃO,NÃO,SIM,NÃO,NÃO,NÃO,NÃO,NÃO,NÃO,NÃO,NÃO,NÃO,NÃO,NÃO,NÃO,NÃO,NÃO,NÃO,NÃO,NÃO,NÃO,NÃO,NÃO,NÃO,NÃO,NÃO,NÃO,NÃO,NÃO,NÃO,NÃO,NÃO,NÃO,NÃO,NÃO,NÃO,NÃO,NÃO,NÃO,NÃO,NÃO,NÃO,NÃO,NÃO,NÃO,NÃO,NÃO,NÃO,NÃO,NÃO,NÃO,NÃO,NÃO,NÃO,NÃO,NÃO,NÃO,NÃO,NÃO,NÃO,NÃO,NÃO,NÃO,NÃO,,
12/4/2021 1:14:54,2014,9/25/2014,PSC24/4/14,DIREÇÃO NACIONAL DO PARTIDO,,,,NÃO,,SIM,Sim,SIM,SIM,SIM,NÃO,NÃO,NÃO,NÃO,NÃO,NÃO,NÃO,NÃO,NÃO,NÃO,NÃO,NÃO,NÃO,NÃO,NÃO,NÃO,NÃO,NÃO,NÃO,SIM,NÃO,NÃO,NÃO,NÃO,NÃO,NÃO,NÃO,NÃO,NÃO,NÃO,NÃO,NÃO,NÃO,NÃO,NÃO,NÃO,NÃO,NÃO,NÃO,NÃO,NÃO,NÃO,NÃO,NÃO,NÃO,NÃO,NÃO,NÃO,NÃO,NÃO,NÃO,NÃO,NÃO,NÃO,NÃO,NÃO,NÃO,NÃO,NÃO,NÃO,NÃO,NÃO,NÃO,NÃO,NÃO,NÃO,NÃO,NÃO,NÃO,NÃO,,
12/4/2021 1:19:46,2014,9/26/2014,PSD10/6/14,DIREÇÃO NACIONAL DO PARTIDO,,,,NÃO,,SIM,Sim,SIM,SIM,SIM,NÃO,NÃO,NÃO,NÃO,NÃO,NÃO,NÃO,NÃO,NÃO,NÃO,NÃO,NÃO,NÃO,NÃO,NÃO,SIM,NÃO,NÃO,NÃO,NÃO,NÃO,NÃO,NÃO,NÃO,NÃO,NÃO,NÃO,NÃO,NÃO,NÃO,NÃO,NÃO,NÃO,NÃO,NÃO,NÃO,NÃO,NÃO,NÃO,NÃO,NÃO,NÃO,NÃO,NÃO,NÃO,NÃO,NÃO,NÃO,NÃO,NÃO,NÃO,NÃO,NÃO,NÃO,NÃO,NÃO,NÃO,NÃO,NÃO,NÃO,NÃO,NÃO,NÃO,NÃO,NÃO,NÃO,NÃO,NÃO,NÃO,NÃO,,
12/4/2021 1:21:59,2014,9/27/2014,PSDB17/4/14,HGPE,PRESIDENTE,,BRASIL,NÃO,,SIM,Sim,SIM,SIM,SIM,NÃO,SIM,NÃO,NÃO,NÃO,NÃO,NÃO,NÃO,NÃO,NÃO,NÃO,NÃO,NÃO,NÃO,NÃO,NÃO,NÃO,NÃO,NÃO,NÃO,NÃO,NÃO,NÃO,NÃO,NÃO,NÃO,NÃO,NÃO,NÃO,NÃO,NÃO,NÃO,NÃO,NÃO,NÃO,NÃO,NÃO,NÃO,NÃO,NÃO,NÃO,NÃO,NÃO,NÃO,NÃO,NÃO,NÃO,NÃO,NÃO,NÃO,NÃO,NÃO,NÃO,NÃO,NÃO,NÃO,NÃO,NÃO,NÃO,NÃO,NÃO,NÃO,NÃO,NÃO,NÃO,NÃO,NÃO,NÃO,NÃO,NÃO,,
12/4/2021 1:23:46,2014,9/28/2014,PSDC1/4/14,HGPE,PRESIDENTE,,BRASIL,NÃO,,SIM,Sim,SIM,SIM,SIM,NÃO,NÃO,NÃO,NÃO,NÃO,NÃO,NÃO,NÃO,NÃO,NÃO,NÃO,NÃO,NÃO,NÃO,NÃO,NÃO,NÃO,NÃO,NÃO,NÃO,SIM,NÃO,NÃO,NÃO,NÃO,NÃO,NÃO,NÃO,NÃO,NÃO,NÃO,NÃO,NÃO,NÃO,NÃO,NÃO,NÃO,NÃO,NÃO,NÃO,NÃO,NÃO,NÃO,NÃO,NÃO,NÃO,NÃO,NÃO,NÃO,NÃO,NÃO,NÃO,NÃO,NÃO,NÃO,NÃO,NÃO,NÃO,NÃO,NÃO,NÃO,NÃO,NÃO,NÃO,NÃO,NÃO,NÃO,NÃO,NÃO,NÃO,,
12/4/2021 1:26:01,2014,9/29/2014,PSL20/2/14,DIREÇÃO NACIONAL DO PARTIDO,,,,NÃO,,SIM,Sim,SIM,SIM,SIM,NÃO,NÃO,NÃO,NÃO,NÃO,NÃO,NÃO,NÃO,NÃO,NÃO,NÃO,NÃO,NÃO,NÃO,NÃO,NÃO,NÃO,NÃO,SIM,NÃO,NÃO,NÃO,NÃO,NÃO,NÃO,NÃO,NÃO,NÃO,NÃO,NÃO,NÃO,NÃO,NÃO,NÃO,NÃO,NÃO,NÃO,NÃO,NÃO,NÃO,NÃO,NÃO,NÃO,NÃO,NÃO,NÃO,NÃO,NÃO,NÃO,NÃO,NÃO,NÃO,NÃO,NÃO,NÃO,NÃO,NÃO,NÃO,NÃO,NÃO,NÃO,NÃO,NÃO,NÃO,NÃO,NÃO,NÃO,NÃO,NÃO,NÃO,,
12/4/2021 1:28:03,2014,9/30/2014,PSOL6/2/14,DIREÇÃO NACIONAL DO PARTIDO,,,,NÃO,,SIM,Sim,SIM,SIM,SIM,NÃO,NÃO,NÃO,NÃO,NÃO,NÃO,NÃO,NÃO,NÃO,NÃO,NÃO,NÃO,NÃO,SIM,NÃO,NÃO,NÃO,NÃO,NÃO,NÃO,NÃO,NÃO,NÃO,NÃO,NÃO,NÃO,NÃO,NÃO,NÃO,NÃO,NÃO,NÃO,NÃO,NÃO,NÃO,NÃO,NÃO,NÃO,NÃO,NÃO,NÃO,NÃO,NÃO,NÃO,NÃO,NÃO,NÃO,NÃO,NÃO,NÃO,NÃO,NÃO,NÃO,NÃO,NÃO,NÃO,NÃO,NÃO,NÃO,NÃO,NÃO,NÃO,NÃO,NÃO,NÃO,NÃO,NÃO,NÃO,NÃO,NÃO,,
12/4/2021 1:30:22,2014,8/1/2014,PSTU10/4/14,DIREÇÃO NACIONAL DO PARTIDO,,,,NÃO,,SIM,Sim,SIM,SIM,SIM,NÃO,NÃO,NÃO,NÃO,NÃO,NÃO,NÃO,NÃO,NÃO,SIM,NÃO,NÃO,NÃO,NÃO,NÃO,NÃO,NÃO,NÃO,NÃO,NÃO,NÃO,NÃO,NÃO,NÃO,NÃO,NÃO,NÃO,NÃO,NÃO,NÃO,NÃO,NÃO,NÃO,NÃO,NÃO,NÃO,NÃO,NÃO,NÃO,NÃO,NÃO,NÃO,NÃO,NÃO,NÃO,NÃO,NÃO,NÃO,NÃO,NÃO,NÃO,NÃO,NÃO,NÃO,NÃO,NÃO,NÃO,NÃO,NÃO,NÃO,NÃO,NÃO,NÃO,NÃO,NÃO,NÃO,NÃO,NÃO,NÃO,NÃO,,
12/4/2021 1:33:03,2014,8/2/2014,PT15/5/14,HGPE,PRESIDENTE,,BRASIL,NÃO,,SIM,Sim,SIM,SIM,SIM,SIM,NÃO,NÃO,NÃO,NÃO,NÃO,NÃO,NÃO,NÃO,NÃO,NÃO,NÃO,NÃO,NÃO,NÃO,NÃO,NÃO,NÃO,NÃO,NÃO,NÃO,NÃO,NÃO,NÃO,NÃO,NÃO,NÃO,NÃO,NÃO,NÃO,NÃO,NÃO,NÃO,NÃO,NÃO,NÃO,NÃO,NÃO,NÃO,NÃO,NÃO,NÃO,NÃO,NÃO,NÃO,NÃO,NÃO,NÃO,NÃO,NÃO,NÃO,NÃO,NÃO,NÃO,NÃO,NÃO,NÃO,NÃO,NÃO,NÃO,NÃO,NÃO,NÃO,NÃO,NÃO,NÃO,NÃO,NÃO,NÃO,NÃO,,
12/4/2021 1:35:07,2014,8/3/2014,PTB29/5/14,DIREÇÃO NACIONAL DO PARTIDO,,,,NÃO,,SIM,Sim,SIM,SIM,SIM,NÃO,NÃO,NÃO,NÃO,NÃO,NÃO,NÃO,NÃO,NÃO,NÃO,NÃO,SIM,NÃO,NÃO,NÃO,NÃO,NÃO,NÃO,NÃO,NÃO,NÃO,NÃO,NÃO,NÃO,NÃO,NÃO,NÃO,NÃO,NÃO,NÃO,NÃO,NÃO,NÃO,NÃO,NÃO,NÃO,NÃO,NÃO,NÃO,NÃO,NÃO,NÃO,NÃO,NÃO,NÃO,NÃO,NÃO,NÃO,NÃO,NÃO,NÃO,NÃO,NÃO,NÃO,NÃO,NÃO,NÃO,NÃO,NÃO,NÃO,NÃO,NÃO,NÃO,NÃO,NÃO,NÃO,NÃO,NÃO,NÃO,NÃO,,
12/4/2021 1:38:09,2014,8/4/2014,PTC23/1/14,DIREÇÃO NACIONAL DO PARTIDO,,,,NÃO,,SIM,Sim,SIM,SIM,SIM,NÃO,NÃO,NÃO,NÃO,NÃO,NÃO,NÃO,NÃO,NÃO,NÃO,NÃO,NÃO,NÃO,NÃO,NÃO,NÃO,NÃO,SIM,NÃO,NÃO,NÃO,NÃO,NÃO,NÃO,NÃO,NÃO,NÃO,NÃO,NÃO,NÃO,NÃO,NÃO,NÃO,NÃO,NÃO,NÃO,NÃO,NÃO,NÃO,NÃO,NÃO,NÃO,NÃO,NÃO,NÃO,NÃO,NÃO,NÃO,NÃO,NÃO,NÃO,NÃO,NÃO,NÃO,NÃO,NÃO,NÃO,NÃO,NÃO,NÃO,NÃO,NÃO,NÃO,NÃO,NÃO,NÃO,NÃO,NÃO,NÃO,NÃO,,
12/4/2021 1:41:01,2014,8/5/2014,PTDOB6/3/14,DIREÇÃO NACIONAL DO PARTIDO,,,,NÃO,,SIM,Sim,SIM,SIM,SIM,NÃO,NÃO,NÃO,NÃO,NÃO,NÃO,NÃO,NÃO,NÃO,NÃO,NÃO,NÃO,NÃO,NÃO,NÃO,NÃO,NÃO,NÃO,NÃO,NÃO,NÃO,NÃO,NÃO,NÃO,NÃO,NÃO,NÃO,NÃO,NÃO,NÃO,NÃO,NÃO,NÃO,NÃO,NÃO,NÃO,NÃO,NÃO,NÃO,NÃO,NÃO,NÃO,NÃO,NÃO,NÃO,SIM,NÃO,NÃO,NÃO,NÃO,NÃO,NÃO,NÃO,NÃO,NÃO,NÃO,NÃO,NÃO,NÃO,NÃO,NÃO,NÃO,NÃO,NÃO,NÃO,NÃO,NÃO,NÃO,NÃO,NÃO,,
12/4/2021 1:43:21,2014,12/12/2013,PTN9/1/14,DIREÇÃO NACIONAL DO PARTIDO,,,,NÃO,,SIM,Sim,SIM,SIM,SIM,NÃO,NÃO,NÃO,NÃO,NÃO,NÃO,NÃO,NÃO,NÃO,NÃO,NÃO,NÃO,NÃO,NÃO,NÃO,NÃO,SIM,NÃO,NÃO,NÃO,NÃO,NÃO,NÃO,NÃO,NÃO,NÃO,NÃO,NÃO,NÃO,NÃO,NÃO,NÃO,NÃO,NÃO,NÃO,NÃO,NÃO,NÃO,NÃO,NÃO,NÃO,NÃO,NÃO,NÃO,NÃO,NÃO,NÃO,NÃO,NÃO,NÃO,NÃO,NÃO,NÃO,NÃO,NÃO,NÃO,NÃO,NÃO,NÃO,NÃO,NÃO,NÃO,NÃO,NÃO,NÃO,NÃO,NÃO,NÃO,NÃO,NÃO,,
12/4/2021 1:45:14,2014,8/6/2014,PV2/1/14,DIREÇÃO NACIONAL DO PARTIDO,,,,NÃO,,SIM,Sim,SIM,SIM,SIM,NÃO,NÃO,NÃO,NÃO,NÃO,NÃO,NÃO,NÃO,NÃO,NÃO,SIM,NÃO,NÃO,NÃO,NÃO,NÃO,NÃO,NÃO,NÃO,NÃO,NÃO,NÃO,NÃO,NÃO,NÃO,NÃO,NÃO,NÃO,NÃO,NÃO,NÃO,NÃO,NÃO,NÃO,NÃO,NÃO,NÃO,NÃO,NÃO,NÃO,NÃO,NÃO,NÃO,NÃO,NÃO,NÃO,NÃO,NÃO,NÃO,NÃO,NÃO,NÃO,NÃO,NÃO,NÃO,NÃO,NÃO,NÃO,NÃO,NÃO,NÃO,NÃO,NÃO,NÃO,NÃO,NÃO,NÃO,NÃO,NÃO,NÃO,,
12/4/2021 1:48:17,2014,8/7/2014,SD29/4/14,DIREÇÃO NACIONAL DO PARTIDO,,,,NÃO,,SIM,Sim,SIM,SIM,SIM,NÃO,NÃO,NÃO,NÃO,NÃO,NÃO,NÃO,NÃO,NÃO,NÃO,NÃO,NÃO,NÃO,NÃO,NÃO,NÃO,NÃO,NÃO,NÃO,NÃO,NÃO,NÃO,NÃO,NÃO,NÃO,NÃO,NÃO,NÃO,NÃO,NÃO,NÃO,NÃO,NÃO,NÃO,NÃO,NÃO,NÃO,NÃO,SIM,NÃO,NÃO,NÃO,NÃO,NÃO,NÃO,NÃO,NÃO,NÃO,NÃO,NÃO,NÃO,NÃO,NÃO,NÃO,NÃO,NÃO,NÃO,NÃO,NÃO,NÃO,NÃO,NÃO,NÃO,NÃO,NÃO,NÃO,NÃO,NÃO,NÃO,NÃO,,
12/4/2021 1:52:01,2016,8/1/2016,004/16,DEBATE,PREFEITO,,RJ,SIM,Rio de Janeiro,SIM,Sim,SIM,SIM,SIM,NÃO,SIM,NÃO,SIM,NÃO,SIM,NÃO,NÃO,NÃO,NÃO,NÃO,NÃO,NÃO,SIM,NÃO,SIM,NÃO,NÃO,NÃO,SIM,NÃO,NÃO,NÃO,NÃO,NÃO,SIM,NÃO,NÃO,NÃO,NÃO,NÃO,SIM,NÃO,NÃO,NÃO,NÃO,NÃO,NÃO,NÃO,NÃO,NÃO,NÃO,NÃO,NÃO,NÃO,NÃO,NÃO,NÃO,NÃO,NÃO,NÃO,NÃO,NÃO,NÃO,NÃO,NÃO,NÃO,NÃO,NÃO,NÃO,NÃO,NÃO,NÃO,NÃO,NÃO,NÃO,NÃO,NÃO,NÃO,NÃO,,
12/4/2021 1:54:21,2016,8/2/2016,005/16,DEBATE,PREFEITO,,RJ,SIM,Rio de Janeiro,SIM,Sim,SIM,SIM,SIM,NÃO,NÃO,NÃO,NÃO,NÃO,NÃO,NÃO,NÃO,NÃO,NÃO,NÃO,NÃO,NÃO,SIM,NÃO,NÃO,NÃO,NÃO,NÃO,NÃO,NÃO,NÃO,NÃO,NÃO,NÃO,SIM,NÃO,NÃO,NÃO,NÃO,NÃO,NÃO,NÃO,NÃO,NÃO,NÃO,NÃO,NÃO,NÃO,NÃO,NÃO,NÃO,NÃO,NÃO,NÃO,NÃO,NÃO,NÃO,NÃO,NÃO,NÃO,NÃO,NÃO,NÃO,NÃO,NÃO,NÃO,NÃO,NÃO,NÃO,NÃO,NÃO,NÃO,NÃO,NÃO,NÃO,NÃO,NÃO,NÃO,NÃO,,